title,description,source,date_of_publication,category,author,link
‘This Is Not Democracy’: What The Supreme Court’s Louisiana Redistricting Ruling Really Means For Black Voting Power,"The Supreme Court of the United States decision in Louisiana v. Callais has been simply framed as a dispute over Louisiana’s congressional map, a question about how many majority-Black districts the state should have. As SCOTUSblog explains, the case centered on whether Louisiana went too far in using race to draw a second majority-Black district,… Continue reading ‘This Is Not Democracy’: What The Supreme Court’s Louisiana Redistricting Ruling Really Means For Black Voting Power",blavity.com,2026-05-01,Politics,Maya Boddie,https://blavity.com/supreme-court-louisiana-redistricting-ruling-black-voting-power
Women’s Sports Agents Redefine Power Behind the Scenes as NIL Era Expands Opportunity,An interview with sports agent Tracy Hughes explores how women’s sports representation is evolving in the NIL era.,blavity.com,2026-05-01,Career &Amp; Money,Arielle Poteau,https://blavity.com/women-sports-agents-nil-representation
‘Man On Fire’s Yahya Abdul-Mateen II And Steven Caple Jr. On Finding Character Of John Creasy In Netflix Series,"Yahya Abdul-Mateen II and director Steven Caple Jr. are breaking down what makes ex-Special Forces agent John Creasy tick in the new Netflix series Man on Fire. Abdul-Mateen told Blavity’s Shadow and Act that his character, John Creasy, is just trudging along as he tries to redeem himself. “I think if it’s a Monday, right?… Continue reading ‘Man On Fire’s Yahya Abdul-Mateen II And Steven Caple Jr. On Finding Character Of John Creasy In Netflix Series",blavity.com,2026-05-01,Entertainment,Monique Jones,https://blavity.com/man-on-fire-yahya-abdul-mateen-steven-caple-jr-on-john-creasy
How Roddy Ricch Broke Out Of ‘The Box’ And Earned An Eight-Figure Net Worth,"Roddy Ricch has earned a Grammy, two BET Awards and millions of streams from faithful listeners, culminating in a $20 million net worth.",blavity.com,2026-04-30,Entertainment,TeeJay Small,https://blavity.com/roddy-ricch-net-worth
This Bronx Founder’s Brand Co-Signed By Beyoncé And Rihanna Is Now Challenging Legacy Fashion Giants,"Sprayground is seeing significant growth in the resale market, outperforming legacy brands like Nike and Supreme in the accessories category on StockX with a reported +287% year-over-year increase. Behind that growth is founder David BenDavid, a Bronx-born designer whose creative foundation was shaped early. Growing up surrounded by art, music, and street culture, he describes… Continue reading This Bronx Founder’s Brand Co-Signed By Beyoncé And Rihanna Is Now Challenging Legacy Fashion Giants",blavity.com,2026-04-30,Culture,Trey Mangum,https://blavity.com/sprayground-bronx-founder-brand-cosigned-beyonce-rihanna
"Meet L. Louise Lucas, The 82-Year-Old Virginia Lawmaker Ruthlessly Trolling Republicans After Huge Election Win","Virginia State Sen. L. Louise Lucas is gaining national attention after Democrats secured a controversial redistricting victory that could reshape the state’s congressional map ahead of the midterms. Her viral moment was sparked by a celebratory video she posted on X, writing “THANK YOU VIRGINIA!” alongside a montage of herself dancing. The clip is set… Continue reading Meet L. Louise Lucas, The 82-Year-Old Virginia Lawmaker Ruthlessly Trolling Republicans After Huge Election Win",blavity.com,2026-04-30,Politics,Maya Boddie,https://blavity.com/virginia-lawmaker-trolls-republicans-after-election-win
SC State Cancels MAGA-Supporting Lieutenant Governor As HBCU’s Commencement Speaker After Students Protest,Students protested after South Carolina State University chose South Carolina Lt. Gov. Pamela Evette to be commencement speaker.,blavity.com,2026-04-30,Politics,Christopher Rhodes,https://blavity.com/sc-state-cancels-pamela-evette-commencement-speaker-protest
Republicans Moving Quickly To Eliminate Majority-Black Congressional Districts After Supreme Court Guts Voting Rights Act,"The Supreme Court ruled to eliminate one of Louisiana’s two majority-Black districts, with the Court’s conservative majority placing severe limits on when and how race can be factored into districting processes. The ruling further weakens the Voting Rights Act of 1865. It also threatens to create a significant drop in Black representation in Congress as… Continue reading Republicans Moving Quickly To Eliminate Majority-Black Congressional Districts After Supreme Court Guts Voting Rights Act",blavity.com,2026-04-30,Politics,Christopher Rhodes,https://blavity.com/republicans-moving-to-eliminate-majority-black-districts-after-supreme-court-voting-rights-decision
Is Nair Safe? Expert Tips For Avoiding Burns And Hyperpigmentation,"Learn the ""must-know"" safety rules for using Nair, why timing is everything, and how to protect your skin barrier during hair removal.",blavity.com,2026-04-30,Health,"Dr. Diana Rangaves, PharmD",https://blavity.com/is-nair-safe
"Trump’s Unprecedented Move To Put His Picture American Passports, Explained","President Donald Trump is yet again putting his personal brand on an official American institution. This time, the president’s image will appear on U.S. passports, a move that has never been done before in American history. In an unprecedented move, Trump’s face will appear on limited-edition U.S. passports The Bulwark first reported that two sources… Continue reading Trump’s Unprecedented Move To Put His Picture American Passports, Explained",blavity.com,2026-04-30,Politics,Christopher Rhodes,https://blavity.com/trumps-unprecedented-move-to-put-his-picture-american-passports-explained
"La Toya Jackson, Brian Tyree Henry And Janelle James Revealed As ‘RuPaul’s Drag Race All Stars 11’ Guest Judges In Trailer","The first trailer for RuPaul’s Drag Race All Stars Season 11 has dropped, and the guest judge lineup includes Brian Tyree Henry, La Toya Jackson, Janelle James and more. Others include Bronwyn Newport, Christina Ricci, Cooper Koch, Evan Mulrooney, Gina Gershon, Juno Temple, Kate Hudson and Reneé Rapp, as well as regulars Jamal Sims and… Continue reading La Toya Jackson, Brian Tyree Henry And Janelle James Revealed As ‘RuPaul’s Drag Race All Stars 11’ Guest Judges In Trailer",blavity.com,2026-04-29,Entertainment,Trey Mangum,https://blavity.com/la-toya-jackson-brian-tyree-henry-drag-race-all-stars-trailer
Why Yung Miami’s Growing Net Worth Is A Win For Black Women In Media,Explore the growth of Yung Miami’s net worth in 2026 and how she’s redefining Black excellence in the podcasting and fashion industries.,blavity.com,2026-04-29,Entertainment,Sarah Rand,https://blavity.com/yung-miami-net-worth
HBCU Women Athletes Redefining Excellence in College Sports,"Profiles of standout HBCU women athletes, highlighting their careers, playing styles, and impact across college sports.",blavity.com,2026-04-29,Women,Arielle Poteau,https://blavity.com/hbcu-women-athletes
How Garlic And Honey Work Together To Boost Your Immunity,"From antimicrobial properties to lowering blood pressure, we’re breaking down the medicinal benefits of garlic and honey.",blavity.com,2026-04-29,Health,"Dr. Diana Rangaves, PharmD",https://blavity.com/garlic-and-honey-benefits
Marla Gibbs On ‘It’s Never Too Late’ Memoir And Why Spiritually She Identifies With Being In Her 30s,"Marla Gibbs chats with Blavity about her memoir ""It's Never Too Late,"" and why, spiritually, she resonates with being in her 30s.",blavity.com,2026-04-28,Books,Shanique Yates,https://blavity.com/marla-gibbs-reflects-on-memoir-its-never-too-late
"Kwame Onwuachi On Why Food Access Still Matters, And How He’s Taking Action","Kwame Onwuachi has built a career rooted in storytelling, using food as a lens to explore culture, identity, and community. From his upbringing between the Bronx and Nigeria to his rise as a James Beard Award–winning chef and restaurateur, his work has consistently centered the idea that access to quality food should be a right,… Continue reading Kwame Onwuachi On Why Food Access Still Matters, And How He’s Taking Action",blavity.com,2026-04-28,News,Trey Mangum,https://blavity.com/kwame-onwuachi-on-why-food-access-still-matters
‘ANTM’s Angelea Preston On Forgiveness And Forging Forward Amid E!’s ‘Dirty Rotten Scandals’ Episode,"There are several standouts from America’s Next Top Model, one of which is Angelea Preston. She was eliminated near the end of her original cycle before returning for the All-Stars and winning. Unfortunately, her title was stripped, initially without reason, after producers said they discovered she’d engaged in escorting services in her past. The blow… Continue reading ‘ANTM’s Angelea Preston On Forgiveness And Forging Forward Amid E!’s ‘Dirty Rotten Scandals’ Episode",blavity.com,2026-04-28,Entertainment,Brenda Alexander,https://blavity.com/antm-angelea-preston-on-forgiveness-and-forging-forward-dirty-rotten-scandals
‘Belle Collective: Birmingham’ Stars Explain What Sets Them Apart From the Jackson Belles,"Belle Collective: Birmingham is here. OWN’s newest franchise and first-ever Belle Collective spin-off, now airing Fridays at 8 p.m. on OWN. The spinoff is led by Love & Marriage: Huntsville alum Stormi Steele, the powerhouse behind the ever-growing Canvas Beauty brand, and she has some equally boss women in this collective. Amber Jones is Steele’s… Continue reading ‘Belle Collective: Birmingham’ Stars Explain What Sets Them Apart From the Jackson Belles",blavity.com,2026-04-28,Entertainment,Brenda Alexander,https://blavity.com/belle-collective-birmingham-stars-explain-what-sets-them-apart-from-the-jackson-belles
How To Find A Clinical Trial That Actually Prioritizes Your Safety,"Thinking about joining a clinical trial? From safety protocols to finding the right study, here is everything you need to know.",blavity.com,2026-04-28,Health,Joel Randell,https://blavity.com/clinical-trials
Mamdani Launches NYC Office To Fight Deed Theft After City Council Member’s Viral Protest Arrest,New York City Mayor Zohran Mamdani announced the Office of Deed Theft Prevention to defend vulnerable homeowners.,blavity.com,2026-04-28,Politics,Christopher Rhodes,https://blavity.com/mamdani-launches-nyc-office-fight-deed-theft-after-protest-arrest
"Maryland Is The First State To Ban Dynamic Pricing, Which Uses AI And Other Data To Up Prices At Stores","If consumers are wondering why they’re paying higher prices for certain items at major retailers and grocery stores, it might be due to “dynamic pricing,” a practice that uses artificial intelligence and other data to increase costs. Maryland legislators have passed a bill to become the first state to ban the practice. “And I can’t… Continue reading Maryland Is The First State To Ban Dynamic Pricing, Which Uses AI And Other Data To Up Prices At Stores",blavity.com,2026-04-28,Politics,Jahaura Michelle,https://blavity.com/maryland-is-the-first-state-to-ban-dynamic-pricing
Tyler Adams Says The Game Is ‘Like A Chess Match’ As He Teams Up For ‘For The Assist’,"Tyler Adams said playing in the midfield requires constant awareness of everything happening on the pitch. “In our game, there are so many moving pieces — it’s almost like a chess match,” the U.S. Men’s National Team midfielder told Blavity in a recent interview. “You’re always trying to think ahead, understand your positioning, anticipate what’s… Continue reading Tyler Adams Says The Game Is ‘Like A Chess Match’ As He Teams Up For ‘For The Assist’",blavity.com,2026-04-28,Sports,Trey Mangum,https://blavity.com/tyler-adams-says-the-game-is-like-a-chess-match-as-he-teams-up-for-for-the-assist
Sydney McLaughlin-Levrone On Self-Care And Healing As Athletes: ‘It’s A Never-Ending Cycle’,"Sydney McLaughlin-Levrone chats with Blavity about healing like a pro, self-care, daily motivations, and beyond.",blavity.com,2026-04-28,Sports,Shanique Yates,https://blavity.com/sydney-mclaughlin-on-self-care-healing
NBA Guard Jalen Green’s Net Worth Is A Case Study In Determination,"Explore Jalen Green's net worth and how the NBA star guard turned explosive scoring, contracts and endorsements into rising wealth.",blavity.com,2026-04-28,Culture,Joel Randell,https://blavity.com/jalen-green-net-worth
Chelley Bissainthe Of ‘Love Island USA’ Fame Teases New Show: ‘I’m A Lover Girl Through And Through’,"Chelley Bissainthe is stepping into a new role. On March 26 at Uproxx’s NewFront, she announced Love, Songs, an interview series she hosts and executive produces. The project places her both in front of the camera and in a creative role shaping the format. Bissainthe first gained national attention on Love Island USA Season 7.… Continue reading Chelley Bissainthe Of ‘Love Island USA’ Fame Teases New Show: ‘I’m A Lover Girl Through And Through’",blavity.com,2026-04-27,Entertainment,Trey Mangum,https://blavity.com/chelley-bissainthe-love-island-usa-fame-teases-new-show-details
Is Simon Guobadia Still A Multi-Millionaire? Here’s The Breakdown Of His 2026 Net Worth,"Explore Simon Guobadia's net worth, business empire, divorce from Porsha Williams and how the Nigerian-born CEO built his fortune.",blavity.com,2026-04-27,Entertainment,Joel Randell,https://blavity.com/simon-guobadia-net-worth
Millions Of Americans May Now Claim Canadian Citizenship Through Ancestry,"A subtle change in Canadian law has led millions of Americans to apply for Canadian dual citizenship after learning they can do so through ancestry. Details on the new Canadian law for dual citizenship Canadian Bill C-3 took effect Dec. 15, expanding eligibility for citizenship by descent. Previous rules limited citizenship to one generation, allowing… Continue reading Millions Of Americans May Now Claim Canadian Citizenship Through Ancestry",blavity.com,2026-04-27,Politics,Jahaura Michelle,https://blavity.com/millions-of-americans-may-now-claim-canadian-citizenship-through-ancestry
Will Insurance Cover Mounjaro For PCOS? Here’s How To Navigate The 2026 Guidelines,"Despite the benefits for insulin resistance, many insurers still won’t cover Mounjaro for PCOS. We look at the current 2026 guidelines.",blavity.com,2026-04-27,Cost &Amp; Coverage,"Dr. Diana Rangaves, PharmD",https://blavity.com/will-insurance-cover-mounjaro-for-pcos
Jimmy Jam And Terry Lewis Detail Their Journey From Meeting Through The Upward Bound Program To Vegas Residency,"Ahead of their first-ever Las Vegas residency, Jimmy Jam and Terry Lewis discuss career-defining hits, and their approach to making music.",blavity.com,2026-04-26,News,Shanique Yates,https://blavity.com/jimmy-jam-and-terry-lewis-las-vegas-residency
"Trump Sued For Racial Discrimination, Accused Of Firing 75% of Black Officials At Independent Federal Agencies",The Trump administration is accused of firing employees on the basis of race as part of his anti-DEI agenda.,blavity.com,2026-04-26,Politics,Christopher Rhodes,https://blavity.com/trump-sued-for-racial-discrimination-accused-of-firing-75-of-black-officials
Courtroom Interpreter Detained By ICE While She Was On Work Trip: ‘You Can’t Sleep Because You’re Afraid’,Longtime courtroom interpreter Meenu Batra has been detained by ICE. She has worked in the U.S. legally for 20-plus years.,blavity.com,2026-04-26,Politics,Kyra Alessandrini,https://blavity.com/courtroom-interpreter-meenu-batra-detained-by-ice
‘Beef’ Season 2 Stars On Where Their Characters End Up,"This interview contains spoilers for Beef Season 2 Oscar Isaac and Carey Mulligan break down the fates of their characters Josh and Lindsay in Beef Season 2 on Netflix. When the season ends, Lindsay and Josh are now separated and on different life paths. Years later, Lindsay has remarried finally able to have the child… Continue reading ‘Beef’ Season 2 Stars On Where Their Characters End Up",blavity.com,2026-04-24,Entertainment,Trey Mangum,https://blavity.com/beef-season-2-stars-on-where-their-characters-end-up
How BigXthaPlug Navigated The Prison System And Landed A Seven Figure Net Worth,"With a 2026 headlining tour and major festival sets at Stagecoach and BottleRock, BigXthaPlug's bank account is as loud as his baritone.",blavity.com,2026-04-24,Entertainment,TeeJay Small,https://blavity.com/bigxthaplug-net-worth
Everything To Know About Getting A Cyst Drained At Urgent Care,Don't let a painful cyst ruin your week. Find out if an urgent care can drain it on the spot and what you need to know about recovery.,blavity.com,2026-04-24,Conditions &Amp; Care,"Dr. Diana Rangaves, PharmD",https://blavity.com/can-urgent-care-drain-a-cyst
The Black Generational Habit Nobody’s Talking About Breaking,"Growing up, nobody in my family went to the doctor. Here's why I decided to break that cycle — and what my bloodwork revealed when I did.",blavity.com,2026-04-24,Mind &Amp; Body,Zayna Allen,https://blavity.com/preventative-healthcare-black-women
‘RuPaul’s Drag Race All Stars’ Season 11 Queens To Go Behind The Scenes In WOW Presents Plus’ ‘My Untucked Life’,"Nine queens from RuPaul’s Drag Race All Stars Season 11 are set to be highlighted in the new season of WOW Presents Plus’s My Untucked Life, and Blavity’s Shadow and Act has the first trailer for its exclusive debut. The nine queens showcased in the season will be Dawn, Morphine Love Dion, Mystique Summers Madison,… Continue reading ‘RuPaul’s Drag Race All Stars’ Season 11 Queens To Go Behind The Scenes In WOW Presents Plus’ ‘My Untucked Life’",blavity.com,2026-04-24,Entertainment,Trey Mangum,https://blavity.com/drag-race-all-stars-11-my-untucked-life
Nini Coco On ‘Drag Race’ Finale Lip Sync And Her Difficult Storyline: ‘Blame It On The Edit’,"Nini Coco made it all the way to the end of RuPaul’s Drag Race Season 18, ending her run as the season’s runner-up. Blavity was on hand to speak with her about her time on the show and what she made of her final lip sync and that “catty” edit. Coco said that she’s “relieved”… Continue reading Nini Coco On ‘Drag Race’ Finale Lip Sync And Her Difficult Storyline: ‘Blame It On The Edit’",blavity.com,2026-04-24,Entertainment,Monique Jones,https://blavity.com/nini-coco-on-drag-race-finale-lip-sync-and-storyline
Myki Meeks Says She’s ‘From The School Of Roxxxy Andrews’ When Discussing ‘Drag Race’ Finale Lip-Sync Win,"The winner of RuPaul’s Drag Race Season 18 has been crowned, and it’s Myki Meeks! Meeks told Blavity’s Shadow and Act that finally learning she won after months of uncertainty “was everything in that moment.” “Me and Nini [Coco] were the only ones from the cast since filming [who] did not have any closure for… Continue reading Myki Meeks Says She’s ‘From The School Of Roxxxy Andrews’ When Discussing ‘Drag Race’ Finale Lip-Sync Win",blavity.com,2026-04-24,Entertainment,Monique Jones,https://blavity.com/myki-meeks-from-the-school-of-roxxxy-andrews-in-drag-race-finale
Bipartisan Bill Could Allow SNAP Recipients To Purchase Ready-To-Eat Rotisserie Chicken,Senators proposed a bill to allow SNAP recipients to buy hot rotisserie chicken with Supplemental Nutrition Assistance Program benefits.,blavity.com,2026-04-23,News,Jahaura Michelle,https://blavity.com/bill-could-allow-snap-recipients-to-purchase-rotisserie-chicken
"Kenya Barris On The Hero’s Journey Approach He Took To His Feature Doc Directorial Debut, ‘Jerry West: The Logo’",Kenya Barris chats with Blavity's S&A about the hero's journey approach he took to documenting the life of the late Jerry West.,blavity.com,2026-04-23,Entertainment,Shanique Yates,https://blavity.com/kenya-barris-hero-journey-approach-jerry-west-doc
‘RuPaul’s Drag Race All Stars’ Season 11 Announces Cast Of 18 Queens For Another Bracket-Style Tourney,"We might be fresh out of RuPaul’s Drag Race Season 18, but it’s time for the all-stars to return. RuPaul’s Drag Race All Stars Season 11 is here, and the cast includes legendary favorites, queens who showed tons of promise in their seasons, and icons who deserve the title of “Mother,” like Vivacious and Kennedy… Continue reading ‘RuPaul’s Drag Race All Stars’ Season 11 Announces Cast Of 18 Queens For Another Bracket-Style Tourney",blavity.com,2026-04-23,Entertainment,Monique Jones,https://blavity.com/rupauls-drag-race-all-stars-season-11-cast-announced
Allyson Felix Is Building What Didn’t Exist And Reshaping the Future of Women’s Sports,Allyson Felix shares how she’s building her women’s sports firm and shaping the future for the next generation of Black women in track.,blavity.com,2026-04-23,Career &Amp; Money,Zayna Allen,https://blavity.com/allyson-felix-sports-firm
Here’s Why You Might Have Black Stains On Your Gums,"From cosmetic treatments to simple lifestyle changes, find out how to manage black stains on your gums and maintain a healthy, vibrant smile.",blavity.com,2026-04-23,Conditions &Amp; Care,"Dr. Diana Rangaves, PharmD",https://blavity.com/black-stains-on-gums
"Trump’s DOJ Charges Southern Poverty Law Center With Fraud In Shocking, Controversial Move","In a shocking and controversial move, the Justice Department announced Tuesday that it was charging a major anti-extremist organization with funneling money to the very extremists that the organization opposes. The charges against the Southern Poverty Law Center stem from payments made to confidential informants within white supremacist organizations, with defenders of the watchdog organization… Continue reading Trump’s DOJ Charges Southern Poverty Law Center With Fraud In Shocking, Controversia…",blavity.com,2026-04-23,Politics,Christopher Rhodes,https://blavity.com/trumps-doj-charges-southern-poverty-law-center-with-fraud
Everything To Know About Virginia Voters Approving New Democratic Redistricting Ahead Of 2026 Midterms,"In the latest redistricting battle, voters in Virginia have approved a measure to redraw that state’s congressional lines.",blavity.com,2026-04-23,Politics,Christopher Rhodes,https://blavity.com/virginia-voters-democratic-redistricting-approved-ahead-midterms
RFK Jr. Denies Making Yet Apologizes For Comment That Black Children Should Be Sent To Farms And ‘Reparented’,"Secretary of Health and Human Services Robert F. Kennedy Jr. appeared before a congressional panel on Wednesday in an often tense hearing that covered a variety of his past stances and current policies. One particularly heated moment came when RFK was confronted over a statement he made about Black children being “reparented,” leading to the… Continue reading RFK Jr. Denies Making Yet Apologizes For Comment That Black Children Should Be Sent To Farms And ‘Reparented’",blavity.com,2026-04-23,Politics,Christopher Rhodes,https://blavity.com/rfk-jr-denies-making-yet-apologizes-for-farm-comment-black-children
"ABFF’s HBO Short Film Award Showcase Includes Titles Starring J. Alphonse Nicholson, Kid Cudi, Arsema Thomas And More","The American Black Film Festival (ABFF) has announced the films that are taking part in the festival’s HBO Short Film Showcase. This year is the landmark 30th edition of the festival. Taking place later in May, the fest’s short film line-up with HBO includes Spilled Milk, produced by Jordan Peele and starring J. Alphonse Nicholson… Continue reading ABFF’s HBO Short Film Award Showcase Includes Titles Starring J. Alphonse Nicholson, Kid Cudi, Arsema Thomas And More",blavity.com,2026-04-23,Entertainment,Trey Mangum,https://blavity.com/abff-hbo-short-film-award-showcase-2026
From Exoneree To Elected Official: Calvin Duncan Fights GOP Push To Erase The Office He Won,Louisiana lawmakers are advancing legislation that could strip Calvin Duncan of the office he was elected to hold in Orleans Parish.,blavity.com,2026-04-22,Politics,Maya Boddie,https://blavity.com/calvin-duncan-fights-gop-push-to-erase-office-he-won
"Florida Democratic Rep. Sheila Cherfilus-McCormick Resigns From Congress Amid Ethics Probe, Possible Expulsion Vote",Rep. Sheila Cherfilus-McCormick resigned from Congress in the wake of allegations that she stole FEMA funds during the COVID pandemic.,blavity.com,2026-04-22,Politics,Christopher Rhodes,https://blavity.com/sheila-cherfilus-mccormick-resigns-from-congress
Why Pinkydoll’s Heart Attack Scare Is A Wake-Up Call For Young Black People,"After surviving three heart attacks at age 29, internet star Pinkydoll is urging her followers to prioritize wellness.",blavity.com,2026-04-22,Conditions &Amp; Care,Joel Randell,https://blavity.com/pinkydoll-heart-attack
‘Big Mood’s Nicola Coughlan And Lydia West Unpack The Rocky Road Of Friendship Showcased Across Season 2,Big Mood creator Camilla Whitehall and leads Nicola Coughlan and Lydia West break down the dynamics of friendship displayed in Season 2.,blavity.com,2026-04-22,Entertainment,Shanique Yates,https://blavity.com/big-mood-season-two-interviews
"Everyting To Know So Far About D4vd Being Officially Charged In Murder Of Teen Girl, Celeste Rivas Hernandez",Singer D4vd has been charged for the murder of a teen girl named Celeste Rivas Hernandez who went missing in 2025.,blavity.com,2026-04-22,News,Tomas Kassahun,https://blavity.com/d4vd-charged-celeste-rivas-hernandez
Is TikTok’s Mouth Taping Trend A Game-Changer Or A Health Hazard?,"We’re all chasing better rest, but is mouth taping the answer? Get the facts on the risks and benefits of the sleep trend taking over.",blavity.com,2026-04-21,Health,"Dr. Diana Rangaves, PharmD",https://blavity.com/is-mouth-taping-safe
Why A’Ja Wilson Is The Face Of The WNBA’s Million Dollar Era,"A'Ja Wilson was the WNBA's first max contract signing. The decision for her to be that first wasn't random, but it was deserved. Here's why.",blavity.com,2026-04-21,Sports,Kahlil Haywood,https://blavity.com/aja-wilson-signed-3-year-5-million-contract
Former University Of Arkansas African American Studies Director Sues School To Oppose His Firing,A professor at the University of Arkansas filed a civil rights lawsuit in federal court fighting a decision that removed him as director of the African and African American Studies program.,blavity.com,2026-04-21,Politics,Christopher Rhodes,https://blavity.com/university-of-arkansas-african-american-studies-director-sues-school
Inside The Louisiana Bill That Critics Say Would Enact Forced Labor For Unhoused People,"Advocates for unhoused individuals are warning about a new bill moving its way through the Louisiana Legislature. The bill, part of a larger trend of laws that critics say are meant to criminalize homelessness, creates a situation whereby individuals without homes could be forced to pay for treatment or be jailed and subjected to mandatory… Continue reading Inside The Louisiana Bill That Critics Say Would Enact Forced Labor For Unhoused People",blavity.com,2026-04-21,Politics,Christopher Rhodes,https://blavity.com/louisiana-bill-critics-say-would-enact-forced-labor-for-unhoused-people
Trader Joe’s $7.4 Million Settlement Offers Shoppers Up To $102 In Payouts: Here’s What To Know,"If you used a credit or debit card to make purchases at Trader Joe’s in early 2019, you could be eligible for a payout as part of a $7.4 million class action lawsuit settlement against the California-based grocery chain. Customers who used both electronic payment methods between March 5, 2019, and July 19, 2019, may… Continue reading Trader Joe’s $7.4 Million Settlement Offers Shoppers Up To $102 In Payouts: Here’s What To Know",blavity.com,2026-04-20,News,Jahaura Michelle,https://blavity.com/trader-joes-facta-settlement-payouts-102-dollars
"House Votes To Restore Protected Status To Haitians In US, Defying Trump","President Donald Trump’s efforts to restrict legal immigration and paint negative, racist pictures of immigrant communities received a congressional rebuke on Wednesday. Democrats, as well as members of the president’s party, voted to support a measure that would allow hundreds of thousands of Haitians to remain in the United States despite efforts by the Trump… Continue reading House Votes To Restore Protected Status To Haitians In US, Defying Trump",blavity.com,2026-04-20,Politics,Christopher Rhodes,https://blavity.com/house-votes-to-restore-protected-status-to-haitians-in-us-defying-trump
Justice Ketanji Brown Jackson Condemns Supreme Court’s Use Of Emergency Orders To Further Trump Agenda,Supreme Court Justice Ketanji Brown Jackson condemned her conservative colleagues for using emergency order in favor of Trump.,blavity.com,2026-04-20,Politics,Kyra Alessandrini,https://blavity.com/ketanji-brown-jackson-criticizies-conservative-colleagues
How To Know Your Liver Is Repairing Itself After You Stop Drinking,"From better sleep to clearer skin, here are the key signs your liver is regenerating after you stop drinking.",blavity.com,2026-04-20,Health,"Dr. Diana Rangaves, PharmD",https://blavity.com/signs-your-liver-is-healing-from-alcohol
Pete Hegseth Was Roasted For Quoting Samuel L. Jackson’s Fake ‘Pulp Fiction’ Verse During Pentagon Prayer,"No stranger to controversy, Secretary of Defense Pete Hegseth has left many people scratching their heads after comments he made at the Pentagon recently. While appearing to quote scripture, Hegseth instead mentioned a famous monologue from the movie Pulp Fiction, with listeners unsure whether he made a mistake or was intentionally engaging in a bit… Continue reading Pete Hegseth Was Roasted For Quoting Samuel L. Jackson’s Fake ‘Pulp Fiction’ Verse During Pentagon Prayer",blavity.com,2026-04-19,Politics,Christopher Rhodes,https://blavity.com/pete-hegseth-roasted-for-samuel-l-jackson-pulp-viction-prayer
Is Your Joint Pain Actually A Bone Spur?,"Discover what bone spurs (osteophytes) actually are, why they develop and when it’s time to consult a specialist.",blavity.com,2026-04-17,Conditions &Amp; Care,"Dr. Diana Rangaves, PharmD",https://blavity.com/what-is-a-bone-spur
"Who Is Ashlee Jenae, the Black Woman Who Never Made It Back From Zanzibar?",Ashlee Jenae died in Zanzibar under what her family calls suspicious circumstances. Learn who she was and where the investigation stands.,blavity.com,2026-04-17,Career &Amp; Money,Zayna Allen,https://blavity.com/who-is-ashlee-jenae
Al Sharpton Invited 10 Potential 2028 Candidates To His Conference — And Was ‘Surprised’ This Contender Seemed To Get The Most Praise,Rev. Al Sharpton’s annual NAN Conference offered an early glimpse into the Democratic party’s potential 2028 presidential field.,blavity.com,2026-04-17,Politics,Maya Boddie,https://blavity.com/national-action-network-convention-offers-glimpse-2028-democratic-candidates
What Your Posture Says About You,"Your posture introduces you before you walk into a room, communicating what you may be emotionally holding or the state of your self image.",blavity.com,2026-04-16,Mind &Amp; Body,Jazmin Kylene,https://blavity.com/what-your-posture-says
Blavity Media Group Expands Into Connected TV Through Partnership With OTTera,"Blavity Media Group is expanding into connected TV advertising through a new channel sales partnership with OTTera, a global OTT technology and distribution platform. The agreement makes Blavity Media Group an authorized channel sales partner for OTTera’s advertising inventory, allowing brand partners to extend campaigns beyond BMG’s digital ecosystem and into connected TV screens in… Continue reading Blavity Media Group Expands Into Connected TV Through Partnership With OTTera",blavity.com,2026-04-16,News,Blavity Team,https://blavity.com/blavity-media-group-partnership-with-ottera
What Does ‘You The Birthday’ Mean? Let’s Break Down The New AAVE Phrase,"A new phrase, 'You the birthday,' has emerged on TikTok and is being used for memes, jokes and more. Here's what it means.",blavity.com,2026-04-16,News,Kyra Alessandrini,https://blavity.com/what-does-you-the-birthday-mean
Maryland Lawmakers And Advocates Celebrate Passage Of State Voting Rights Act: ‘History Was Made’,"Maryland lawmakers passed sweeping voting rights legislation, marking a significant expansion of protections for voters of color.",blavity.com,2026-04-16,Politics,Maya Boddie,https://blavity.com/maryland-celebrates-voting-rights-act-passing
What Is Borderline Personality Disorder? A Resource Guide Inspired By Doja Cat’s Journey,"What is Borderline Personality Disorder? Using Doja Cat’s transparency as a guide, Blavity Health breaks down BPD symptoms and stigmas.",blavity.com,2026-04-16,Conditions &Amp; Care,Joel Randell,https://blavity.com/doja-cat-borderline-personality-disorder
Google $135M Settlement For Millions Of Android Users Eligible: What To Know,"Google has agreed to a $135 million settlement in a class-action lawsuit, alleging that its operating system used mobile devices to collect data from more than 100 million Android users without their consent. The settlement includes Android users who have used their mobile devices to connect to the internet via cellular data networks at any… Continue reading Google $135M Settlement For Millions Of Android Users Eligible: What To Know",blavity.com,2026-04-15,News,Jahaura Michelle,https://blavity.com/google-135m-settlement-for-millions-of-android-users-eligible-what-to-know
Social Security COLA Adjustment For 2017 Could Rise For Millions,The Social Security cost-of-living adjustment for 2027 could rise for millions of recipients due to higher inflation and gas prices. What is the estimated increase in Social Security cost-of-living adjustment? Independent Social Security and Medicare analyst Mary Johnson predicted that the 2027 cost-of-living adjustment could reach to 3.2% as gasoline prices continue to soar. That… Continue reading Social Security COLA Adjustment For 2017 Could Rise For Millions,blavity.com,2026-04-15,News,Jahaura Michelle,https://blavity.com/social-security-cola-adjustment-for-2017-could-rise-for-millions
"Everything You Need To Know About Ureaplasma, The Infection Often Mistaken For An STI","If you have persistent symptoms but keep testing negative for STDs, it might be Ureaplasma. Learn how to advocate for yourself at the doctor.",blavity.com,2026-04-15,Conditions &Amp; Care,"Dr. Diana Rangaves, PharmD",https://blavity.com/is-ureaplasma-an-std
How Many Episodes Are In ‘Doc’ Season 2 And What Do We Know About Season 3?,"Fox’s Doc follows Dr. Amy Larsen (Molly Parker) as she rebuilds her life after a car crash erased eight years of her memory. The show premiered in January 2025, and now its second season is coming to a close. Doc Season 2 has seen Amy continue to recover her memories while working on her relationships… Continue reading How Many Episodes Are In ‘Doc’ Season 2 And What Do We Know About Season 3?",blavity.com,2026-04-14,Entertainment,Kui Mwai,https://blavity.com/how-many-episodes-are-in-doc-season-2-and-what-we-know-season-3
"Michael Jackson’s Son Bigi Made Rare Appearance With Brother Prince, Other Family At Berlin Premiere Of Biopic","The sons of Michael Jackson, Prince and Blanket Jackson, attended the Berlin premiere of the upcoming 'Michael' biopic.",blavity.com,2026-04-14,News,Kyra Alessandrini,https://blavity.com/michael-jackson-son-bigi-rare-appearance-with-family-berlin-biopic-premiere
T.I. And Tiny’s Son King Harris Arrested On Multiple Charges In Georgia: Here’s Why,"Rapper King Harris, the son of T.I. and Tameka “Tiny” Harris, faces multiple charges after being arrested early Sunday during a traffic stop in Gwinnett County, Georgia. Why did King Harris get arrested? Harris, 21, has been charged with possession of a Schedule II substance, willful obstruction of law enforcement officers, speeding at least 24… Continue reading T.I. And Tiny’s Son King Harris Arrested On Multiple Charges In Georgia: Here’s Why",blavity.com,2026-04-14,News,Jahaura Michelle,https://blavity.com/king-harris-arrested-ti-tiny-son-april-2026
"What To Know About Azzi Fudd, WNBA No. 1 Draft Pick Set To Join GF Paige Bueckers At Wings",Azzi Fudd was selected by the Dallas Wings as the No. 1 overall pick in the 2026 WNBA Draft on Monday night.,blavity.com,2026-04-14,Blavity-U,Kyra Alessandrini,https://blavity.com/what-to-know-azzi-fudd-joining-girlfriend-paige-bueckers-wings-wnba-draft
"‘Insidious: Out Of The Further’ Trailer Stars ‘Nope’s Brandon Perea Alongside Amelia Eve, Maisie Richardson-Sellers","A new family will be terrorized in the upcoming film in the Insidious franchise, Insidious: Out of the Further. Directed by Jacob Chase from his own screenplay, the Sony Pictures Releasing film brings viewers deeper into the scary dark parallel dimension that houses spiritual monsters and tormented souls. In this film, a woman realizes she… Continue reading ‘Insidious: Out Of The Further’ Trailer Stars ‘Nope’s Brandon Perea Alongside Amelia Eve, Maisie Richardson-Sellers",blavity.com,2026-04-14,Entertainment,Monique Jones,https://blavity.com/insidious-out-of-the-further-trailer-stars-nopes-brandon-perea
"‘The Madison’ Gets Season 3 Renewal Before Season 2 Debut, Weeks After Season 1 Bow","Just weeks after Season 1 debuted and wrapped, and ahead of its Season 2 debut, Taylor Sheridan’s The Madison has already been renewed for Season 3. Per Paramount+, the series is “Sheridan’s most-watched debut ever and was the #1 original season by views among streaming originals for its first week of release,” according to Luminate.… Continue reading ‘The Madison’ Gets Season 3 Renewal Before Season 2 Debut, Weeks After Season 1 Bow",blavity.com,2026-04-14,Entertainment,Trey Mangum,https://blavity.com/the-madison-season-3-renewal-before-season-2-debut
‘Passenger’ Trailer: Paramount’s Lou Llobell And Jacob Scipio Horror Film Brings Terror To Nighttime Travel,"The trailer for the upcoming Paramount horror film, Passenger, makes night driving even scarier. Starring Lou Llobell and Jacob Scipio, Passenger follows a couple who witness a horrible accident on the highway. But they quickly realize that whatever happened on the highway has followed them–a demonic entity known as the Passenger is out to get… Continue reading ‘Passenger’ Trailer: Paramount’s Lou Llobell And Jacob Scipio Horror Film Brings Terror To Nighttime Travel",blavity.com,2026-04-14,Entertainment,Monique Jones,https://blavity.com/passenger-trailer-paramount-horror-film-lou-llobell-jacob-scipio
"Amanda Seyfried, Sheryl Lee Ralph, Tramell Tillman And Rachel Zegler To Star In Lin-Manuel Miranda’s ‘Octet’ Musical Film","Lin-Manuel Miranda is bringing Dave Malloy’s musical Octet to the big screen, and he’s just announced his star-studded cast. Miranda and his company, 5000 Broadway Productions, announced the eight main cast members who will help bring Octet to life, many of whom have cut their teeth on both the stage and screen. Cast members for… Continue reading Amanda Seyfried, Sheryl Lee Ralph, Tramell Tillman And Rachel Zegler To Star In Lin-Manuel Miranda’s ‘Octet’ Musical Film",blavity.com,2026-04-14,Entertainment,Monique Jones,https://blavity.com/octet-film-cast-announced-lin-manuel-miranda-sheryl-lee-ralph-amanda-seyfried
Kamala Harris Says Black People ‘Need To Be Transactional Voters’ — Here’s What That Means,Kamala Harris says Black people ‘need to be transactional voters’ in upcoming elections — here’s what that means.,blavity.com,2026-04-14,Politics,Maya Boddie,https://blavity.com/kamala-harris-says-black-people-should-be-transactional-voters
Why Are Alix Earle And Alex Cooper Beefing? What To Know About Drama,"Alex Cooper has called out Alix Earle on social media after rumors of a feud between the influencers have circulated for several months. What did Alex Cooper say about Alix Earle on social media? On Monday, Cooper, 31, referred to Earle, 25, in a TikTok video, alleging that the content creator displayed “passive-aggressive” behavior toward… Continue reading Why Are Alix Earle And Alex Cooper Beefing? What To Know About Drama",blavity.com,2026-04-14,News,Jahaura Michelle,https://blavity.com/why-are-alix-earle-and-alex-cooper-beefing-drama-explained
‘Young Sherlock’ Renewed For Season 2: Here’s A Reminder Of Season 1’s Shocking Ending,"Young Sherlock has been renewed for Season 2 at Prime Video. The series, an irreverent Sherlock Holmes origin story starring Hero Fiennes Tiffin and from director Guy Ritchie, premiered earlier this year on the streamer. Ritchie will return to direct the first episode of Season 2. Dónal Finn, Zine Tseng, Joseph Fiennes, Natascha McElhone, Max… Continue reading ‘Young Sherlock’ Renewed For Season 2: Here’s A Reminder Of Season 1’s Shocking Ending",blavity.com,2026-04-14,Entertainment,Trey Mangum,https://blavity.com/young-sherlock-renewed-for-season-2-reminder-season-1-ending
TMJ Relief: Understanding The Costs And Coverage For Botox Injections,"Learn whether insurance covers Botox for TMJ, what medical necessity looks like and how to start the claims process today.",blavity.com,2026-04-14,Cost &Amp; Coverage,"Dr. Diana Rangaves, PharmD",https://blavity.com/will-insurance-cover-botox-for-tmj
‘The ‘Burbs’ Starring Keke Palmer Renewed For Season 2 At Peacock,"Peacock has renewed its hit comedy series, The ‘Burbs, which stars Keke Palmer, for a second season. The series, also starring Jack Whitehall, per Peacock, “has generated more than 1.7 billion viewing minutes on platform since its Feb. 8 launch” and “ranked as a top 10 streaming original season for four consecutive weeks based on… Continue reading ‘The ‘Burbs’ Starring Keke Palmer Renewed For Season 2 At Peacock",blavity.com,2026-04-14,Entertainment,Trey Mangum,https://blavity.com/the-burbs-starring-keke-palmer-renewed-for-season-2-at-peacock
Eric ‘Shake’ James On Connecting Milwaukee Neighborhoods In His Latest Shoe Design,"For Eric “Shake” James, designing a sneaker isn’t just about aesthetics—it’s about storytelling. With his latest project, that story is deeply rooted in Milwaukee. Rather than centering a single narrative, James set out to reflect the city in its full complexity—its neighborhoods, its history, and the everyday energy that defines it. “Yeah, man, I wanted… Continue reading Eric ‘Shake’ James On Connecting Milwaukee Neighborhoods In His Latest Shoe Design",blavity.com,2026-04-14,News,Trey Mangum,https://blavity.com/eric-shake-james-milwaukee-shoe-design
Kendra Bulluck Proves Black Women Belong in Sports Ownership,Kendra Bulluck brings back the Orange Blossom Classic and expands HBCU sports culture through ownership and vision.,blavity.com,2026-04-14,Career &Amp; Money,Jazmin Kylene,https://blavity.com/kendra-bulluck-orange-blossom-classic
"LiAngelo Ball On Differing Approaches To Basketball And Music, Noticing His Dual Talent When ‘Tweaker’ Dropped","LiAngelo Ball chats about the duality of his basketball and music talents, and how each passion shows up differently.",blavity.com,2026-04-13,Sports,Shanique Yates,https://blavity.com/liangelo-ball-on-differing-approaches-to-basketball-and-music
The Science-Backed Benefits Of Goat Milk,"Are you struggling with fitting dairy into your diet? Discover the benefits of goat milk, from its A2 protein structure to easier digestion.",blavity.com,2026-04-13,Health,Dorian Smith-Garcia,https://blavity.com/goat-milk-benefits
"Trump Posts Image Of Himself As Jesus-Like Figure After Pope Leo Criticism, Escalating Tensions With Vatican","Tensions between the White House and the Vatican have increased in recent weeks, with Pope Leo XIV criticizing the US war with Iran and President Trump expressing his displeasure with the American-born Pope. Amid the White House’s back-and-forth with the head of the Catholic Church, Trump presented himself as a Christ-like figure on social media.… Continue reading Trump Posts Image Of Himself As Jesus-Like Figure After Pope Leo Criticism, Escalating Tensions With Vatican",blavity.com,2026-04-13,Politics,Christopher Rhodes,https://blavity.com/trump-jesus-post-after-pope-leo-tensions
"‘Hunger Games: Sunrise On The Reaping’ Trailer Drops With Joseph Zada, Whitney Peak, Kelvin Harrison Jr. And More","The first full official trailer for The Hunger Games: Sunrise On The Reaping takes viewers 24 years before the events of The Hunger Games. The new trailer, released on Monday by Lionsgate, follows the release of a teaser that came out last November. Joseph Zada, Jesse Plemons, Ralph Fiennes, Glenn Close, Kieran Culkin, Elle Fanning,… Continue reading ‘Hunger Games: Sunrise On The Reaping’ Trailer Drops With Joseph Zada, Whitney Peak, Kelvin Harrison Jr. And More",blavity.com,2026-04-13,Entertainment,Trey Mangum,https://blavity.com/sunrise-on-the-reaping-trailer-new-hunger-games
Is ‘When Calls The Heart’ Returning In 2026 After Season 13 Ends? Some Fans Are Shocked By The Answer,"‘When Calls the Heart‘ Season 13 concluded in March, but fans are already eager to get back to Hope Valley for Season 14.",blavity.com,2026-04-13,Entertainment,Kui Mwai,https://blavity.com/is-when-calls-the-heart-returning-in-2026-after-season-13-ends
Ashlee Jenae’s Death And Who Is Joe McCann? Family Seeks Answers About Influencer’s Death,"The family of late lifestyle influencer Ashlee Jenae is seeking answers about her suspicious death during a birthday trip earlier this month in Tanzania with her fiancé. What did Ashlee Jenae’s family say about her death? On Sunday, the family released a statement on Instagram about Jenae, born Ashly Robinson, who was celebrating her 31st… Continue reading Ashlee Jenae’s Death And Who Is Joe McCann? Family Seeks Answers About Influencer’s Death",blavity.com,2026-04-13,News,Jahaura Michelle,https://blavity.com/ashlee-jenae-death-who-is-joe-mccann
"If You Loved ‘Children Of Blood And Bone,’ These Books Belong On Your Reading List",Calling all fans of Tomi Adeyemi's 'Children of Blood and Bone!' Blavity has a few similar titles to add to your bookshelf.,blavity.com,2026-04-13,Books,Shanique Yates,https://blavity.com/books-like-children-of-blood-and-bone
"‘Power’ Creator Courtney A. Kemp’s Netflix Series ‘Nemesis,’ Starring Matthew Law And Y’lan Noel, Drops Trailer","Power creator Courtney A. Kemp’s Netflix era is in full swing with the trailer release for her first series at the streamer, Nemesis. The season will have eight episodes. The series stars Matthew Law, Y’lan Noel, Cleopatra Coleman, Tre Hale, Domenick Lombardozzi, Jonnie Park, Ariana Guerra, Gabrielle Dennis, Michael Potts, Sophina Brown, Cedric Joe and… Continue reading ‘Power’ Creator Courtney A. Kemp’s Netflix Series ‘Nemesis,’ Starring Matthew Law And Y’lan Noel, Drops Trailer",blavity.com,2026-04-13,Entertainment,Trey Mangum,https://blavity.com/nemesis-trailer-on-netflix-courtney-kemp-series-ylan-noel-matthew-law
"‘Ride Along 3’ In Early Talks; Kevin Hart, Ice Cube, Will Packer And Tim Story Involved In Discussions","Ice Cube and Kevin Hart are back for another chapter in the Ride Along franchise. Deadline reports that Hart and Ice Cube are reuniting for Ride Along 3, with producer Will Packer and director Tim Story also in early talks to return to the film series. Daniel Gold is set to write the script. According… Continue reading ‘Ride Along 3’ In Early Talks; Kevin Hart, Ice Cube, Will Packer And Tim Story Involved In Discussions",blavity.com,2026-04-13,Entertainment,Monique Jones,https://blavity.com/ride-along-3-in-early-talks-kevin-hart-ice-cube-will-packer-tim-story
"Microsoft Shutting Down Outlook Lite App, Leaving Android Users To Transition","Microsoft is discontinuing its long-standing Outlook Lite app soon, forcing Android users to see alternative email options. The tech company initially launched Outlook Lite four years ago, and now it will completely phase out the app and remove it from the Google Play Store on May 26, according to 9To5 Google and Neowin. How will… Continue reading Microsoft Shutting Down Outlook Lite App, Leaving Android Users To Transition",blavity.com,2026-04-13,News,Jahaura Michelle,https://blavity.com/microsoft-android-outlook-lite-app-shutting-down
T.I.’s Daughter Deyjah Harris Joins Delta Sigma Theta At Clark Atlanta University,"Rapper T.I.'s oldest daughter, Deyjah, has just become one of the newest members of Delta Sigma Theta Sorority.",blavity.com,2026-04-13,Blavity-U,Tomas Kassahun,https://blavity.com/ti-daughter-deyjah-joins-delta-sigma-theta
Cough Drop Recall: 15 Products Impacted Nationwide — Where’s What To Know,"A China-based company has voluntarily recalled several cough drop products sold nationwide, according to the Food and Drug Administration. Why were the cough drop recalled? Xiamen Kang Zhongyuan Biotechnology Co., Ltd., located in Xiamen, China, initiated the recall on March 20 following an inspection of the manufacturing facility on Aug. 15, 2025. No additional details… Continue reading Cough Drop Recall: 15 Products Impacted Nationwide — Where’s What To Know",blavity.com,2026-04-13,News,Jahaura Michelle,https://blavity.com/cough-drop-recall-2026-april
"7-Eleven To Close Over 600 Stories In 2026, But Will Open This Many","7-Eleven plans to close 645 locations from now until Feb. 28, 2027. At the same time, 7-Eleven will open at least 200 new stores.",blavity.com,2026-04-13,News,Tomas Kassahun,https://blavity.com/7-eleven-closing-stores-2026-april
"Yahya Abdul-Mateen II And Mark Wahlberg Film ‘By Any Means,’ Directed By Elegance Bratton, Lands At Paramount","Paramount has landed Elegance Bratton’s crime thriller, By Any Means, which stars Yahya Abdul-Mateen II and Mark Wahlberg. The studio has given the film a Labor Day weekend release later this year on Sept. 4. The film is a real-life inspired, Civil Rights Era pic set in Mississippi in 1966. Nicole Beharie, David Strathairn, Giancarlo… Continue reading Yahya Abdul-Mateen II And Mark Wahlberg Film ‘By Any Means,’ Directed By Elegance Bratton, Lands At Paramount",blavity.com,2026-04-12,Entertainment,Trey Mangum,https://blavity.com/yahya-abdul-mateen-ii-mark-wahlberg-paramount-by-any-means
Shamea Morton Mwangi On Shifting Friendship Dynamics On ‘RHOA’ And Her Sophomore Season As A Peach Holder,"Shamea Morton Mwangi isn’t letting any friendships hold her back in her sophomore season as a peach holder in The Real Housewives of Atlanta on Bravo. Last season, the self-proclaimed female Jamie Foxx and Atlanta’s best friend found herself struggling to make sense of the fallout between her and her longtime BFF, Porsha Williams. After… Continue reading Shamea Morton Mwangi On Shifting Friendship Dynamics On ‘RHOA’ And Her Sophomore Season As A Peach Holder",blavity.com,2026-04-12,Entertainment,Brenda Alexander,https://blavity.com/shamea-morton-mwangi-rhoa-shifting-dynamics
"Lauren Betts Hopes To Follow-Up ‘Drag Race’ With ‘DWTS,’ Responds To Tate McRae Shoutout","Women’s basketball national champion Lauren Betts isn’t ruling out another turn on a major stage—this time, one far removed from basketball. Following her appearance on RuPaul’s Drag Race All Stars 10, the UCLA star spoke at a Raising Cane’s press conference before their “shift” about the possibility of continuing her run in entertainment, reacting enthusiastically… Continue reading Lauren Betts Hopes To Follow-Up ‘Drag Race’ With ‘DWTS,’ Responds To Tate McRae Shoutout",blavity.com,2026-04-12,Blavity-U,Trey Mangum,https://blavity.com/lauren-betts-dancing-with-the-stars-hopes-tate-mcrae-shoutout
How Big Boi Marked 404 Day And How He’s Reflecting On 20 Years Of ‘ATL’,Big Boi chats with Blavity ahead of his 404 Day concert and collaboration with Impossible Foods at Smorgasburg Atlanta.,blavity.com,2026-04-12,News,Shanique Yates,https://blavity.com/how-big-boi-marked-404-day-and-how-hes-reflecting-on-20-years-of-atl
How Many Episodes Are In ‘Euphoria’ Season 3 And Is Fezco Alive?,"Euphoria is back for its third, and what is likely is final season on HBO. The season sees most of its cast return, and has a lot of new series regular and supporting cast members in the mix as well. The series will continue to air throughout the spring after its premiere Sunday night. Here’s… Continue reading How Many Episodes Are In ‘Euphoria’ Season 3 And Is Fezco Alive?",blavity.com,2026-04-12,Entertainment,Trey Mangum,https://blavity.com/how-many-episodes-are-in-euphoria-season-3-and-is-fezco-alive
"‘The Boys’: Antony Starr On The Final ‘Season Of ‘Consequence,’ Jessie T. Usher On A-Train’s Redemption Arc",Antony Starr and Jessie T. Usher discuss the fate of Homelander and A-Train in the final season of 'The Boys.',blavity.com,2026-04-12,Entertainment,Shanique Yates,https://blavity.com/the-boys-antony-starr-on-the-final-season-of-consequence-jessie-t-usher-redemption
Which ‘Temptation Island’ Season 2 Couples Were Still Together At The End?,"As Netflix drops the second season of Temptation, viewers are already eager to see which couples are leaving the island together and which are lured into temptation.",blavity.com,2026-04-12,Entertainment,Tomas Kassahun,https://blavity.com/which-temptation-island-season-2-couples-were-still-together-at-the-end
Kiki Rice And Lauren Betts Detail Mindset Behind UCLA’s National Championship Win,"For Lauren Betts and Kiki Rice, UCLA’s national championship mindset was decided early. Coming off a 37-1 season that ended with a 79-51 win over South Carolina, the Bruins entered the title game with a clear sense of confidence. Asked at a Raising Cane’s press conference when they felt the game was in hand, Betts… Continue reading Kiki Rice And Lauren Betts Detail Mindset Behind UCLA’s National Championship Win",blavity.com,2026-04-11,Sports,Trey Mangum,https://blavity.com/kiki-rice-lauren-betts-detail-mindset-behind-uclas-national-championship-win
‘Outcome’s Laverne Cox On The Importance Of Friendships In Celebrity Life: ‘I Have Chosen Well’,"Outcome star Laverne Cox talked about what it’s like being a celebrity managing work-life and friendships. Cox spoke with Blavity/Shadow and Act Managing Editor, Trey Mangum, about the Apple TV film, which follows a longtime star named Reef (Keanu Reeves) who must confront a potentially cancel-worthy old video he participated in years ago. Cox said… Continue reading ‘Outcome’s Laverne Cox On The Importance Of Friendships In Celebrity Life: ‘I Have Chosen Well’",blavity.com,2026-04-11,Entertainment,Monique Jones,https://blavity.com/outcome-apple-tv-star-laverne-cox-on-friendships-celebrity
More Colleges Are Changing Bachelor Degree Programs From 4-Year To 3-Year,"More colleges and universities are introducing 3-year bachelor's degree programs, promising better employment opportunities after graduation.",blavity.com,2026-04-11,Blavity-U,Kyra Alessandrini,https://blavity.com/more-colleges-introducing-3-year-bachelors-degrees
Rihanna’s Daughter Rocki Makes First Public Appearance In Paris In Vintage Dior,"Rihanna's 6-month-old daughter, Rocki Irish, already appears to be embracing the public spotlight.",blavity.com,2026-04-11,News,Tomas Kassahun,https://blavity.com/rihannas-daughter-rocki-makes-first-public-appearance-paris
What Are Chris Brown And Usher’s Tour Dates? Here’s What We Know So Far,Chris Brown and Usher delivered a gift for their fans on Friday when they announced that they are are once again teaming up for a tour.,blavity.com,2026-04-11,News,Tomas Kassahun,https://blavity.com/what-are-chris-brown-and-ushers-tour-dates
What Do The Eric Swalwell Allegations Mean For The State Of The California Governor Race?,"A political bombshell dropped Friday as multiple news outlets reported allegations of sexual misconduct, including sexual assault, against Democratic Rep. Eric Swalwell, a California congressman and candidate for governor of the state. Swalwell has denied the most serious allegations against him and so far resisted calls from members of his own party to drop out… Continue reading What Do The Eric Swalwell Allegations Mean For The State Of The California Governor Race?",blavity.com,2026-04-11,Politics,Christopher Rhodes,https://blavity.com/what-do-the-eric-swalwell-allegations-mean-for-california-governor-race
"‘Outcome’ Stars Keanu Reeves, Cameron Diaz And Matt Bomer On The Industry’s Impact On Relationships","The life of a celebrity is full of glitz and glamor until something comes up that could ruin your entire career. Such is the case in Apple TV’s new film Outcome, starring Keanu Reeves as a star who faces a damaging video from his past. Blavity/Shadow and Act Managing Editor Trey Mangum spoke with Reeves… Continue reading ‘Outcome’ Stars Keanu Reeves, Cameron Diaz And Matt Bomer On The Industry’s Impact On Relationships",blavity.com,2026-04-11,Entertainment,Monique Jones,https://blavity.com/outcome-keanu-reeves-cameron-diaz-matt-bomer-industry-impact-apple-tv
Angel Reese’s Trade To The Atlanta Dream Is Best For All: Here’s Why,Angel Reese's trade to the Atlanta Dream made huge waves. One writer breaks down why it's a trade that everyone's happy to see.,blavity.com,2026-04-10,Opinion,Kahlil Haywood,https://blavity.com/why-angel-reese-trade-atlanta-dream-is-best-for-all
Prince Harry Sued For Defamation By African Charity That He Co-Founded,"Prince Harry is being sued for defamation by Sentebale, an African charity he co-founded in honor of his late mother Princess Diana.",blavity.com,2026-04-10,News,Tomas Kassahun,https://blavity.com/prince-harry-sued-defamation-african-charity
USPS Could Raise Prices Amid ‘Severe Financial Crisis’: What To Know,USPS may raise its prices due to a 'severe financial crisis.' Officials say that USPS is on course to run out of cash by February 2027.,blavity.com,2026-04-10,News,Kyra Alessandrini,https://blavity.com/usps-could-raise-prices-financial-crisis
"Imani Lewis And Laya DeLeon Hayes To Star Queer Coming-Of-Age Film ‘Pure,’Set In Black Cotillion Culture","If you’ve been waiting on Laya DeLeon Hayes and Imani Lewis’ next big project, it’s your lucky day. Deadline reports that Lewis, who starred in the Netflix queer vampire drama First Kill, and Hayes, who starred opposite Queen Latifah in CBS crime drama The Equalizer, are the leads in Pure. The film is the debut… Continue reading Imani Lewis And Laya DeLeon Hayes To Star Queer Coming-Of-Age Film ‘Pure,’Set In Black Cotillion Culture",blavity.com,2026-04-10,Entertainment,Monique Jones,https://blavity.com/imani-lewis-and-laya-deleon-hayes-to-star-in-pure-queer-film
Netflix’s ‘Thrash’ Cast Had A ‘Rude Awakening’ To Climate Change Fears Because Of Film,"Djimon Hounsou, Phoebe Dynevor, and Whitney Peak discuss sharks and climate change topics throughout Netflix survival thriller 'Thrash.'",blavity.com,2026-04-10,Entertainment,Shanique Yates,https://blavity.com/thrash-netflix-climate-change-fears-film
What’s The True Story Behind ‘Trust Me: The False Prophet’ On Netflix And Samuel Bateman?,"Trust Me: The False Prophet, Netflix’s new four-part docuseries directed by Emmy- and Peabody Award-winning filmmaker Rachel Dretzin, tells the story of Samuel Rappylee Bateman, a former rank-and-file member of the Fundamentalist Church of Jesus Christ of Latter-Day Saints who declared himself a prophet and formed a group in Short Creek, Utah, taking dozens of… Continue reading What’s The True Story Behind ‘Trust Me: The False Prophet’ On Netflix And Samuel Bateman?",blavity.com,2026-04-10,Entertainment,Jahaura Michelle,https://blavity.com/whats-true-story-behind-trust-me-the-false-prophet-netflix-samuel-bateman
MacKenzie Scott Has Officially Donated $1 Billion To HBCUs Since Pledging To Give Away Most Of Her Fortune In 2019,MacKenzie Scott has donated $1 billion to HBCUs since pledging to give away most of her fortune back in 2019.,blavity.com,2026-04-10,Blavity-U,Kyra Alessandrini,https://blavity.com/mackenzie-scott-1-billion-given-to-hbcus
Civil Rights Groups Sue Trump Over Mail-In Ballot Order Targeting Black Voters: ‘A Significant Power Grab’,"Civil rights groups, including the NAACP, are suing to stop Trump from signing an executive order that could negatively impact Black voters.",blavity.com,2026-04-10,Politics,Maya Boddie,https://blavity.com/civil-rights-groups-sue-trump-over-order-mail-in-ballots
Is ‘Ozempic Butt’ A Real Thing? Side Effects You Need To Know About,"From targeted at-home glute workouts to skincare, here is how to prevent and treat ""Ozempic butt"" effectively.",blavity.com,2026-04-10,Conditions &Amp; Care,Dorian Smith-Garcia,https://blavity.com/ozempic-butt
Mizzou Cuts Funding To Black Student Government And More To Comply With Trump’s Anti-DEI Directives,"The University of Missouri is cutting funding for minority student groups, complying with Trump's anti-DEI directives.",blavity.com,2026-04-10,Blavity-U,Kyra Alessandrini,https://blavity.com/university-of-missouri-cuts-funding-minority-student-groups
Marvin Sapp’s New Wife Responds To Rumors That Church Money Funded Their Recent Wedding,"Bishop Marvin Sapp and his wife, Dr. La’Boris Cole, set the record straight after social media users accused the couple of using the church’s money to fund their wedding. What did Cole say about the online claims? Cole addressed the allegations during Easter service, where she stood on the pulpit alongside her husband and called… Continue reading Marvin Sapp’s New Wife Responds To Rumors That Church Money Funded Their Recent Wedding",blavity.com,2026-04-09,News,Jahaura Michelle,https://blavity.com/marvin-sapp-wife-responds-to-social-media-rumors-church
"Ashton Sanders, Madison Bailey, Tyga, Patrick Cage And More To Star In ‘Baby, You’re A Star,’ Co-Written By Tyga","Tyga is set to star in the coming-of-age musical Baby, You’re a Star (which he also co-wrote), alongside Ashton Sanders, Outer Banks‘s Madison Bailey, One of Them Days’ Patrick Cage and more. Baby, You’re A Star is currently in production in Portland, Oregon, as Deadline reports. Co-written by Tyga and Curtis Bryant, Baby, You’re A… Continue reading Ashton Sanders, Madison Bailey, Tyga, Patrick Cage And More To Star In ‘Baby, You’re A Star,’ Co-Written By Tyga",blavity.com,2026-04-09,Entertainment,Monique Jones,https://blavity.com/ashton-sanders-madison-bailey-tyga-baby-youre-a-star-film-cast
"NAACP, For The First Time Ever, Calls For Trump To Be Removed From Office Via 25th Amendment","The NAACP officially called for President Donald Trump to be removed from office, warning that he is endangering Americans.",blavity.com,2026-04-09,Politics,Christopher Rhodes,https://blavity.com/naacp-calls-for-trump-to-be-removed-from-office-25th-amendment
"‘The Husbands’ Apple TV/A24 Series Casts 7 Including Kingsley Ben-Adir, Fehinti Balogun","Kinglsey Ben-Adir and Fehinti Balogun are among the male cast in Apple TV’s The Husbands. Juno Temple stars in the A24-produced series as Lauren, a woman who comes home to her London apartment and finds her husband Michael. Except she doesn’t remember getting married to anyone and has never seen Michael before. When Michael goes… Continue reading ‘The Husbands’ Apple TV/A24 Series Casts 7 Including Kingsley Ben-Adir, Fehinti Balogun",blavity.com,2026-04-09,Entertainment,Monique Jones,https://blavity.com/the-husbands-apple-tv-a24-series-kingsley-ben-adir-fehinti-balogun
Trump Agreed To Pay TSA Workers — Now He Wants To Cut Their Jobs,The White House wants to cut thousands of TSA jobs. Trump recently took executive action to pay TSA workers during the partial government shutdown.,blavity.com,2026-04-09,Politics,Maya Boddie,https://blavity.com/tsa-cuts-jobs-white-house-budget
"Halle Bailey And Regé-Jean Page Go Behind The Scenes Of ‘You, Me & Tuscany’ In Exclusive Preview","Halle Bailey and Regé-Jean Page, stars of Universal’s new film, You, Me & Tuscany, go behind the scenes of the rom-com in a preview exclusive to Blavity’s Shadow and Act. In the below featurette, Bailey, Page and director Kat Coiro speak on filming in Italy, with Page mentioning that the “romance happens between us, but… Continue reading Halle Bailey And Regé-Jean Page Go Behind The Scenes Of ‘You, Me & Tuscany’ In Exclusive Preview",blavity.com,2026-04-09,Entertainment,Trey Mangum,https://blavity.com/halle-bailey-and-rege-jean-page-you-me-tuscany-preview
"Netflix Announces Contestants For ‘Funny AF With Kevin Hart,’ Reveals Release Schedule And Trailer","Netflix’s new comedy competition series, Funny AF with Kevin Hart, has announced the contestants who will be competing on the show. Guest judges will be Keegan-Michael Key, Tom Segura, Kumail Nanjiani, Chelsea Handler and Nikki Glaser. Here’s the show’s official synopsis: Kevin Hart knows what it takes to turn a mic and a dream into… Continue reading Netflix Announces Contestants For ‘Funny AF With Kevin Hart,’ Reveals Release Schedule And Trailer",blavity.com,2026-04-09,Entertainment,Trey Mangum,https://blavity.com/funny-af-with-kevin-hart-contestants-release-schedule-trailer
‘Law & Order: SVU’ Exclusive Preview: ‘Grey’s Anatomy’ Alum Jerrika Hinton Is Velasco’s Handler,"Grey’s Anatomy alum Jerrika Hinton is guest-starring on Thursday night’s episode of Law & Order: Special Victims Unit on NBC, and she is key to what Octavio Pisano’s Detective Joe Velasco is up to now. Per the logline for the Season 27 episode, titled “Deep Under,” — Benson is shocked to find undercover Det. Velasco… Continue reading ‘Law & Order: SVU’ Exclusive Preview: ‘Grey’s Anatomy’ Alum Jerrika Hinton Is Velasco’s Handler",blavity.com,2026-04-09,Entertainment,Trey Mangum,https://blavity.com/law-order-svu-deep-cover-episode-preview-velasco-jerrika-hinton-agent-weber
Rebecca King-Crews Reveals 10-Year Secret Battle With Parkinson’s Disease: What To Know,"Rebecca King-Crews opened up about her decade-long journey with Parkinson’s disease and the ""miracle"" procedure that changed everything.",blavity.com,2026-04-09,Conditions &Amp; Care,Hayley Hynes,https://blavity.com/terry-crews-wife-parkinsons-disease
"Military Draft Rule Change, Explained: Eligible US Men Ages 18-25 Will Be Automatically Registered",A change to automatically register young men has some worried that the Trump administration is setting the stage for a draft as the Iran war continues.,blavity.com,2026-04-09,Politics,Christopher Rhodes,https://blavity.com/military-draft-us-automatic-registration-rule-change
White South Africans Now Makeup Most US Refugee Admissions As Program Narrows Under Trump,"South Africans account for nearly all U.S. refugee admissions this fiscal year, which aligns with Trump's prioritizing of white Afrikaners.",blavity.com,2026-04-09,Politics,Jahaura Michelle,https://blavity.com/white-south-africans-now-makeup-most-us-refugee-admissions-under-trump
"‘M.I.A.’ Trailer: Peacock’s Gritty New Series With Shannon Gisela, Brittany Adebumola And More","Shannon Gisela plays a young woman who wants the high life but must survive South Florida’s underworld in the trailer for the upcoming Peacock series, M.I.A. Gisela stars as Etta Tiger Jonze, who, according to the official description, “dreams of a life in Miami’s glittering, sub-tropical kingdom.” But, it continues, “[w]hen her family’s drug-running business… Continue reading ‘M.I.A.’ Trailer: Peacock’s Gritty New Series With Shannon Gisela, Brittany Adebumola And More",blavity.com,2026-04-08,Entertainment,Monique Jones,https://blavity.com/mia-peacock-new-series-trailer
‘Queen & Slim’ Director Melina Matsoukas To Helm Octavia E. Butler’s ‘Parable Of The Sower’ Adaptation At Warner Bros.,"Melina Matsoukas’ next project is bringing Octavia E. Butler’s words to life. The Queen & Slim, Insecure and Beyoncé: Formation director will direct and produce Warner Bros. adaptation of Butler’s Parable of the Sower, Variety reports. The book is one of Butler’s most popular and enduring works because of its hauntingly accurate portrayal of the… Continue reading ‘Queen & Slim’ Director Melina Matsoukas To Helm Octavia E. Butler’s ‘Parable Of The Sower’ Adaptation At Warner Bros.",blavity.com,2026-04-08,Entertainment,Monique Jones,https://blavity.com/queen-slim-director-melina-matsoukas-to-direct-octavia-butler-parable-of-the-sower
How To Reduce Swollen Feet After Your Next Flight,Discover why air travel causes swollen feet and the best expert-backed ways to reduce inflammation and stay comfortable on your next trip.,blavity.com,2026-04-08,Conditions &Amp; Care,Dorian Smith-Garcia,https://blavity.com/swollen-feet-after-flying
"The ‘Summer House’ Scandal With Ciara Miller, West Wilson And Amanda Batula Shows Desirability Isn’t Allyship","The scandal involving 'Summer House' stars Ciara Miller, West Wilson and Amanda Batula reminds us how desirability isn't allyship.",blavity.com,2026-04-08,Opinion,Tayler Adigun,https://blavity.com/summer-house-scandal-ciara-miller-west-wilson-amanda-allyship-desirability
"Shawn Harris Lost His Bid For Marjorie Taylor Greene’s Seat, But His Performance Could Still Mean Trouble For MAGA","Even in defeat, Democrat Shawn Harris made waves in Georgia’s 14th Congressional District, signaling that Republicans may be losing ground.",blavity.com,2026-04-08,Politics,Maya Boddie,https://blavity.com/shawn-harris-performance-could-signal-trouble-for-maga
Black Church In Virginia Pays Off $1M Debt Of Public Housing Residents,"Alfred Street Baptist Church in Alexandria, Virginia pledged $1 million to provide financial relief for hundreds of low-income families.",blavity.com,2026-04-08,News,Kyra Alessandrini,https://blavity.com/virginia-church-pays-off-1m-debt-public-housing-residents
Gilgo Beach Serial Killer Confession: Rex Heuermann Admits In Deaths of 8 Women,"Rex Heuermann has confessed to killing eight women in the Gilgo Beach serial slayings, including Karen Vergata.",blavity.com,2026-04-08,News,Tomas Kassahun,https://blavity.com/rex-heuermann-confesses-gilgo-beach-killer
"Social Security Payments Up To $5,181 Sent Out This Week: What To Know","The Social Security Administration provides monthly payments to over 70 million Americans who rely on the program. Beneficiaries will receive varying amounts this week based on several factors. Social Security benefits can be the only source of income for retirees, disabled people, and those receiving survivors’ benefits from their deceased partners, Blavity reported. However, the… Continue reading Social Security Payments Up To $5,181 Sent Out This Week: What To Know",blavity.com,2026-04-08,News,Jahaura Michelle,https://blavity.com/social-security-payments-april-2026-update
"‘The Testaments’ Stars Chase Infiniti, Rowan Blanchard And More On Gilead’s New Generation: Dynamics ‘To The Extreme’",Hulu's 'The Testaments' explores returns to the dystopian world of Gilead with a younger generation ready to question the regime.,blavity.com,2026-04-08,Entertainment,Martie Bowser,https://blavity.com/the-testaments-stars-new-generation-chase-infiniti
"‘Bridgerton’ Season 5 Casts Tega Alexander, Jacqueline Boatswain And Gemma Knight Jones","Bridgerton is continuing to fill out its cast for Season 5 on Netflix, announcing Tega Alexander, Jacqueline Boatswain and Gemma Knight Jones for the new season. Alexander will play Christopher Anderson, described as a “Regency-era Casanova who could give the Bridgerton bachelors a run for their money. Yet behind his cheeky facade lies a current… Continue reading ‘Bridgerton’ Season 5 Casts Tega Alexander, Jacqueline Boatswain And Gemma Knight Jones",blavity.com,2026-04-08,Entertainment,Trey Mangum,https://blavity.com/bridgerton-season-5-casts-tega-alexander-jacqueline-boatswain-gemma-knight-jones
How Many Episodes Are There In ‘The Boys’ Season 5?,"The Prime Video series, 'The Boys,' returned for its fifth and final season with a two-episode release on Wednesday",blavity.com,2026-04-08,Entertainment,Shanique Yates,https://blavity.com/how-many-episodes-are-there-in-the-boys-season-5
"Marsai Martin, Courtney B. Vance, Mack Wilds, Rome Flynn Films And More Topline ABFF’s 30th Anniversary Lineup","The American Black Film Festival has announced its full film and series lineup for its 30th anniversary edition next month, and it is packed with star-studded entries. With the theme of “Homecoming,” the festival takes place from May 27 to 31 in Miami Beach, Florida. Joining the previously announced Opening Night film Strung, directed by… Continue reading Marsai Martin, Courtney B. Vance, Mack Wilds, Rome Flynn Films And More Topline ABFF’s 30th Anniversary Lineup",blavity.com,2026-04-08,Entertainment,Trey Mangum,https://blavity.com/abff-30-anniversary-films-lineup-marsai-martin-courtney-b-vance-mack-wilds
Is The Strait Of Hormuz Open? China And Russia Veto The UN Resolution,"As the ongoing war between the United States and Israel against Iran continues to create a regional security crisis in the Middle East, the economic impact of the war is being felt globally as oil supplies are disrupted in the region. Now, movement to reopen one of the world’s most important waterways may have stalled… Continue reading Is The Strait Of Hormuz Open? China And Russia Veto The UN Resolution",blavity.com,2026-04-08,Politics,Christopher Rhodes,https://blavity.com/is-the-strait-of-hormuz-open-china-and-russia-veto-the-un-resolution
Kehlani Sends Message To ICE Officers: ‘Delete All My Music’,"Kehlani went to social media to condemn ICE agents, telling them she doesn’t want them listening to her music.",blavity.com,2026-04-07,News,Kyra Alessandrini,https://blavity.com/kehlani-sends-message-to-ice-delete-all-my-music
"When Doctors Dismiss Black Women’s Pain, Some Seek Preventative MRIs","As Black women remain disproportionately disregarded in the medical field, here's how to take your power back.",blavity.com,2026-04-07,Mind &Amp; Body,Jazmin Kylene,https://blavity.com/black-women-preventative-mri
‘One Piece’ Season 3 Release Teased As It Gets Official Title: When Will It Premiere?,"Netflix is already prepared for Season 3 of its live-action hit, One Piece, just after Season 2 dropped. The streaming service announced that Season 3 has the official chapter title, One Piece: The Battle of Alabasta. One Piece anime fans know that the Alabasta arc is one of the most thrilling arcs of the series,… Continue reading ‘One Piece’ Season 3 Release Teased As It Gets Official Title: When Will It Premiere?",blavity.com,2026-04-07,Entertainment,Monique Jones,https://blavity.com/one-piece-season-3-release-teased-title-when-will-it-premiere
"The Real Story Behind Netflix’s ‘Untold: Chess Mates’: What Magnus Carlsen, Hans Niemann Reveal About Scandal",Netflix’s ‘Untold: Chess Mates’ revisits the controversy between Magnus Carlsen and Hans Niemann at the 2022 Sinquefield Cup.,blavity.com,2026-04-07,Entertainment,Kui Mwai,https://blavity.com/the-real-story-behind-netflix-untold-chess-mates-magnus-carlsen-hans-niemann
Trump Attacks Women Journalists On Fox News In Social Media Post,"President Donald Trump has developed a history of going after women journalists, often using personal attacks against women who ask him questions he doesn’t like or report on him in unflattering ways. This time, two Fox News hosts became targets for the president in a social media post. Trump attacks ‘Fox News Sunday’ host after… Continue reading Trump Attacks Women Journalists On Fox News In Social Media Post",blavity.com,2026-04-07,Politics,Christopher Rhodes,https://blavity.com/trump-attacks-women-journalists-on-fox-news-in-social-media-post
Who Is Elliot Cadeau? What To Know About Final Four’s Most Outstanding Player Who Led Michigan,"Michigan guard Elliot Cadeau led the No. 1-seeded Wolverines to their first NCAA championship in nearly four decades, defeating No. 2 UConn 69-63 inside the Lucas Oil Stadium in Indianapolis Monday night. How Elliot Cadeau carries the Michigan Wolverines to a national championship Cadeau stepped up in the tournament, but his performance Monday night was… Continue reading Who Is Elliot Cadeau? What To Know About Final Four’s Most Outstanding Player Who Led Michigan",blavity.com,2026-04-07,Blavity-U,Jahaura Michelle,https://blavity.com/who-is-elliot-cadeau
Who Shot Offset? Everything To Know About Shooting And Lil Tjay Reports,"Offset was shot Monday evening near a casino in Hollywood, Florida, his representative confirmed, adding that he was hospitalized and is now in stable condition. According to CNN, several people were detained in connection with the shooting, as videos from the scene quickly spread on social media. As speculation swirls around who was responsible, some… Continue reading Who Shot Offset? Everything To Know About Shooting And Lil Tjay Reports",blavity.com,2026-04-07,News,Kui Mwai,https://blavity.com/who-shot-offset-rumors-lil-tjay-clarified
What Does New Ransom Note Allege About Nancy Guthrie’s Disappearance? Here’s More On Claims,"A new ransom note has reportedly been sent to TMZ in connection to Nancy Guthrie's kidnapping, claiming she is dead.",blavity.com,2026-04-07,News,Kyra Alessandrini,https://blavity.com/new-ransom-note-nancy-guthrie-what-does-it-allege
Supreme Court Allows For Steve Bannon To Be Cleared After He Was Convicted For Defying Congress’ Subpoena,"Donald Trump's former ally, Steve Bannon, received a favorable ruling on Monday as he stood on trial for failing to testify about the infamous insurrection that took place on Jan. 6, 2021.",blavity.com,2026-04-07,Politics,Tomas Kassahun,https://blavity.com/supreme-court-steve-bannon-path-to-be-cleared
"How Tobi Egerongbe Went From Photography To Initially Hand-Making Each Item For His Brand, Mifland","Mifland founder Tobi Egberongbe built his brand from limited resources into a label known for handcrafted leather goods and more. Starting with less than $200 and a camera, he developed the brand through a hands-on approach that continues to shape how it operates today. “In the beginning, my resources looked very different… I had more… Continue reading How Tobi Egerongbe Went From Photography To Initially Hand-Making Each Item For His Brand, Mifland",blavity.com,2026-04-07,Black Owned Business,Trey Mangum,https://blavity.com/how-tobi-egerongbe-went-from-photography-to-mifland
What It Actually Feels Like When Fibroids Break Down,"From acute pain to low-grade fevers, here is how to tell if your fibroids are breaking down and when it’s time to see a doctor.",blavity.com,2026-04-07,Conditions &Amp; Care,"Dr. Diana Rangaves, PharmD",https://blavity.com/signs-of-fibroids-breaking-down
‘The Invite’ Trailer: A24’s Olivia Wilde Dinner Party Dramedy Co-Written By Rashida Jones,"Seth Rogen and Olivia Wilde are in for a wild dinner party with Penélope Cruz and Edward Norton in the official trailer for A24’s The Invite. Directed by Wilde from a screenplay by Will McCormack and Rashida Jones, The Invite follows a couple (Wilde, Rogen) whose marriage is currently in a downswing. But what they… Continue reading ‘The Invite’ Trailer: A24’s Olivia Wilde Dinner Party Dramedy Co-Written By Rashida Jones",blavity.com,2026-04-07,Entertainment,Monique Jones,https://blavity.com/the-invite-trailer-olivia-wilde-a24
Amazon’s New USPS Deal Will Cut Its Postal Deliveries By 20%: What To Know,"Amazon has reached a new deal with USPS, resulting in Amazon cutting its postal deliveries by 20% after over a year of negotiations.",blavity.com,2026-04-07,News,Kyra Alessandrini,https://blavity.com/amazon-usps-deal-deliveries-cut
Gabrielle Union Reveals Father’s Death After Long Battle With Dementia: ‘It’s Brutal’,"Gabrielle Union is raising awareness about dementia after revealing on social media that her father recently died from disease. What did Gabrielle Union say about her father’s death? On Saturday, the actor shared an emotional tribute on Instagram about her father, Sylvester “Cully” Union Jr., who had a yearslong battle with dementia before his death.… Continue reading Gabrielle Union Reveals Father’s Death After Long Battle With Dementia: ‘It’s Brutal’",blavity.com,2026-04-07,News,Jahaura Michelle,https://blavity.com/gabrielle-union-reveals-fathers-death-after-long-battle-with-dementia
"T.I.’s Son Domani Visits 50 Cent’s Mother’s Gravesite In Video, Escalating Feud","Domani Harris has escalated his feud with 50 Cent, releasing the visual to his diss track “Firebug.” On Monday, the 25-year-old rapper released a music video showing him placing flowers on the grave of 50 Cent’s mother, Sabrina Jackson. The video also shows a house caught on fire, which Domani referenced the way Sabrina tragically… Continue reading T.I.’s Son Domani Visits 50 Cent’s Mother’s Gravesite In Video, Escalating Feud",blavity.com,2026-04-07,News,Jahaura Michelle,https://blavity.com/50-cent-diss-in-ti-son-domani-firebug-video
"Trump Uses This Slur Against Biden, Insults US Allies During Iran War Press Conference",Donald Trump’s press conference comments on the Iran war didn’t offer a clear path forward as well as insulted American allies and Joe Biden.,blavity.com,2026-04-07,Politics,Christopher Rhodes,https://blavity.com/trump-uses-slur-against-biden-iran-war-press-conference
"‘Summer House’ Spinoff ‘In The City’ Reveals Premiere Date, Trailer And Full Cast","Amid the West Wilson and Amanda Batula scandal on Summer House, the first trailer, premiere date and full cast has been revealed for its upcoming spinoff series, In the City. Led by Batula alongside longtime Summer House stars, her separated-from-husband Kyle Cooke and Lindsay Hubbard, the series is set to premiere next month. The first… Continue reading ‘Summer House’ Spinoff ‘In The City’ Reveals Premiere Date, Trailer And Full Cast",blavity.com,2026-04-07,Entertainment,Trey Mangum,https://blavity.com/summer-house-spinoff-in-the-city-reveals-premiere-date-trailer-and-full-cast
What Is ‘The Drama’s Shocking Plot Twist And How Does The Zendaya Movie End?,"This article contains spoilers for the A24 film, The Drama. If you were online this Easter weekend, you might have seen folks reacting to the wild twist in Zendaya’s latest film, The Drama. We’ve got the details about the film and its shocking moments below. What’s the film about? The Drama stars Zendaya and Robert… Continue reading What Is ‘The Drama’s Shocking Plot Twist And How Does The Zendaya Movie End?",blavity.com,2026-04-06,Entertainment,Monique Jones,https://blavity.com/what-is-the-drama-movie-shocking-plot-twist-zendaya
Why Did Trump Say ‘Praise To Allah’ In Vulgar Easter Message Threatening Iran?,"President Donald Trump shocked observers across the political spectrum with an explicit and hateful Easter message aimed at Iran. The president’s vulgar and Islamophobic taunt to the country, after weeks of war, has raised objections, and Trump’s warnings to the country are being condemned as threats of potential war crimes. Trump condemned for insulting Islam… Continue reading Why Did Trump Say ‘Praise To Allah’ In Vulgar Easter Message Threatening Iran?",blavity.com,2026-04-06,Politics,Christopher Rhodes,https://blavity.com/trump-praise-to-allah-easter-message
"UCLA’s Kiki Rice And OKC Thunder’s Cason Wallace’s Power Couple Status, Explained",UCLA’s Kiki Rice and Cason Wallace of the Oklahoma City Thunder are dating each other after meeting a decade ago.,blavity.com,2026-04-06,Blavity-U,Kyra Alessandrini,https://blavity.com/kiki-rice-cason-wallace-power-couple
"What Is The 25th Amendment, And Why Are There Calls To Use It Against Trump After Easter Post",A disturbing Easter Day post from President Donald Trump is fueling calls for him to be removed from office via the 25th Amendment.,blavity.com,2026-04-06,Politics,Christopher Rhodes,https://blavity.com/what-is-the-25th-amendment-trump-easter-post
New Lady Gaga-Doechii Song ‘Runway’ Revealed In ‘The Devil Wears Prada 2’s Final Trailer,"The final trailer has debuted for The Devil Wears Prada 2, and it features a new song, “Runaway,” from Lady Gaga and Doechii. Along with the trailer drop with the new song, a limited-edition Runway magazine edition has also been unveiled and will be available in print beginning next Monday, with issues available in pop-up… Continue reading New Lady Gaga-Doechii Song ‘Runway’ Revealed In ‘The Devil Wears Prada 2’s Final Trailer",blavity.com,2026-04-06,Entertainment,Trey Mangum,https://blavity.com/lady-gaga-doechii-song-runway-revealed-in-the-devil-wears-prada-2-trailer
‘Maximum Pleasure Guaranteed’ Trailer Introduces Tatiana Maslany-Jake Johnson Apple TV Thriller Series,"Apple TV has released the first teaser trailer for Maximum Pleasure Guaranteed, the upcoming dark comedic thriller starring Tatiana Maslany and Jake Johnson. It is from creator and showrunner David J. Rosen. The half-hour series, which will have 10 episodes, will debut May 20 on Apple TV with two episodes, and it will have new… Continue reading ‘Maximum Pleasure Guaranteed’ Trailer Introduces Tatiana Maslany-Jake Johnson Apple TV Thriller Series",blavity.com,2026-04-06,Entertainment,Trey Mangum,https://blavity.com/maximum-pleasure-guaranteed-trailer-introduces-tatiana-maslany-jake-johnson
Storm Reid To Star With Kathryn Newton And Dove Cameron In ‘Hot Year’ Coming-Of-Age Revenge Thriller,"Storm Reid‘s next film project is the young adult thriller Hot Year. The film, written and directed by Roxy Sophie Sorkin in her feature film directorial debut, stars the former Euphoria star alongside Dove Cameron, Kathryn Newton, J. Smith Cameron and Owen Painter. Filming will begin in Oklahoma this May, per the Deadline report. What’s… Continue reading Storm Reid To Star With Kathryn Newton And Dove Cameron In ‘Hot Year’ Coming-Of-Age Revenge Thriller",blavity.com,2026-04-06,Entertainment,Monique Jones,https://blavity.com/storm-reid-to-star-in-hot-year-with-kathryn-newton-dove-cameron
Are Luke Cage And Iron Fist Going To Be In ‘Daredevil: Born Again?’ What We Know About Season 3,"Marvel’s The Defenders may be gearing up for a comeback. Just weeks after Season 2 of Daredevil: Born Again debuted on Disney+, newly surfaced set photos from the show’s third season, which is currently filming in New York City, hint that the superhero team could reunite in the near future. Here’s what to know about… Continue reading Are Luke Cage And Iron Fist Going To Be In ‘Daredevil: Born Again?’ What We Know About Season 3",blavity.com,2026-04-06,Entertainment,Kui Mwai,https://blavity.com/are-luke-cage-and-iron-fist-going-to-be-in-daredevil-born-again-season-3
Kanye West As Wireless Festival Headliner Draws Backlash And Major Sponsors Pull Out,"Wireless Festival, which is hosted annually in London, is receiving backlash over booking Kanye West as a headliner.",blavity.com,2026-04-06,News,Kyra Alessandrini,https://blavity.com/kanye-west-wireless-festival-headliner-backlash
Congressional Black Caucus Sued By Conservative Group That Claims Scholarship Discriminates Against Non-Black Students,A scholarship associated with the Congressional Black Caucus is being challenged in court for discriminating against non-Black students.,blavity.com,2026-04-06,Politics,Christopher Rhodes,https://blavity.com/congressional-black-caucus-sued-by-conservative-group-that-claims-scholarship-discriminates
How Tyra Banks Built A $90M Net Worth And Empire On Her Own Terms,We’re breaking down the numbers behind Tyra Banks’ massive fortune and the business moves keeping her wealthy in 2026.,blavity.com,2026-04-06,Entertainment,Sarah Rand,https://blavity.com/tyra-banks-net-worth
"James Baldwin Quotes On Love, Freedom, Justice And Equality","Explore the best James Baldwin quotes on love, freedom, justice and equality that highlight his influence on civil rights and literature.",blavity.com,2026-04-06,Books,Joel Randell,https://blavity.com/james-baldwin-quotes
Everything To Know About Angel Reese Being Traded To The Atlanta Dream In Blockbuster Deal,"Angel Reese was traded to the Atlanta Dream from the Chicago Sky on Monday in a blockbuster deal. The Sky traded Reese, 23, in exchange for the Dream’s two first-round picks in 2027 and 2028. The team will also swap second-round picks with Atlanta in 2028, according to a news release from the Dream. “I’m… Continue reading Everything To Know About Angel Reese Being Traded To The Atlanta Dream In Blockbuster Deal",blavity.com,2026-04-06,Sports,Jahaura Michelle,https://blavity.com/angel-reese-traded-atlanta-dream-everything-to-know
Social Security Issues Warning For Retirees About Scammers Stealing Personal Data,The Social Security Administration and its Office of the Inspector General warned retirees about scammers using online tactics to steal their personal information. What did the Social Security Administration OIG say in the warning? The federal agency stated in a notice that there has been a rise in government imposter scam emails that falsely claim… Continue reading Social Security Issues Warning For Retirees About Scammers Stealing Personal Data,blavity.com,2026-04-06,News,Jahaura Michelle,https://blavity.com/social-security-warning-retirees-about-scammers
Samsung Messages Will Be Discontinued: Here’s What Galaxy Users Can Do Now,"Samsung posted an “End of Agreement” notice on its website, announcing that its default Messages app will be replaced with Google Messages this summer. When is Samsung discontinuing its Messages app? Galaxy users will no longer be able to use the built-in feature in July, and the company urges them to act quickly to maintain… Continue reading Samsung Messages Will Be Discontinued: Here’s What Galaxy Users Can Do Now",blavity.com,2026-04-06,News,Jahaura Michelle,https://blavity.com/samsung-messages-discontinued-2026
Vivica A. Fox Gives Details On ‘Young And The Restless’ Return Storyline With Shemar Moore: ‘Surprise After Surprise’,"Vivica A. Fox is giving viewers an idea of what to expect from her return to The Young and the Restless on CBS, along with Shemar Moore. For a short-term stint, Fox will reprise her original role of Stephanie Simmons, a role she played about 30 years ago between 1994 and 1995. Fox said to… Continue reading Vivica A. Fox Gives Details On ‘Young And The Restless’ Return Storyline With Shemar Moore: ‘Surprise After Surprise’",blavity.com,2026-04-06,Entertainment,Monique Jones,https://blavity.com/vivica-a-fox-the-young-and-the-restless-return-storyline-shemar-moore
Why Folic Acid Is A Must-Have For Men’s Health,Folic acid plays a major role in male reproductive health. Learn how this B vitamin improves sperm quality and overall fertility.,blavity.com,2026-04-06,Health,"Dr. Diana Rangaves, PharmD",https://blavity.com/folic-acid-benefits-for-men
10 Debut Novels By Black Authors That Are Certified Page-Turners,"Blavity explores 10 debut novels by Black authors that are certified page-turners, guaranteed to keep you hooked.",blavity.com,2026-04-06,Books,Shanique Yates,https://blavity.com/black-authors-debuts-that-are-must-reads
Larenz Tate On Reuniting With Nia Long For New Netflix Rom-Com Inspired By Maxwell And Being Bevel’s New Face,"Larenz Tate has long been a staple on screen, with a career spanning decades and roles that continue to resonate across generations.",blavity.com,2026-04-05,Entertainment,Shanique Yates,https://blavity.com/larenz-tate-on-nia-long-reunion-and-bevels-face
The ‘RHOA’ Season 17 Premiere Proves Its In Its Resurrection Era: The Best Since Season 6?,"After what seemed like another lengthy production hiatus, The Real Housewives of Atlanta is back for its 17th season on Bravo. This time around, we’ve got some new blood mixed in with some OGs. Premiering Easter Sunday, the show is in its resurrection era after a few seasons of falling flat. The season has the… Continue reading The ‘RHOA’ Season 17 Premiere Proves Its In Its Resurrection Era: The Best Since Season 6?",blavity.com,2026-04-05,Entertainment,Brenda Alexander,https://blavity.com/rhoa-real-housewives-atlanta-season-17-premiere
"Olive Garden’s Sister Restaurant, Bahama Breeze, Closing All Of Its Locations This Weekend","Olive Garden's sister restaurant, Bahama Breeze, is closing down all of its locations.",blavity.com,2026-04-05,News,Tomas Kassahun,https://blavity.com/darden-restaurants-closing-bahama-breeze
Wale And EQT’s Henny Yegezu And Kazz Laidlaw On Pushing DMV Culture To The Forefront Of Hip-Hop,Wale and EQT's Henny Yegezu and Kazz Laidlaw are not only rooted in DMV culture but are on a mission to bring it to the forefront.,blavity.com,2026-04-05,Culture,Shanique Yates,https://blavity.com/wale-eqt-team-dmv-culture
Why ‘Tyler Perry’s Beauty In Black’ Star Taylor Polidore Williams Says Kimmie’s ‘Not Really A Peaceful Person’,"Some would argue that Kimmie hasn’t had a good day since she hit the television screen during the debut season’s first episode of Tyler Perry’s Beauty in Black on Netflix. While the second season seems to close with a win for Kimmie, actress Taylor Polidore Williams, who brought the character to life in the Netflix… Continue reading Why ‘Tyler Perry’s Beauty In Black’ Star Taylor Polidore Williams Says Kimmie’s ‘Not Really A Peaceful Person’",blavity.com,2026-04-05,Entertainment,Shanique Yates,https://blavity.com/why-tyler-perrys-beauty-in-black-star-taylor-polidore-williams-kimmie-peace
Miles Chamley-Watson Is Using His Platform To Shift How Athletes Think About Ownership,"As an Olympian and world champion fencer, Miles Chamley-Watson has never fit neatly into the boxes people created for him. Since his historic 2013 win as the first male U.S. fencer to capture the individual gold medal, Chamley-Watson has continued to disrupt expectations in a sport historically defined by exclusivity and a lack of diversity.… Continue reading Miles Chamley-Watson Is Using His Platform To Shift How Athletes Think About Ownership",blavity.com,2026-04-05,Sports,Martie Bowser,https://blavity.com/miles-chamley-watson-is-using-his-platform-to-shift-how-athletes-think-about-ownership
‘Tyler Perry’s Sistas’ Actress Dee Freeman Dies At 66,"Dee Freeman, the actress who rose to fame in the 1990s, has died at age 66.",blavity.com,2026-04-04,News,Tomas Kassahun,https://blavity.com/tyler-perrys-sistas-actress-dee-freeman-dies-at-66
"Trump Oddly Says Jasmine Crockett Is Davy Crockett’s Relative, Lawmaker Says President Is ‘Already Missing Me’","Yet again, President Trump has taken shots at Rep. Jasmine Crockett, a frequent target of his personal attacks. This time, Trump seems to be trolling the Texas Democrat using the memory of another famous Texan who shares her last name. In a social media post, Trump appears to sarcastically declare, “Davy Crockett, obviously a distant… Continue reading Trump Oddly Says Jasmine Crockett Is Davy Crockett’s Relative, Lawmaker Says President Is ‘Already Missing Me’",blavity.com,2026-04-04,Politics,Christopher Rhodes,https://blavity.com/trump-oddly-says-jasmine-crockett-is-davy-crocketts-relative
The Real Story Behind ‘The Truth And Tragedy Of Moriah Wilson’ On Netflix,"Moriah “Mo” Wilson was a 25-year-old accomplished gravel and mountain cyclist on her way to the top. She had won major races such as Big Sugar Gravel, the Sea Otter Classic and the Belgian Waffle Ride, competing at a high level and destined to be a star. Before her next competition, Wilson was shot and… Continue reading The Real Story Behind ‘The Truth And Tragedy Of Moriah Wilson’ On Netflix",blavity.com,2026-04-04,Entertainment,Jahaura Michelle,https://blavity.com/the-real-story-behind-the-truth-and-tragedy-of-moriah-wilson-on-netflix
What Did Geno Auriemma Say To Dawn Staley? What To Know About Words After South Carolina Beat UConn,A shocking scene unfolded at Phoenix Arena on Friday night as South Carolina's women's basketball team wrapped up a 62-48 victory against UCONN in the Final Four.,blavity.com,2026-04-04,Blavity-U,Tomas Kassahun,https://blavity.com/what-did-geno-auriemma-say-to-dawn-staley
Juicy Love Dion On RuPaul Cutting Her Right Before ‘Drag Race’ Finale: ‘Not Just Choosing What Happens In The Lip-Sync’,"Juicy Love Dion lasted a long time during RuPaul’s Drag Race Season 18 due to grit, determination and dancing skill. But still, she was sent home before the finals. Despite sounding discouraged, Dion told Blavity’s Shadow and Act that she has made peace with the elimination. “In this late in the game, they’re not just… Continue reading Juicy Love Dion On RuPaul Cutting Her Right Before ‘Drag Race’ Finale: ‘Not Just Choosing What Happens In The Lip-Sync’",blavity.com,2026-04-04,Entertainment,Monique Jones,https://blavity.com/juicy-love-dion-on-being-cut-right-before-drag-race-finale
"Pete Hegseth Fires Randy George, Who Clashed With Him Over Promoting Black And Women Officers","Defense Secretary Pete Hegseth fired the U.S. Army chief of staff, and military officials said clashes between them centered on Hegseth’s opposition to promoting Black and female officers.",blavity.com,2026-04-03,Politics,Christopher Rhodes,https://blavity.com/pete-hegseth-fires-randy-george-chief-of-staff
"Walmart Dinosaur Nuggets Linked To Potential Lead Exposure, Health Alert Issued","Dinosaur-shaped nuggets sold at Walmart may contain unsafe levels of lead, according to a public health alert issued on Tuesday by the U.S. Department of Agriculture’s Food Safety and Inspection Service. What did the health alert say about the Great Value dinosaur nuggets? The frozen, dinosaur-shaped, ready-to-eat nuggets were manufactured by Dorada Foods and sold… Continue reading Walmart Dinosaur Nuggets Linked To Potential Lead Exposure, Health Alert Issued",blavity.com,2026-04-03,News,Jahaura Michelle,https://blavity.com/walmart-dinosaur-nuggets-great-valuelipotential-lead-exposure
"Eye Drops Recall: More Than 3.1M Bottles Impacted Nationwide, Per FDA Announcement","More than 3.1 million bottles of eye drops sold at several major retailers are being recalled due to concerns about sterility, according to a notice from the Food and Drug Administration. Why were the eye drops recalled? K.C. Pharmaceuticals, Inc., based in Pomona, California, voluntarily recalled several eye drop products due to “lack of assurance… Continue reading Eye Drops Recall: More Than 3.1M Bottles Impacted Nationwide, Per FDA Announcement",blavity.com,2026-04-03,News,Jahaura Michelle,https://blavity.com/eye-drops-recall-2026-april
Jaafar Jackson And Juliano Valdi On Recreating Michael Jackson For The Big Screen,"Michael stars Jaafar Jackson and Juliano Valdi talk about working together to bring both halves of superstar Michael Jackson’s life to film. Jackson, who is Michael Jackson’s nephew, said that he and Valdi would be in opposite stages, either rehearsing or performing the different parts of Michael’s life. “The times I saw Juliano were really… Continue reading Jaafar Jackson And Juliano Valdi On Recreating Michael Jackson For The Big Screen",blavity.com,2026-04-03,Entertainment,Trey Mangum,https://blavity.com/jaafar-jackson-juliano-valdi-on-recreating-michael-jackson-for-the-big-screen
"Hulu Passes On Kim Kardashian And Kenya Barris-Produced La La Anthony Series; Kardashian, Anthony To EP Tracy Oliver Series At Streamer","Hulu has passed on one Kim Kardashian and La La Anthony series, but is in development on another. Group Chat, the Hulu pilot written by Kenya Barris and produced by Kardashian, based on Anthony’s book, The Love Playbook: Rules for Love, Sex, and Happiness, was not picked up by the Disney streamer. It had been… Continue reading Hulu Passes On Kim Kardashian And Kenya Barris-Produced La La Anthony Series; Kardashian, Anthony To EP Tracy Oliver Series At Streamer",blavity.com,2026-04-03,Entertainment,Trey Mangum,https://blavity.com/hulu-passes-on-hulu-group-chat-lala-anthony-kim-kardashian-tracy-oliver-series-in-works
"Black Influencer Calls Out White Influencer For Stealing Her Photo, Editing Her Face In",Beauty influencer Tatiana Elizabeth called out white influencer Lauren Blake Boultier for stealing her content.,blavity.com,2026-04-03,News,Kyra Alessandrini,https://blavity.com/black-influencer-calls-out-white-influencer-for-stealing-photo-editing-her-face
Republican In Florida Governor’s Race Tells Black Voter He ‘Should Be Lynched’ In Viral Exchange,"James Fishback, a Republican candidate running for governor of Florida, called for a Black man to be “lynched” in a tense exchange.",blavity.com,2026-04-03,Politics,Christopher Rhodes,https://blavity.com/republican-in-florida-governors-race-tells-black-voter-he-should-be-lynched
"Hospitals Serving Black Communities Face Growing Pressure As Lawmakers Consider How To Fund War, ICE","A major federal spending debate is underway in Congress, and hospitals serving Black communities face growing pressure.",blavity.com,2026-04-03,Politics,Maya Boddie,https://blavity.com/hospitals-serving-black-communities-face-growing-pressure
"After Doja Cat’s Revelation, Lipedema Awareness Rises But Diagnosis Gaps Remain","After Doja Cat revealed her lipedema diagnosis, awareness is rising. Here’s what Black women need to know about it.",blavity.com,2026-04-03,Mind &Amp; Body,Zayna Allen,https://blavity.com/doja-cat-lipedema-black-women
What Your Post-Meal Headache Is Trying To Tell You,"Don't let the ""itis"" turn into a migraine. Learn the most common triggers for headaches after eating and how to adjust your diet.",blavity.com,2026-04-03,Health,"Dr. Diana Rangaves, PharmD",https://blavity.com/headache-after-eating
Breaking Down Stefon Diggs’ $60M Net Worth And His Blueprint For Generational Wealth,"Discover Stefon Digg's net worth, his NFL salary, $500K bonus, romance with Cardi B, family life and investments in this in-depth breakdown.",blavity.com,2026-04-03,Culture,Joel Randell,https://blavity.com/stefon-diggs-net-worth
Is Charles Barkley Right About The Los Angeles Lakers?,"Charles Barkley has much disdain for the abundance of looks that the Lakers gets. But as they continue to win, has he been wrong about them?",blavity.com,2026-04-03,Sports,Kahlil Haywood,https://blavity.com/is-charles-barkley-right-about-los-angeles-lakers
"Halle Bailey And Regé-Jean Page On Throwing ‘Caution To The Wind’ In ‘You, Me & Tuscany’","Halle Bailey and Regé-Jean Page, stars of 'You, Me & Tuscany' talk romance, risk and finding love in unexpected places.",blavity.com,2026-04-03,Entertainment,Martie Bowser,https://blavity.com/halle-bailey-rege-jean-page-you-me-tuscany-caution-to-wind
Lashana Lynch To Star In ‘Peaky Blinders’ Sequel Series At Netflix,"Lashana Lynch has been cast in Netflix and the BBC’s upcoming sequel series to Peaky Blinders. The series follows the events of the recently released Netflix film, Peaky Blinders: The Immortal Man. It will take ten years after the events of that film. Original writer and creator Steven Knight is helming the two new seasons,… Continue reading Lashana Lynch To Star In ‘Peaky Blinders’ Sequel Series At Netflix",blavity.com,2026-04-03,Entertainment,Trey Mangum,https://blavity.com/lashana-lynch-to-star-in-peaky-blinders-sequel-series-at-netflix
"Meagan Good Says Skin Bleaching Backlash ‘Broke’ Her Heart, Clarifies Appearance Changes",Meagan Good is addressing skin bleaching rumors tied to a botched treatment and discussing how she refused to let the backlash define her.,blavity.com,2026-04-02,News,Jahaura Michelle,https://blavity.com/meagan-good-on-skin-bleaching-claims-backlash
"Can You Smoke THCA? Safety, Legality And Side Effects","Before you light up, get the facts. Blavity Health explores the safety profile of THCA flower and how it impacts your body and mind.",blavity.com,2026-04-02,Health,"Dr. Diana Rangaves, PharmD",https://blavity.com/is-thca-safe-to-smoke
Why Did Trump Fire Pam Bondi? Here’s What We Know,"President Donald Trump fired Pam Bondi as attorney general on Thursday, after several sources reported earlier this week that he would do so. What did Trump say about firing Pam Bondi? Bondi is being replaced on an interim basis with Deputy Attorney General Todd Blanche. Trump addressed the move on his Truth Social platform, praising… Continue reading Why Did Trump Fire Pam Bondi? Here’s What We Know",blavity.com,2026-04-02,Politics,Jahaura Michelle,https://blavity.com/why-did-trump-fire-pam-bondi
"Pooh Shiesty Kidnapped Gucci Mane And Robbed Him With Others, Federal Case Alleges","Rappers Pooh Shiesty and Big30 are among the nine people federally charged with kidnapping and armed robbery of three music professionals, including Atlanta rap artist Gucci Mane, at a Dallas recording studio, the Department of Justice said Thursday. Details on the business meeting-turned armed robbery Eight of the nine defendants were arrested on Wednesday in… Continue reading Pooh Shiesty Kidnapped Gucci Mane And Robbed Him With Others, Federal Case Alleges",blavity.com,2026-04-02,News,Jahaura Michelle,https://blavity.com/pooh-shiesty-kidnapped-gucci-mane-federal-case-alleges
"‘The Chi’ Adds 6 To Final Season’s Cast, Including Laila Odom And Anthony B. Jenkins","The Chi has added six new cast members to its recurring cast for the eighth and final season. Daryl Dunning II, Biko Eisen-Martin, Akilah A. Walker, Laila Odom, Liza Jessie Peterson and Anthony B. Jenkins have all been cast in the Paramount+ series. They join series stars Jacob Latimore, Birgundi Baker, Luke James, Shamon Brown… Continue reading ‘The Chi’ Adds 6 To Final Season’s Cast, Including Laila Odom And Anthony B. Jenkins",blavity.com,2026-04-02,Entertainment,Trey Mangum,https://blavity.com/the-chi-adds-6-to-final-seasons-cast-including-laila-odom-and-anthony-b-jenkins
‘The Real Housewives of Rhode Island’ Cast Guide: Can You Tell The Bravo Series’ Ladies Apart?,The Real Housewives of Rhode Island is the latest iteration of the popular Bravo television franchise. The newest group of women is sharing glimpses of their private lives and fun facts with viewers and soon-to-be fans. The show follows a close-knit group of eight women in the “Ocean State” as they navigate friendships and family… Continue reading ‘The Real Housewives of Rhode Island’ Cast Guide: Can You Tell The Bravo Series’ Ladies Apart?,blavity.com,2026-04-02,Entertainment,Jahaura Michelle,https://blavity.com/the-real-housewives-of-rhode-island-cast-guide-can-you-tell-them-apart
"‘The Pitt’ Cast Shake-Up: Supriya Ganesh To Exit Ahead Of Season 3, Ayesha Harris Promoted To Series Regular","The Pitt is about to undergo some cast changes. Supriya Ganesh, who plays Dr. Samira Mohan on the HBO Max series, will leave the medical drama as it heads into its third season. While the series will weather a departure, it will also welcome Ayesha Harris as a series regular. Harris, who plays Dr. Parker… Continue reading ‘The Pitt’ Cast Shake-Up: Supriya Ganesh To Exit Ahead Of Season 3, Ayesha Harris Promoted To Series Regular",blavity.com,2026-04-02,Entertainment,Monique Jones,https://blavity.com/the-pitt-cast-shake-up-ayesha-harris-promoted-supriya-ganesh-to-exit
Can Pilates Help Childbirth?,"When it comes to having a smooth labor and delivery, could prenatal pilates truly make a difference during childbirth?",blavity.com,2026-04-02,Motherhood,Jazmin Kylene,https://blavity.com/pilates-childbirth
Cori Bush’s 2026 Comeback Bid Signals A High-Stakes Return To Congress,Former U.S. Representative Cori Bush is vying to win back Missouri’s 1st congressional district in 2026.,blavity.com,2026-04-02,Politics,Maya Boddie,https://blavity.com/cori-bush-launches-comeback-bid-missouri
J. Cole Signs To Play With Nanjing Monkey Kings Of Chinese Basketball Association,"J. Cole recently signed a contract with the Chinese Basketball Association, where he will play for the Nanjing Monkey Kings.",blavity.com,2026-04-02,News,Kyra Alessandrini,https://blavity.com/j-cole-signs-to-play-chinese-leagues-nanjing-monkey-kings
Is Ella Langley MAGA? What We Know About ‘Choosin’ Texas’ Singer’s Political Beliefs,"Ella Langley’s “Choosin’ Texas” has dominated the Billboard Hot 100 for four consecutive weeks, catapulting the country singer into rising star status. The track, accompanied by a star-studded music video featuring actor Luke Grimes, Reese Witherspoon’s daughter, Ava Phillippe, singer-songwriter Kaitlin Butts, and country star Miranda Lambert, tells the story of a woman who unknowingly… Continue reading Is Ella Langley MAGA? What We Know About ‘Choosin’ Texas’ Singer’s Political Beliefs",blavity.com,2026-04-02,News,Kui Mwai,https://blavity.com/is-ella-langley-maga-political-beliefs-choosin-texas
Shawn Harris Has Less Than A Week To Knock On Doors In Marjorie Taylor Greene’s District — Some Republicans Are Listening,Democratic candidate Shawn Harris is running in a deep-red district long represented by Marjorie Taylor Greene. Some Republicans are listening.,blavity.com,2026-04-02,Politics,Maya Boddie,https://blavity.com/shawn-harris-democrat-hoping-to-take-marjorie-taylor-greene-district
The Women Who Changed the Game Across Generations,"These Black women athletes across hockey, ballet, and golf have shaped their sports across generations and continue to inspire the next wave.",blavity.com,2026-04-02,Career &Amp; Money,Arielle Poteau,https://blavity.com/black-women-sports-trailblazers
Is Janai Norman Leaving ‘Good Morning America’? Here’s What To Know,"ABC’s Good Morning America franchise is saying goodbye to one of its weekend anchors. According to TV Insider, the Status newsletter reported that Janai Norman’s contract with Good Morning America Weekend expired, and the network chose not to renew it. Norman became a GMA Weekend co-anchor in 2022, and it’s unclear whether she’ll move to… Continue reading Is Janai Norman Leaving ‘Good Morning America’? Here’s What To Know",blavity.com,2026-04-02,Entertainment,Kui Mwai,https://blavity.com/is-janai-norman-leaving-good-morning-america
"Nancy Metayer Bowen, Florida Vice Mayor And Rising Star In Politics, Found Dead After Apparent Domestic Violence Incident","Nancy Metayer Bowen, the vice mayor of Coral Springs, Florida, was found dead after police responded to an apparent domestic violence dispute.",blavity.com,2026-04-02,News,Christopher Rhodes,https://blavity.com/nancy-metayer-bowen-vice-mayor-remembered
Lamar Odom: The Untold Health Timeline – From His Overdose And Coma To Where He Is Now,Netflix's latest documentary 'Untold: The Death & Life of Lamar Odom' has shed new light on the NBA player's arduous health journey.,blavity.com,2026-04-02,Entertainment,TeeJay Small,https://blavity.com/lamar-odom-overdose-coma-health-timeline
‘American Fiction’s Cord Jefferson To Direct Meryl Streep In Netflix Series ‘The Corrections’,"Meryl Streep is heading to Netflix in a series adaptation of Jonathan Franzen’s The Corrections. The casting was announced on Thursday, with Netflix’s Tudum confirming that the series is directed by HBO’s Watchmen writer and American Fiction screenwriter/director Cord Jefferson. Franzen has written the script for The Corrections based on his own novel. What is… Continue reading ‘American Fiction’s Cord Jefferson To Direct Meryl Streep In Netflix Series ‘The Corrections’",blavity.com,2026-04-02,Entertainment,Monique Jones,https://blavity.com/american-fictions-cord-jefferson-to-direct-meryl-streep-in-netflix-the-corrections
How To Check For Heart Blockage Indicators At Home,We’re breaking down the subtle symptoms of heart blockage you can spot at home and how to advocate for your cardiovascular wellness today.,blavity.com,2026-04-01,Conditions &Amp; Care,"Dr. Diana Rangaves, PharmD",https://blavity.com/how-to-check-heart-blockage-at-home
‘Drag Race’ Season 18’s Final Four Reacts To Jane Don’t Elimination Shocker In Exclusive Preview,"In the Blavty’s Shadow and Act exclusive preview of this week’s episode of RuPaul’s Drag Race Season 18, our final four queens are left reeling from the shocking elimination of Jane Don’t. Nini Coco, who won the lip-sync against Jane Don’t, said, “There was no reality in which I didn’t see Jane making it all… Continue reading ‘Drag Race’ Season 18’s Final Four Reacts To Jane Don’t Elimination Shocker In Exclusive Preview",blavity.com,2026-04-01,Entertainment,Trey Mangum,https://blavity.com/drag-race-season-18-final-four-preview
Supreme Court Rules Against Colorado’s Ban On Conversation Therapy For LGBTQ Youth,"The Supreme Court ruled Tuesday against states’ efforts to ban so-called “conversion therapy” for LGBTQ+ minors. Two of the Court’s liberal justices sided with their conservative colleagues in striking the ban on freedom of speech grounds, granting a legal victory to Christian conservatives who favor these treatments. One liberal justice, Ketanji Brown Jackson, dissented, warning… Continue reading Supreme Court Rules Against Colorado’s Ban On Conversation Therapy For LGBTQ Youth",blavity.com,2026-04-01,Politics,Christopher Rhodes,https://blavity.com/supreme-court-rules-against-colorados-ban-on-conversation-therapy-for-lgbtq-youth
MLK’s Granddaughter Yolanda Renee King Attends Prom And Cotillion Ahead Of Spring Graduation,Martin Luther King Jr's granddaughter Yolanda Renee King attended prom and cotillion ahead of her spring graduation.,blavity.com,2026-04-01,Blavity-U,Kyra Alessandrini,https://blavity.com/mlk-granddaughter-yolanda-renee-king-attends-prom-cotillion
"The True Story Behind ‘Dear Killer Nannies’ On Hulu, Starring John Leguizamo",John Leguizamo stars in 'Dear Killer Nannies' as Pablo Escobar. Here’s what to know about the series and the real-life story behind it.,blavity.com,2026-04-01,Entertainment,Kui Mwai,https://blavity.com/the-true-story-behind-dear-killer-nannies-on-hulu-starring-john-leguizamo
Michaela Coel’s HBO/BBC Series ‘The Last Day On Earth’ Adds 21 To Cast Including Amaarae And Bukky Bakray,"The Michaela Coel HBO and BBC series, First Day on Earth, has added 21 additional cast members, including singer Amaarae and upcoming Children of Blood and Bone star Bukky Bakray. The series is created by Coel and previously announced stars, including Thandiwe Newton, Maxine Peake, Danny Sapani, and Ncuti Gatwa. New cast members announced for… Continue reading Michaela Coel’s HBO/BBC Series ‘The Last Day On Earth’ Adds 21 To Cast Including Amaarae And Bukky Bakray",blavity.com,2026-04-01,Entertainment,Trey Mangum,https://blavity.com/michaela-coel-hbo-bbc-the-last-day-on-earth-casts-amaarae-and-bukky-bakray
Trump Calls US Stupid After Hearing Oral Arguments On Birthright Citizenship,Donald Trump abruptly left the room after he went to the Supreme Court on Wednesday to hear oral arguments on birthright citizenship.,blavity.com,2026-04-01,Politics,Tomas Kassahun,https://blavity.com/trump-birthright-citizenship-calls-us-stupid-after-oral-arguments
‘Backrooms’ Trailer: A24 Turns Kane Parsons’ YouTube Series Into Chiwetel Ejiofor-Renate Reinsve Film,"A24 has dropped the first trailer for Backrooms, the upcoming film from Kane Parsons that stars Chiwetel Ejiofor and Renate Reinsve. It’s based on the viral, found-footage YouTube series from Parsons and written by Will Soodik. It is Parsons’ directorial debut. Per Variety, Parsons signed with A24 when he was just 19, becoming the youngest… Continue reading ‘Backrooms’ Trailer: A24 Turns Kane Parsons’ YouTube Series Into Chiwetel Ejiofor-Renate Reinsve Film",blavity.com,2026-04-01,Entertainment,Trey Mangum,https://blavity.com/backrooms-trailer-a24-kane-parsons-chiwetel-ejiofor-renate-reinsve
Why Was Pooh Shiesty’s Family Home Raided By FBI? Here’s What We Know,Rapper Pooh Shiesty's family home in Memphis was raided by the FBI. FBI agents walked out with several computer monitors and brown paper bags.,blavity.com,2026-04-01,News,Tomas Kassahun,https://blavity.com/pooh-shiesty-family-home-raided-by-fbi
"‘One Golden Summer’ Film On Historic Black Little League Team That Had Titled Stripped To Air On TNT, OWN","An all-Black Little League team made history in 2014. Their journey is the subject of the documentary, One Golden Summer. The film, acquired by TNT Sports in partnership with OWN, focuses on a team of boys from Chicago who become the first all-Black team to win the U.S. Little League Championship. But their title was… Continue reading ‘One Golden Summer’ Film On Historic Black Little League Team That Had Titled Stripped To Air On TNT, OWN",blavity.com,2026-04-01,Entertainment,Monique Jones,https://blavity.com/one-golden-summer-film-black-little-league-team-tnt-own
What Happens When Founder-Facing Content Backfires?,"On TikTok, transparency is like a fast pass to internet superstardom, especially when you're building a brand. But what happens when that dedication turns to resentment?",blavity.com,2026-04-01,Opinion,Tayler Adigun,https://blavity.com/what-happens-when-founder-facing-content-backfires
How Deep-Blue California Could End Up With 2 Republicans On Ballot For Governor In November,California Governor Election 2026: Voters could be left choosing between two Republican candidates. Here's how.,blavity.com,2026-04-01,Politics,Maya Boddie,https://blavity.com/how-california-could-have-two-republican-candidates-governor
"Brandy Alleges Wanyá Morris ‘Took Advantage’ Of Her Age, Started Dating Her At 16","Brandy revealed in her new memoir, Phases, that her first relationship was with Boyz II Men singer Wanya Morris when she was 16.",blavity.com,2026-04-01,News,Jahaura Michelle,https://blavity.com/brandy-wanya-morris-relationship-in-memoir
Black Republican Congressman Booed At Republican Convention In Michigan,"John James, a Black Republican who is running for governor of Michigan, was booed by members of his own party at a GOP event in the state.",blavity.com,2026-03-31,Politics,Christopher Rhodes,https://blavity.com/black-republican-congressman-booed-at-republican-convention-in-michigan
‘Masters Of The Universe’s New Trailer Sees Idris Elba Ally Himself With Nicholas Galitzine,"Nicholas Galitzine partners with Idris Elba in the new Masters of the Universe official trailer. Based on the popular 1980s cartoon and Hasbro toy franchise, Masters of the Universe stars Galitzine as Prince Adam, who was taken away from his fantastical world of Eternia as a child. As an adult, Prince Adam returns to take… Continue reading ‘Masters Of The Universe’s New Trailer Sees Idris Elba Ally Himself With Nicholas Galitzine",blavity.com,2026-03-31,Entertainment,Monique Jones,https://blavity.com/masters-of-the-universe-new-trailer-nicholas-galitzine-idris-elba
New ‘Supergirl’ Trailer: Jason Momoa Gets More Shine As We See The Most Lobo We’ve Seen Yet,"Fans get their closest look yet at Jason Momoa’s Lobo in the new Supergirl trailer. Milly Alcock stars as Supergirl aka Kara Zor-El, Superman’s cousin and one of the last survivors of Krypton. There isn’t much about the plot available, but from the trailer, we’re shown that Kara is on a mission to save Krypto,… Continue reading New ‘Supergirl’ Trailer: Jason Momoa Gets More Shine As We See The Most Lobo We’ve Seen Yet",blavity.com,2026-03-31,Entertainment,Monique Jones,https://blavity.com/new-supergirl-trailer-jason-momoa-gets-more-shine
Charlie Kirk Bullet Match Dispute Emerges As Tyler Robinson’s Lawyers Seek Delay,"The bullet that killed Charlie Kirk doesn't match Tyler Robinson's rifle, according to his defense lawyers.",blavity.com,2026-03-31,News,Kyra Alessandrini,https://blavity.com/charlie-kirk-bullet-not-match-defense-claims-tyler-robinson
"‘Euphoria’ New Season 3 Trailer: Rue’s Interrogated, Nate And Maddie Are Married And More","The new trailer for Season 3 of Euphoria is giving a few more details about the upcoming (and presumably final) season of the HBO series. As has been reported, the show has a time jump in the future to see the characters out of high school and in new phases of their lives, but it… Continue reading ‘Euphoria’ New Season 3 Trailer: Rue’s Interrogated, Nate And Maddie Are Married And More",blavity.com,2026-03-31,Entertainment,Trey Mangum,https://blavity.com/euphoria-new-season-3-trailer-rues-interrogated-nate-maddie-are-married
Kristi Noem’s Husband Bryon Subject Of Sensational Report About His Alleged Double Life,"Former Secretary of Homeland Security Kristi Noem has had her personal life scrutinized in recent months, with claims of Noem’s alleged affair with a subordinate contributing to her firing by President Trump. Now, Noem’s marriage is again the topic of salacious reports, this time after a bombshell report about her husband’s behavior. Kristi Noem’s husband… Continue reading Kristi Noem’s Husband Bryon Subject Of Sensational Report About His Alleged Double Life",blavity.com,2026-03-31,Politics,Christopher Rhodes,https://blavity.com/kristi-noem-husband-bryan-subject-of-sensational-report
"Inside Changing the Game, 21Ninety’s New Women’s Sports Series","Introducing 21Ninety’s new women’s sports series covering the the Black women athletes, fans, and leaders driving culture.",blavity.com,2026-03-31,Career &Amp; Money,Arielle Poteau,https://blavity.com/changing-the-game-explained
"‘Cape Fear’ Trailer Is The Unsettling First Footage Of Amy Adams, Javier Bardem Thriller","Apple TV has dropped the first teaser trailer for its upcoming Cape Fear series with Amy Adams and Javier Bardem, and Bardem seems to have a villainous turn that looks as unsettling as can be. The series is inspired by Martin Scorsese’s 1991 remake of the 1962 film. Both films are based on the novel,… Continue reading ‘Cape Fear’ Trailer Is The Unsettling First Footage Of Amy Adams, Javier Bardem Thriller",blavity.com,2026-03-31,Entertainment,Trey Mangum,https://blavity.com/cape-fear-trailer-amy-adams-javier-bardem-apple-tv
Is Rec Room Shutting Down? What To Know About 10th Anniversary News,"Popular virtual reality social platform and Roblox competitor, Rec Room, is shutting down on its 10th anniversary due to high costs and revenue issues, the company said. What to know about Rec Room shutting down Rec Room is a VR hub where gamers from across the world can play with one another or with their… Continue reading Is Rec Room Shutting Down? What To Know About 10th Anniversary News",blavity.com,2026-03-31,News,Jahaura Michelle,https://blavity.com/is-rec-room-shutting-down
Gizelle Bryant’s Daughter Adore Recreates Mother’s Viral Alpha Kappa Alpha Photo,Gizelle Bryant’s 19-year-old daughter Adore recreated one of her mother's college-era photos. Adore was inducted into AKA last week.,blavity.com,2026-03-31,Blavity-U,Kyra Alessandrini,https://blavity.com/gizelle-bryants-daughter-adore-recreates-mothers-aka-photo
"Breaking Down ‘Summer House’s Earth-Shattering Drama Between Ciara Miller, Amanda Batula And West Wilson","Summer House star Ciara Miller unfollowed costars West Wilson and Amanda Batula on Instagram shortly after the pair confirmed their romantic relationship. What did West Wilson and Amanda Batula say in their joint statement? Miller, 30, who previously dated Wilson, 31, and was best friends with Batula, 34, unfollowed them after the couple shared a… Continue reading Breaking Down ‘Summer House’s Earth-Shattering Drama Between Ciara Miller, Amanda Batula And West Wilson",blavity.com,2026-03-31,Entertainment,Jahaura Michelle,https://blavity.com/west-wilson-amanda-batula-summer-house-relationship-drama-ciara-miller
Did Lamar Odom Die? Fans Are Asking Due To Netflix’s ‘The Death & Life Of Lamar Odom’ Title,"Lamar Odom opens up about his lifelong struggle with addiction in 'Untold: The Death & Life of Lamar Odom,' which premiered on Netflix.",blavity.com,2026-03-31,Entertainment,Kui Mwai,https://blavity.com/did-lamar-odom-die-netflix-death-and-life-untold
False Ilhan Omar Somaliland Extradition Story Reported By Fox News And More Outlets After JD Vance Accusations,"A member of the Trump administration has once again attacked Rep. Ilhan Omar, D-Minn., based on ungrounded accusations. Several conservative news outlets reported that an autonomous Somalian region took these accusations seriously and called for Omar to be extradited. Now, it’s clear the comments weren’t coming from government officials in Somalia, demonstrating the level of… Continue reading False Ilhan Omar Somaliland Extradition Story Reported By Fox News And More Outlets After JD Vance Accus…",blavity.com,2026-03-31,Politics,Christopher Rhodes,https://blavity.com/ilhan-omar-somaliland-extradition-story-fake
What Is The Cicada COVID Variant BA.3.2? What You Need To Know,"As the highly mutated Cicada variant emerges in 25+ states, we break down the latest CDC data and what it means for health and wellness.",blavity.com,2026-03-31,Conditions &Amp; Care,"Dr. Diana Rangaves, PharmD",https://blavity.com/cicada-covid-variant-ba-3-2
"Keke Palmer, Demi Moore, Lakeith Stanfield And More Front New Trailer For Boots Riley’s ‘I Love Boosters’","The first trailer for Boots Riley’s I Love Boosters is a color explosion that sticks it to the man, or in this case, the woman. Keke Palmer, Naomi Ackie, Taylour Paige and Poppy Liu are a group of boosters who decide to put their stealing skills to use when Palmer’s character reveals a popular designer… Continue reading Keke Palmer, Demi Moore, Lakeith Stanfield And More Front New Trailer For Boots Riley’s ‘I Love Boosters’",blavity.com,2026-03-30,Entertainment,Monique Jones,https://blavity.com/keke-palmer-demi-moore-lakeith-stanfield-new-i-love-boosters-trailer
Olympian Caster Semenya Calls Out IOC Banning Trans Women Athletes: ‘If You Say The Science…The Science Is Clear’,Caster Semenya is calling out the International Olympic Committee over its decision to ban transfender athletes.,blavity.com,2026-03-30,Sports,Tomas Kassahun,https://blavity.com/caster-semenya-calls-out-ioc-decision-to-ban-trans-athletes
What To Expect When Visiting Urgent Care For A Yeast Infection,"Learn why urgent care is a fast, reliable option for yeast infection treatment and what to expect at your visit.",blavity.com,2026-03-30,Conditions &Amp; Care,"Dr. Diana Rangaves, PharmD",https://blavity.com/can-i-go-to-urgent-care-for-a-yeast-infection
Sophie Turner Injury Forces ‘Tomb Raider’ Series At Prime Video To Pause Production,"Sophie Turner sustained a “minor injury” while working on Amazon MGM Studios’ ‘Tomb Raider’ series, and production has been paused.",blavity.com,2026-03-30,Entertainment,Kui Mwai,https://blavity.com/sophie-turner-injury-tomb-raider-pauses-production
"‘The Jason Lee Show,’ Debuting In April, Will Lead The New BET Creator Studio","Jason Lee and BET are partnering to bring Lee’s brand of pop culture commentary to the network as a part of a new initiative from the Paramount Skydance brand. The Jason Lee Show, a new digital series, will premiere April 8 at 8:01 am ET as part of the BET Creator Studio, a “dedicated space… Continue reading ‘The Jason Lee Show,’ Debuting In April, Will Lead The New BET Creator Studio",blavity.com,2026-03-30,Entertainment,Monique Jones,https://blavity.com/the-jason-lee-show-debuting-in-april-will-lead-the-new-bet-creator-studio
‘Paradise’ Season 2’s Ending And Biggest Questions Explained: Is Sinatra Dead And Is Dylan Really Her Son?,"Paradise Season 2 has come to an end. In the Season 2 finale of the Hulu series, titled “Exodus,” we got many answers, but with shocking new revelations, there are still many questions that Season 3 will have to answer. Here’s everything we learned and what new questions we have after the finale. What is… Continue reading ‘Paradise’ Season 2’s Ending And Biggest Questions Explained: Is Sinatra Dead And Is Dylan Really Her Son?",blavity.com,2026-03-30,Entertainment,Sharronda Williams,https://blavity.com/paradise-season-2-ending-explained-questions-is-sinatra-dead-dylan-son
Jill Scott Celebrates HBCU Culture With Upcycled Look At HBCU Aware Fest,Jill Scott headlined the inaugural HBCU Aware Fest to raise money for student debt relief. Scott wore a custom piece celebrating HBCU culture.,blavity.com,2026-03-30,Blavity-U,Kyra Alessandrini,https://blavity.com/jill-scott-look-at-hbcu-aware-fest
What Did Jaden Ivey Say? Anti-Gay Remarks Result In Bulls Waiving Shooting Guard,"The Chicago Bulls waived shooting guard Jaden Ivey for “conduct detrimental to the team” on Monday after making anti-gay comments on social media. Details on why the Chicago Bulls waived Jaden Ivy, and what he said on Instagram The team made the decision after Ivey’s latest rant on Instagram. He was traded from the Detroit… Continue reading What Did Jaden Ivey Say? Anti-Gay Remarks Result In Bulls Waiving Shooting Guard",blavity.com,2026-03-30,News,Jahaura Michelle,https://blavity.com/what-did-jaden-ivey-say-anti-lgbtq-comments
TSA Employees Forced To Return Tyler Perry’s $1K Gift Cards,"TSA employees, who've been working for nearly two months without pay, are now being asked to return the gift cards Tyler Perry gave them.",blavity.com,2026-03-30,News,Tomas Kassahun,https://blavity.com/tsa-employees-forced-to-return-tyler-perrys-1k-gift-cards
"White House Launches ‘OnlyFarms’ Site, And People Have Questions","The Trump administration is attempting to tout its record with regard to agriculture, but has chosen a very unusual way to do so by launching a new website with a title mimicking one of the internet’s most popular locations for adult content, drawing criticism and mockery online. White House parodies OnlyFans for farm policy webpage… Continue reading White House Launches ‘OnlyFarms’ Site, And People Have Questions",blavity.com,2026-03-30,Politics,Christopher Rhodes,https://blavity.com/white-house-launches-onlyfarms-site-and-people-have-questions
A Tote Bag That Carries 100 Years Of Black History: Akio Evans Merges Art With Consciousness,"Baltimore native Akio Evans tells stories through fashion, canvas and film, while also teaching and working as a mentor in his native city, Baltimore, and beyond. His work has been seen worldwide, including his documentary film, Grace After Midnight Pain, the story of the life and times of The Wire actress Felicia ‘Snoop’ Pearson, which… Continue reading A Tote Bag That Carries 100 Years Of Black History: Akio Evans Merges Art With Consciousness",blavity.com,2026-03-29,Culture,Brenda Alexander,https://blavity.com/akio-evans-black-history-tote-bag
"Nick Cannon Supports Trump While Calling Democrats ‘Party of the KKK,’ Igniting Backlash","Nick Cannon has ignited a firestorm on social media after expressing his support of President Donald Trump and giving an ill-received take in comparing the Democratic Party to the Ku Klux Klan. Cannon shared his political opinions in a conversation with Amber Rose, who openly supports Trump, during an episode of his online talk show,… Continue reading Nick Cannon Supports Trump While Calling Democrats ‘Party of the KKK,’ Igniting Backlash",blavity.com,2026-03-29,Politics,Kyra Alessandrini,https://blavity.com/nick-cannon-supports-trump-while-calling-democrats-party-of-the-kkk-igniting-backlash
‘Southern Hospitality’s Lake Rucker Talks Where She Stands With Molly And Emmy Saying She Felt ‘Unsafe’ Around Brad,"For Lake Rucker, returning to Southern Hospitality for Season 4 on Bravo comes with a different level of comfort, and a deeper awareness of how much both she and the show have evolved since her freshman season. Between navigating shifting friendships, ongoing tensions within the group, and a growing spotlight around the cast, this season… Continue reading ‘Southern Hospitality’s Lake Rucker Talks Where She Stands With Molly And Emmy Saying She Felt ‘Unsafe’ Around Brad",blavity.com,2026-03-29,Entertainment,Trey Mangum,https://blavity.com/southern-hospitality-bravo-lake-rucker-on-molly-emmy-brad-situations
Sterling Hampton’s ‘Fenice’ Follows Sabrina Lassegue’s Journey From Survivor To Rape Kit Reform Advocate,"When writer, director, producer, model, actress, and philanthropist Sabrina Lassegue was 15 years old, she was sexually assaulted by three boys in her hometown of Bethesda, Maryland. She went to the hospital alone, afraid and in “excruciating pain,” and underwent a rape kit administered by a medical professional due to medical racism, “ridiculed” and “encouraged”… Continue reading Sterling Hampton’s ‘Fenice’ Follows Sabrina Lassegue’s Journey From Survivor To Rape Kit Reform Advocate",blavity.com,2026-03-29,Entertainment,Kui Mwai,https://blavity.com/sterling-hamptons-fenice-follows-sabrina-lassegues-journey
11 Memoirs Every Black Reader Should Have On Their Shelf,Blavity's Book Club lists 11 essential celebrity memoirs that every Black reader should have on their bookshelf.,blavity.com,2026-03-29,Books,Shanique Yates,https://blavity.com/celebrity-memoirs-every-black-reader-should-have
"TLC’s Chilli Donated To Trump Campaign But Denies She’s MAGA, Says Michelle Obama Conspiracy Repost Was Mistake","Rozonda “Chilli” Thomas of TLC said she doesn’t support President Donald Trump after records of her donating to his campaign surfaced online. She also shared a debunked conspiracy video about Michelle Obama, which she said she didn’t know was reposted on her account. TLC’s Chilli donated to the Trump campaign but insisted she isn’t MAGA… Continue reading TLC’s Chilli Donated To Trump Campaign But Denies She’s MAGA, Says Michelle Obama Conspiracy Repost Was Mistake",blavity.com,2026-03-29,Politics,Kyra Alessandrini,https://blavity.com/chilli-of-tlc-trump-donations-denies-being-maga
Brandi Milton On ‘Married To Medicine’s Dr. Heavenly Running For Office: ‘Difficult For Me’ To ‘Separate The Two’,"Brandi Milton joined as a new friend to the ladies of Married to Medicine in its 12th season on Bravo. The Greensboro, N.C., native is a nurse practitioner and most recently became board-certified as a psychiatric mental health nurse practitioner. For 15 years, she has practiced as a nurse practitioner across several specialties, gaining a… Continue reading Brandi Milton On ‘Married To Medicine’s Dr. Heavenly Running For Office: ‘Difficult For Me’ To ‘Separate The Two’",blavity.com,2026-03-29,Entertainment,Brenda Alexander,https://blavity.com/brandi-milton-married-to-medicine-dr-heavenly
"Donell Jones, Sunshine Anderson And More Talk The Legacy And Purpose That Comes WIth Their Music","Pastor Mike Jr., Donell Jones, and more chat with Blavity about the healing nature of music during the 2026 JITG Fest.",blavity.com,2026-03-28,News,Shanique Yates,https://blavity.com/donnell-jones-sunshine-anderson-king-george-legacy-purpose
The NASA Astronaut Evacuated From Space Due To Medical Emergency Says He Was Unable To Talk,"Mike Fincke, the NASA astronaut who recently experienced a medical scare in space, is now revealing some details about the terrifying situation he faced.",blavity.com,2026-03-28,News,Tomas Kassahun,https://blavity.com/nasa-astronauts-space-station-evacuation-walk
Tyler Perry Accuser Mario Rodriguez Jr. Details Reasons For Maintaining Close Ties After Alleged Abuse,"After filing a lawsuit against Tyler Perry, Mario Rodriguez Jr. took to social media to answer questions about why he maintained close ties.",blavity.com,2026-03-28,News,Jahaura Michelle,https://blavity.com/tyler-perry-accuser-mario-rodriguez-on-close-ties-alleged-abuse
"You Can Cancel Magic City Night, But Not Atlanta Culture","Magic City night may have been canceled, but the energy of Atlanta was still evident during the Monday, March 16, matchup against Orlando.",blavity.com,2026-03-28,Sports,Shanique Yates,https://blavity.com/magic-city-night-atlanta-hawks-culture
Jozzy Says She’s Making R&B ‘Expensive’ Again With ‘Soundtrack 2 Get Her Back’ Release,"Jozzy says she's on a mission to make R&B expensive again, and opens up about the personal inspiration for 'Soundtrack 2 Get Her Back.'",blavity.com,2026-03-28,News,Shanique Yates,https://blavity.com/jozzy-soundtrack-2-get-her-back-release
Jane Don’t On ‘Drag Race’ Elimination Shocker: ‘I Do Think Things Started To Be Graded On A Curve’,"Jane Don’t, the frontrunner of RuPaul’s Drag Race Season 18, was eliminated in a shocking twist to the season. The consummate performer met her match with the season’s latest improv challenge, based on viral “Karen” videos. The subject matter is what made Jane feel uninspired. “I mean truthfully, I didn’t like it,” she said in… Continue reading Jane Don’t On ‘Drag Race’ Elimination Shocker: ‘I Do Think Things Started To Be Graded On A Curve’",blavity.com,2026-03-28,Entertainment,Monique Jones,https://blavity.com/jane-dont-on-drag-race-elimination-shocker
‘Tyler Perry’s Beauty In Black’ Almost Killed Off Horace: Here’s Why It Didn’t Happen,"Horace was supposed to die at the end of Tyler Perry’s Beauty in Black‘s first season. During an interview with Shirley’s Temple host Shirley Ju, Ricco Ross explained the moment that the fate of his character switched for the better. “It was written that Horace was supposed to die at the end of the first… Continue reading ‘Tyler Perry’s Beauty In Black’ Almost Killed Off Horace: Here’s Why It Didn’t Happen",blavity.com,2026-03-28,Entertainment,Shanique Yates,https://blavity.com/tyler-perrys-beauty-in-black-almost-killed-off-horace
"Who Is Clavicular, What Is Looksmaxxing, And Why Was He Arrested?","Braden “Clavicular” Peters, a controversial social media content creator, influencer and someone tied to “looksmaxxing,” was arrested Thursday in Florida on battery charges. On Thursday, Peters, 20, was taken into custody by the Fort Lauderdale Police Department on a misdemeanor battery charge, and his bond was set at $1,000, according to jail records obtained by… Continue reading Who Is Clavicular, What Is Looksmaxxing, And Why Was He Arrested?",blavity.com,2026-03-27,News,Jahaura Michelle,https://blavity.com/why-was-clavicular-arrested
Mustard’s Collaboration For The ‘Sprite Sound’ Is Already Embedded In Hip-Hop’s DNA,"Mustard is adding another layer to his legacy — this time, not with a chart-topping track, but with a sound you might start hearing everywhere. The Grammy Award-winning producer is behind Sprite’s first-ever “Sprite Sound,” a new sonic identity tied to the brand’s latest global push into music and culture, according to a recent announcement.… Continue reading Mustard’s Collaboration For The ‘Sprite Sound’ Is Already Embedded In Hip-Hop’s DNA",blavity.com,2026-03-27,News,Trey Mangum,https://blavity.com/mustards-collaboration-sprite-hip-hop-dna
Iran Is Using AI In Information War Against Trump And U.S. With Lego-Inspired Videos And More,Iran is using AI-generated videos to spread information about the war with the U.S. and publicly criticize President Trump.,blavity.com,2026-03-27,News,Kyra Alessandrini,https://blavity.com/iran-lego-videos-trump-israel-information
How Many Episodes Are In ‘The Pitt’ Season 2?,"'The Pitt' Season 2 has left fans reeling — and with the finale looming, there’s likely more injuries, catastrophes and heartbreak to come.",blavity.com,2026-03-27,Entertainment,Kui Mwai,https://blavity.com/how-many-episodes-are-in-the-pitt-season-2
‘Stop! That! Train!’ Trailer: RuPaul’s President Gagwell And ‘Drag Race’ Icons Camp It Up In Action-Comedy,"The official teaser trailer for RuPaul’s Drag Race universe film Stop! That! Train! mixes the humor of Airplane! with the campiness of the best acting challenge the franchise has to offer. The Bleecker Street/World of Wonder film, the first for the franchise, stars Drag Race icons Jujubee and Ginger Minj as two train stewardesses who… Continue reading ‘Stop! That! Train!’ Trailer: RuPaul’s President Gagwell And ‘Drag Race’ Icons Camp It Up In Action-Comedy",blavity.com,2026-03-27,Entertainment,Monique Jones,https://blavity.com/stop-that-train-trailer-rupauls-president-gagwell-drag-race-icons
"Megan Thee Stallion On ‘Moulin Rouge!’ Broadway Debut, Teaming Up With Nickelback","Megan Thee Stallion is stepping into a new era, and it’s taking her from hip-hop stages to Broadway. The Houston rapper just made her debut in Moulin Rouge!, stepping into the role of Harold Zidler — a move that marks a shift from her onstage persona into full character work. Speaking to Blavity’s Shadow and… Continue reading Megan Thee Stallion On ‘Moulin Rouge!’ Broadway Debut, Teaming Up With Nickelback",blavity.com,2026-03-27,Entertainment,Trey Mangum,https://blavity.com/megan-thee-stallion-on-moulin-rouge-broadway-debut-and-nickelback-collab
Critical Steps To Take Immediately After A Mouse Bite,"From cleaning the wound to monitoring for a fever, here is the Blavity Health guide to handling a mouse bite and keeping your family safe.",blavity.com,2026-03-27,Conditions &Amp; Care,"Dr. Diana Rangaves, PharmD",https://blavity.com/mouse-bite
Trump’s Signature To Appear On US Currency; First Time A Sitting President Will Be On Money,"Trump’s signature will start appearing on U.S. currency, a move that raises concern that he is asserting king-like authority.",blavity.com,2026-03-27,Politics,Christopher Rhodes,https://blavity.com/trump-signature-on-money-currency
"‘Snowfall’ Spinoff Adds 9 To Cast Including Mykelti Williamson, Nicki Micheaux And Zaire Adams","The upcoming, untitled spinoff of Snowfall starring Isaiah John and Gail Bean has added nine actors in recurring roles, Blavity’s Shadow and Act can confirm. The nine actors include original Snowfall cast member Quincy Chad, who will reprise his role of Big Deon. The other eight are Mykelti Williamson, Nicki Micheaux, Brandon Mychal Smith, Isidora… Continue reading ‘Snowfall’ Spinoff Adds 9 To Cast Including Mykelti Williamson, Nicki Micheaux And Zaire Adams",blavity.com,2026-03-27,Entertainment,Trey Mangum,https://blavity.com/snowfall-spinoff-adds-9-to-cast
"‘Watson’ Starring Morris Chestunt Canceled At CBS After 2 Seasons, ‘DMV’ Also Axed","CBS has canceled the Morris Chestnut-led mystery drama series Watson after two seasons and the comedy series DMV after just one season. The news came down on Friday as the show firms up its 2026-27 schedule. Watson‘s season finale, which will now be its series finale, will air on May 3, while DMV‘s will be… Continue reading ‘Watson’ Starring Morris Chestunt Canceled At CBS After 2 Seasons, ‘DMV’ Also Axed",blavity.com,2026-03-27,Entertainment,Trey Mangum,https://blavity.com/watson-and-dmv-canceled-at-cbs
"Kash Patel’s Emails Hacked By Handela Hack Team, Personal Content Published",FBI director Kash Patel has been hacked.,blavity.com,2026-03-27,Politics,Tomas Kassahun,https://blavity.com/kash-patel-emails-hacked-by-handala-hack-team
Deal To End Partial Government Shutdown Falls Apart As House Republicans Reject Senate’s DHS Funding Compromise,A deal to end the weeks-long partial government shutdown appears to have fallen apart. Republicans in the House are rejecting a deal that would fund most of DHS but not ICE and Border Patrol. A counterproposal by the House GOP is unlikely to pass the Senate soon and may not be approved by senators at… Continue reading Deal To End Partial Government Shutdown Falls Apart As House Republicans Reject Senate’s DHS Funding Compromise,blavity.com,2026-03-27,Politics,Christopher Rhodes,https://blavity.com/deal-to-end-partial-government-shutdown-falls-apart-house-gop-rejects
Tiger Woods Arrested On Suspicion Of DUI After Crashing In Florida,Tiger Woods has been arrested on suspicion of DUI after crashing his Land Rover on Friday.,blavity.com,2026-03-27,News,Tomas Kassahun,https://blavity.com/tiger-woods-arrested-crash-dui-suspicion
Ted Cruz’s In A Tizzy Over Druski’s Skit Mocking Erika Kirk And Conservative White Women,"Sen. Ted Cruz, R-Texas, took to social media and slammed Druski’s latest skit mocking Erika Kirk and conservative white women. “Beneath contempt,” the conservative lawmaker said Thursday in a reshared post of the video on X, formerly known as Twitter. Details on Druski’s latest skit As Blavity previously reported, Druski, 31, dropped the video early… Continue reading Ted Cruz’s In A Tizzy Over Druski’s Skit Mocking Erika Kirk And Conservative White Women",blavity.com,2026-03-27,Politics,Jahaura Michelle,https://blavity.com/ted-cruz-reacts-druski-erika-kirk-skit-conservative-women
Morehouse College Honors 3 Openly Gay Black Bishops With MLK Chapel Portraits,"For the first time, Morehouse unveiled a portrait of the HBCU's openly gay bishop. Bishop O.C. Allen’s portrait was unveiled on March 19.",blavity.com,2026-03-27,Blavity-U,Kyra Alessandrini,https://blavity.com/morehouse-portrait-first-openly-black-gay-bishop
"UN Votes To Condemn Transatlantic Slave Trade; US, Israel And Argentina Vote Against","The UN voted to approve a resolution that labels the transatlantic slave trade the “gravest crime against humanity“; Argentina, Israel and the U.S. voted against the resolution.",blavity.com,2026-03-26,Politics,Christopher Rhodes,https://blavity.com/un-votes-to-condemn-transatlantic-slave-trade-us-israel-argentina-vote-against
Letitia James Targeted Again By Trump Admin As It Pushes For Investigation After Previous Charges Were Thrown Out,"The Trump administration continues to appear to use the power of the federal government and the criminal justice system to target President Donald Trump’s political and legal foes. After having failed to pursue a criminal housing fraud case against New York’s attorney general, the administration now seeks to revive charges against her in the form… Continue reading Letitia James Targeted Again By Trump Admin As It Pushes For Investigation After Previous Charges Were Thrown Out",blavity.com,2026-03-26,Politics,Christopher Rhodes,https://blavity.com/letitia-james-targeted-again-by-trump-admin-investigation-after-charges-thrown-out
Social Security Benefits Could Be Capped At $100K For Couples As Funds May Run Out: What To Know,"A new proposal would cap Social Security benefits for wealthy couples to reduce costs and prevent insolvency. The Social Security trust fund is projected to run short of funds in 2032. If that happens, recipients could see a 24-28% cut in benefits across the board, Fox Business and USA Today reported. With that in mind,… Continue reading Social Security Benefits Could Be Capped At $100K For Couples As Funds May Run Out: What To Know",blavity.com,2026-03-26,News,Jahaura Michelle,https://blavity.com/social-security-benefits-could-be-capped-at-100k-for-couples
Florida Threatens NFL Over Rule Requiring Black Candidates Be Interviewed For Coaching Jobs,"Florida is threatening to take legal action if the NFL does not suspend the Rooney Rule, which requires that Black coaching candidates be interviewed.",blavity.com,2026-03-26,Sports,Christopher Rhodes,https://blavity.com/florida-threatens-nfl-over-rule-requiring-black-candidates-be-interviewed-for-coaching
Xochitl Gomez And Aaron Dominguez Star In Trailer For Tubi Horror-Thriller ‘Hive’,"Doctor Strange in the Multiverse of Madness star Xochitl Gomez and Only Murders in the Building and The Inspection‘s Aaron Dominguez star in the trailer for their upcoming Tubi film, Hive. Felipe Vargas is the director of the project. Here’s the description: HIVE is horror-thriller about a strict, anxious teenager (Gomez) who loses the child she’s… Continue reading Xochitl Gomez And Aaron Dominguez Star In Trailer For Tubi Horror-Thriller ‘Hive’",blavity.com,2026-03-26,Entertainment,Trey Mangum,https://blavity.com/xochitl-gomez-and-aaron-dominguez-star-in-trailer-for-tubi-horror-thriller-hive
‘The End Of Oak Street’ Trailer: Ewan McGregor-Anne Hathaway Film Banks On ’80s Sci-Fi Nostalgia,"Ewan McGregor and Anne Hathaway star in the trailer for a new sci-fi adventure, The End of Oak Street. Directed by David Robert Mitchell and produced by J.J. Abrams, The End of Oak Street follows a family that is, thanks to a cosmic event, are somehow transported from their idyllic neighborhood to a dangerous world.… Continue reading ‘The End Of Oak Street’ Trailer: Ewan McGregor-Anne Hathaway Film Banks On ’80s Sci-Fi Nostalgia",blavity.com,2026-03-26,Entertainment,Monique Jones,https://blavity.com/the-end-of-oak-street-trailer-anne-hathaway-ewan-mcgregor
‘The Ms. Pat Show’ Renewed For Season 6 At Paramount+ As First BET Series To Get Greenlight Amid BET+ Folding,"The Ms. Pat Show, BET+’s critically-acclaimed comedy series, has been renewed for Season 6 at its new home, Paramount+. It’s the first BET-produced series to get a greenlight at Paramount+ since it was announced that Paramount Skydance would shutter BET+ and fold it into Paramount+, with all existing and upcoming BET series on BET+ being… Continue reading ‘The Ms. Pat Show’ Renewed For Season 6 At Paramount+ As First BET Series To Get Greenlight Amid BET+ Folding",blavity.com,2026-03-26,Entertainment,Trey Mangum,https://blavity.com/the-ms-pat-show-renewed-for-season-6-paramount-plus
Why Is TSA Not Getting Paid Right Now But ICE Is?,Trump sent ICE officers to selected airports in a controversial decision to help alleviate hours-long security lines and help TSA agents.,blavity.com,2026-03-26,Politics,Kyra Alessandrini,https://blavity.com/why-is-tsa-not-getting-paid-but-ice-is
Five Guys CEO Gave $1.5M Bonus To Employees After Botched BOGO Deal: ‘I Didn’t Want Anybody Shooting Me’,Five Guys CEO says he gave a $1.5 million in bonuses to employees after a botched BOGO deal because he 'didn't want anybody shooting' him.,blavity.com,2026-03-26,News,Princess Gabbara,https://blavity.com/five-guys-ceo-jerry-murrell-bonus-to-employees
"‘Something Very Bad Is Going To Happen’ Ending, Explained: What’s The Family Curse And Who Survives?","If the fear of marriage or wondering whether you’ve truly found your soulmate terrifies you, then Netflix’s series Something Very Bad Is Going to Happen will take that fear to another level. Created by Haley Z. Boston, the series centers on an engaged couple, Rachel (Camila Morrone) and Nicky (Adam DiMarco), who travel to Nicky’s… Continue reading ‘Something Very Bad Is Going To Happen’ Ending, Explained: What’s The Family Curse And Who Survives?",blavity.com,2026-03-26,Entertainment,Sharronda Williams,https://blavity.com/something-very-bad-is-going-to-happen-ending-explained-who-survives
"Druski’s Latest Skit Mocks Erika Kirk, Draws Attention To Makeup Work","Druski is shaking up sketch comedy with sharp satire of American subcultures. From lampooning rural white conservatives to highlighting Black pastors’ displays of wealth, the 31-year-old comedian spares no one. In his latest skit, he parodies Erika Kirk, the widow of late right-wing activist Charlie Kirk, and white conservative women. How did Druski imitate Erika… Continue reading Druski’s Latest Skit Mocks Erika Kirk, Draws Attention To Makeup Work",blavity.com,2026-03-26,News,Jahaura Michelle,https://blavity.com/druski-erika-kirk-skit
Congress Says It Wants To Make D.C. ‘Safe And Beautiful’ — But Safe For Who?,"Congress is preparing to vote on a bill that promises to make D.C. 'safe and beautiful,' but safe and beautiful for whom?",blavity.com,2026-03-26,Politics,Maya Boddie,https://blavity.com/congress-says-it-wants-to-make-dc-safe-and-beautiful-but-who
Which ‘Age Of Attraction’ Couples Are Still Together And Which Broke Up?,"Age of Attraction, Netflix’s latest reality dating show, unites singles from various age groups in their search for love. The inaugural season premiered on March 11 and is hosted by Nick and Natalie Viall, both 45 and 27, respectively — a married couple bringing their 18-year age-gap relationship and experience into the mix. While age… Continue reading Which ‘Age Of Attraction’ Couples Are Still Together And Which Broke Up?",blavity.com,2026-03-26,Entertainment,Jahaura Michelle,https://blavity.com/which-age-of-attraction-couples-are-still-together-and-which-broke-up
"Chloe Bailey-Led Malcolm D. Lee Film ‘Strung’ To Open ABFF; Lucien Laviscount, Lynn Whitfield And More Star","The 2026 edition of the American Black Film Festival has set Malcolm D. Lee’s Strung, starring Chloe Bailey, Lucien Laviscount, Lynn Whitfield, Anna Diop and Coco Jones, as the Opening Night premiere. This year’s ABFF, its landmark 30th year, will take place in Miami Beach from May 27 to 31. The upcoming Universal and Blumhouse… Continue reading Chloe Bailey-Led Malcolm D. Lee Film ‘Strung’ To Open ABFF; Lucien Laviscount, Lynn Whitfield And More Star",blavity.com,2026-03-26,Entertainment,Trey Mangum,https://blavity.com/chloe-bailey-malcom-d-lee-film-strung-to-premiere-abff
Ryan Coogler’s ‘The X Files’ Hulu Pilot Taps Himesh Patel To Star With Danielle Deadwyler,"Ryan Coogler’s Hulu pilot for a new The X-Files series has found its co-lead. Station Eleven star Himesh Patel, who will soon be seen in Christopher Nolan’s The Odyssey, has landed the co-lead and would star opposite the previously cast Danielle Deadwyler. It is a reunion for Patel and Deadwyler, who starred in HBO’s Station… Continue reading Ryan Coogler’s ‘The X Files’ Hulu Pilot Taps Himesh Patel To Star With Danielle Deadwyler",blavity.com,2026-03-26,Entertainment,Trey Mangum,https://blavity.com/himesh-patel-cast-ryan-coogler-x-files-pilot-hulu
Damson Idris To Star In Netflix Series Adaptation Of Political Thriller ‘The Lord’s Day’,"Damson Idris has booked his first project following the success of F1. The actor, who already has a huge next couple of years with the upcoming release of The Children of Blood and Bone, will lead Netflix’s upcoming political thriller, The Lord’s Day, which is an adaptation of the novel by House of Cards author… Continue reading Damson Idris To Star In Netflix Series Adaptation Of Political Thriller ‘The Lord’s Day’",blavity.com,2026-03-26,Entertainment,Trey Mangum,https://blavity.com/damson-idris-to-star-netflix-adaptation-of-political-thriller-the-lords-day
Can You Keep Using Glycolic Acid During Pregnancy?,"When you become pregnant, your body undergoes significant changes, and your skin is no exception. Thanks to a huge wave of new hormones, many women suddenly experience dark patches on their face (called melasma or the “mask of pregnancy”) or painful acne breakouts. To treat these problems, many people turn to their favorite skincare products,… Continue reading Can You Keep Using Glycolic Acid During Pregnancy?",blavity.com,2026-03-26,Conditions &Amp; Care,"Dr. Diana Rangaves, PharmD",https://blavity.com/is-glycolic-acid-safe-during-pregnancy
Will Maura Higgins Be The Next ‘Bachelorette’? Here’s What She Said,"Love Island and The Traitors star Maura Higgins is at the center of speculation amid reports she may lead a live season of The Bachelorette. Details on why this ‘The Bachelorette’ season was canceled, and Maura Higgins ’ response to the rumors The news comes after ABC canceled the latest season of the popular reality… Continue reading Will Maura Higgins Be The Next ‘Bachelorette’? Here’s What She Said",blavity.com,2026-03-26,Entertainment,Jahaura Michelle,https://blavity.com/will-maura-higgins-be-the-next-bachelorette
"‘Running Point’ Drops Season 2 Trailer, Octavia Spencer Set To Guest Star","Netflix has dropped the Season 2 trailer for Running Point, and has also revealed that several guest stars are set to appear, including Octavia Spencer. The series stars Kate Hudson, Drew Tarver, Brenda Song, Scott MacArthur, Fabrizio Guido, Chet Hanks, Toby Sandeman, Uche Agada and Justin Theroux, with recurring guest stars Ray Romano, Max Greenfield,… Continue reading ‘Running Point’ Drops Season 2 Trailer, Octavia Spencer Set To Guest Star",blavity.com,2026-03-26,Entertainment,Trey Mangum,https://blavity.com/running-point-drops-season-2-trailer-octavia-spencer-set-to-guest-star
Dems Flip Florida House Seat That Represents Trump’s Mar-a-Lago As Emily Gregory Wins Special Election,Democrat Emily Gregory is the winner in a special election in Palm Beach County; she will represent the district that includes Mar-a-Lago.,blavity.com,2026-03-25,Politics,Christopher Rhodes,https://blavity.com/emily-gregory-florida-special-election-win-mar-a-lago
Usher’s Diddy Comments Land Him In Hot Water With Fans: ‘This Is Out Of Touch’,Usher is facing backlash over after saying that he has nothing 'negative' to say about Sean 'Diddy' Combs.,blavity.com,2026-03-25,News,Jahaura Michelle,https://blavity.com/usher-diddy-interview-backlash
"Meta And YouTube Social Media Addiction Trial: Companies Found Negligent, Jury Rules In Favor Of 20-Year-Old Woman",A California jury has ruled in favor of a 20-year-old California woman who filed complaints against Meta and YouTube for negligence.,blavity.com,2026-03-25,News,Tomas Kassahun,https://blavity.com/meta-youtube-social-media-addiction-trial-found-negligent-jury
"‘Grey’s Anatomy’ Shocker: 2 Stars To Leave Show, Making Last Apperance In Season 22 Finale","Grey’s Anatomy fans are about to face a new shakeup among the cast. Multiple trade publications report that Kim Raver and Kevin McKidd will leave the popular ABC series after the season 22 finale, airing May 7. The two play Teddy (Raver) and Owen (McKidd), two Army vets who found love at the hospital and… Continue reading ‘Grey’s Anatomy’ Shocker: 2 Stars To Leave Show, Making Last Apperance In Season 22 Finale",blavity.com,2026-03-25,Entertainment,Monique Jones,https://blavity.com/greys-anatomy-shocker-two-stars-to-leave-season-22-finale-last-appearance
‘Forgotten Island’ Trailer: H.E.R. And Liza Soberano Are Friends In A Fantastical Story Rooted In Filipino World Culture,"Filipino culture is put on full display in the upcoming DreamWorks Animation film, Forgotten Island. Directed by Joel Crawford and Januel Mercado and produced by Mark Swift, all of whom worked on Puss in Boots: The Last Wish, Forgotten Island stars H.E.R. and Liza Soberano as high school grads and best friends who are on… Continue reading ‘Forgotten Island’ Trailer: H.E.R. And Liza Soberano Are Friends In A Fantastical Story Rooted In Filipino World Culture",blavity.com,2026-03-25,Entertainment,Monique Jones,https://blavity.com/forgotten-island-trailer-her-liza-soberano
Is Moneybagg Yo Really In His Bag? Here’s A Look At His Net Worth,"Moneybagg Yo isn't just topping charts; he's dominating the boardroom. Explore the ""Wockesha"" rapper’s diversified portfolio and net worth.",blavity.com,2026-03-25,Entertainment,Joel Randell,https://blavity.com/moneybagg-yo-net-worth
Everything You Need To Know Before Trying A Salt Water Flush,"Before you try a salt water flush, read our expert guide. Blavity Health explores the science behind the trend and whether it’s effective.",blavity.com,2026-03-25,Health,"Dr. Diana Rangaves, PharmD",https://blavity.com/salt-water-flush
"‘Harry Potter’ HBO Series Debuts Over 2 Minutes Of Footage, Reveals Season 1 Title And Premiere Date In Teaser Trailer","The HBO Harry Potter series has showcased over two minutes of footage, revealed its Season 1 title and also revealed an earlier-than-expected premiere date in its newly released teaser trailer. The first season of the show will be called Harry Potter and the Philosopher’s Stone. The footage showcases the titular character being bullied at school… Continue reading ‘Harry Potter’ HBO Series Debuts Over 2 Minutes Of Footage, Reveals Season 1 Title And Premiere Date In Teaser Trailer",blavity.com,2026-03-25,Entertainment,Trey Mangum,https://blavity.com/harry-potter-series-trailer-hbo-new-premiere-date-title-philosophers-stone
Why Brock Lesnar Vs. Oba Femi Is Significant For Both Stars,Oba Femi versus Brock Lesnar was made official during last week's Monday Night Raw. Why it's a marquee matchup for the new Nigerian great.,blavity.com,2026-03-25,Opinion,Kahlil Haywood,https://blavity.com/why-brock-lesnar-vs-oba-femi-is-significant
Did Rocky Carroll Leave ‘NCIS?’ What To Know About Director Leon Vance’s Future,"During the 500th episode of ‘NCIS,’ fans were stunned when Director Leon Vance (Rocky Carroll) was died in a shooting.",blavity.com,2026-03-25,Entertainment,Kui Mwai,https://blavity.com/did-rocky-carroll-leave-ncis-director-leon-vance-future
Stephen Colbert Set To Co-Write ‘The Lord Of The Rings: Shadow Of The Past’,"There’s another Lord of the Rings film headed to theaters. During a new video update on The Lord of the Rings: The Hunt for Gollum, Peter Jackson also brought on Stephen Colbert to announce yet another Lord of the Rings film coming soon. This film, which has the working title The Lord of the Rings:… Continue reading Stephen Colbert Set To Co-Write ‘The Lord Of The Rings: Shadow Of The Past’",blavity.com,2026-03-25,Entertainment,Monique Jones,https://blavity.com/stephen-colbert-lord-of-the-rings-movie-co-writer-announced
‘A Different World’ Netflix Series Sets Dawnn Lewis And Glynn Turman To Return; Tichina Arnold And 2 More Also Cast,"The A Different World sequel series at Netflix continues to firm up its cast, adding 2 OG cast members from the original series alongside three others. Dawnn Lewis, who played Jaleesa Vinson-Taylor in the original, as well as Glynn Turman, who played Col. Bradford Taylor, will reprise their roles. Newly announced cast members include Tichina… Continue reading ‘A Different World’ Netflix Series Sets Dawnn Lewis And Glynn Turman To Return; Tichina Arnold And 2 More Also Cast",blavity.com,2026-03-25,Entertainment,Trey Mangum,https://blavity.com/a-different-world-netflix-series-casts-dawnn-lewis-glynn-turman-tichina-arnold
Why Is OpenAI Shutting Down Sora?,"OpenAI announced that it's shutting down Sora, its video-making tool. The news comes months after announcing Sora 2. Here's why.",blavity.com,2026-03-25,News,Kyra Alessandrini,https://blavity.com/why-is-openai-shutting-down-sora
Did The Army Raise The Enlistment Age? What To Know About Policy And Marijuana Conviction Rule,"The U.S. Army has unveiled new policy changes, which include raising the enlistment age for those interested in joining. Details on the U.S. Army raising the enlistment age and marijuana rule On Friday, the Army announced in its revised Army Regulation 601-210 that the maximum enlistment age was increased from 35 to 42, effective April… Continue reading Did The Army Raise The Enlistment Age? What To Know About Policy And Marijuana Conviction Rule",blavity.com,2026-03-25,Politics,Jahaura Michelle,https://blavity.com/did-army-raise-enlistment-age
Meagan Good And Tank Cast In ‘Reasonable Doubt’ Season 4 As Series Regulars,"Meagan Good and Durell “Tank” Babbs have been added to the upcoming fourth season of Hulu’s Reasonable Doubt, Blavity’s Shadow and Act can confirm. The duo joins the four confirmed series regulars that will be back in Season 4, including series lead Emayatzy Corinealdi, as well as McKinley Freeman, Tim Jo and Angela Grovey. It was previously… Continue reading Meagan Good And Tank Cast In ‘Reasonable Doubt’ Season 4 As Series Regulars",blavity.com,2026-03-25,Entertainment,Trey Mangum,https://blavity.com/meagan-good-tank-cast-in-reasonable-doubt-season-4
‘Married To Medicine’ Newbie Angel Love Davis Says She’s A Better Fit For Bravo Show Than ‘Basketball Wives’,"Angel Love Davis enters Married to Medicine Season 12 as a new face to the franchise—but not to reality TV audiences. Viewers were first introduced to her on Basketball Wives LA, and now she’s stepping into a different space on Bravo, one that more closely aligns with her career and personal life. A registered nurse… Continue reading ‘Married To Medicine’ Newbie Angel Love Davis Says She’s A Better Fit For Bravo Show Than ‘Basketball Wives’",blavity.com,2026-03-25,Entertainment,Brenda Alexander,https://blavity.com/married-to-medicine-angel-love-davis-says-better-fit-than-basketball-wives
Trader Joe’s Recalls 9.8M Pounds Of Frozen Products Linked To Glass Contamination: Is Your Product Impacted?,"Trader Joe’s has issued a massive recall on nearly 10 million pounds of frozen food items because they could be contaminated with glass, according to the Food and Drug Administration. Why were the Trader Joe’s frozen items recalled? Ajinomoto Foods North America Inc. issued the recall in early March for more than 400,000 packages, or… Continue reading Trader Joe’s Recalls 9.8M Pounds Of Frozen Products Linked To Glass Contamination: Is Your Product Impacted?",blavity.com,2026-03-24,News,Jahaura Michelle,https://blavity.com/trader-joes-recall-frozen-products-march-2026
Aunjanue Ellis-Taylor To Star In CBS’s ‘Einstein’ With Matthew Gray Gubler And Melissa Fumero,"For the first time since Quantico, Aunjanue Ellis-Taylor is headed back to broadcast television in a series regular role. She’s joining the cast of CBS’s upcoming procedural, Einstein, alongside Matthew Gray Gubler and Melissa Fumero. Who will Aunjanue Ellis-Taylor play in ‘Einstein’? She’ll play Captain Frost, a “veteran police officer” who’s “logged ten thousand hours in… Continue reading Aunjanue Ellis-Taylor To Star In CBS’s ‘Einstein’ With Matthew Gray Gubler And Melissa Fumero",blavity.com,2026-03-24,Entertainment,Trey Mangum,https://blavity.com/aunjanue-ellis-taylor-to-star-in-cbs-einstein
How DJ Akademiks Made Millions In Net Worth Without Ever Scratching A Record,"DJ Akademiks is one of hip hop's most controversial figures, though his net worth proves that controversy pays quite well.",blavity.com,2026-03-24,Entertainment,TeeJay Small,https://blavity.com/dj-akademiks-net-worth
Understanding The Signs Of Bronze Diabetes,Explore treatment options for bronze diabetes and learn how to navigate your health journey with confidence and clarity.,blavity.com,2026-03-24,Conditions &Amp; Care,"Dr. Diana Rangaves, PharmD",https://blavity.com/bronze-diabetes
"‘Bridgerton’ Season 5 Couple Revealed: View Francesca And Michaela’s First Photos, Teaser","Now that Bridgerton Season 4 is in the rearview, the show has officially confirmed the couple that will be the lead for Season 5. Taking the lead in Season 5 of the Netflix juggernaut will be Hannah Dodd as Francesca Stirling and Masali Baduza as Michaela Stirling. Here’s the logline: The fifth season of Bridgerton spotlights introverted middle daughter… Continue reading ‘Bridgerton’ Season 5 Couple Revealed: View Francesca And Michaela’s First Photos, Teaser",blavity.com,2026-03-24,Entertainment,Trey Mangum,https://blavity.com/bridgerton-season-5-couple-revealed-francesca-michaela-photo-steaser
"Balance and Attention Span, Are They Connected?","Promising to improve concentration by engaging the brain’s attention, balance, and sensory systems, can balance boards fix your focus?",blavity.com,2026-03-24,Mind &Amp; Body,Jazmin Kylene,https://blavity.com/balance-board-focus
‘Daredevil: Born Again’ Season 2 Stars Charlie Cox And Vincent D’Onofrio Discuss Facing A Moral Reckoning,'Daredevil: Born Again' stars and creators discuss themes of morality and mirrored ideologies throughout the show's second season.,blavity.com,2026-03-24,Entertainment,Shanique Yates,https://blavity.com/daredevil-born-again-season-2-moral-reckoning
"Regina Hall Reflects On ‘One Battle After Another’s Oscars Haul, Teases ‘Scary Movie 6’ And Opens Up About Your Attention Please","Regina Hall chats with Blavity about her partnership with Novartis to promote yearly mammogram exams, reflects on Scary Movie 6, and 'OBAA.'",blavity.com,2026-03-24,Entertainment,Shanique Yates,https://blavity.com/regina-hall-teases-scary-movie-6-your-attention-please
‘The Rookie’s Alyssa Diaz And Mekia Cox On ABC Show’s TikTok Takeover: ‘We Have 3 Generations Watching’,"Stars of ABC's 'The Rooke', Alyssa Diaz and Mekia Cox discuss the series lasting appeal, their on-screen partnership and TikTok fandom.",blavity.com,2026-03-24,Entertainment,Martie Bowser,https://blavity.com/the-rookie-abc-alyssa-diaz-and-mekia-cox-on-abc-shows-tiktok-takeover
Underground Railroad Museum Sues Trump Administration For Discrimination Over Canceled Federal Grant,"The Underground Railroad Education Center in New York filed a lawsuit against the Trump administration, alleging that federal cuts based on anti-DEI orders are unconstitutional.",blavity.com,2026-03-24,Politics,Christopher Rhodes,https://blavity.com/underground-railroad-museum-sues-trump-administration-for-discrimination-over-canceled-federal-grant
This TSA Debacle Wasn’t A Mistake — It Was Planned,"As thousands of TSA workers go without pay amid a partial government shutdown, Democrats and labor advocates say none of it random.",blavity.com,2026-03-24,Opinion,Maya Boddie,https://blavity.com/tsa-debacle-government-shutdown-no-mistake
"‘Belle Collective: Birmingham’ Announces Cast To Join Stormi Steele, Drops First Trailer For Spinoff","Stormi Steele has traded in the drama of Love & Marriage: Huntsville and is now at the center of some new drama in the trailer for Belle Collective’s first spinoff, which is set in Birmingham, Alabama. The show premieres on OWN on April 10 at 9 p.m., immediately after the season finale of the mothership… Continue reading ‘Belle Collective: Birmingham’ Announces Cast To Join Stormi Steele, Drops First Trailer For Spinoff",blavity.com,2026-03-24,Entertainment,Brenda Alexander,https://blavity.com/belle-collective-birmingham-trailer-stormi-steele
"‘Criminal Minds: Evolution’ Renewed For Season 20; Kofi Siriboe, Cress Williams, And Yvette Nicole Brown Among Season 19 Guests","Criminal Minds: Evolution has been renewed for a landmark 20th season at Paramount+, and has announced guest stars who will be appearing in Season 19. The renewal comes ahead of its 19th season, which premieres on May 28. Season 20 will premiere in 2027. Season 19 stars Joe Mantegna, A.J. Cook, Kirsten Vangsness, Aisha Tyler,… Continue reading ‘Criminal Minds: Evolution’ Renewed For Season 20; Kofi Siriboe, Cress Williams, And Yvette Nicole Brown Among Season 19 Guests",blavity.com,2026-03-24,Entertainment,Trey Mangum,https://blavity.com/criminal-minds-evolution-renewed-for-season-20-sets-season-19-guest-stars
Moise Kouame Becomes Youngest Tennis Player To Win ATP Masters 1000 Match Since Rafael Nadal,"At 17 years old, French tennis player Moise Kouame is the youngest player to win an ATP Masters 1000 match since Rafael Nadal.",blavity.com,2026-03-24,Sports,Kyra Alessandrini,https://blavity.com/moise-kouame-youngest-masters-tennis-winner-since-rafael-nadal
"Who Is Tommie Lee, What’s Her Net Worth And What Is She Known For?","Though Tommie Lee joined Love & Hip Hop: Atlanta in its fifth season, the video vixen–turned–reality star quickly became one of the franchise’s most notorious cast members. From her on-again, off-again relationship with Scrapp DeLeon to her infamous feuds with longtime Love & Hip Hop personality Joseline Hernandez and Tierra Becca, the mother of DeLeon’s… Continue reading Who Is Tommie Lee, What’s Her Net Worth And What Is She Known For?",blavity.com,2026-03-24,Entertainment,Kui Mwai,https://blavity.com/who-is-tommie-lee-whats-her-net-worrth
"Everything Jay-Z Said In Rare Interview About Sexual Assault Lawsuit, NFL Influence, Kendrick-Drake Beef And More","In a GQ interview, Jay-Z discusses the NFL Super Bowl halftime show, the Kendrick Lamar-Drake rap feud, sexual assault allegations and more.",blavity.com,2026-03-24,News,Jahaura Michelle,https://blavity.com/jay-z-interview-lawsuit-nfl-kendrick-lamar-drake-more
‘Summer House’s Mia Calabrese On Show’s Viral Race Conversation And Thoughts About West And Ciara’s Dynamic,"Joining a show like Summer House at any point comes with its own challenges, but stepping in during its 10th season means entering a house where relationships, tensions and friendships have been building for years. Mia Calabrese enters the Bravo series with a unique connection as a close friend of Ciara Miller, giving her a… Continue reading ‘Summer House’s Mia Calabrese On Show’s Viral Race Conversation And Thoughts About West And Ciara’s Dynamic",blavity.com,2026-03-24,Entertainment,Trey Mangum,https://blavity.com/summer-house-mia-interview-race-conversation-west-ciara-dynamic
‘School Spirits’ Renewed For Season 4 At Paramount+,"School Spirits has been renewed for a fourth season at Paramount+. The news comes as the series, produced by Paramount Television Studios, ended its Season 3 run earlier this month on March 4. Led by Peyton List, who stars as Maddie Nears, the cast also includes Kristian Ventura as Simon Elroy, Spencer MacPherson as Xavier… Continue reading ‘School Spirits’ Renewed For Season 4 At Paramount+",blavity.com,2026-03-24,Entertainment,Trey Mangum,https://blavity.com/is-school-spirits-renewed-for-season-4-at-paramount
Fruit Love Island Series On TikTok Catches Attention Of Millions Of Viewers,The internet has become obsessed with an AI-generated Love Island series.,blavity.com,2026-03-23,News,Tomas Kassahun,https://blavity.com/fruit-love-island-series-tiktok
Bill Cosby To Pay $19.2 Million In Sexual Abuse Lawsuit Filed By Donna Motsinger,"Donna Motsinger, woman who filed a lawsuit against Bill Cosby for sexual abuse, has been awarded $19.2 million.",blavity.com,2026-03-23,News,Tomas Kassahun,https://blavity.com/bill-cosby-to-pay-millions-in-lawsuit-filed-donna-motsinger
Black Woman In Georgia Charged With Murder As Authorities Cite Abortion Law,"A 31-year-old U.S. Army veteran from Georgia has been charged with murder after allegedly taking pills to induce an abortion before delivering a premature baby girl who later died. Details on the charges against Alexia Moore and how she allegedly violated Georgia law Alexia Moore, of Kingsland, has been held at the Camden County Jail… Continue reading Black Woman In Georgia Charged With Murder As Authorities Cite Abortion Law",blavity.com,2026-03-23,News,Jahaura Michelle,https://blavity.com/black-woman-in-georgia-charged-as-authorities-cite-abortion-law
Heidi Klum And Seal’s Eldest Son Henry Samuel Towers Over Mom At ‘Project Hail Mary’ Premiere,"Henry Samuel, the eldest son of Heidi Klum, has clearly acquired his mother’s sense of style. Together, they turned heads at the Project Hail Mary red carpet event in New York City on March 18. Heidi Klum and her eldest son Henry Samuel stepped out in style at the premiere of ‘Project Hail Mary’ Samuel popped… Continue reading Heidi Klum And Seal’s Eldest Son Henry Samuel Towers Over Mom At ‘Project Hail Mary’ Premiere",blavity.com,2026-03-23,News,Kyra Alessandrini,https://blavity.com/heidi-klum-and-seals-son-henry-samuel-project-hail-may-premere
Trump Deploys ICE Agents At Airports To Conduct Security And Target Somalis,"Trump has sent ICE agents to perform airport security functions, and critics argue that it could lead to dangerous escalations at airports.",blavity.com,2026-03-23,Politics,Christopher Rhodes,https://blavity.com/ice-at-airports-trump-security-target-somalis
Will There Be A Second Season Of ‘Heated Rivalry’?,Ready for more Shane and Ilya? 'Heated Rivalry' season two is officially in the works. Here's everything fans need to know.,blavity.com,2026-03-23,Entertainment,Sarah Rand,https://blavity.com/will-there-be-a-heated-rivalry-season-2
Mahershala Ali Joins ‘Task’ Season 2 At HBO In Major Role Opposite Mark Ruffalo,"Season 2’s cast for HBO’s Task is starting to take shape, with Mahershala Ali being tapped for a major role opposite returning series lead Mark Ruffalo. Right now, Ruffalo is the only confirmed returning cast member after several deaths in Season 1. While Task was never confirmed to be a limited series, it got a… Continue reading Mahershala Ali Joins ‘Task’ Season 2 At HBO In Major Role Opposite Mark Ruffalo",blavity.com,2026-03-23,Entertainment,Trey Mangum,https://blavity.com/mahershala-ali-joins-task-season-2-in-major-role-opposite-mark-ruffalo
‘Wonder Man’ Renewed For Season 2 At Disney+,"The Marvel series Wonder Man is coming back to Disney+ for a second season. The news was announced on Monday, and this makes the show only the second MCU series to get a second season, following Loki and Daredevil. A WandaVision continuation series, VisionQuest, is also set at Disney+. Yahya Abdul Mateen II and Ben… Continue reading ‘Wonder Man’ Renewed For Season 2 At Disney+",blavity.com,2026-03-23,Entertainment,Trey Mangum,https://blavity.com/wonder-man-renewed-for-season-2-disney-plus
‘Star Trek: Starfleet Academy’ To End After Its Upcoming Season 2 At Paramount+,"Star Trek: Starfleet Academy, the franchise’s latest series, is coming to an end at Paramount+. According to Variety, the series, which quickly gained a fandom for its fresh take on the Star Trek universe by following new cadets in the eponymous academy, will end after Season 2. One silver lining is that Starfleet Academy was… Continue reading ‘Star Trek: Starfleet Academy’ To End After Its Upcoming Season 2 At Paramount+",blavity.com,2026-03-23,Entertainment,Monique Jones,https://blavity.com/star-trek-starfleet-academy-canceled-after-season-2
"‘Moana’ Live-Action Film’s New Trailer Sees Dwayne Johnson, Catherine Laga’aia Bring Characters To Life","Moana fans are getting a look at Dwayne Johnson reprising his role as demigod Maui in Disney’s live-action adaptation of its 2016 hit animated film. The trailer for the live-action Moana also reveals Catherine Laga’aia as Moana, the young chieftain’s daughter who searches the seas for a way to help her village survive Te Fiti.… Continue reading ‘Moana’ Live-Action Film’s New Trailer Sees Dwayne Johnson, Catherine Laga’aia Bring Characters To Life",blavity.com,2026-03-23,Entertainment,Monique Jones,https://blavity.com/moana-live-action-new-trailer-dwayne-johnson
"Gizelle Bryant’s Daughter Adore Is Now A Member Of Alpha Kappa Alpha, Joining Mother And Twin Sister In Org",Gizelle Bryant’s daughter Adore officially became a member of Alpha Kappa Alpha. She's studying at Hampton University,blavity.com,2026-03-23,Blavity-U,Kyra Alessandrini,https://blavity.com/gizelle-bryants-daughter-adore-joins-alpha-kappa-alpha
New ‘Harry Potter’ Star Paapa Essiedu Says He’s Received Death Threats After Snape Casting,"Paapa Essiedu, the new Harry Potter star who will play as Severus Snape in the upcoming adaptation of the series, is opening up about the death threats he has been facing after landing the role.",blavity.com,2026-03-23,Entertainment,Tomas Kassahun,https://blavity.com/harry-potter-new-star-paapa-essiedu-says-hes-received-threats-after-casting
"‘Yellowstone’s Beth And Rip Spinoff ‘Dutton Ranch’ Reveals, Trailer, Premiere Date And Iamges","The Yellowstone universe‘s long-awaited Beth and Rip spinoff, Dutton Ranch, has finally received its premiere date, trailer and first look images ahead of a spring premiere at Paramount+. Ed Harris and Annette Bening will also star in the series, which sees the Yellowstone duo move to Texas. The cast also includes Finn Little, Juan Pablo Raba,… Continue reading ‘Yellowstone’s Beth And Rip Spinoff ‘Dutton Ranch’ Reveals, Trailer, Premiere Date And Iamges",blavity.com,2026-03-23,Entertainment,Trey Mangum,https://blavity.com/dutton-ranch-premiere-date-trailer-yellowstone-beth-rip-spinoff
The Risks And Benefits Of MRI Contrast Dye,"From allergic reactions to kidney concerns, we explore the side effects of MRI contrast dye so you can make an informed decision.",blavity.com,2026-03-23,Conditions &Amp; Care,"Dr. Diana Rangaves, PharmD",https://blavity.com/can-i-refuse-contrast-dye-for-mri
Why The WNBA’s New Collective Bargaining Agreement Is Monumental,The 30th WNBA season will be going forward as planned thanks to a new collective bargaining agreement reached this week.,blavity.com,2026-03-23,Opinion,Kahlil Haywood,https://blavity.com/why-wnbas-new-collective-bargaining-agreement-is-monumental
Legal Scholar Says Black People ‘Will Lose’ On SCOTUS Voting Rights Decision: Here’s Why The Timing Matters,Elie Mystal is sounding the alarm ahead of a major Supreme Court decision that could reshape voting rights and potentially the 2026 midterm elections.,blavity.com,2026-03-23,Culture,Maya Boddie,https://blavity.com/legal-scholar-says-black-people-will-lose-on-scotus-voting-rights
Phoenix Officers Won’t Be Disciplined After Creating Fake Gang And Falsely Charging 18 Protestors,"The Phoenix Police Department said three officers violated department policy after they created a fake gang and falsely charged 18 protesters as gang members during an October 2020 demonstration, but those law enforcement officials will not be disciplined for their actions. Details on the review were released six years after the incident After a thorough… Continue reading Phoenix Officers Won’t Be Disciplined After Creating Fake Gang And Falsely Charging 18 Protestors",blavity.com,2026-03-23,News,Jahaura Michelle,https://blavity.com/phoenix-officers-wont-be-disciplined-after-creating-fake-gang
"Evan Ross On Being ‘The Masked Singer’s Stingray, Michael Jackson’s Influence And How Big Boi Joined ‘ATL’","Evan Ross chats with Blavity's S&A following his unmasking on 'The Masked Singer,' and shares an 'ATL' tidbit ahead of 20th anniversary.",blavity.com,2026-03-22,Entertainment,Shanique Yates,https://blavity.com/evan-ross-interview-about-masked-singer-and-atl-anniversary
Mýa Explains Tapping 21 Savage For Her ‘ASAP’ Remix And Their Rare Studio Session,Mýa chats with Blavity at the 2026 JITG Fest and shares details on a rare studio moment with 21 Savage.,blavity.com,2026-03-22,News,Shanique Yates,https://blavity.com/mya-on-rare-21-savage-studio-session
"The Iran War Disproportionately Impacts Black Americans, And Here’s How",Here's how the Iran War could disproportionately impact Black Americans as they try to distance themselves from Trump’s reckless moves.,blavity.com,2026-03-22,Politics,Maya Boddie,https://blavity.com/how-iran-war-disproportionately-impacts-black-americans
"Trump DOJ To Start Hiring Prosecutors Directly Out Of Law School, Changing Requirments Of Prior Work Experience",The Department of Justice is moving to change its requirements that federal prosecutors must have prior work experience before taking a position.,blavity.com,2026-03-22,Politics,Christopher Rhodes,https://blavity.com/trump-doj-to-start-hiring-prosecutors-directly-out-of-law-school
Study Says For-Profit Universities Disproportionately Target Black Students And Saddle Them With Debt,"A new report has confirmed and given context to the negative impacts that the tactics for-profit universities use can have on those who attend them and the disproportionate impact on Black students. These schools have contributed to the student debt problem many Black students face, and changes to affirmative action may leave them more vulnerable… Continue reading Study Says For-Profit Universities Disproportionately Target Black Students And Saddle Them With Debt",blavity.com,2026-03-22,Blavity-U,Christopher Rhodes,https://blavity.com/study-says-for-profit-universities-disproportionately-target-black-students-debt
"‘Tyler Perry’s Beauty In Black’ Star Xavier Smalls Apologizes To LGBTQ People After Viral, Controversial Remarks",Beauty in Black star Xavier Smalls has issued an apology to LGBT people after he faced wide backlash for an offensive comment he made on social media.,blavity.com,2026-03-22,News,Tomas Kassahun,https://blavity.com/tyler-perrys-beauty-in-black-xavier-mills-apologizes-lgbtq-people
Former Marvel Exec Victoria Alonso Reflects On Legacy And Talks New Memoir ‘Possibility Is Your Superpower’,"The former Marvel exec with Blavity's Shadow and Act about her new memoir and self-help novel, 'Possibility Is Your Superpower.'",blavity.com,2026-03-22,Entertainment,Shanique Yates,https://blavity.com/former-marvel-exec-victoria-alonso-reflect-on-legacy-and-talks-new-memoir
"JaNa Craig Talks New Reality Dating Parody Series, Teases Upcoming ‘Quiet’ Projects","JaNa Craig is letting fans see a different side of herself — one that goes beyond villa drama and into real-life priorities like financial stability. After appearing on Love Island USA Season 6 and Destination X, Craig is now fronting Credit One Bank’s new dating-inspired series, You’re the Credit One for Me, which blends romance… Continue reading JaNa Craig Talks New Reality Dating Parody Series, Teases Upcoming ‘Quiet’ Projects",blavity.com,2026-03-22,Entertainment,Trey Mangum,https://blavity.com/jana-craig-talks-new-reality-dating-parody-series-teases-upcoming-quiet-projects
Jalen Williams On Why Off-Court Sneakers Matter More Than Ever in Basketball Culture,"For NBA and WNBA players, what they wear off the court is becoming just as important as what they wear during games. From recovery to personal style, footwear now plays a bigger role in how athletes move through their day. For Oklahoma City Thunder guard Jalen Williams, that starts with getting out of game shoes… Continue reading Jalen Williams On Why Off-Court Sneakers Matter More Than Ever in Basketball Culture",blavity.com,2026-03-22,Culture,Trey Mangum,https://blavity.com/jalen-williams-on-why-off-court-sneakers-matter-basketball-culture
"Who Is Anthony Norman, ‘Jury Duty’ Season 2’s ‘Company Retreat’ Star?",Nashville native Anthony Norman is becoming a household name thanks to Season 2 of 'Jury Duty' on Prime Video.,blavity.com,2026-03-21,Entertainment,Tomas Kassahun,https://blavity.com/who-is-jury-duty-anthony-norman-season-2-company-retreat-star
Student Loans To Get Taken Over By Treasury From Education Department As Trump Dismantles The Latter,The Treasury Department is set to take over some federal student loan cases as the Trump administration dismantles the Education Department.,blavity.com,2026-03-21,Politics,Tomas Kassahun,https://blavity.com/treasury-take-over-federal-student-loans
"Trump’s Approval Rating May Surprise You As Far As Mississippi Support, Independent Voters’ Views On Iran",This week's Economist / YouGov Poll shows that Trump is losing support from Independents over the Iran War.,blavity.com,2026-03-21,Politics,Tomas Kassahun,https://blavity.com/trump-approval-rating-march-2026-mississippi-iran-independent
What Did Trump Say About Mueller In Shocking Truth Social Post Following His Death?,"Former FBI Director Robert Mueller, who led the agency during and after 9/11 and later served as special counsel investigating Trump’s ties to Russia, died Saturday at 81. News of Mueller’s death was celebrated by President Trump. Trump celebrates after Mueller family announces death MS Now first reported Mueller’s death Saturday, citing two sources. Mueller’s… Continue reading What Did Trump Say About Mueller In Shocking Truth Social Post Following His Death?",blavity.com,2026-03-21,Politics,Christopher Rhodes,https://blavity.com/what-did-trump-say-about-mueller-truth-social
Discord Addams Rips Law Roach For ‘Drag Race’ Critiques: ‘Just Chasing That Clout’,"Discord Addams is, to put it mildly, not a fan of Law Roach. The celebrity stylist and RuPaul’s Drag Race rotating judge gave Addams and her partner Colton harsh critiques during the Season 18 makeover challenge, saying their punk and preppy teen looks were ugly and that he hated them as much as he hates… Continue reading Discord Addams Rips Law Roach For ‘Drag Race’ Critiques: ‘Just Chasing That Clout’",blavity.com,2026-03-21,Entertainment,Monique Jones,https://blavity.com/drag-race-makeover-challenge-law-roach-ripped-by-discord-addams
Are Justin Bieber And Usher Feuding? Everything To Know About Fight Rumors,Tempers flared at Beyoncé's Oscars after-party when Justin Bieber clashed with Usher.,blavity.com,2026-03-21,News,Tomas Kassahun,https://blavity.com/usher-justin-bieber-fight-report-claims
What’s Different About Jade Cargill’s Road To Wrestlemania 42?,Jade Cargill is set face Rhea Ripley at Wrestlemania 42 in April. But her road to the show looks much different this year. Here's why.,blavity.com,2026-03-21,Culture,Kahlil Haywood,https://blavity.com/jade-cargills-road-wrestlemania-42
Sunny Hostin’s Son Gabriel Joins Kappa Alpha Psi Fraternity,"The View co-host Sunny Hostin proudly shared on social media that her son, Gabriel, has joined Kappa Alpha Psi Fraternity, Inc. What did Sunny Hostin say about her son joining the Divine Nine? On Thursday, Hostin posted a photo of Gabriel, 23, alongside two other new members of the Divine Nine fraternity. “Kappa Alpha Psi… Continue reading Sunny Hostin’s Son Gabriel Joins Kappa Alpha Psi Fraternity",blavity.com,2026-03-20,Blavity-U,Jahaura Michelle,https://blavity.com/sunny-hostin-sons-gabriel-joins-kappa-alpha-psi-fraternity
‘Tyler Perry’s Beauty In Black’ Star Xavier Smalls Hit With Backlash After Calling LGBTQ People An ‘Abomination’,"In a resurfaced video, 'Beauty In Black' actor Xavier Smalls calls the LGBTQ+ community an 'abomination' that 'God doesn't tolerate'",blavity.com,2026-03-20,News,Princess Gabbara,https://blavity.com/xavier-smalls-tyler-perrys-beauty-in-black-backlash-lgbtq-comments
"‘The Price Is Right’ Racism, Sexism Discussed By Claudia Jordan And Kathleen Bradley On E!’s ‘Dirty Rotten Scandals’","E!’s new docuseries, Dirty Rotten Scandals, takes a deeper look at iconic unscripted American TV shows such as The Dr. Phil Show, America’s Next Top Model and The Price Is Right. In the two episodes for Dirty Rotten Scandals: The Price Is Right, former Barker’s Beauties, Holly Hallstrom, Kathleen Bradley, and Claudia Jordan, break their… Continue reading ‘The Price Is Right’ Racism, Sexism Discussed By Claudia Jordan And Kathleen Bradley On E!’s ‘Dirty Rotten Scandals’",blavity.com,2026-03-20,Entertainment,Brenda Alexander,https://blavity.com/the-price-is-right-claudia-jordan-kathleen-bradley-dirty-rotten-scandals
Is It Possible To Be Born With An STD?,"Explore how an STD is transmitted during pregnancy and birth, and why early testing is the best way to ensure your child’s health.",blavity.com,2026-03-20,Conditions &Amp; Care,"Dr. Diana Rangaves, PharmD",https://blavity.com/could-you-be-born-with-an-std
Plane Jane On That ‘Knife In The Heart’ Betrayal On ‘House Of Villains’ And If Kandy Muse Influenced Her Game,"RuPaul’s Drag Race icon Plane Jane’s time on House of Villains Season 3 came to an end after landing on the hit list and facing elimination alongside Tiffany “New York” Pollard. Looking back on her run, she spoke about Kandy Muse’s advice, the alliances she wishes she handled differently and why she believes her elimination… Continue reading Plane Jane On That ‘Knife In The Heart’ Betrayal On ‘House Of Villains’ And If Kandy Muse Influenced Her Game",blavity.com,2026-03-20,Entertainment,Trey Mangum,https://blavity.com/plane-jane-on-kandy-muse-house-of-villains-tiffany-new-york-pollard
After the Oscars Win These Women Cinematographers Deserve Your Attention,"After Autumn Durald Arkapaw’s historic Oscars win, discover the Black women cinematographers shaping film and TV today.",blavity.com,2026-03-20,Career &Amp; Money,Arielle Poteau,https://blavity.com/women-cinematographers
Gawdland On Being RuPaul’s ‘Labubu’ And Inspiring Queens From Non-English ‘Drag Race’ Franchise,"After taking the crown on RuPaul’s Drag Race UK vs. the World Season 3 , Gawdland didn’t just make history — she fulfilled something she says she’s been manifesting for years. The Drag Race Thailand Season 3 star became the first international queen to win a UK Vs. the World season (and only the second… Continue reading Gawdland On Being RuPaul’s ‘Labubu’ And Inspiring Queens From Non-English ‘Drag Race’ Franchise",blavity.com,2026-03-20,Entertainment,Trey Mangum,https://blavity.com/gawdland-on-being-rupauls-labubu-and-drag-race-uk-vs-world-win
‘Nelly And Ashanti: We Belong Together’ Gets Season 2 Renewal At Peacock,"Peacock has renewed its unscripted series, Nelly and Ashanti: We Belong Together, for a second season. The first season of the show premiered last summer. Production on the new season will begin next month, and it will premiere later this year. Per the official description, Nelly and Ashanti: We Belong Together “follows the iconic celebrity couple as… Continue reading ‘Nelly And Ashanti: We Belong Together’ Gets Season 2 Renewal At Peacock",blavity.com,2026-03-20,Entertainment,Trey Mangum,https://blavity.com/nelly-and-ashanti-we-belong-together-gets-season-2-renewal-at-peacock
Ulta Sued After Allegedly Telling Black Customers It Doesn’t Do Their ‘Kind Of Hair’ At Upper East Side Location,"One of Ulta's NYC locations is being sued after allegedly refusing service to Black customers, saying they don’t do their 'kind of hair.'",blavity.com,2026-03-20,News,Kyra Alessandrini,https://blavity.com/ulta-store-sued-after-allegedly-refusing-black-customers
"BTS Referenced Little-Known History Of Koreans At Howard University In New Video, And People Have Differing Opinions On It","BTS teased their upcoming album with an animated video showcasing Howard University's campus, and social media users have mixed reactions.",blavity.com,2026-03-20,Blavity-U,Jahaura Michelle,https://blavity.com/bts-arriang-howard-university-seven-koreans
Kamala Harris Ambushed Online By Nicki Minaj’s Barbz After Former VP Chides Rapper For Promoting Disinformation,"Kamala Harris is receiving flak from Nicki Minaj's ""Barbz"" after chiding the rapper for promoting alternative facts.",blavity.com,2026-03-20,Politics,Christopher Rhodes,https://blavity.com/kamala-harris-ambushed-by-nicki-minaj-barbz
Is Tyler Perry Dating Marlo Hampton And What’s That Photo Circulating Online?,Are Tyler Perry and 'Real Housewives of Atlanta' star Marlo Hampton dating each other? Here's what we know about the photo of them kissing.,blavity.com,2026-03-20,News,Princess Gabbara,https://blavity.com/is-tyler-perry-dating-marlo-hampton
Paramount/MTV Alum Jay Permenter Launches JDMA; Symone And Marko Monroe Among Clients,"Jay Permenter, a former Paramount and MTV Entertainment Communications publicist who helped launch some of Paramount’s biggest titles over the past several years, has launched his next chapter. Permenter has announced his JDMA, described as an “independent creative strategy and communications group partnering with brands, talent, creators, athletes, and platforms across entertainment, fashion, lifestyle, sports,… Continue reading Paramount/MTV Alum Jay Permenter Launches JDMA; Symone And Marko M…",blavity.com,2026-03-20,Entertainment,Trey Mangum,https://blavity.com/paramount-mtv-alum-jay-permenter-jdma-symone-marko-monroe
Judge Mathis Fulfilled His Motown Dreams As ‘The Masked Singer’s 14 Karat Carrot,"Judge Mathis opens up about his experience on ‘The Masked Singer,’ joking that he's finally fulfilled his Motown dreams.",blavity.com,2026-03-20,Entertainment,Shanique Yates,https://blavity.com/judge-mathis-the-masked-singer-14-karat-carrot
Did Afroman Wins His Court Case? More On The Lawsuit Against Police Over ‘Lemon Pound Cake’ And More,"Afroman has won a defamation lawsuit over using images of Ohio deputies raiding his home in viral music videos, including 'Lemon Pound Cake.'",blavity.com,2026-03-19,News,Tomas Kassahun,https://blavity.com/did-afroman-win-his-court-case-lemon-pound-cake
Is ‘The Bachelorette’ Canceled Amid Taylor Frankie Paul’s Domestic Violence Investigation? Here’s What We Know,‘The Secret Lives of Mormon Wives’ star Taylor Frankie Paul‘s domestic violence case leads fans to wonder if her ‘The Bachelorette‘ season will be pulled.,blavity.com,2026-03-19,Entertainment,Kui Mwai,https://blavity.com/is-the-bachelorette-cancelled-amid-taylor-frankie-paul-investigation
"‘On My Block’ Star Jason Genao Reflects On Series’ 8th Anniversary, Talks My Call","Actor Jason Genao, best known for his breakout role in On My Block, is reflecting on the show’s lasting impact as he steps into a new phase of his career. Years after the series premiered, the Netflix hit continues to resonate with audiences, with clips frequently resurfacing across social media. It celebrated its eighth anniversary,… Continue reading ‘On My Block’ Star Jason Genao Reflects On Series’ 8th Anniversary, Talks My Call",blavity.com,2026-03-19,Entertainment,Trey Mangum,https://blavity.com/on-my-block-star-jason-genao-reflects-on-series-8th-anniversary-talks-my-call
"Howard, Prairie View A&M Win NCAA Tournament Games For First Time In Schools’ Histories","This year’s NCAA Men’s Basketball Tournament has seen two Historically Black Colleges (HBCUs) go further than they ever have in the event’s history. Howard University and Prairie View A&M University both qualified for the 64-team first round of the tournament for the first time, setting each school up to face one of college basketball’s best… Continue reading Howard, Prairie View A&M Win NCAA Tournament Games For First Time In Schools’ Histories",blavity.com,2026-03-19,Blavity-U,Christopher Rhodes,https://blavity.com/howard-prairie-view-am-win-ncaa-tournament-games-for-first-time
‘Imperfect Women’s Kerry Washington And Elisabeth Moss On Episode 2’s Letter Shocker And Mary’s Story,"Kerry Washington and Elisabeth Moss are breaking down the first two episodes of Imperfect Women, their new Apple TV series. Imperfect Women follows a mystery surrounding the death of a woman named Nancy, with the story unfolding through the perspectives of the people closest to her, primarily her best friends. Kate Mara is the third… Continue reading ‘Imperfect Women’s Kerry Washington And Elisabeth Moss On Episode 2’s Letter Shocker And Mary’s Story",blavity.com,2026-03-19,Entertainment,Trey Mangum,https://blavity.com/imperfect-women-kerry-washington-and-elisabeth-moss-on-letter-and-mary
"César Chávez Accused Of Sexually Assaulting Girls And Fellow Labor Leader Dolores Huerta, Per Report","A new report by The New York Times contains stunning accusations of sexual abuse by César Chávez, one of the most prominent figures in Mexican American history. The late civil rights and labor leader is accused of using his power and influence to coerce and victimize underage girls, as well as a fellow labor rights… Continue reading César Chávez Accused Of Sexually Assaulting Girls And Fellow Labor Leader Dolores Huerta, Per Report",blavity.com,2026-03-19,News,Christopher Rhodes,https://blavity.com/cesar-chavez-accusations-girls-dolores-huerta-report
‘Tyler Perry’s Beauty In Black’ Star Taylor Polidore Williams Cast In ‘Reasonable Doubt’ Season 4 At Hulu,"Taylor Polidore Williams is joining Reasonable Doubt‘s fourth season at Hulu. Deadline reports that Williams, who recently starred in Tyler Perry’s Beauty In Black, will be a new character in the upcoming season. Her role is currently being kept quiet. Reasonable Doubt stars Emayatzy Corinealdi as Los Angeles-based defense attorney Jacqueline “Jax” Stewart. Jax tries… Continue reading ‘Tyler Perry’s Beauty In Black’ Star Taylor Polidore Williams Cast In ‘Reasonable Doubt’ Season 4 At Hulu",blavity.com,2026-03-19,Entertainment,Monique Jones,https://blavity.com/tyler-perrys-beauty-in-black-taylor-polidore-williams-cast-in-reasonable-doubt
Alabama Court Says Police Can Demand ID In Case Of Black Pastor Arrested For Watering Neighbor’s Flowers,"The Alabama Supreme Court has ruled against a Black pastor who sued after police arrested him in his neighborhood. Although the underlying criminal charge against the pastor was dismissed, the ruling has raised concerns from civil liberties advocates, who worry that the decision expands the state’s power over citizens. Pastor arrested for refusing to show… Continue reading Alabama Court Says Police Can Demand ID In Case Of Black Pastor Arrested For Watering Neighbor’s Flowers",blavity.com,2026-03-19,News,Christopher Rhodes,https://blavity.com/alabama-court-says-demand-id-case-black-pastor-watering-flowers
Here’s How To Finally Clear Up Cobblestone Throat,"From post-nasal drip to acid reflux, discover the triggers of cobblestone throat and the best ways to soothe your chronic throat irritation.",blavity.com,2026-03-19,Conditions &Amp; Care,"Dr. Diana Rangaves, PharmD",https://blavity.com/cobblestone-throat
Groove Theory Fitness Is Turning Workouts Into Community,"Discover Groove Theory Fitness, a Black-owned studio in NJ building community through yoga, strength training, and hip hop step classes.",blavity.com,2026-03-19,Mind &Amp; Body,Zayna Allen,https://blavity.com/groove-theory-fitness
Tuskegee University Coach To File Lawsuit Against Morehouse After Being Handcuffed During Game,Tuskegee University coach Benjy Taylor is set to file a lawsuit against Morehouse College and the officers who handcuffed him during a game.,blavity.com,2026-03-19,Blavity-U,Kyra Alessandrini,https://blavity.com/tuskegee-university-coach-benjy-taylor-to-sue-morehouse
"Tina Knowles’ Gumbo Booth Shuts Down, Then Reopens After Health Department Inspection",Tina Knowles' gumbo booth reopens after a brief shutdown by the health department at the 2026 Houston Livestock and Rodeo Show.,blavity.com,2026-03-19,News,Kyra Alessandrini,https://blavity.com/tina-knowles-gumbo-booth-reopens-after-brief-shutdown-by-health-department
Jesse Jackson Made Political History And Earned An Impressive Net Worth Along The Way,"Explore Jesse Jackson's net worth, civil rights legacy, presidential campaigns, Parkinson’s diagnosis and his lasting political impact.",blavity.com,2026-03-19,Entertainment,Joel Randell,https://blavity.com/jesse-jackson-net-worth
Marlon Wayans And Keke Palmer To Star In Action Rom-Com ‘Ride Or Die’ At Lionsgate,"Marlon Wayans and Keke Palmer are headlining a what’s being called a “romantic buddy action-comedy” at Lionsgate The two stars will lead Ride or Die, which is from Lionsgate, according to Deadline. The film will follow Wayans’ character, by-the-book robbery detective Martin Banks, and Palmer’s Tami Moore, a tough narcotics detective. Their differing detective styles… Continue reading Marlon Wayans And Keke Palmer To Star In Action Rom-Com ‘Ride Or Die’ At Lionsgate",blavity.com,2026-03-19,Entertainment,Monique Jones,https://blavity.com/marlon-wayans-and-keke-palmer-to-star-in-action-rom-com-ride-or-die-at-lionsgate
"‘Power’ Creator Courtney A. Kemp’s Netflix Series ‘Nemesis’ Drops First Look, Sets Premiere Date","Nemesis, the first Netflix series from Power creator Courtney A. Kemp, has dropped its first photos and revealed its premiere date. The first season will have eight hour-long episodes. The series stars Matthew Law, Y’lan Noel, Cleopatra Coleman, Tre Hale, Domenick Lombardozzi, Jonnie Park, Ariana Guerra, Gabrielle Dennis, Michael Potts, Sophina Brown, Cedric Joe and Jeff… Continue reading ‘Power’ Creator Courtney A. Kemp’s Netflix Series ‘Nemesis’ Drops First Look, Sets Premiere Date",blavity.com,2026-03-18,Entertainment,Trey Mangum,https://blavity.com/power-creator-courtney-kemps-new-netflix-series-premiere-date
Cactus Jack DJ Chase B On The DJs Who Influenced Him And Creating Safe Spaces In Nightlife,"Following his electric performance for Crown Royal Marquis national launch, Cactus Jack DJ Chase B chats with Blavity about his journey.",blavity.com,2026-03-18,News,Shanique Yates,https://blavity.com/dj-chase-b-crown-royal-marquis-interview
Kellon Deryck is Breaking Barriers for Black Women’s Wig Care,Kellon Deryck has spent nearly two decades perfecting wig installs. Now he’s launching a product that could change wig care for Black women.,blavity.com,2026-03-18,Hair,Zayna Allen,https://blavity.com/kellon-deryck-breaking-barriers
Is Sadie Sink In The ‘Spider-Man: Brand New Day’ Trailer? Peter Parker (Re)introduces Himself To MJ In Footage,"The first trailer for the upcoming film, Spider-Man: Brand New Day, has been released, and we are getting the first footage of Tom Holland’s Peter Parker in a world where no one remembers him. Coming back for the first time since 2021’s Spider-Man: No Way Home, this is Holland’s fourth Spider-Man solo film and overall… Continue reading Is Sadie Sink In The ‘Spider-Man: Brand New Day’ Trailer? Peter Parker (Re)introduces Himself To MJ In Footage",blavity.com,2026-03-18,Entertainment,Trey Mangum,https://blavity.com/is-sadie-sink-in-the-spider-man-brand-new-day-trailer
The Grind Pretty Fest Stops Worth Planning Your Calendar Around,"These three Grind Pretty Fest events in Houston, Atlanta, and Chicago are gamechanging. Here's what to know about them.",blavity.com,2026-03-18,Career &Amp; Money,Jazmin Kylene,https://blavity.com/grind-pretty-fest-2026
‘Cross’ Renewed For Season 3 At Prime Video Following Season 2 Finale,"Timed to its Season 2 finale on Wednesday, Cross has been renewed for Season 3 at Prime Video. The third season of the show, produced by Amazon MGM Studios and Paramount Television Studios, will have eight episodes. Created by Ben Watkins, the series stars Aldis Hodge as the titular character. Season 2 also stars Matthew… Continue reading ‘Cross’ Renewed For Season 3 At Prime Video Following Season 2 Finale",blavity.com,2026-03-18,Entertainment,Trey Mangum,https://blavity.com/cross-renewed-for-season-3-at-prime-video-following-season-2-finale
How Long Should You Actually Stay In The Sauna?,Unlock the power of heat therapy. Discover exactly how long to stay in a sauna to boost circulation and skin health without overdoing it.,blavity.com,2026-03-18,Health,"Dr. Diana Rangaves, PharmD",https://blavity.com/how-long-should-you-stay-in-a-sauna
Michaela Coel To Write And Direct ‘Bloodsport’ Reimagining At A24,"Michaela Coel has set up her next project. The multihyphenate, who soon has A24’s Mother Mary and HBO/BBC’s First Day On Earth (also produced by A24) coming soon, will be back at A24, where she’s set ot write and direct a remake of Bloodsport. It is described as a “reimagining” of the 1988 Jean-Claude Van… Continue reading Michaela Coel To Write And Direct ‘Bloodsport’ Reimagining At A24",blavity.com,2026-03-18,Entertainment,Trey Mangum,https://blavity.com/michaela-coel-to-write-and-direct-bloodsport-reimagining-at-a24
Summer Lee Introduces Articles Of Impeachment Against Pam Bondi,U.S. Democrat Rep. Summer Lee of Pennsylvania introduced articles of impeachment against U.S. Attorney General Pam Bondi over Epstein.,blavity.com,2026-03-18,Politics,Kyra Alessandrini,https://blavity.com/democrats-file-to-impeach-pam-bondi-over-epstein
Discover Your Inner Dance Through Karisma Dance Fitness,"Karisma Dance Fitness, owned by Shan’tel Davidson, is a place where women of all levels can learn easy choreography, sweat, and empowered.",blavity.com,2026-03-18,Mind &Amp; Body,Jazmin Kylene,https://blavity.com/dance-fitness
Here’s What Juliana Stratton’s Illinois Senate Primary Win Means For Gov. Pritzker And Trump,Illinois Lt. Gov. Juliana Stratton won the Democratic Senate primary defeating Reps. Raja Krishnamoorthi and Robin Kelly.,blavity.com,2026-03-18,Politics,Christopher Rhodes,https://blavity.com/what-juliana-strattons-illinois-senate-primary-win-means-pritzker-and-trump
Is Kohl’s Closing More Locations? Here’s What To Know,"After initially closing dozens of stores last year, Kohl's said there would be no changes to its store's footprint in 2026.",blavity.com,2026-03-18,News,Jahaura Michelle,https://blavity.com/is-kohls-closing-more-locations-heres-what-to-know
"6 Years After Breonna Taylor, The Silence Around Black Women’s Deaths Is Dangerous","Six years after Breonna Taylor, one writer examples how the silence around Black women’s deaths is as dangerous as ever.",blavity.com,2026-03-18,Opinion,Maya Boddie,https://blavity.com/breonna-taylor-death-six-years-later
‘Tamron Hall’ Secures Season 8 Renewal Amid Recent Daytime Talk Show Bloodbath,"In a sea of daytime talk show endings, Tamron Hall has come out on top. Variety exclusively broke the news that Tamron Hall, hosted by the eponymous journalist, has been renewed for an eighth season. This comes as several daytime talk shows have been axed, including Sherri, The Kelly Clarkson Show, Access Hollywood, The Steve… Continue reading ‘Tamron Hall’ Secures Season 8 Renewal Amid Recent Daytime Talk Show Bloodbath",blavity.com,2026-03-18,Entertainment,Monique Jones,https://blavity.com/tamron-hall-secures-season-8-renewed
Chief Keef’s Net Worth: How The Drill Rap Pioneer Turned Viral Fame Into Millions,Explore Chief Keef's net worth and discover how his influence in hip-hop shaped his financial success and artistic legacy.,blavity.com,2026-03-18,Entertainment,Joseph Peters,https://blavity.com/chief-keef-net-worth
"Keanu Reeves, Cameron Diaz, Matt Bomer, Laverne Cox And More Star In Apple’s ‘Outcome’ Trailer","The first trailer has been released for Outcome, the upcoming film from Apple TV. The dark comedy film stars Keanu Reeves, Jonah Hill, Cameron Diaz, Matt Bomer, Susan Lucci, Laverne Cox, David Spade, Martin Scorsese, Atsuko Okatsuka, Roy Wood, Jr., Welker White, Kaia Gerber and Ivy Wolk. The film is directed by Jonah Hill and… Continue reading Keanu Reeves, Cameron Diaz, Matt Bomer, Laverne Cox And More Star In Apple’s ‘Outcome’ Trailer",blavity.com,2026-03-17,Entertainment,Trey Mangum,https://blavity.com/keanu-reeves-cameron-diaz-matt-bomer-laverne-cox-outcome-trailer
"Steve Carell Breaks Down Reinvention, Danielle Deadwyler Revisits Poetry Roots In HBO’s ‘Rooster’","The cast and creators of HBO's latest comedy, 'Rooster,' explain their character's dynamics ahead of the show's premiere.",blavity.com,2026-03-17,Entertainment,Shanique Yates,https://blavity.com/steve-carell-breaks-down-reinvention-danielle-deadwyler-in-hbo-comedy-rooster
Misty Copeland’s Legacy Was Never Just Ballet and She’s Proving It Again,"Misty Copeland shares what she learned after her final bow, from embracing her body to returning to the stage in a powerful Oscars moment.",blavity.com,2026-03-17,Career &Amp; Money,Zayna Allen,https://blavity.com/misty-copelands-strength-and-legacy
‘The Chi’ Season 8 First Look At ‘Coldest Winter Ever’ Drops As Show Prepares For Final Run,"The first look images from the eighth and final season of The Chi show characters giving birth, having fun, and in some cases, brandishing some guns. According to Paramount+, production of the season began this January, and this season is billed as the “coldest winter ever,” in which “life or death choices must be made.”… Continue reading ‘The Chi’ Season 8 First Look At ‘Coldest Winter Ever’ Drops As Show Prepares For Final Run",blavity.com,2026-03-17,Entertainment,Monique Jones,https://blavity.com/the-chi-season-8-first-look-final
‘Cross’ Season 2 Stars Matthew Lillard And Jeanine Mason On Moral Ambiguity And Why They Love James Patterson,Jeanine Mason and Matthew Lillard discuss their emotions around joining the second season of the Prime Video series 'Cross.',blavity.com,2026-03-17,Entertainment,Shanique Yates,https://blavity.com/cross-season-2-interviews-matthew-lillard-and-jeanine-mason
Idris And Sabrina Elba Named To National Geographic 33 For Sherbo Island Work,"Nat Geo’s National Geographic 33 list is out on Tuesday, and among those highlighted are Idris and Sabrina Elba. The yearly last celebrates 33 changemakers across the globe, from Hollywood icons to fearless climate warriors and trailblazing innovators,” to spotlight “individuals pushing boundaries for a more eco-conscious future.” Per National Geographic, “Idris and Sabrina have… Continue reading Idris And Sabrina Elba Named To National Geographic 33 For Sherbo Island Work",blavity.com,2026-03-17,News,Trey Mangum,https://blavity.com/idris-sabrina-elba-national-geographic-33-for-sherbo-island-work
IRS Pandemic Refunds: Find Out If You Qualify For One,"A federal court ruling could mean millions of Americans are eligible for IRS refunds tied to the COVID-19 pandemic. The court ruled in November that the pandemic qualified as a federally declared disaster from Jan. 20, 2020, through May 11, 2023. Under tax code Section 7508A(d), this provision postpones tax deadlines by 60 days. The… Continue reading IRS Pandemic Refunds: Find Out If You Qualify For One",blavity.com,2026-03-17,News,Jahaura Michelle,https://blavity.com/irs-pandemic-refunds-find-out-if-you-qualify-for-one
Everything We Know About ‘Pluribus’ Season 2 So Far,"Will there be a “Pluribus” season 2? Here’s what we know about renewal status, a possible release date and Vince Gilligan’s long-term plans.",blavity.com,2026-03-17,Entertainment,Joel Randell,https://blavity.com/will-there-be-a-pluribus-season-2
"‘Paradise’ Renewed For Season 3 At Hulu, Which Will Likely Be Its Last","Paradise, starring Sterling K. Brown, has been renewed for its third season at Hulu, which will probably be its last one. The Dan Fogelman-created series has been a boon for Hulu, getting over 30 million hours for Season 2 and nearly 12 billion minutes streamed worldwide across its first two seasons. The renewal is not… Continue reading ‘Paradise’ Renewed For Season 3 At Hulu, Which Will Likely Be Its Last",blavity.com,2026-03-17,Entertainment,Monique Jones,https://blavity.com/paradise-renewed-for-season-3-at-hulu-which-will-likely-be-its-last
‘Dune 3’ Trailer Picks Up With Zendaya’s Chani And Timothée Chalamet’s Paul Almost 2 Decades Later,"Warner Bros. has dropped the very first teaser trailer for the third and final part of the Dune trilogy, Dune: Part Three, aka Dune 3. Starring Zendaya and Timothée Chalamet, the film is based on Frank Herbert’s book Dune: Messiah. The film follows Paul Atreides (Chalamet) and Chani (Zendaya) 17 years after the events of… Continue reading ‘Dune 3’ Trailer Picks Up With Zendaya’s Chani And Timothée Chalamet’s Paul Almost 2 Decades Later",blavity.com,2026-03-17,Entertainment,Monique Jones,https://blavity.com/dune-3-trailer-picks-up-with-zendayas-chani-and-timothee-chalamets-paul
"Huda Mustafa Allegedly Threatened Mother Of Louis Russell’s Child, Restraining Order Approved",A judge has approved a temporary restraining order against Huda Mustafa after she allegedly threatened her boyfriend’s ex-girlfriend.,blavity.com,2026-03-17,News,Kyra Alessandrini,https://blavity.com/huda-mustafa-restraining-order-approved-mother-of-louis-russell-child
Breaking Down The Truth About Addiction To Muscle Relaxers,Taking muscle relaxants for back pain or spasms? Discover red flags of addiction and how to talk to your doctor about safe pain management.,blavity.com,2026-03-17,Conditions &Amp; Care,"Dr. Diana Rangaves, PharmD",https://blavity.com/are-muscle-relaxers-addictive
"Alabama Basketball Star Aden Holloway Arrested, Likely To Miss NCAA Tournament: What To Know",Alabama Crimson Tide junior guard Aden Holloway was removed from the basketball team after being arrested on felony drug charges.,blavity.com,2026-03-17,News,Jahaura Michelle,https://blavity.com/aden-holloway-alabama-basketball-arrested
‘Showtime At The Apollo’ Host Kiki Shepard Dies at 74,"Kiki Shepard, the television host best known for her long tenure on Showtime at the Apollo, has died at 74. According to TMZ, Shepard’s representative, LaShirl Smith, announced she suffered a massive heart attack in Los Angeles on Monday. In a statement, her family confirmed the news and thanked fans for their support, ABC 7… Continue reading ‘Showtime At The Apollo’ Host Kiki Shepard Dies at 74",blavity.com,2026-03-17,News,Kui Mwai,https://blavity.com/showtime-at-the-apollo-host-kiki-shepard-dies-at-74
"Jordan Chiles’ Final UCLA Home Meet Results In All-Around Title, Near-Flawless Scores Across The Board",Here’s a closer look at Jordan Chiles’ farewell to Pauley Pavilion and the celebrities who came to support her final meet as a UCLA Bruin.,blavity.com,2026-03-17,Blavity-U,Kui Mwai,https://blavity.com/jordan-chiles-said-goodbye-to-ucla-pauley-pavillion-with-all-around-title
MacKenzie Scott’s Latest HBCU Donation: Record-Breaking $42M Gift To Elizabeth City State University,MacKenzie Scott has made a record-breaking $42 million donation to the HBCU Elizabeth City State University.,blavity.com,2026-03-17,Blavity-U,Kyra Alessandrini,https://blavity.com/mackenzie-scott-donates-42-million-elizabeth-city-state-university
"Michael B. Jordan Wins Best Actor Oscar, Ryan Coogler Wins Best Original Screenplay As Sinners Picks Up 2 Other Awards","Sinners won 4 Oscars on Sunday night, including Michael B. Jordan winning Best Actor in a Leading Role and Ryan Coogler for Best Original Screenplay. Both won their first Oscars with the trophies. Ryan Coogler is the first Black person to win Best Original Screenplay, and the second following Jordan Peele’s win for Get Out… Continue reading Michael B. Jordan Wins Best Actor Oscar, Ryan Coogler Wins Best Original Screenplay As Sinners Picks Up 2 Other Awards",blavity.com,2026-03-16,Entertainment,Trey Mangum,https://blavity.com/michael-b-jordan-wins-oscar-ryan-coogler-autumn-durald-arkapaw-sinners
Bachelor Nation’s Justin Glaze Would Love To Do ‘The Traitors’ Next Amid Nailing Irish Dance For New Partnership,"Justin Glaze first caught viewers’ attention on The Bachelorette and Bachelor in Paradise, and is now one of the most popular content creators within Bachelor Nation. From cocktail content to his “side quest” series, where he’s been challenging himself to try new activities, Glaze has built a following by sharing his creative interests online. Ahead… Continue reading Bachelor Nation’s Justin Glaze Would Love To Do ‘The Traitors’ Next Amid Nailing Irish Dance For New Partnership",blavity.com,2026-03-16,Entertainment,Trey Mangum,https://blavity.com/bachelor-nations-justin-glaze-would-love-to-do-the-traitors-next
Nicola Blaque’s Freight Fried Chicken Brings Civil War-Era Legacy Of Gordonsville’s Black Women Entrepreneurs To San Antonio,Blavity speaks with Freight Fried Chicken owner Nicola Blaque about making a name for herself in the San Antonio culinary space.,blavity.com,2026-03-16,Black Owned Business,Shanique Yates,https://blavity.com/freight-fried-chicken-san-antonio-nicola-blaque
Should The Atlanta Hawks Be Able To Have Their Magic City Night?,"With comments from Luke Kornet, the Atlanta Hawks have canceled their Magic City Night, but was it the right move?",blavity.com,2026-03-16,Opinion,Kahlil Haywood,https://blavity.com/should-atlanta-hawks-have-magic-city-night
Jamal Bryant Apologizes For Saying Target Boycott Is Over: ‘Never Encouraged People To Go Back’,Atlanta pastor Jamal Bryant is giving an apology to the public after he prematurely ended his boycott of Target.,blavity.com,2026-03-16,News,Tomas Kassahun,https://blavity.com/jamal-bryant-apologizes-for-saying-target-boycott-is-over
"Chase Infiniti’s Oscars Braids Referred To As ‘Undone’ By E! Commentator, Draws Backlash","As Chase Infiniti walked the Oscars red carpet, an E! News reporter described her braids as 'undone' while discussing her look.",blavity.com,2026-03-16,News,Kyra Alessandrini,https://blavity.com/chase-infiniti-braids-at-oscars-called-undone-backlash-e-commenator
"What To Know About Autumn Durald Arkapaw, The Black And Filipina Cinematographer Who Made Oscars History With ‘Sinners’","At the 2026 Oscars, Autumn Durald Arkapaw became the first woman — and the first Black nominee — to win the Oscar for best cinematography.",blavity.com,2026-03-16,Entertainment,Kui Mwai,https://blavity.com/who-is-autumn-durald-arkapaw-what-to-know
‘Love Is Blind’s Vic And Christine On What Would Have Happened In Mexico If They Were There,"'Love Is Blind' Season 10’s only lasting couple, Christine Hamilton and Dr. Vic St. John on their instant connection and life as newlyweds.",blavity.com,2026-03-16,Entertainment,Martie Bowser,https://blavity.com/love-is-blind-vic-and-christine-mexico
Inside Jason Kidd’s Net Worth: Breaking Down His Journey From NBA Point Guard To Coach,Explore Jason Kidd's net worth in 2026 and discover how his NBA career and coaching success have contributed to his wealth.,blavity.com,2026-03-16,Culture,Joel Randell,https://blavity.com/jason-kidd-net-worth
"Judy Pace Dies: Trailblazing Black Actress From ‘Peyton Place,’ ‘Brian’s Song’ Was 83","Judy Pace, a trailblazing Black model and actor known for her roles in Peyton Place and the acclaimed television movie Bryan’s Song, has died at 83. Pace’s daughters announced she died ‘peacefully in her sleep’ on March 11 According to People, Pace’s daughters, attorney Shawn Pace Mitchell and actor Julia Pace Mitchell, announced their mother… Continue reading Judy Pace Dies: Trailblazing Black Actress From ‘Peyton Place,’ ‘Brian’s Song’ Was 83",blavity.com,2026-03-16,News,Kui Mwai,https://blavity.com/judy-pace-dies-black-actress
Raven-Symoné On Her Breast Reduction Surgeries Before 18: ‘There Was Manipulation At Hand’,Raven-Symoné is saying she was manipulated into getting two breast reduction surgeries before she turned 18.,blavity.com,2026-03-16,News,Tomas Kassahun,https://blavity.com/raven-symone-manipulated-breast-reduction-surgeries-before-18
Costco Meat Product Alert: Popular Item May Not Be Safe To Eat Due To Mislabeling,A popular pastry treat sold at Costco may not be safe to eat.,blavity.com,2026-03-16,News,Tomas Kassahun,https://blavity.com/costco-meat-product-alert
Who Is Banksy? Artist’s Identity Finally Seems To Have Been Revealed,The mysterious graffiti artist who has only been known as Banksy for years may have been finally identified.,blavity.com,2026-03-16,News,Tomas Kassahun,https://blavity.com/who-is-banksy-whats-his-identity
Who Is Stacy On ‘Paradise’ And What’s Her Connection To Jane? Ryan Michelle Bathé Breaks Down Character,Ryan Michelle Bathe speaks with Blavity's Shadow and Act about joining Season 2 of the hit Hulu series Paradise.,blavity.com,2026-03-16,Entertainment,Shanique Yates,https://blavity.com/who-is-stacy-on-paradise-hulu
"Most Lung Nodules Aren’t Cancer, But Here’s What You Should Know","We’re breaking down what lung nodules are, when they’re serious and why early detection is vital for your health.",blavity.com,2026-03-16,Conditions &Amp; Care,"Dr. Diana Rangaves, PharmD",https://blavity.com/when-to-worry-about-lung-nodules
"Mason Gooding, Keith Powers And Algee Smith Tribute ‘The Gates’ Co-Star James Van Der Beek: ‘You Took Us To Class’","The Gates stars Mason Gooding, Keith Powers and Algee Smith are sharing memories of working with their co-star James Van Der Beek, who recently died from cancer. Gooding and Powers told Blavity/Shadow and Act Managing Editor, Trey Mangum, how much they learned from Van Der Beek while working together on set. Gooding described the “immense… Continue reading Mason Gooding, Keith Powers And Algee Smith Tribute ‘The Gates’ Co-Star James Van Der Beek: ‘You Took Us To Class’",blavity.com,2026-03-16,Entertainment,Trey Mangum,https://blavity.com/mason-gooding-keith-powers-algee-smith-tribute-the-gates-james-van-der-beek
"‘House Of Villains’ Season 3 Stars Christine Quinn, Jackie Christie And Others On What Makes A Reality TV Villain And More","House of Villains is back. Hosted by Joel McHale, the hit reality competition series, now on Peacock, brings together 11 reality all-stars who must scheme, strategize and shade each other in different challenges for a chance to win $200,000 and the title of “America’s Ultimate Supervillain.” Ahead of the Season 3 premiere, Blavity spoke with… Continue reading ‘House Of Villains’ Season 3 Stars Christine Quinn, Jackie Christie And Others On What Makes A Reality TV Villain And More",blavity.com,2026-03-15,Entertainment,Brenda Alexander,https://blavity.com/house-of-villains-season-3-christine-quinn-jackie-christie-more-on-reality-tv
The Only Naomy Says ‘Getting To Gag RuPaul Is An Honor’ And ‘Drag Race Germany’ Season 2 Not Realistic At Moment,"After making a strong showing on RuPaul’s Drag Race UK vs. the World Season 3, The Only Naomy left the competition with plenty of momentum, as well as a hope to see Drag Race Germany continue to grow and for more German queens to get international opportunities. Throughout the season, Naomy proved herself to be… Continue reading The Only Naomy Says ‘Getting To Gag RuPaul Is An Honor’ And ‘Drag Race Germany’ Season 2 Not Realistic At Moment",blavity.com,2026-03-15,Entertainment,Trey Mangum,https://blavity.com/the-only-naomy-on-rupaul-and-drag-race-germany-update
"Olandria Carthen Says Alabama Roots, First-Gen College Experience And Early Jobs Helped Her Acclimate To Quick Fame","Love Island USA Season 7 breakout star Olandria Carthen knows firsthand how much early work experiences can shape a person’s confidence and career path. Now, she’s teaming up with McDonald’s for the brand’s First Job Confessional campaign, which invites people to share stories about their first jobs and the skills they gained from them. For… Continue reading Olandria Carthen Says Alabama Roots, First-Gen College Experience And Early Jobs Helped Her Acclimate To Quick Fame",blavity.com,2026-03-15,Culture,Trey Mangum,https://blavity.com/olandria-carthen-alabama-roots-first-job-confessional
"Lil Nas X Appears In Court, Says He Loves And Misses Fans As He Seeks Diversion For Arrest, Felony Charges","Lil Nas X is seeking diversion to avoid prison time for his arrest and felony charges. The rapper appeared in court on March 13, 2026.",blavity.com,2026-03-14,News,Tomas Kassahun,https://blavity.com/lil-nas-x-seeks-diversion-for-arrest-felony-charges
Kenya Pleaser On RuPaul’s Wake-Up Call To Her: ‘She Just Wanted To Be F*****g Real With Me’,"The annual roast challenge has taken another queen. This time, it’s RuPaul’s Drag Race Season 18 contestant Kenya Pleaser. Pleaser told Blavity that the main challenge — roasting Drag Race fan favorite and reigning RuPaul’s Drag Race Global All Stars winner Alyssa Edwards — became more intimidating as the challenge progressed. “For me, I was… Continue reading Kenya Pleaser On RuPaul’s Wake-Up Call To Her: ‘She Just Wanted To Be F*****g Real With Me’",blavity.com,2026-03-14,Entertainment,Monique Jones,https://blavity.com/rupauls-drag-race-on-stage-wake-up-call-kenya-pleaser
Zazie Beetz Tees Up ‘They Will Kill You’ And Says Horror Should Be in The Academy’s Space,"Zazie Beetz said stepping into the Warner Bros. horror action-comedy film They Will Kill You came with a unique kind of pressure because director Kirill Sokolov wrote the role of Asia with her specifically in mind. “I do think it puts more pressure in a way to… Somebody’s envisioning you as this, and so you,… Continue reading Zazie Beetz Tees Up ‘They Will Kill You’ And Says Horror Should Be in The Academy’s Space",blavity.com,2026-03-14,Entertainment,Trey Mangum,https://blavity.com/zazie-beetz-they-will-kill-you-and-says-horror-should-be-academys-space
Google Messages’ Copy And Paste Update: Here’s What Was Fixed,Google is fixing an annoying oversight on its default messaging app.,blavity.com,2026-03-14,News,Tomas Kassahun,https://blavity.com/google-messages-copy-paste-update
Doja Cat Reveals Borderline Personality Disorder Diagnosis While Defending Chappell Roan’s Paparazzi Video,Doja Cat went to social media on Friday to talk candidly about her mental health.,blavity.com,2026-03-14,News,Tomas Kassahun,https://blavity.com/doja-cat-reveals-borderline-personality-disorder-diagnosis
"Jack Harlow Says He ‘Got Blacker’ With New R&B Album, Faces Backlash",Jack Harlow is facing some criticism on social media after saying that he got Blacker when he transitioned from rap to R&B.,blavity.com,2026-03-14,News,Tomas Kassahun,https://blavity.com/jack-harlow-backlash-for-saying-he-got-blacker
Brian McKnight Sues ‘The Rickey Smiley Morning Show’ And More For Defamation,"Brian McKnight filed a defamation lawsuit against ‘The Rickey Smiley Morning Show,‘ Foxy 107.1's radio host Karen Clark and media company Urban One over interviews involving his ex-wife and children.",blavity.com,2026-03-13,News,Jahaura Michelle,https://blavity.com/brian-mcknight-reportedly-sues-the-rickey-smiley-morning-show
When To See A Doctor For Dark Spots On Your Testicles,"If you’ve noticed dark spots on your testicles, here is everything you need to know about Fordyce spots, Angiokeratomas and more.",blavity.com,2026-03-13,Conditions &Amp; Care,"Dr. Diana Rangaves, PharmD",https://blavity.com/black-spots-on-testicles-sack
"‘Love Island: Beyond The Villa’ Reveals Season 2 Trailer And Premiere Date, ‘Love Island USA’ Season 8 Premiere Also Set","Peacock unveiled a lot of new Love Island USA universe announcements on Friday, with the premiere date and trailer for Love Island: Beyond the Villa Season 2 being revealed alongside the premiere date for Love Island USA Season 8. The latter was just formally renewed, though it was a sure bet given the massive success… Continue reading ‘Love Island: Beyond The Villa’ Reveals Season 2 Trailer And Premiere Date, ‘Love Island USA’ Season 8 Premiere Also Set",blavity.com,2026-03-13,Entertainment,Trey Mangum,https://blavity.com/love-island-beyond-the-villa-reveals-season-2-trailer-and-premiere-date
Zohran Mamdani’s Apology To Black New Yorkers Highlights Bigger Political Problem,Zohran Mamdani apologized for saying that New York City was 'built by immigrants' without acknowledging the role of Black Americans.,blavity.com,2026-03-13,Culture,Maya Boddie,https://blavity.com/is-zohran-mandanis-apology-to-black-new-yorkers-enough
How Many Friday The 13ths Are There In 2026?,2026 is one of the rare years during which there will be three Friday the 13th in a single year. March 13 marks the second Friday the 13th in 2026.,blavity.com,2026-03-13,News,Kyra Alessandrini,https://blavity.com/how-many-friday-the-13th-are-there-in-2026
"Black Voters In Virginia Sent KKK, Jim Crow Imagery In Mail Campaign Ahead Of Redistricting Vote",Virginia Democratic leaders are condemning a mail campaign using Jim Crow imagery to Black voters ahead of a statewide redistricting vote.,blavity.com,2026-03-13,Politics,Maya Boddie,https://blavity.com/virginia-officials-slam-mail-campaign-jim-crow-imagery
Pras Michel Drops Lawsuit Against Lauryn Hill Ahead Of 14-Year Prison Sentence,Pras Michel dropped his lawsuit against Lauryn Hill ahead of a 14-year prison sentence starting on March 30.,blavity.com,2026-03-13,News,Kyra Alessandrini,https://blavity.com/pras-michel-drops-lawsuit-against-lauryn-hill
Controversial Former Illinois Democratic Mayor Tiffany Henyard Is Running For Office In Georgia As A Republican,"Tiffany Henyard, whose stint as mayor of Dolton, Illinois, was marked by scandals and accusations of impropriety, appears to be attempting to relaunch her political career. In doing so, Henyard has adopted a new state and a new party, with the former Illinois Democrat now running in Georgia as a Republican. Scandal-plagued former Democratic Illinois… Continue reading Controversial Former Illinois Democratic Mayor Tiffany Henyard Is Running For Office In Georgia As A Republican",blavity.com,2026-03-13,Politics,Christopher Rhodes,https://blavity.com/tiffany-henyard-is-running-for-office-in-georgia-as-a-republican
BET+ To Fold Into Paramount+ As Tyler Perry’s Stake Bought By Paramount Skydance,"BET+ will soon be no more, and it will be folded into Paramount+. Have no worries about BET+’s content. The content will just move over to Paramount+, which will be the home of BET+’s renewed original series, such as Diarra From Detroit, The Ms. Pat Show, Tyler Perry’s Zatima, Tyler Perry’s Divorced Sistas and more.… Continue reading BET+ To Fold Into Paramount+ As Tyler Perry’s Stake Bought By Paramount Skydance",blavity.com,2026-03-13,Entertainment,Trey Mangum,https://blavity.com/bet-plus-to-fold-into-paramount-plus-tyler-perry-stake-bought
‘Love Story: John F. Kennedy Jr. And Carolyn Bessette’s Most Standout Episodes Have Been Directed By Crystle Roberson Dorsey,Director Crystle Roberson Dorsey on exploring John F. Kennedy Jr. and Carolyn Bessette's relationship in Ryan Murphy's 'Love Story.',blavity.com,2026-03-13,Entertainment,Shanique Yates,https://blavity.com/love-story-jfk-carolyn-episodes-directed-crystle-roberson-dorsey
‘Undertone’ Stars Adam DiMarco And Nini Kiri Break Down Mechanics Of A24’s Unsettling Horror Film,Writer/director Ian Tuason and Undertone stars Nina Kiri and Adam DiMarco are opening up about the layers of sound and emotion that helped create the A24 film’s unsettling atmosphere. Tuason told Blavity/Shadow and Act Managing Editor Trey Mangum that he “always knew” the film would rely more on its auditory storytelling than its visuals. “There… Continue reading ‘Undertone’ Stars Adam DiMarco And Nini Kiri Break Down Mechanics Of A24’s Unsettling Horror Film,blavity.com,2026-03-13,Entertainment,Monique Jones,https://blavity.com/undertone-horror-film-stars-adam-dimarco-nini-kiri-break-down-a24-film
Connecticut Cop Having ‘Mild Anxiety Attack’ Took Ambulance Meant For Man Shot By Police: Report,"A state investigation revealed that a man fatally shot by police in Connecticut had to wait longer for medical assistance because an officer experiencing a ""mild anxiety attack"" took the ambulance meant for him.",blavity.com,2026-03-13,News,Jahaura Michelle,https://blavity.com/connecticut-cop-having-mild-anxiety-attack-took-ambulance-meant-for-man-shot
‘Dreaming Whilst Black’s Adjani Salmon On Generational Arguments In Season 2: ‘We Present The Case For People To Decide’,"The second season of Showtime’s Dreaming Whilst Black on Paramount+ sees Kwabena, played by series creator Adjani Salmon, doing his best to climb the ladder in Britain’s film industry while keeping his soul and culture intact. If he doesn’t, he knows he’ll have to hear it from his uncle Claude (Roger Griffiths), who already chewed… Continue reading ‘Dreaming Whilst Black’s Adjani Salmon On Generational Arguments In Season 2: ‘We Present The Case For People To Decide’",blavity.com,2026-03-13,Entertainment,Monique Jones,https://blavity.com/dreaming-whilst-blacks-adjani-salmon-on-generational-arguments-in-season-2
How Manon’s KATSEYE Hiatus Reflects Experience Of Black Women In Girl Groups,"Manon, one of six members of the global girl group KATSEYE, has officially gone on hiatus as announced on Feb. 20.",blavity.com,2026-03-13,Culture,Kyra Alessandrini,https://blavity.com/manon-hiatus-katseye-black-women-in-girl-groups
What’s Nick Viall’s Net Worth And How Much Does ‘Age Of Attraction’ Host Make From His Podcast?,Find out 'The Bachelor' star Nick Viall's net worth and how much money he makes from his 'The Viall Files' podcast.,blavity.com,2026-03-12,Entertainment,Tomas Kassahun,https://blavity.com/what-is-nick-viall-net-worth-age-of-attraction
"NASA Says An Old Satellite Crashes Back To Earth, But It’s Not Expected To Cause Injuries To People",NASA has revealed that an old satellite fell from the orbit on Wednesday and reentered the Earth’s atmosphere.,blavity.com,2026-03-12,News,Tomas Kassahun,https://blavity.com/nasa-satellite-crashes-earth
"Move, Sweat, and Celebrate Culture with Nzingah’s West African Dance Class","Nzingah is the instructor behind trap pilates, yoga, and most famously, West African dance, helping black women rediscover their roots.",blavity.com,2026-03-12,Mind &Amp; Body,Jazmin Kylene,https://blavity.com/west-african-dance-class
Are Trump Cabinet Members Ordering Bunkers Due To War In Iran? Here’s What A Company Says,"As uncertainty continues over the ongoing war with Iran, citizens in the U.S. and other impacted countries are worrying about the potential safety threats arising from the conflict. An increasing number of people are turning to bomb shelters to protect themselves from potential attacks. Even high-ranking members of the Trump administration are ordering protective bunkers,… Continue reading Are Trump Cabinet Members Ordering Bunkers Due To War In Iran? Here’s What A Company Says",blavity.com,2026-03-12,Politics,Christopher Rhodes,https://blavity.com/are-trump-cabinet-members-ordering-bunkers
"Blair Underwood To Star In ‘Doc’ Season 3 At Fox, Will First Appear In Season 2 Finale","Blair Underwood is joining Fox’s medical drama Doc for its upcoming third season. Underwood will join the series as a new regular, playing Dr. Ben Grant. The character will first appear during the Season 2 finale before becoming a major part of Season 3, Variety reported. Dr. Grant is described as a “world-class trauma and… Continue reading Blair Underwood To Star In ‘Doc’ Season 3 At Fox, Will First Appear In Season 2 Finale",blavity.com,2026-03-12,Entertainment,Monique Jones,https://blavity.com/blair-underwood-to-star-in-doc-season-3-at-fox
Lord Sear Dies: Iconic DJ And Host For Eminem’s Shade 45 Was 52,"Lord Sear, the rapper and legendary DJ and radio host for Eminem‘s Shade 45 SiriusXM channel, has died. He was 52. When was Lord Sear’s death confirmed? On Wednesday, Shade 45 confirmed Sear’s, born Steve Watson’s, death in a post shared to his official Instagram account, according to USA Today and Billboard. “It is with… Continue reading Lord Sear Dies: Iconic DJ And Host For Eminem’s Shade 45 Was 52",blavity.com,2026-03-12,News,Jahaura Michelle,https://blavity.com/lord-sear-dies-iconic-dj-and-host-for-eminems-shade-45-was-52
Artist Apologizes for Wunmi Mosaku Illustration Ahead of 2026 Oscars,The artist behind The New Yorker's Wunmi Mosaku illustration is speaking out following the controversy it sparked.,blavity.com,2026-03-12,Women,Arielle Poteau,https://blavity.com/wunmi-mosaku-illustration-controversy
"2 Chainz’s Daughter Heaven Epps To Attend Howard This Fall, Continuing Parents’ HBCU Legacy",Rapper 2 Chainz's daughter will be attending Howard University in the fall of 2026. Both her parents attended HBCUs.,blavity.com,2026-03-12,News,Kyra Alessandrini,https://blavity.com/2-chainz-daughter-heaven-will-attend-howard-university-hbcu-legacy
Aaron Pierre Joins ‘Superman’ Sequel ‘Man Of Tomorrow’ From James Gunn,"Ahead of his DC Universe debut in HBO’s Lanterns, DC/Warner Bros. has announced Aaron Pierre will be reprising his role in the upcoming Superman sequel, Superman: Man of Tomorrow. Production on the pic is beginning this summer in Atlanta, and DC co-head James Gunn is returning as the writer and director. Pierre will first star… Continue reading Aaron Pierre Joins ‘Superman’ Sequel ‘Man Of Tomorrow’ From James Gunn",blavity.com,2026-03-12,Entertainment,Trey Mangum,https://blavity.com/aaron-pierre-joins-superman-sequel-man-of-tomorrow-from-james-gunn
Dionne Warwick Countersues Rights Firm Over Alleged Theft of Millions In Royalties,"Dionne Warwick has filed a lawsuit against an artist rights firm, accusing the company of stealing “millions of dollars in royalty income” regarding several of her chart-topping hits. Details on AREC’s lawsuit and Warwick’s countersuit Arts Rights Enforcement Corp. first sued Warwick in December, claiming the singer hadn’t held up her end of the partnership.… Continue reading Dionne Warwick Countersues Rights Firm Over Alleged Theft of Millions In Royalties",blavity.com,2026-03-12,News,Jahaura Michelle,https://blavity.com/dionne-warwick-countersues-rights-firm-over-alleged-theft-of-millions-in-royalties
Neurodivergence 101: A Guide To Understanding Your Unique Brain,"From ADHD to autism, explore the common signs of neurodivergence and how they uniquely manifest in the Black community.",blavity.com,2026-03-12,Conditions &Amp; Care,"Dr. Diana Rangaves, PharmD",https://blavity.com/signs-of-neurodivergence
Target Boycott Confusion Ensues As Leaders Publicly Disagree Over Whether Or Not Boycott Is Over,"Pastor Jamal Bryant declared an end to the ‘Target Fast’, while activist Nekima Levy Armstrong said the boycott continues.",blavity.com,2026-03-12,News,Christopher Rhodes,https://blavity.com/target-boycott-is-it-over-leaders-disagree
Will There Be A Third Season Of Amazon’s ‘Fallout’? Everything We Know So Far,"Amazon's 'Fallout' series has drawn plenty of affection, with some fans wondering when they can catch the next installment.",blavity.com,2026-03-12,Entertainment,TeeJay Small,https://blavity.com/will-there-be-a-fallout-season-3
Who Dies In ‘Virgin River’ Season 7? All The Character Exits And What To Expect In Season 8,Netflix's ‘Virgin River’ is saying goodbye to several characters — including two longtime fan favorites — ahead of its eighth season.,blavity.com,2026-03-12,Entertainment,Kui Mwai,https://blavity.com/who-dies-in-virgin-river-season-7
"Lena Waithe Breaks All The Rules With Debut Play, ‘trinity’","Lena Waithe’s debut play, trinity breaks all the rules in a good way. During a talk back with actress Meagan Good, Waithe joked to recent attendees, “For anyone who asks what this play is about, you have your work cut out for you. You’re welcome, and sorry.” And she was correct. The show encompasses dozens… Continue reading Lena Waithe Breaks All The Rules With Debut Play, ‘trinity’",blavity.com,2026-03-11,Entertainment,Brenda Alexander,https://blavity.com/lena-waithe-breaks-all-the-rules-with-debut-play-trinity
Black-Owned Athleisure Brands to Support for Your Next Workout ‘Fit’,"From gym sessions to coffee runs, these Black-owned athleisure brands deliver stylish workout sets while building community.",blavity.com,2026-03-11,Mind &Amp; Body,Zayna Allen,https://blavity.com/black-owned-athleisure-brands
"Darron Lee, Ex-NFLer, Asked ChatGPT For Help To Cover Alleged Murder Of Girlfriend, Authorities Say",Former NFL linebacker Darron Lee was charged with murdering his girlfriend Gabriella Perpetuo and reportedly asked ChatGPT for help.,blavity.com,2026-03-11,News,Kyra Alessandrini,https://blavity.com/darron-lee-chatgpt-alleged-cover
"Rome Flynn, Algee Smith, Desi Banks And Siv Ngesi To Star In ‘Boyz Trip’ Action-Comedy Film","Rome Flynn, Desi Banks, Algee Smith and Siv Ngesi are set to star in the upcoming action-comedy Boyz Trip. The film follows a group of guy friends who want to get away from it all. But things quickly go wrong. As the synopsis states, “Tired of their usual yearly meet-up, four college friends decide on… Continue reading Rome Flynn, Algee Smith, Desi Banks And Siv Ngesi To Star In ‘Boyz Trip’ Action-Comedy Film",blavity.com,2026-03-11,Entertainment,Monique Jones,https://blavity.com/rome-flynn-algee-smith-desi-banks-siv-ngesi-boyz-trip-cast
"AI Blackface: Let’s Talk About It, As Well As Black Workers Being Impacted By AI Boom","In this week’s episode of Blavity Town Hall, host Raven Schwam-Curtis examines how artificial intelligence is reshaping work, infrastructure and culture, and who may bear the greatest costs as the technology expands. What began as experimental AI tools has quickly evolved into systems used across workplaces, government operations and everyday digital services. As adoption accelerates,… Continue reading AI Blackface: Let’s Talk About It, As Well As Black Workers Being Impacted By AI Boom",blavity.com,2026-03-11,News,Blavity Team,https://blavity.com/ai-blackface-black-workers
T-Boz Opens Up About Arguing And Making Up With Left-Eye Before Her Death In ‘Uncensored’ Preview,"TLC member T-Boz talks about the breakdown in communication she and Left Eye had before Left Eye’s death in an exclusive preview from TV One’s Uncensored. T-Boz, aka Tionne Watkins, says in the clip how she and Left Eye, aka Lisa Lopes, were angry with each other prior to Left Eye’s death in 2002. T-Boz… Continue reading T-Boz Opens Up About Arguing And Making Up With Left-Eye Before Her Death In ‘Uncensored’ Preview",blavity.com,2026-03-11,Entertainment,Monique Jones,https://blavity.com/t-boz-uncensored-episode-preview
"Erika Kirk’s Trump Appointment To US Air Force Academy Board Triggers Questions, Backlash","Donald Trump appointed Erika Kirk, widow of slain right-wing activist Charlie Kirk, to replace him on the U.S. Air Force Academy board.",blavity.com,2026-03-11,Politics,Jahaura Michelle,https://blavity.com/erika-kirk-us-air-force-board-trump-appointment
Is Trump Planning A Military Draft Over War In Iran? Here’s If It’s Really Likely Or Not,"While a return to a draft is unlikely, the White House and Republicans in Congress have been sending mixed messages concerning their plans as the war against Iran continues.",blavity.com,2026-03-11,Politics,Christopher Rhodes,https://blavity.com/is-trump-planning-a-military-draft-over-iran-war
Carolyn Bessette Kennedy Wouldn’t Like Your Politics (Or Your Outfits),"Carolyn Bessette Kennedy's style has found a new fandom online via nostalgic TikTokers, who just discovered her through FX's 'Love Story.'",blavity.com,2026-03-11,Culture,Tayler Adigun,https://blavity.com/carolyn-bessette-kennedy-wouldnt-like-your-politics-or-outfits
Marjorie Taylor Greene’s House Seat Goes To Runoff As Democrat Shawn Harris Leads After Georgia Special Election,"In a surprise result, a Democrat received the most votes in a special election to replace Marjorie Taylor Greene, following the conservative Georgia representative’s resignation from office earlier this year. With no candidate receiving a majority of votes, the top two choices will now face off in a runoff, with Democrats facing a challenging but… Continue reading Marjorie Taylor Greene’s House Seat Goes To Runoff As Democrat Shawn Harris Leads After Georgia Special Election",blavity.com,2026-03-11,Politics,Christopher Rhodes,https://blavity.com/shawn-harris-leads-georgia-special-election-marjorie-taylor-greene-seat
"Jamal Sims Sets Narrative Directorial Debut With HBCU Dance Drama ‘Major,’ H.E.R. And Oprah Winfrey To Produce","Famed choreographer and RuPaul’s Drag Race regular Jamal Sims is jumping into the director’s chair. Deadline reports that Sims will make his narrative directorial debut with Major, a ballet drama hailing from 20th Century Studios and produced by H.E.R., Oprah Winfrey, Mara Jacobs, Scott Sanders and Carla Gardini. The project was first announced in 2024… Continue reading Jamal Sims Sets Narrative Directorial Debut With HBCU Dance Drama ‘Major,’ H.E.R. And Oprah Winfrey To Produce",blavity.com,2026-03-11,Entertainment,Monique Jones,https://blavity.com/jamal-sims-to-direct-hbcu-drama-major-her-oprah-to-produce
Stryker Cyber Attack: Pro-Iran Hackers Claim Incident On US Medical Device Maker,"Pro-Iran hackers launched a cyberattack against Stryker, a major US medical device maker, leading to outages.",blavity.com,2026-03-11,Politics,Tomas Kassahun,https://blavity.com/stryker-cyber-attack-pro-iran-hackers
Real Talk: Is It Possible To Get HIV From A Mosquito?,Blavity Health explores the biological reasons why mosquitoes aren’t HIV carriers and debunks common transmission myths.,blavity.com,2026-03-11,Conditions &Amp; Care,"Dr. Diana Rangaves, PharmD",https://blavity.com/can-mosquitoes-transfer-hiv
Is ‘Scarpetta’ Based On A True Story? Prime Video’s Nicole Kidman Series Has Multiple Timelines,"Nicole Kidman plays a forensic pathologist in the crime thriller ‘Scarpetta,‘ which premiered on Amazon Prime Video.",blavity.com,2026-03-11,Entertainment,Kui Mwai,https://blavity.com/is-scarpetta-based-on-a-true-story
Jayson Tatum’s Return To The Celtics: Breaking Down What It Means,Jayson Tatum is back and he hasn't lost much of a step! The question will loom until the season's end: whether or not it was too soon?,blavity.com,2026-03-10,Opinion,Kahlil Haywood,https://blavity.com/jayson-tatums-return-to-celtics
Choose the Perfect Spring Scent for Your Energy,Ready to renew for the spring? Here are the scents that scream springtime and how to pick the right one for you.,blavity.com,2026-03-10,Beauty,Jazmin Kylene,https://blavity.com/how-to-find-your-signature-spring-scent
Uber’s Women-Only Option Rolls Out In US After Pilot Program Last Summer,"Uber launched its women-only feature across the U.S. Now, female passengers and drivers can request to be paired with other women.",blavity.com,2026-03-10,News,Kyra Alessandrini,https://blavity.com/ubers-women-only-option-goes-nationwide-us
"Who Is Ivanna Lisette Ortiz, ‘Bible Influencer’ Charged With Attempted Murder After Shooting At Rihanna’s Home?","Police have identified the woman accused of shooting at Rihanna‘s Beverly Hills home on Sunday. Details on the charges against Ivanna Lisette Ortiz and what she’s accused of Ivanna Lisette Ortiz, 35, was booked on attempted murder charges, and her bail has been set at $10,225,000, a Los Angeles Police Department spokesperson told The Hollywood… Continue reading Who Is Ivanna Lisette Ortiz, ‘Bible Influencer’ Charged With Attempted Murder After Shooting At Rihanna’s Home?",blavity.com,2026-03-10,News,Jahaura Michelle,https://blavity.com/who-is-ivanna-lisette-ortiz-charged-attempted-murder-shooting-rihanna-home
Why Mugwort Could Be The Secret Ingredient Missing From Your Wellness Routine,"Have you ever seen a tall, green weed growing by the side of the road or in a wild field? It might be mugwort, with dark green leaves on top and a fuzzy, silver underside. For hundreds of years, people around the world have used this wild plant to make natural medicine. Today, many people… Continue reading Why Mugwort Could Be The Secret Ingredient Missing From Your Wellness Routine",blavity.com,2026-03-10,Health,"Dr. Diana Rangaves, PharmD",https://blavity.com/mugwort-benefits
Did Heeseung Leave ENHYPEN To Go Solo? Here’s What We Know,"Enhypen fans are devastated after learning that Heeseung plans to leave the popular South Korean K-Pop boy band to pursue a solo career. What did Heeseung’s agency say about the singer leaving the group? On Tuesday, Heeseung’s agency, BELIFT LAB, confirmed the news in a statement shared on X, formerly known as Twitter, as well… Continue reading Did Heeseung Leave ENHYPEN To Go Solo? Here’s What We Know",blavity.com,2026-03-10,News,Jahaura Michelle,https://blavity.com/did-heeseung-leave-enhypen-to-go-solo
"Raphael Saadiq Says He Was Born For A Film Like ‘Sinners,’ Credits D’Angelo As Reason He Plays Guitar Live",Raphael Saadiq reflects on his love of music and credits late fellow musician and friend D'Angelo as the reason he plays guitar live.,blavity.com,2026-03-10,Entertainment,Shanique Yates,https://blavity.com/raphael-saadiq-sinners-film-oscars
Mo’Nique Pens Letter To Whoopi Goldberg Addressing 2018 Argument On ‘The View’: ‘Sister Whoopi’,Mo'Nique shared an open letter to Whoopi Goldberg revisiting an 2018 argument they had on ‘The View’ about the ‘Precious’ promotional cycle.,blavity.com,2026-03-10,News,Kui Mwai,https://blavity.com/monique-pens-letter-to-whoopi-goldberg-addressing-2018-argument-on-the-view-sister-whoopi
‘Man On Fire’ Trailer: Yahya Abdul-Mateen II’s John Creasey Seeks Redemption In Netflix Series,"Yahya Abdul-Mateen II is a dangerous man on a mission in the new trailer for Netflix’s Man on Fire series adaptation. The trailer shows Abdul-Mateen II as John Creasy, a former elite mercenary who is now trying to redeem himself. But his special skills still come in handy on his path toward redemption. It is… Continue reading ‘Man On Fire’ Trailer: Yahya Abdul-Mateen II’s John Creasey Seeks Redemption In Netflix Series",blavity.com,2026-03-10,Entertainment,Monique Jones,https://blavity.com/man-on-fire-trailer-yahya-abdul-mateen-john-creasey-netflix
"‘One Piece’ Season 2 Stars On Luffy Leading With Instinct, Bringing Miss Wednesday To Life And More","The cast of Netflix's live-action anime talk about growing as a crew, being validated for their abilities and the introduction of new characters.",blavity.com,2026-03-10,Entertainment,Martie Bowser,https://blavity.com/one-piece-season-2-stars-on-luffy-leading-and-miss-wednesday
Is ‘Vladimir’ On Netflix Based On A True Story? What To Know About The Rachel Weisz-Leo Woodall Series,"Netflix’s new steamy series follows a middle-aged professor who, at a particularly low time in her life, finds herself consumed by desire for her younger colleague. But is the show based on true events? It’s been a steamy start to the year for Netflix, which kicked off 2026 with the return of Bridgerton for a… Continue reading Is ‘Vladimir’ On Netflix Based On A True Story? What To Know About The Rachel Weisz-Leo Woodall Series",blavity.com,2026-03-09,Entertainment,Kui Mwai,https://blavity.com/is-vladimir-on-netflix-based-on-a-true-story-rachel-weisz-leo-woodall
Warning Signs You Have A Pinched Nerve In Your Hip (And What To Do Next),"From tingling to localized pain, a pinched nerve in the hip can stall your day. We break down the causes and common symptoms.",blavity.com,2026-03-09,Conditions &Amp; Care,"Dr. Diana Rangaves, PharmD",https://blavity.com/pinched-nerve-in-hip
Texas Student Expelled For Racist Video Superimposing Black Teen’s Face Onto Kunta Kinte,A Texas student was expelled after superimposing the face of a Black teen from a rival high school onto Kunta Kinte from ‘Roots.’,blavity.com,2026-03-09,News,Jahaura Michelle,https://blavity.com/texas-student-expelled-for-racist-video-superimposing-black-teens-face-onto-kunta-kinte
"Rihanna’s Beverly Hills Home Shot At While She Was Inside, Woman Taken Into Custody","The Beverly Hills home of Rihanna was struck by gunfire on Sunday while the singer was still inside, according to police and sources familiar with the matter. When did the shooting occur? Los Angeles police responded to calls of a shooting at around 1:21 p.m. on Sunday at the Beverly Glen mansion, according to an… Continue reading Rihanna’s Beverly Hills Home Shot At While She Was Inside, Woman Taken Into Custody",blavity.com,2026-03-09,News,Jahaura Michelle,https://blavity.com/rihanna-shooting-at-beverly-hills-home-while-inside-women-in-custody
‘Power: Origins’ Casts Zuri Reed As Young Tasha In Starz Prequel Series,"The long-awaited casting of Young Tasha in the upcoming Power prequel series, Power: Origins, has been revealed. Zuri Reed will play the young adult version of Naturi Naughton’s character from the original series. She joins Spence Moore II and Charlie Mann, who will play young Ghost and Tommy, as well as MeKai Curtis, who will… Continue reading ‘Power: Origins’ Casts Zuri Reed As Young Tasha In Starz Prequel Series",blavity.com,2026-03-09,Entertainment,Trey Mangum,https://blavity.com/power-origins-casts-zuri-reed-as-young-tasha-in-starz-prequel-series
"‘Project Hail Mary’s Ryan Gosling, Phil Lord And Christopher Miller And More On Finding Extraterrestrial Friendships, Courage","Ryan Gosling discuss unlikely friendship, courage and humanity’s last-chance mission to save Earth in MGM's new sci-fi Project Hail Mary.",blavity.com,2026-03-09,Entertainment,Martie Bowser,https://blavity.com/project-hail-mary-ryan-gosling-phil-lord-and-christopher-miller-sandra-huller-on-film
"Jason Hughes, A Gainesville, Georgia Teacher, Has Died And Teens Charged After Prank Gone Wrong","Five teenagers in Gainesville, Georgia, were charged after a teacher was killed in a prank that went wrong.",blavity.com,2026-03-09,News,Kyra Alessandrini,https://blavity.com/jason-hughes-gainsville-georgia-teacher-dies-prank
"Jesse Jackson Jr. Criticizes Biden, Clinton And Obama Over Speeches At Father’s Funeral","Friday’s memorial service for Jesse Jackson in Chicago featured a host of remarks and tributes to the deceased civil rights leader and presidential candidate, with three former U.S. presidents among those giving remarks. However, the comments delivered by these former heads of state didn’t sit well with Jackson’s son, who made his opinion known the… Continue reading Jesse Jackson Jr. Criticizes Biden, Clinton And Obama Over Speeches At Father’s Funeral",blavity.com,2026-03-09,Politics,Christopher Rhodes,https://blavity.com/jesse-jackson-jr-criticizes-biden-clinton-obama-speeches-at-fathers-funeral
‘Abbott Elementary’ Star William Stanford Davis Says Mr. Johnson Is A ’10-Dimensional Guy’,William Stanford Davis chats with Blavity's Shadow and Act about the growth and evolution of Mr. Johnson on Abbott Elementary.,blavity.com,2026-03-09,Entertainment,Shanique Yates,https://blavity.com/abbott-elementary-star-william-stanford-davis-says-is-a-10-dimensional-guy
‘Greenleaf’ Alum Merle Dandridge To Star In ‘The Rainmaker’ Season 2 At USA Network,"Merle Dandridge, who starred in Greenleaf on OWN, has been tapped for a role in Season 2 of The Rainmaker on USA Network. Per the exclusive report from Deadline, Dandridge will play Amanda Vonn, “a powerhouse attorney who provides a fresh gateway to power for Sarah (Madison Iseman) and a new kind of adversary for… Continue reading ‘Greenleaf’ Alum Merle Dandridge To Star In ‘The Rainmaker’ Season 2 At USA Network",blavity.com,2026-03-09,Entertainment,Trey Mangum,https://blavity.com/greenleaf-alum-merle-dandridge-to-star-in-the-rainmaker-season-2-at-usa-network
Magic City Night Canceled By The Atlanta Hawks: Here’s What To Know,"The Atlanta Hawks' highly-anticipated, but controversial Magic City night has been canceled.",blavity.com,2026-03-09,News,Tomas Kassahun,https://blavity.com/magic-city-night-canceled-atlanta-hawks
Ari Fletcher Seems To Threaten DJ Akademiks With Future Defamation Suit,Ari Fletcher had a few choice words for DJ Akademiks after he spread gossip about her dating life in one of his recent livestreams.,blavity.com,2026-03-09,News,Jahaura Michelle,https://blavity.com/ari-fletcher-seems-to-threaten-dj-akademiks-with-future-defamation-suit
"This Michigan State Legislator Is Leaving Politics, Democratic Party Over Christianity: ‘Impossible To Be A Faithful Follower’","A Michigan state legislator has announced that she’s leaving her position and withdrawing from politics altogether at the end of her term. She describes the move as rooted in her Christian faith, while her colleagues in the Democratic Party characterize her as shifting toward conservative ideology while failing to show up for her duties as a… Continue reading This Michigan State Legislator Is Leaving Politics, Democratic Party Over Christianity: ‘Impossible To Be A Faithful Follower’",blavity.com,2026-03-08,Politics,Christopher Rhodes,https://blavity.com/michigan-state-rep-karen-whitsett-leaving-democratic-party-christianity
Howard University Athletes No Longer Allowed To Kneel During National Anthem,Howard University's student-athletes are now required to either stand or remain in the locker room during the National Anthem.,blavity.com,2026-03-08,Blavity-U,Kyra Alessandrini,https://blavity.com/howard-athletes-not-allowed-to-kneel-during-national-anthem
What Does Amy Luciani Claim About Dwight Howard? More On Her Shocking Statements About Husband,"Amy Luciani went to Instagram on Saturday and made concerning allegations about her husband, Dwight Howard. The former Love & Hip Hop star recorded herself sitting in a car and told followers that Howard is struggling with drug addiction. Fighting through tears, Luciani also said the alleged addiction is affecting his children. Luciani alleges CPS… Continue reading What Does Amy Luciani Claim About Dwight Howard? More On Her Shocking Statements About Husband",blavity.com,2026-03-08,News,Tomas Kassahun,https://blavity.com/dwight-howard-claims-by-amy-luciani-wife
Who Is Joseph Contreras? Jose Contreras’ 17-Year-Old Son Made A Strong Impression Pitching Against Aaron Judge,Joseph Contreras is living his dream as a 17-year-old baseball star.,blavity.com,2026-03-08,Sports,Tomas Kassahun,https://blavity.com/who-joseph-contreras-jose-son-aaron-jduge
Frito-Lay Chips Recall: This Miss Vickie’s Item Is Impacted,"The Food and Drug Administration has announced a recall for the popular snack, Miss Vickie’s Spicy Dill Pickle Potato Chips.",blavity.com,2026-03-08,News,Tomas Kassahun,https://blavity.com/frito-lay-chips-recall-this-miss-vickies-item-is-impacted
"Diddy May Have Information That Would Exonerate Tupac’s Alleged Murderer Keefe D, Attorneys Claim",Sean 'Diddy' Combs may have testimony that could exonerate late rapper Tupac's alleged murderer Duane 'Keefe D' Davis.,blavity.com,2026-03-07,News,Tomas Kassahun,https://blavity.com/diddy-may-have-information-that-would-absolve-keefe-d-attorneys-claim
‘Tyler Perry’s Joe’s College Road Trip’ Star Amber Reign Smith Says Destiny Understands The History Joe Knows,Amber Reign Smith chats with Blavity's S&A about expanding her imprint in the Tyler Perry universe through 'Joe's College Road Trip.',blavity.com,2026-03-07,Entertainment,Shanique Yates,https://blavity.com/tyler-perrys-joes-college-road-trip-star-amber-reign-smith-on-destiny
Zahirah Zapanta On The Truth Behind Lip-Sync With Mariah Balenciaga And Being ‘Safe-Hirah’ On ‘UK Vs. The World’,"When Zahirah Zapanta entered RuPaul’s Drag Race UK vs. the World Season 3, she was not only returning from RuPaul’s Drag Race Season 6, but she was also returning as one of the show’s walking encyclopedias. Looking to redeem her 10th-place performance from Season 6, she came in the competition ready and knew her competitors… Continue reading Zahirah Zapanta On The Truth Behind Lip-Sync With Mariah Balenciaga And Being ‘Safe-Hirah’ On ‘UK Vs. The World’",blavity.com,2026-03-07,Entertainment,Trey Mangum,https://blavity.com/zahirah-zapanta-on-drag-race-uk-vs-the-world-mariah-lip-sync
"What To Know Before Your 3D Ultrasound: Timing, Costs And Safety",Discover why timing is everything for a 3D ultrasound. Get expert advice on what these scans reveal about your baby’s development and health.,blavity.com,2026-03-06,Conditions &Amp; Care,"Dr. Diana Rangaves, PharmD",https://blavity.com/when-to-get-3d-ultrasound
Everything To Know About The Jazz In The Gardens Music Festival 2026,"Jhené Aiko, Nelly and Ashanti, and Ludacris are set to headline the 2026 Jazz in the Gardens music festival in South Florida.",blavity.com,2026-03-06,News,Shanique Yates,https://blavity.com/what-to-know-about-jazz-in-the-gardens-2026
Somebody’s Lying: WNBA Claims It Wasn’t Profitable Despite Earning $8M,"Last week, the WNBA has turned a profit for the very first time in its 30-year history, bringing in $8 million.",blavity.com,2026-03-06,Opinion,Kahlil Haywood,https://blavity.com/wnba-earns-8-million-profit-for-first-time
"Dorothy Butler Gilliam, Washington Post’s First Black Woman Reporter, Donates $10K To Laid-Off Journalists","Dorothy Butler Gilliam, The Washington Post's first Black woman reporter, is donating $10,000 to laid-off journalists.",blavity.com,2026-03-06,News,Kyra Alessandrini,https://blavity.com/dorothy-butler-gilliam-donates-to-laid-off-washington-post-reporters
Chase Inifiniti Becomes A Rebel In New Trailer For ‘The Handmaid’s Tale’ Spinoff ‘The Testaments’,"Chase Infiniti leads the cast in the new trailer for The Handmaid’s Tale spinoff, The Testaments. Infiniti stars as Agnes, a young girl who seems to believe in the ideals of this radical version of America in which women are chosen as sexual servants for the cultish upper class. A newcomer to her girls’ school,… Continue reading Chase Inifiniti Becomes A Rebel In New Trailer For ‘The Handmaid’s Tale’ Spinoff ‘The Testaments’",blavity.com,2026-03-06,Entertainment,Monique Jones,https://blavity.com/chase-inifiniti-handmaids-tale-spinoff-the-testaments-trailer
‘Drag Race’ Legend Latrice Royale Is The Subject Of ‘Scroll Patrol’ Season 2,"After Season 1 focused on Nicole Paige Brooks (from Atlanta, Georgia), Season 2 of Scroll Patrol on WOW Presents Plus will focus on the legendary Latrice Royale. The Drag Race icon is an alum of RuPaul’s Drag Race Season 4, RuPaul’s Drag Race All Stars Season 1 and RuPaul’s Drag Race All Stars Season 4.… Continue reading ‘Drag Race’ Legend Latrice Royale Is The Subject Of ‘Scroll Patrol’ Season 2",blavity.com,2026-03-06,Entertainment,Trey Mangum,https://blavity.com/drag-race-legend-latrice-royale-is-the-subject-of-scroll-patrol-season-2
"‘Beef’ Drops Season 2 Trailer With Oscar Issac, Charles Melton, Carey Mulligan And Cailee Spaeny In Country Club Battle","The new official trailer for Beef Season 2 on Netflix has a bit of a White Lotus flair as drama swirls around an exclusive country club. Class wars erupt between the characters as two married country club employees become embroiled in the lives of their married managers. That sets the stage for more disruption with… Continue reading ‘Beef’ Drops Season 2 Trailer With Oscar Issac, Charles Melton, Carey Mulligan And Cailee Spaeny In Country Club Battle",blavity.com,2026-03-06,Entertainment,Monique Jones,https://blavity.com/beef-drops-season-2-netflix-trailer
"Who Is Markwayne Mullin, Kristi Noem’s Replacement After Trump Fired Her As DHS Secretary?","President Donald Trump fired Secretary of Homeland Security Kristi Noem on Thursday, nominating Sen. Markwayne Mullin, R-Okla., to take her place. Such a move would put a top Trump ally in charge of policies such as border security, and it would be the latest political step for a Republican politician with a unique story. Markwayne… Continue reading Who Is Markwayne Mullin, Kristi Noem’s Replacement After Trump Fired Her As DHS Secretary?",blavity.com,2026-03-06,Politics,Christopher Rhodes,https://blavity.com/who-is-markwayne-mullin-kristi-noem-replacement-trump-fired-her
Kalshi Insider Trading Probe Results In Beast Industries Firing Video Editor,"Beast Industries, affiliated with YouTuber MrBeast, terminated a video editor following accusations of insider trading with Kalshi.",blavity.com,2026-03-06,News,Jahaura Michelle,https://blavity.com/kalshi-insider-trading-probe-results-in-beast-industries-firing-video-editor
"Julian ‘Juju’ Reese, Angel Reese’s Brother, Records Most Rebounds For NBA Rookie This Season","Juju Reese recorded the most rebounds as a rookie this season, scoring 18 points and made 20 rebounds during the game.",blavity.com,2026-03-06,Sports,Kyra Alessandrini,https://blavity.com/julian-juju-reese-most-rebounds-rookie-nba-season
"Jesse Jackson’s Funeral: Obama, Biden And Dozens Of Other Prominent Leaders Celebrate Life Of Civil Rights Icon","Former Presidents Barack Obama and Joe Biden spoke at Rev. Jesse Jackson's funeral in Chicago on March 6, 2026.",blavity.com,2026-03-06,News,Tomas Kassahun,https://blavity.com/jesse-jackson-funeral-barack-obama-joe-biden-speak
‘BMF’ Star Laila Pruitt Set As Lead In Netflix Series ‘I Suck At Girls’,"Laila Pruitt, who starred in all four seasons of Starz’s BMF, has nabbed one of the three lead roles in the upcoming Netflix series, I Suck at Girls. The comedy series is based on the autobiography of the same name by New York Times bestselling author Justin Halpern. Kayo Martin and Jeremy Ray Taylor have… Continue reading ‘BMF’ Star Laila Pruitt Set As Lead In Netflix Series ‘I Suck At Girls’",blavity.com,2026-03-06,Entertainment,Trey Mangum,https://blavity.com/bmf-star-laila-pruitt-set-as-lead-in-netflix-series-i-suck-at-girls
How Much Is Tyrus Worth? Here’s A Detailed Look At The Wrestling Champ’s Fortune,Tyrus has made a mark in entertainment. Find out about Tyrus' net worth and his impressive financial journey.,blavity.com,2026-03-06,Entertainment,Joseph Peters,https://blavity.com/tyrus-net-worth
Tyler Perry Slams Sexual Assault Allegations Listed In $77M Lawsuit From Mario Rodriguez: ‘No Merit’,"Tyler Perry has denied the sexual assault and battery allegations Mario Rodriguez accused him of in a multimillion-dollar lawsuit the model and actor filed in December. What did Tyler Perry say about the accusations and lawsuit? Perry described Rodriguez’s $77 million complaint as a money grab, stating that the actor’s claims that Perry made unwanted… Continue reading Tyler Perry Slams Sexual Assault Allegations Listed In $77M Lawsuit From Mario Rodriguez: ‘No Merit’",blavity.com,2026-03-06,News,Jahaura Michelle,https://blavity.com/tyler-perry-slams-sexual-assault-allegations-lawsuit-mario-rodriguez
These 4 States Are Placing SNAP Restrictions On Things Like Soda And Candy,"The U.S. Department of Agriculture’s partnership with the Make America Healthy Again initiative is part of the Trump administration’s effort to promote healthy eating for all Americans. On Wednesday, the USDA issued waivers to four states with restrictions on what Supplemental Nutrition Assistance Program recipients can purchase with their benefits. Which states will receive SNAP restriction… Continue reading These 4 States Are Placing SNAP Restrictions On Things Like Soda And Candy",blavity.com,2026-03-06,Politics,Jahaura Michelle,https://blavity.com/snap-purchase-restrictions-states-soda-candy
What’s Daryl Hannah’s Net Worth And What Did She Say About FX’s ‘Love Story’?,Daryl Hannah is unhappy with how she's being portrayed in FX's 'Love Story' seriess. Daryl Hannah and JFK Jr. dated each other from 1988-1994.,blavity.com,2026-03-06,News,Tomas Kassahun,https://blavity.com/what-is-daryl-hannah-net-worth-love-story
Gullah-Geechee Residents On St. Helena Island In SC Get Preliminary Win In Fight Over Access To Cemetery,A group representing the Gullah Geechee people in South Carolina won a partial victory over access to a burial ground where their relatives are laid to rest.,blavity.com,2026-03-06,Politics,Christopher Rhodes,https://blavity.com/gullah-geechee-st-helena-island-preliminary-win-in-cemetery-fight
"‘High Potential,’ ‘Abbott Elementary,’ ‘9-1-1’ And ‘9-1-1: Nashville’ Renewed At ABC","ABC has announced four of its scripted series, 9-1-1, 9-1-1: Nashville, High Potential and Abbott Elementary have been renewed. The news came after Abbott Elementary, in particular, was recently represented by star and creator Quinta Brunson and fellow cast members at the SAG’s 2026 Actor Awards. 9-1-1 and 9-1-1: Nashville are both executive produced in… Continue reading ‘High Potential,’ ‘Abbott Elementary,’ ‘9-1-1’ And ‘9-1-1: Nashville’ Renewed At ABC",blavity.com,2026-03-06,Entertainment,Monique Jones,https://blavity.com/high-potential-abbott-elementary-911-renewed-abc
"‘Boarders’ Drops Trailer For Third And Final Season, New Cast Members Set For BBC/Tubi Series","It might be the final season of BBC/Tubi’s Boarders, but the series is still welcoming the new by bringing in new characters for another year at St. Gilbert’s. Tubi previously announced the upcoming third season of Boarders will be its last. The new trailer also shows how the characters are stressing out about the end… Continue reading ‘Boarders’ Drops Trailer For Third And Final Season, New Cast Members Set For BBC/Tubi Series",blavity.com,2026-03-06,Entertainment,Monique Jones,https://blavity.com/boarders-tubi-bbc-trailer-for-third-final-season
"Jon Hamm, Dave Franco And More Praise SZA For ‘Hoppers’ Movie Song ‘Save The Day’","The cast and crew of Disney and Pixar’s Hoppers are all SZA fans, including fellow St. Louis native Jon Hamm, but the film’s biggest admirer might just be director Daniel Chong. The animated film follows a young girl named Mabel (Piper Curda), who uses new technology to “hop” her consciousness into a robotic beaver in… Continue reading Jon Hamm, Dave Franco And More Praise SZA For ‘Hoppers’ Movie Song ‘Save The Day’",blavity.com,2026-03-06,Entertainment,Monique Jones,https://blavity.com/hoppers-movie-cast-on-sza-song-in-film-jon-hamm-dave-franco-piper-curda
Is Gayle King Staying Officially Staying With CBS News? Here’s What We Know,"After months of speculation, Gayle King will remain with CBS News. The network and King confirmed the news, which adds an element of continuity to CBS News at a time when the network has seen major changes, some of which have been unwelcome by insiders and viewing audiences. CBS declares, ‘There’s only one Gayle King,’… Continue reading Is Gayle King Staying Officially Staying With CBS News? Here’s What We Know",blavity.com,2026-03-05,News,Christopher Rhodes,https://blavity.com/is-gayle-king-staying-officially-staying-with-cbs-news
Jasmine Crockett’s Pastor Frederick Haynes III Wins Primary To Replace Her In Congress,"A new face is poised to take the place of Democratic Rep. Jasmine Crockett in representing the Dallas area in the House of Representatives next year. Based on Tuesday’s primary result, that face will be someone very familiar to Crockett and many of the city’s churchgoers. Frederick Haynes III easily wins the Democratic primary for… Continue reading Jasmine Crockett’s Pastor Frederick Haynes III Wins Primary To Replace Her In Congress",blavity.com,2026-03-05,Politics,Christopher Rhodes,https://blavity.com/jasmine-crocketts-pastor-frederick-haynes-iii-wins-primary-to-replace-her-in-congress
"‘Frankly, I’m Tired Y’all’: ‘CBS Mornings’ EP Shawna Thomas To Leave After 5 Years","One day after Gayle King announced she would return to ‘CBS Mornings,’ executive producer Shawna Thomas announced she will be leaving.",blavity.com,2026-03-05,News,Christopher Rhodes,https://blavity.com/cbs-mornings-producer-shawna-thomas-to-leave
T.I. Responds After Son King Harris Wears Shirt With 50 Cent’s Mother Amid Escalating Feud,T.I. says his son King went too in his ongoing feud with 50 Cent when King wore a shirt with 50 Cent's dead mother on it.,blavity.com,2026-03-05,News,Jahaura Michelle,https://blavity.com/ti-says-son-king-went-too-far-50-cent-feud
Sen. Tim Sheehy And Police’s Forced Removal Of Marine Vet And Senate Candidate Results In Reportedly Broken Arm,"Republican Sen. Tim Sheehy, who acted to physically remove protester and Marine veteran Brian McGinnis, is being celebrated by conservatives and condemned by others who accuse the lawmaker of assault.",blavity.com,2026-03-05,Politics,Christopher Rhodes,https://blavity.com/tim-sheehy-brian-mcginnis-reportedly-broken-arm-marine-vet
Who Is Corey Lewandowski? Kristi Noem Fired Following Tense Congressional Hearing,"Kristi Noem is out as Homeland Security secretary following being grilled by Democrats and some Republicans during two days of contentious congressional hearings. Among accusations of financial mismanagement and impropriety, Noem was questioned about the nature of her relationship with a political aide, drawing the controversial Republican advisor into the spotlight. Noem questioned over possible… Continue reading Who Is Corey Lewandowski? Kristi Noem Fired Following Tense Congressional Hearing",blavity.com,2026-03-05,Politics,Christopher Rhodes,https://blavity.com/who-is-corey-lewandowski-kristi-noem-fired
The Essential Guide To Navigating Insurance For Your Breast Lift,A breast lift isn’t always just cosmetic. Learn how chronic pain or post-weight loss issues might qualify you for insurance coverage.,blavity.com,2026-03-05,Cost &Amp; Coverage,"Dr. Diana Rangaves, PharmD",https://blavity.com/does-insurance-cover-breast-lift
Blair Underwood On Baring All In ‘Uncensored’ After 40 Years Of Primarily Keeping Work And Life Separate,"Blair Underwood has been a leading man for more than 40 years. The veteran actor has crossed genres and broken barriers through his roles, and he’s now opening up about his life and career in TV One’s latest episode of Uncensored. For the first time, the actor, husband and father shares deeply personal reflections about… Continue reading Blair Underwood On Baring All In ‘Uncensored’ After 40 Years Of Primarily Keeping Work And Life Separate",blavity.com,2026-03-05,Entertainment,Brenda Alexander,https://blavity.com/blair-underwood-tv-one-uncensored-episode
"CIAA Has Helped Revitalize Baltimore: Mayor Brandon Scott, Gov. Wes Moore Explain The City’s Renaissance","For decades, Baltimore has often gotten an unfairly bad rap in the media, but ask any resident, and they’ll rebuke that notion. Outside of programs like The Wire, at least in pop culture, there hasn’t been much representation of Baltimore. And while the HBO drama remains a beloved series, its focus wasn’t necessarily positive. There’s… Continue reading CIAA Has Helped Revitalize Baltimore: Mayor Brandon Scott, Gov. Wes Moore Explain The City’s Renaissance",blavity.com,2026-03-05,Blavity-U,Brenda Alexander,https://blavity.com/ciaa-baltimore-revitalization-brandon-scott-wes-moore
Henrietta Lacks’ Family Reaches Settlement With Pharmaceutical Company Over Stolen Cells,"Henrietta Lacks' family reached a settlement with Novartis. Lacks' cells were taken without her consent, leading to many medical advancements.",blavity.com,2026-03-05,News,Kyra Alessandrini,https://blavity.com/henrietta-lacks-family-reaches-settlement-novartis
Keith Lee’s First Restaurant Investment Is In Brooklyn Dumpling Shop,"Brooklyn Dumpling Shop is poised to get the Keith Lee effect. The growing Asian-inspired fusion brand known for its bites, bowls and boba announced Tuesday that the food critic has signed on as an investor, calling the partnership a “major milestone” in its ongoing expansion and cultural momentum. The move marks Lee’s first business investment.… Continue reading Keith Lee’s First Restaurant Investment Is In Brooklyn Dumpling Shop",blavity.com,2026-03-05,Culture,Kui Mwai,https://blavity.com/keith-lees-first-restaurant-investment-is-in-brooklyn-dumpling-shop
‘The Boys’ Endgame Is Near In The Fifth And Final Season’s First Trailer,"The first trailer for the fifth and final season of The Boys on Prime Video has dropped. The irreverent superhero dark dramedy will begin to wrap its run next month. As we know, Homelander is essentially controlling the government, and as indicated in the Season 2 finale for spinoff Gen V, A-Train is joining Starlight… Continue reading ‘The Boys’ Endgame Is Near In The Fifth And Final Season’s First Trailer",blavity.com,2026-03-05,Entertainment,Trey Mangum,https://blavity.com/the-boys-endgame-is-near-in-the-fifth-and-final-seasons-first-trailer
The Power Of The Pixie Cut For Black Women,"The pixie cut has become synonymous with unlocking a new chapter of womanhood for Black women, from Quinta Brunson to Rihanna.",blavity.com,2026-03-05,Fashion,Tayler Adigun,https://blavity.com/the-power-of-the-pixie-cut-for-black-women
Talarico Defeats Crockett In Texas Senate Primary; Democrats Say Voter Suppression Resulted In Hundreds Turned Away At Polls,Hundreds of Texas voters were turned away from their usual polling stations during the Texas Senate primary due to rule changes made by the Republican Party.,blavity.com,2026-03-04,Politics,Christopher Rhodes,https://blavity.com/james-talarico-defeats-crockett-in-texas-senate-primary
"Kristi Noem’s Leadership Called A ‘Disaster’ By Thom Tillis As She Defends Calling Renee Nicole Good, Alex Pretti ‘Domestic Terrorists’",Kristi Noem defended calling Renee Nicole Good and Alex Pretti 'domestic terrorists' during a heated Senate hearing on March 4.,blavity.com,2026-03-04,Politics,Jahaura Michelle,https://blavity.com/kristi-noems-leadership-called-a-disaster-by-thom-tillis
"$5,181 Social Security Payments And More: What To Know About This Week’s Checks","The Social Security Administration will send payments to millions of Americans this week, with the dates varying based on specific factors related to each recipient. More than 70 million Americans receive Social Security, as the benefits can be the only source of income for retirees, disabled people and those receiving survivors’ benefits from deceased partners.… Continue reading $5,181 Social Security Payments And More: What To Know About This Week’s Checks",blavity.com,2026-03-04,News,Jahaura Michelle,https://blavity.com/social-security-payments-march-2026-first-week
"Ray J’s Mother, Sonja Norwood, Gives Update On His Health:","Sonja Norwood, the mother of singer and songwriter Ray J, is opening up about her son's health condition.",blavity.com,2026-03-04,News,Tomas Kassahun,https://blavity.com/ray-js-mother-sonja-norwood-gives-update-on-his-health
"‘Reminders Of Him’s Big Moments Teased By Tyriq Withers, Maika Monroe And Rudy Pankow","Ahead of release, the cast of Reminders of Him is opening up about the emotional weight behind their characters and the moments in the story that left the biggest impact. In a cast interview with Blavity’s Shadow and Act, Maika Monroe, Tyriq Withers and Rudy Pankow recently reflected on the scenes and character journeys that… Continue reading ‘Reminders Of Him’s Big Moments Teased By Tyriq Withers, Maika Monroe And Rudy Pankow",blavity.com,2026-03-04,Entertainment,Trey Mangum,https://blavity.com/reminders-of-him-big-moments-teased-tyriq-withers-maika-monroe-rudy-pankow
‘Lanterns’ Trailer: HBO DC Series Sees Aaron Pierre And Kyle Chandler In Power Struggle While Investigating An Intergalactic Crime,"Aaron Pierre and Kyle Chandler are investigating a mystery of interstellar proportions in the first teaser trailer for HBO’s Lanterns. The trailer below stars with John Stewart (Pierre) and Hal Jordan (Chandler) talking about whether John is ready for the full responsibilities of the ring. Then, as we saw in the HBO footage from its… Continue reading ‘Lanterns’ Trailer: HBO DC Series Sees Aaron Pierre And Kyle Chandler In Power Struggle While Investigating An Intergalactic Crime",blavity.com,2026-03-04,Entertainment,Monique Jones,https://blavity.com/lanterns-trailer-hbos-dc-series-aaron-pierre-kyle-chandler
‘The Bride!’ Star Christian Bale On Frank’s Approach To Love And Building His Internal History,"Christian Bale is opening up about the emotional depth behind his character in The Bride!, Maggie Gyllenhaal’s reimagining of the classic monster story. During our cast interview, Bale told Blavity’s Shadow and Act that what drew him to the film was its originality. “That’s what everybody wants. You just want something that’s original, something that… Continue reading ‘The Bride!’ Star Christian Bale On Frank’s Approach To Love And Building His Internal History",blavity.com,2026-03-04,Entertainment,Trey Mangum,https://blavity.com/the-bride-star-christian-bale-on-franks-approach
Run for Your Life: Meet The Sneaker Built To Support More Than Just Your Stride,"Explore how running can transform your body and mindset, turning it into a thrilling lifestyle choice for many.",blavity.com,2026-03-04,Branded Content,Tai Saint-Louis,https://blavity.com/nike-structure-plus-running-shoe
"‘The Secret Between Us’ Starring Michael Jai White, Lisa Arrindell, Victoria Rowell And More, Sets Theatrical Release","The Secret Between Us, a film detailing a family working through redemption and forgiveness, has set its theatrical release date. Starring Michael Jai White and Lisa Arrindell, produced by Tamera Hill’s Hidden Gems Entertainment, and executive produced by singer Keith Sweat, The Secret Between Us follows a seemingly honorable man who seems like the last… Continue reading ‘The Secret Between Us’ Starring Michael Jai White, Lisa Arrindell, Victoria Rowell And More, Sets Theatrical Release",blavity.com,2026-03-04,Entertainment,Monique Jones,https://blavity.com/the-secret-between-us-starring-michael-jai-white-lisa-arrindell
"Primaries In Texas And NC Boost Senate Swing Hopes, Leave Republicans Fighting for Seats And Pit Some Dems Against Each Other","Primary races in North Carolina and Texas for House and Senate seats led to expected victories, surprising upsets and political stalemates.",blavity.com,2026-03-04,Politics,Christopher Rhodes,https://blavity.com/texas-democratic-primary-north-carolina-al-green-roy-cooper
Why Your Astigmatism Is Actually Progressing,"From eye strain to rubbing your eyes, discover the real reasons why astigmatism worsens and how to protect your sight daily.",blavity.com,2026-03-04,Conditions &Amp; Care,Dorian Smith-Garcia,https://blavity.com/what-causes-astigmatism-to-worsen
Tessa Thompson To Star In Netflix And A24 Dark Comedic Thriller Series ‘Next Door’,"Fresh from Tessa Thompson’s recent Netflix success with the crime drama His & Hers, Thompson is headed back to the streaming service for another high-level project. According to Deadline, Thompson is set to star in Next Door, a thriller series created by Love Life creator Sam Boyd and A24. Per the report, the series is… Continue reading Tessa Thompson To Star In Netflix And A24 Dark Comedic Thriller Series ‘Next Door’",blavity.com,2026-03-03,Entertainment,Monique Jones,https://blavity.com/tessa-thompson-to-star-in-netflix-and-a24-dark-comedic-thriller-series-next-door
"The True Story Behind HBO’s ‘The Alabama Solution,’ Its Shocking, Oscar Buzzy Doc",‘The Alabama Solution’ is a 2025 documentary that uncovers the violence and inhumanity at the core of Alabama's penal system.,blavity.com,2026-03-03,Entertainment,Kui Mwai,https://blavity.com/the-true-story-behind-the-alabama-solution
Lauren Boebert Asks Hillary Clinton About ‘Pizzagate’ Conspiracy Theory During Epstein Deposition,"Details of the closed-door depositions of Bill and Hillary Clinton concerning Jeffrey Epstein are now being made public with the release of videos from the Clintons’ testimonies. The newly released House recordings show Hillary Clinton, a long-time target of Republicans, having contentious and sometimes bizarre arguments with GOP representatives during her deposition. Colorado Rep.",blavity.com,2026-03-03,Politics,Christopher Rhodes,https://blavity.com/lauren-boebert-asks-hillary-clinton-about-pizzagate-epstein-deposition
Does ‘Wonder Man’ Have A Post-Credit Scene? What You Need To Know,"Yahya Abdul-Mateen II shines in the ‘Wonder Man’ finale, but the lack of a post-credits scene has fans talking.",blavity.com,2026-03-03,Entertainment,Tyler-Christian Daniels,https://blavity.com/wonder-man-post-credit-scene
"Caleb Wilson, Who Died After Alleged Omega Psi Phi Hazing Incident, Will Be Awarded Posthumous Degree By Southern University","Caleb Wilson, who died after an alleged fraternity hazing incident, will be awarded a posthumous degree by Southern University.",blavity.com,2026-03-03,Blavity-U,Kyra Alessandrini,https://blavity.com/caleb-wilson-alleged-hazing-incident-awarded-posthumous-degree
McDonald’s CEO Goes Viral For His Review Of Big Arch Burger,McDonald’s CEO Chris Kempczinski has gone viral for trying out the Big Arch burger and posting his awkward review online.,blavity.com,2026-03-03,News,Kyra Alessandrini,https://blavity.com/mcdonalds-ceo-eats-burger-big-arch
"‘Magic City’ Night From Atlanta Hawks Gets Criticism From Spurs Player Luke Cornet, Sparking Discourse","A planned promotional night by Atlanta’s NBA franchise for the city’s most famous strip club has drawn objections from one professional basketball player, who thinks the event will send the wrong message concerning the league’s respect for women. Now, his social media post has sparked online discussions about misogyny, sex work, race, culture and potential… Continue reading ‘Magic City’ Night From Atlanta Hawks Gets Criticism From Spurs Player Luke Cornet, Sparking Discourse",blavity.com,2026-03-03,News,Christopher Rhodes,https://blavity.com/luke-cornet-atlanta-hawks-magic-city-night
Navigating Tummy Tuck Recovery And Potential Risks,"Discover the top warning signs after a tummy tuck, including signs of infection, blood clots and tissue necrosis.",blavity.com,2026-03-03,Conditions &Amp; Care,"Dr. Diana Rangaves, PharmD",https://blavity.com/warning-signs-after-tummy-tuck
"‘Tyler Perry’s Where There’s Smoke’ Firefighter Drama Series Set At Netflix With Tyler Lepley, Da’Vinchi And 9 More","Tyler Perry has set his latest Netflix series, the firefighter drama series Tyler Perry’s Where There’s Smoke, with Tyler Lepley, Mike Merrill and Da’Vinchi set to star. Lepley will play Owen, Merrill will play Cameron and Da’Vinchi will play Noah. Other stars include Eltony Williams as Jermaine, Brock O’Hurn as Ethan, Joe Hunter as Chief… Continue reading ‘Tyler Perry’s Where There’s Smoke’ Firefighter Drama Series Set At Netflix With Tyler Lepley, Da’Vinchi And 9 More",blavity.com,2026-03-03,Entertainment,Trey Mangum,https://blavity.com/tyler-perrys-where-theres-smoke-firefighter-drama-series-set-at-netflix
"‘Tyler Perry’s Miss Governor’ Canceled After One Season, Says Terri J. Vaughn","Tyler Perry’s Miss Governor has been cancelled after one season at Netflix, according to star Terri J. Vaughn. She made an Instagram video discussing the cancellation, saying, “I’ve actually known this for some time but just kind of been sitting with it, letting myself just feel it and deal with it on my own.” “I… Continue reading ‘Tyler Perry’s Miss Governor’ Canceled After One Season, Says Terri J. Vaughn",blavity.com,2026-03-03,Entertainment,Monique Jones,https://blavity.com/tyler-perrys-miss-governor-canceled-after-one-season-says-terri-j-vaughn
Smoothie King Workers Fired After Allegedly Denying Service To Couple Over Trump Shirt,Two Smoothie King employees were fired for refusing to serve a couple because the husband wore clothing with Donald Trump's name on it.,blavity.com,2026-03-03,News,Jahaura Michelle,https://blavity.com/smoothie-king-workers-fired-for-denying-service-to-couple-over-trump-shirt
Michael B. Jordan Wins Best Actor At SAG’s Actor Awards As ‘Sinners’ Takes Ensemble And Ryan Coogler Makes History Again,"Michael B. Jordan scored his first major win of awards season, and arguably the biggest award win of his career so far, as he took home Outstanding Performance by a Male Actor in a Leading Role at Sunday night’s SAG Actor Awards. The win gives the Sinners star steam as he heads into the Oscars.… Continue reading Michael B. Jordan Wins Best Actor At SAG’s Actor Awards As ‘Sinners’ Takes Ensemble And Ryan Coogler Makes History Again",blavity.com,2026-03-02,Entertainment,Trey Mangum,https://blavity.com/michael-b-jordan-sag-actor-awards-win-sinners-ensemble
"Charlie Kirk, Who Called Higher Ed A Scam And Dropped Out Of College, Has A Banner At Department Of Education Next To Booker T. Washington","The U.S. Department of Education drew criticism after hanging a banner of late far-right commentator Charlie Kirk among historical figures outside its headquarters building in Washington, D.C., to commemorate the nation’s 250th anniversary and contributions to American education. Why was Charlie Kirk’s image used alongside notable educators?",blavity.com,2026-03-02,News,Jahaura Michelle,https://blavity.com/charlie-kirk-banner-department-of-education
More Than 230 Black Boys Buried At Abandoned Maryland Site Spur Lawmakers To Propose New Legislation,A new legislation proposed by Maryland lawmakers may reveal the causes of death of hundreds of Black boys who died under state custody and whose remains were buried at an abandoned grave site. Details on the grave site and the state facility where the children were held Researchers at Georgetown University made the shocking discovery… Continue reading More Than 230 Black Boys Buried At Abandoned Maryland Site Spur Lawmakers To Propose New Legislation,blavity.com,2026-03-02,News,Jahaura Michelle,https://blavity.com/maryland-lawmakers-probe-black-boys-buried-maryland-site
How To Prevent Beard Burn And Protect Your Partner’s Skin,"From soothing redness to the best calming serums, here is how to treat beard burn without killing the mood.",blavity.com,2026-03-02,Conditions &Amp; Care,"Dr. Diana Rangaves, PharmD",https://blavity.com/beard-burn
Affirmations and Journaling Prompts to Survive Mercury Retrograde,"Prepare for glitches, delays, and malfunctions. Here are affirmations and journaling prompts to make the most out of Mercury retrograde.",blavity.com,2026-03-02,Astrology,Jazmin Kylene,https://blavity.com/mercury-retrograde-journaling-prompts
"‘Scary Movie 6’ Trailer With Marlon Wayans, Shawn Wayans, Regina Hall And Anna Faris Spoofs ‘Weapons,’ Sinners’ And More","After it played in theaters and leaked online shortly after (including a post Marlon Wayans himself), the official trailer for Scary Movie 6 has been offiically released by Paramount. The film sees the core four of Marlon Wayans, Shawn Wayans, Anna Faris and Regina Hall return for another installment to parody horror films. It also… Continue reading ‘Scary Movie 6’ Trailer With Marlon Wayans, Shawn Wayans, Regina Hall And Anna Faris Spoofs ‘Weapons,’ Sinners’ And More",blavity.com,2026-03-02,Entertainment,Trey Mangum,https://blavity.com/scary-movie-6-trailer-officially-released
DraftBarronTrump.com Website Set Up By Former ‘South Park’ Writer To Troll Trump,"Former South Park writer Toby Morton suggested for Donald Trump to send his own son, Barron, to fight against Iran.",blavity.com,2026-03-02,Politics,Tomas Kassahun,https://blavity.com/draft-barron-trump-website
Trump’s Rash: What’s Going On Around His Neck And What Did The White House Say?,The White House has released a statement tied to the red rash on Donald Trump's neck.,blavity.com,2026-03-02,Politics,Tomas Kassahun,https://blavity.com/trump-neck-rash-white-house
"‘DTF St. Louis’ Cast Explores Middle-Aged Desire, Deception And Murder In HBO’s Dark Suburban Dramedy",The cast of 'DTF St. Louis' discusses the deception that lies ahead in the new HBO dramatic comedy created by Steven Conrad.,blavity.com,2026-03-01,Entertainment,Shanique Yates,https://blavity.com/dtf-st-louis-cast-on-hbo-dark-dramedy
Athena Dion On Wanting Emotional ‘Drag Race’ Lip Sync To Be ‘Less Painful’ For Juicy Love Dion And Remembering Gabe Lopez,"The annual Rusical challenge claimed another queen; this year, it was RuPaul’s Drag Race Season 18 contestant Athena Dion. Dion was still audibly upset when Blavity caught up with her to discuss her emotional lip sync against her drag granddaughter, Juicy Love Dion. She said she was in denial about what was ahead of her… Continue reading Athena Dion On Wanting Emotional ‘Drag Race’ Lip Sync To Be ‘Less Painful’ For Juicy Love Dion And Remembering Gabe Lopez",blavity.com,2026-03-01,Entertainment,Monique Jones,https://blavity.com/drag-race-season-18-rusical-episode-elimination-lip-sync-athena-dion
Jayme Lawson Of ‘Sinners’ Goes Viral For Response When Asked About BAFTAs N-Word Incident On NAACP Image Awards Carpet,Actress Jayme Lawson is speaking up about the racist incident that happened recently at the BAFTA Awards.,blavity.com,2026-03-01,News,Tomas Kassahun,https://blavity.com/jayme-lawson-viral-response-about-baftas-n-word
Melania Trump Doc Was Refused Music Use By Prince And Grace Jones’s Estates,"The Amazon Studios documentary Melania, chronicling Melania Trump’s return to the White House as First Lady, has faced numerous controversies, ranging from its hefty price tag to disputes about how to judge its box office performance. Now, one of Melania‘s producers is revealing that the film was divisive within the music industry as well, with… Continue reading Melania Trump Doc Was Refused Music Use By Prince And Grace Jones’s Estates",blavity.com,2026-03-01,Politics,Christopher Rhodes,https://blavity.com/melania-trump-doc-was-refused-music-use-by-prince-and-grace-joness-estates
