title,description,source,date_of_publication,category,author,link
‘A Fight Ahead’: Black Voters Face Fallout From U.S. Supreme Court Decision,"Advocates say that the decision could ramp up efforts to dismantle majority-Black congressional districts, reshaping political power for years to come.",capitalbnews.org,2026-04-30,Elections,Brandon Tensley,https://capitalbnews.org/supreme-court-voting-rights-act-black-voters/
"After 8 Children Die, Survivors Reveal How Louisiana Normalizes Partner Violence","A mass shooting in Shreveport's Cedar Grove neighborhood reveals how poverty, policing, and guns combine to trap Black families with abusers.",capitalbnews.org,2026-04-30,Gun Violence,Adam Mahoney,https://capitalbnews.org/shreveport-louisiana-domestic-violence-culture/
Supreme Court Ruling Threatens Black Voting Power Beyond Louisiana,"Wednesday’s decision struck down a district in the Bayou State, finding that the map “is an unconstitutional gerrymander.”",capitalbnews.org,2026-04-29,News,Brandon Tensley,https://capitalbnews.org/louisiana-v-callais-supreme-court-majority-black-district/
"For 35 Years, This Black Town in Illinois Has Been Told Its Sewage Crisis Isn’t Real",Residents proved their tap water carries sewage and bacteria. Federal funding dried up anyway.,capitalbnews.org,2026-04-28,Politics & Policy,Adam Mahoney,https://capitalbnews.org/cahokia-heights-water-crisis-sewage-tap-water/
Black Farmers Aren’t Waiting on Washington to Save Them,"In rural America, growers are gathering for community while building partnerships to expand their operations.",capitalbnews.org,2026-04-27,Black Farmers,Aallyah Wright,https://capitalbnews.org/black-farmers-usda-cuts-community-support/
What Recent Killings of Black Women Reveal About a Growing Crisis,The deaths of Cerina Fairfax and Nancy Metayer Bowen point to an epidemic that has persisted for decades.,capitalbnews.org,2026-04-27,Criminal Justice,Jonathan Franklin,https://capitalbnews.org/black-women-domestic-violence-crisis/
Black Teens Called ‘Radioactive’ as D.C. Cuts Programs Meant to Help Them,"As the City Council votes to advance a permanent youth curfew, advocates say the real problem isn’t being addressed.",capitalbnews.org,2026-04-24,Culture,Alecia Taylor,https://capitalbnews.org/dc-youth-curfew-teen-takeover/
"Virginia’s Redistricting Vote Was About Representation, Power, and History","After weeks of wall-to-wall campaigning, Virginians approved a new House map — but now it faces a legal hurdle.",capitalbnews.org,2026-04-23,Elections,Brandon Tensley,https://capitalbnews.org/virginia-redistricting-vote-black-political-power/
Atlanta’s ‘Cop City’ Makes a Black Neighborhood a Testing Lab for AI Policing,"In America’s most surveilled city, a community loses forest land and gains a network of AI-enabled cameras.",capitalbnews.org,2026-04-22,Climate Change,"Adam Mahoney, Madeline Thigpen",https://capitalbnews.org/atlanta-cop-city-ai-policing-black-community/
A Sudden Resignation Leaves Florida’s Blackest Congressional District in Limbo,U.S. Rep. Sheila Cherfilus-McCormick represented Florida’s 20th Congressional District since 2022 and stepped down amid an ethics investigation.,capitalbnews.org,2026-04-21,News,Brandon Tensley,https://capitalbnews.org/a-sudden-resignation-leaves-floridas-blackest-congressional-district-in-limbo/
Shreveport Mass Shooting of 8 Children Exposes Toll of Domestic Violence,"A 31-year-old father killed the children in a domestic violence rampage, revealing deep gaps in mental health care and gun violence in Louisiana.",capitalbnews.org,2026-04-20,Gun Violence,Adam Mahoney,https://capitalbnews.org/shreveport-domestic-rampage-kills-8/
"In New Orleans, Black Cowboy Tradition Collides With Prison Rodeo Spectacle","As Angola’s prison rodeo debuts in the Superdome, Black riders in the city fight to preserve a tradition free from cages, cotton, and coerced labor.",capitalbnews.org,2026-04-17,History,Adam Mahoney,https://capitalbnews.org/angola-prison-rodeo-new-orleans-black-cowboys/
Trump’s Clash With the Pope Is Raising Alarm in Black Churches,"“We serve a God who believes in peace and love, but you have an administration pushing war and hate,” a Chicago faith leader says.",capitalbnews.org,2026-04-16,Politics & Policy,Brandon Tensley,https://capitalbnews.org/black-faith-leaders-trump-pope-leo/
"Justin Fairfax, Once a Rising Political Star, Kills Wife in Murder-Suicide","The investigation is ongoing, but authorities say the shooting seems to be related to a “complicated or messy divorce.”",capitalbnews.org,2026-04-16,Criminal Justice,Brandon Tensley,https://capitalbnews.org/who-is-justin-fairfax-virginia-shooting/
"In Rural Mississippi, a Black Town Bets on New Homes to Build Wealth","In Jonestown, an all-Black town, elders are helping to build housing and youth activities, but want more community support.",capitalbnews.org,2026-04-15,Economic Development,Aallyah Wright,https://capitalbnews.org/jonestown-mississippi-new-home-development-challenges/
Railroad Wins Appeal to Take Generations-Old Land in Rural Georgia,Residents in Sparta have been fighting for years to protect their property from being seized through eminent domain.,capitalbnews.org,2026-04-15,Economic Development,Aallyah Wright,https://capitalbnews.org/georgia-court-sparta-railroad-land-seizure/
Residents Say Musk’s AI Supercomputer Is a ‘Death Sentence’ for Memphis Communities,"A federal lawsuit claims xAI secretly fired up dozens of gas turbines, pumping smog and cancer‑linked chemicals into Black neighborhoods to fuel its growth.",capitalbnews.org,2026-04-15,Environmental Justice,Adam Mahoney,https://capitalbnews.org/elon-musk-xai-naacp-black-neighborhoods-pollution/
Louisiana Might Eliminate This Black Elected Official’s Job Before He Can Start It,Calvin Duncan had been sentenced to life behind bars before he was exonerated and won a position that would allow him to tackle criminal justice reform.,capitalbnews.org,2026-04-14,Politics & Policy,Brandon Tensley,https://capitalbnews.org/calvin-duncan-new-orleans-criminal-district-clerk/
Michael Jackson’s Hometown Welcomes Film Screening Before World,"Thousands gathered in in Gary, Indiana, for an emotional screening of a biopic of the music legend.",capitalbnews.org,2026-04-14,Arts & Entertainment,Rayonna Burton-Jernigan,https://capitalbnews.org/michael-jackson-biopic-gary-premiere/
HBCUs Say They Stand to Lose Out if College Athlete Pay Rules Don’t Change,Grambling State University’s vice president of athletics urged Congress to create a national law as questions grow about the current system.,capitalbnews.org,2026-04-13,Hbcus,Alecia Taylor,https://capitalbnews.org/hbcus-say-they-stand-to-lose-out-if-college-athlete-pay-rules-dont-change/
Astronaut Victor Glover Jr. Returns From History-Making Mission to the Moon,"The first Black astronaut to travel around the moon said his 10-day voyage is ""about human history.""",capitalbnews.org,2026-04-11,Science,Capital B Staff,https://capitalbnews.org/victor-glover-astronaut-moon-mission/
Black Service Members Warn Military Is Moving Backward,"Military service has long been seen as a means of upward mobility for Black Americans, but recent actions raise questions about inclusion.",capitalbnews.org,2026-04-10,Equity,Brandon Tensley,https://capitalbnews.org/military-diversity-hegseth/
Colorado Ranchers Fear For Their Lives After Shooting On Farm,"After years of facing harassment, the Mallerys say they are still experiencing it.",capitalbnews.org,2026-04-09,Black Farmers,Aallyah Wright,https://capitalbnews.org/black-colorado-ranchers-harassment/
How to Find Black Farmers in Your Area and Support Them,Answers to your questions about how to shop local as the federal government continues to eliminate resources for Black farmers.,capitalbnews.org,2026-04-09,Black Farmers,Aallyah Wright,https://capitalbnews.org/support-black-farmers-after-usda-cuts/
Black Americans Warn Trump’s Threat to Iran Risks Dangerous Escalation,Some are calling the president’s comment a threat of “war crimes” and that “it’s time to use the 25th Amendment” to remove him from office.,capitalbnews.org,2026-04-07,Politics & Policy,"Brandon Tensley, Adam Mahoney",https://capitalbnews.org/trump-iran-threat-black-lawmakers-react/
"In Roseland, Black Residents Were Told They Were Safe as Toxic Chemicals Spread",Newly released tests and documents in the Louisiana town contradict government reassurances and are fueling protest.,capitalbnews.org,2026-04-07,Politics & Policy,Adam Mahoney,https://capitalbnews.org/roseland-toxic-explosion-cover-up-health-risks/
Some Black Women Say the Best Thing They Did for Their Health Was Leave America,"Germany’s universal health care system, though far from perfect, has become a refuge for those seeking care and stability.",capitalbnews.org,2026-04-06,Black Migration,Jenae Barnes,https://capitalbnews.org/black-americans-germany-health-care-expats/
2 Live Crew’s Uncle Luke Is Running for Congress and Calling Out Black Trump Supporters,The trailblazer of Southern rap has moved from pushing cultural boundaries and buttons to demanding political accountability.,capitalbnews.org,2026-04-02,Politics & Policy,Brandon Tensley,https://capitalbnews.org/2-live-crew-uncle-luke-florida-congress-run/
A Financial Crisis Could Upend Kentucky’s Only Public HBCU,A bill quickly moving through the Kentucky General Assembly would give the state a stake in the school's operations.,capitalbnews.org,2026-04-01,Hbcus,Alecia Taylor,https://capitalbnews.org/kentucky-state-university-state-takeover-senate-bill-185/
"As USDA Cuts $300 Million, Black Farmers Say They Can’t Rely on the Government","The department nixed a Biden-era program meant to help underserved producers with access to land, capital, and markets.",capitalbnews.org,2026-04-01,Black Farmers,Aallyah Wright,https://capitalbnews.org/usda-ends-300-million-program-black-farmers/
The Supreme Court Fight That Could Unravel Who Gets to Be American,"A case could upend a constitutional guarantee rooted in Reconstruction, raising concerns about rights long seen as settled.",capitalbnews.org,2026-03-31,History,Brandon Tensley,https://capitalbnews.org/supreme-court-birthright-citizenship-case/
An Oil Explosion in a Black Texas Town Traces Back to Trump's Iran and Venezuela Crises,"“The chickens have come home to roost,” one resident said. “Our exact fears have come true.”",capitalbnews.org,2026-03-30,Air Pollution,Adam Mahoney,https://capitalbnews.org/port-arthur-refinery-explosion-venezuela-oil/
"After Breaking Barriers, Fisk Is Ending Its Gymnastics Program",The team will take its final bow at this year's national competition after a three-year run.,capitalbnews.org,2026-03-27,Hbcus,Alecia Taylor,https://capitalbnews.org/first-hbcu-gymnastics-fisk-final-meet/
"This Black Town Has E. Coli in Its Drinking Water, but Feds Just Cut Support","Cahokia Heights, ​a Black Illinois community, was already drowning in sewage. Now it faces the loss of crucial federal repair money.",capitalbnews.org,2026-03-26,Politics & Policy,Adam Mahoney,https://capitalbnews.org/cahokia-heights-sewage-flooding-e-coli-tap-water/
U.S. Votes No as UN Calls Slave Trade ‘Gravest Crime’ and Backs Reparations,"Global leaders are moving toward reparations, but U.S. opposition leaves Black Americans fighting that battle largely on their own.",capitalbnews.org,2026-03-26,History,Adam Mahoney,https://capitalbnews.org/us-votes-against-un-resolution-slavery-gravest-crime/
Black Elders Without Birth Records Could Lose Vote Under SAVE America Act,"Decades after segregation left gaps in citizenship documents, a controversial voting bill could create barriers at the ballot box.",capitalbnews.org,2026-03-24,Voting,Brandon Tensley,https://capitalbnews.org/black-elders-save-america-act-voting/
The Black Mecca’s Climate Plan Is Costing Black Atlanta Residents Their Homes,Flood “fixes” are erasing Black homes and fueling a new wave of climate gentrification in Atlanta.,capitalbnews.org,2026-03-23,Black Migration,Adam Mahoney,https://capitalbnews.org/atlanta-world-cup-flood-projects-displace-black-residents/
Da’Quain Johnson’s Family Disputes Police Account of Fatal Michigan Shooting,Questions surface after the 32-year-old father was attacked by a police K-9 dog and shot three times in Grand Rapids last month.,capitalbnews.org,2026-03-20,Policing,"Aallyah Wright, Dalila-Johari Paul",https://capitalbnews.org/daquain-johnson-deadly-police-shooting/
Howard’s Men's Basketball's March Madness Run Ends as HBCUs Make History,"Multiple HBCU teams made it to the NCAA tournament’s opening rounds, but the stakes extend beyond the court.",capitalbnews.org,2026-03-20,Hbcus,Alecia Taylor,https://capitalbnews.org/march-madness-howard-hbcu-teams/
Georgia Lawmakers With Real Estate Ties Are Writing the State’s Housing Laws,"As corporate investors snap up Atlanta homes and drive up prices, nearly two-fifths of state legislators meant to regulate them are personally invested in the state’s housing market.",capitalbnews.org,2026-03-19,Housing,"Chauncey Alcorn, Adam Mahoney",https://capitalbnews.org/georgia-lawmakers-real-estate-investors/
From Crockett to Willis: 8 Black Officials Who Have Clashed With Trump,Few of the president’s confrontations have been as cutting as his feuds with Black elected and appointed public officials who are doing their jobs.,capitalbnews.org,2026-03-18,Politics & Policy,Brandon Tensley,https://capitalbnews.org/trump-targets-black-leaders-second-term/
‘Jim Crow 2.0’: Civil Rights Leaders Sound Alarm on SAVE America Act,"The bill “is not about protecting our elections,” the NAACP Legal Defense and Educational Fund says. “It’s about disguising voter suppression.”",capitalbnews.org,2026-03-18,Elections,Brandon Tensley,https://capitalbnews.org/save-act-voting-requirements-explained/
Why ‘Sinners’ Is Bigger Than the Oscars for Mississippi Residents,Many hope the movie’s Academy Award wins will be a springboard for a rebirth in Clarksdale.,capitalbnews.org,2026-03-16,Arts & Entertainment,Aallyah Wright,https://capitalbnews.org/sinners-oscars-clarksdale-mississippi/
"At Howard, Athletes Must Stand for the Anthem or Stay in the Locker Room",The women's basketball team recently chose to remain in the locker room during the anthem after the university placed restrictions on protests.,capitalbnews.org,2026-03-16,Hbcus,Alecia Taylor,https://capitalbnews.org/howard-womens-basketball-kneeling-ban/
Hidden Profits in Power Bills Are Hitting Black Southerners Hardest,"As electricity prices climb and profits increase, many families are struggling to keep the lights on.",capitalbnews.org,2026-03-16,Equity,Adam Mahoney,https://capitalbnews.org/the-hidden-profit-in-your-power-bill-and-why-black-southerners-get-hit-the-hardest/
Gary Is Betting Faster Graffiti Removal Can Stop It From Spreading,Officials have a number of measures underway aimed at reducing repeat tagging in parts of the city.,capitalbnews.org,2026-03-13,Public Services,Javonte Anderson,https://capitalbnews.org/gary-graffiti-removal/
"Inside BlerdCon, Where Black Nerd Culture Takes Center Stage","The annual gathering of anime, comics, gaming, and other geek culture challenges stereotypes of what it means to be Black.",capitalbnews.org,2026-03-13,Arts & Entertainment,Rayonna Burton-Jernigan,https://capitalbnews.org/blerdcon-black-nerd-culture-anime-cosplay-convention/
"After FAMU Signed ICE Deal, Students Demanded Answers, and Were Met With Silence",The school is one of more than a dozen Florida colleges that have partnered with ICE amid a statewide push for closer immigration enforcement.,capitalbnews.org,2026-03-12,Hbcus,Alecia Taylor,https://capitalbnews.org/famu-ice-student-protests/
More Than a Singer: How Sam Cooke’s Family Built a Legacy After His Death,The writer of “A Change Is Gonna Come” was more than a music icon — his family is ensuring his activism and business acumen live on.,capitalbnews.org,2026-03-12,Arts & Entertainment,Aallyah Wright,https://capitalbnews.org/sam-cooke-legacy-family/
Congo Miners Keep Dying for Minerals That Power U.S. Tech,"The mine feeding smartphones, data centers, and EVs became a mass grave, as a Trump‑era minerals accord moves ahead with little oversight.",capitalbnews.org,2026-03-10,Economy,Adam Mahoney,https://capitalbnews.org/congo-mine-collapse-us-minerals-deal-coltan-cobalt/
"If PrEP Coverage Disappears, Georgia’s Black Communities Could Be Hit Hardest",Atlanta health providers and state lawmakers are looking for new ways to get the medication to patients as federal decisions loom.,capitalbnews.org,2026-03-10,Health,"Alyssa Johnson, Brandon Tensley",https://capitalbnews.org/black-georgians-prep-access/
Insurance Crisis Leaves Black Homeowners One Disaster Away From Homelessness,"From Altadena to Alabama, Black families learn the real catastrophe starts after the disaster, when insurers decide who is worth saving.",capitalbnews.org,2026-03-10,Extreme Weather,Adam Mahoney,https://capitalbnews.org/housing-insurance-crisis-black-families/
"As Chicago Celebrates Jesse Jackson's Life, Those He Inspired Confront What's Next","From Chicago to Washington, those shaped by his vision are grappling with how to carry forward the Rainbow Coalition he built.",capitalbnews.org,2026-03-06,History,Brandon Tensley,https://capitalbnews.org/jesse-jackson-legacy-next-generation/
"Chemical Plants Keep Exploding, but Trump’s EPA Is Rolling Back Safety Rules Anyway","For places like Hopewell, Virginia, where industrial accidents are routine, fewer protections could mean more danger for families living nearby.",capitalbnews.org,2026-03-05,Environmental Justice,Adam Mahoney,https://capitalbnews.org/epa-safety-rules-rollback/
"For Black Texans, Primary Election Results in High Stakes for November","Jasmine Crockett falls short in her bid for a U.S. Senate seat, while Reps. Al Green and Christian Menefee face a likely runoff race for the House.",capitalbnews.org,2026-03-04,Elections,Brandon Tensley,https://capitalbnews.org/texas-primaries-results-house-senate/
The Little-Known Committee That Has Cost Black Farmers for Generations,"County committees may not be as powerful as they were at the height of Jim Crow, but the system still has serious consequences for Black producers.",capitalbnews.org,2026-03-04,Black Farmers,Aallyah Wright,https://capitalbnews.org/usda-county-committees-black-farmers-farm-aid/
HBCU Students Walk Miles to the Polls After Campus Sites Are Cut,Black college students in North Carolina and Texas continue to engage students to be more civically active.,capitalbnews.org,2026-03-04,Hbcus,Alecia Taylor,https://capitalbnews.org/hbcu-students-fight-campus-voting-sites/
Henrietta Lacks' Family Reaches Settlement in Fight Over Her Stolen Cells,The agreement marks the second time a company has paid the family of the woman whose cells fueled major medical breakthroughs.,capitalbnews.org,2026-03-03,Courts,Capital B Staff,https://capitalbnews.org/henrietta-lacks-settlement-novartis/
"A Century After Losing This Federal Funding, Hampton University May Get It Back","Students say the change could reshape scholarships, research, and job pipelines.",capitalbnews.org,2026-03-02,Hbcus,Alecia Taylor,https://capitalbnews.org/hampton-university-land-grant-status/
Black Texans Head to the Primaries With More Than Just Ballots on the Line,"Residents say they want leaders who deliver on health care, voting access, and reproductive freedom, issues that could shape communities for years to come.",capitalbnews.org,2026-03-02,Politics & Policy,Brandon Tensley,https://capitalbnews.org/texas-primaries-redistricting-black-voters/
"In Chicago, a Pentagon‑backed Lab Could Price Out Black Residents","The $9 billion supercomputer project could transform national security and health care — and, residents fear, accelerate displacement.",capitalbnews.org,2026-02-26,Politics & Policy,Adam Mahoney,https://capitalbnews.org/chicago-quantum-campus-south-shore/
S.C. Court Victory Grants Gullah Geechee Temporary Access to Blocked Cemetery,"Residents have fought for the right to bury their loved ones, but property owners had denied them access.",capitalbnews.org,2026-02-25,Courts,Aallyah Wright,https://capitalbnews.org/gullah-geechee-st-helena-cemetery-access-ruling/
Trump Touts Success in State of the Union as Black Communities Reflect on Hard Year,"“They really need to understand that they’re not the administration of just a certain kind of American,” one man says.",capitalbnews.org,2026-02-25,Economy,Brandon Tensley,https://capitalbnews.org/trump-state-of-the-union-black-communities/
The Mississippi Delta Is a Testing Ground for the Nation,W. Ralph Eubanks' book “When It’s Darkness on the Delta” examines the economic inequality and racist history that shaped the region and why it is a mirror to America.,capitalbnews.org,2026-02-25,Economy,Aallyah Wright,https://capitalbnews.org/mississippi-delta-america-ralph-eubanks/
Black Women Most at Risk From Harmful Chemicals in Unregulated Hair Products,"Hair extensions used primarily by Black women contain a “shocking” range of dangerous chemicals, including breast carcinogens, new research shows.",capitalbnews.org,2026-02-24,Health,"Liza Gross, Inside Climate News",https://capitalbnews.org/black-women-at-risk-harmful-chemicals-hair-products/
Racist Doll Thrown at Mardi Gras Parade Ignites Citywide Backlash,"Outrage erupted after a child was thrown a Black doll with plastic Mardi Gras beads tied around its neck, reminiscent of a noose.",capitalbnews.org,2026-02-20,News,Adam Mahoney,https://capitalbnews.org/mardi-gras-parade-racist-imagery-new-orleans/
The Black Conservatives Still Riding with Trump,Attendees of recent gatherings in Washington said they were not bothered by the racist video targeting Barack and Michelle Obama.,capitalbnews.org,2026-02-20,Politics & Policy,Amber Ferguson,https://capitalbnews.org/black-conservatives-trump-black-history-month/
Georgia Is Letting a Railroad Seize Land a Black Family Has Owned For 100 Years,Descendants of enslaved people are fighting an attempt to use eminent domain to carve a spur through one of Georgia’s largest Black‑owned farms.,capitalbnews.org,2026-02-19,Courts,"Adam Mahoney, Aallyah Wright",https://capitalbnews.org/georgia-railroad-eminent-domain-black-landowners/
Philadelphia Wins Court Fight Over Slavery Exhibit Removal,The effort to dismantle the exhibit is part of the administration’s ongoing targeting of sites it says disparage the country’s national values.,capitalbnews.org,2026-02-18,History,Brandon Tensley,https://capitalbnews.org/slavery-exhibit-restored-philadelphia/
Remembering the Rev. Jesse Jackson's Impact and Civil Rights Leadership,The 84-year-old recovered from two bouts of COVID in 2021 and 2023 while battling a neurodegenerative disorder.,capitalbnews.org,2026-02-17,History,"Christina Carrega, Brandon Tensley",https://capitalbnews.org/rev-jesse-jackson-civil-rights-icon/
Drone Footage Shows Musk's AI Power Plant Flouting Clean Air Regulations in Black Community,Images confirm xAI is continuing to defy EPA regulations in Mississippi to power its flagship data centers.,capitalbnews.org,2026-02-17,Environmental Justice,"Evan Simon, Floodlight",https://capitalbnews.org/xai-musk-data-centers-clean-air-epa/
Smithsonian Exhibit Highlights the Power and Joy of HBCUs,Five HBCUs have sent the National Museum of African American History artifacts spanning decades.,capitalbnews.org,2026-02-16,Hbcus,Alecia Taylor,https://capitalbnews.org/smithsonian-hbcu-exhibit-history/
HBCU Bands Bring Big Sound to Mardi Gras Parades,Several bands will be marching through New Orleans this holiday season.,capitalbnews.org,2026-02-13,Culture,Alecia Taylor,https://capitalbnews.org/hbcu-marching-bands-performing-during-mardi-gras/
The Mardi Gras Indian Tradition Carrying Generations of Black History,Black Masking Indians transform New Orleans with hand-sewn suits and street rituals that challenge who has the power to move freely and be seen.,capitalbnews.org,2026-02-13,Community,Adam Mahoney,https://capitalbnews.org/mardi-gras-indians-new-orleans-tradition/
The U.S. Government Now Says Climate Change Doesn’t Harm Human Health,"The rollback dismantles the government’s duty to curb pollution, even as Black communities suffer the worst health harms.",capitalbnews.org,2026-02-12,Air Pollution,Adam Mahoney,https://capitalbnews.org/trump-epa-endangerment-finding-black-communities/
Black Residents Win Key Ruling in ‘Cancer Alley’ Environmental Racism Case,The lawsuit could force a jury to decide if turning Black communities into sacrifice zones is a legacy of slavery.,capitalbnews.org,2026-02-11,Environmental Justice,Adam Mahoney,https://capitalbnews.org/cancer-alley-residents-pollution-lawsuit/
This Fugees Album Still Feels Like Home 30 Years Later,"Whether Caribbean-rooted or New Jersey-bred, fans say that ""The Score"" made space for a fuller range of Black sounds, stories, and selves.",capitalbnews.org,2026-02-11,Arts & Entertainment,Brandon Tensley,https://capitalbnews.org/fugees-the-score-30th-anniversary/
"100 Years After a Black Family Was Forced Out, a Descendant Sues a California City","A sculpture park is being built in Piedmont, California, to honor the Dearing family, but one relative says it’s not enough.",capitalbnews.org,2026-02-10,History,Aallyah Wright,https://capitalbnews.org/black-homeowner-1924-home-seizure-lawsuit/
Your Guide to 'Rooting for Everybody Black' at the 2026 Winter Olympics,"The 2026 Winter Olympics is in high gear in Italy, and a small contingent of Black athletes are competing on behalf of Team USA. The Winter Games are a space where representation of Black American athletes has been far less than in summer sports. Several of this year’s competitors are Olympic veterans, while others will […]",capitalbnews.org,2026-02-09,Sports,Capital B Staff,https://capitalbnews.org/black-olympians-2026-2/
Bad Bunny’s Cultural Reach Extends From Stadiums to Syllabi,"From Howard University to Wellesley College, his music is in classrooms exploring Puerto Rico’s history, Afro-Latin culture, and the politics of pop.",capitalbnews.org,2026-02-06,Arts & Entertainment,Alecia Taylor,https://capitalbnews.org/bad-bunny-super-bowl-afro-latin-music/
Capital B Careers,Capital B is looking for mission-driven journalists and nonprofit professionals to do meaningful work in service of Black communities.,capitalbnews.org,2026-02-04,Uncategorized,Capital B Staff,https://capitalbnews.org/capital-b-careers/
Texas Senate Primary Erupts After ‘Mediocre Black Man’ Remark,"The claim has revived debates over race, power, and perceived political legitimacy in the Lone Star State and beyond.",capitalbnews.org,2026-02-04,Politics & Policy,Brandon Tensley,https://capitalbnews.org/allred-crockett-texas-senate-race/
A Rural S.C. County Quietly Approved a $2B Data Center During the Winter Storm,"Data centers are the nation's fastest-growing energy demand driver, but developers are using nondisclosure agreements to keep projects hidden.",capitalbnews.org,2026-02-04,Environmental Justice,Adam Mahoney,https://capitalbnews.org/secret-data-center-deal-marion-county-south-carolina/
Black Diplomats Say Trump’s Moves Are Pushing People Out of Public Service,"Former ambassador Pamela L. Spratlen, whose father was barred from the diplomatic corps, fears that the administration will deter Black participation.",capitalbnews.org,2026-02-03,Federal Overhaul,Brandon Tensley,https://capitalbnews.org/trump-ambassadors-diversity-state-department/
Federal Spending Bill Contains Bitter Medicine for Black Americans,Civil rights groups condemn the “dangerous escalation” of what the Trump administration says is an immigration crackdown in Minneapolis.,capitalbnews.org,2026-02-02,Economy,Brandon Tensley,https://capitalbnews.org/government-shutdown-black-workers/
The Alabama Town That Blocked Its First Black Mayor Now Has Another,"Patrick Braxton was forced out, then reinstated. He resigned late last year after his opponent challenged his residency and contested the election.",capitalbnews.org,2026-02-02,Elections,Aallyah Wright,https://capitalbnews.org/newbern-alabama-patrick-braxton-black-woman-mayor/
Don Lemon and Black Critics of the Trump Administration Released,"The former CNN anchor and journalist Georgia Fort, among others, face charges of conspiracy and violating worshippers' First Amendment rights.",capitalbnews.org,2026-01-31,Politics & Policy,"Brandon Tensley, Dalila-Johari Paul",https://capitalbnews.org/nekima-levy-armstrong-church-protest-ice-arrests-minnesota/
Capital B Condemns Arrests of Journalists Over Minneapolis Coverage,Capital B joins the National Association of Black Journalists in protesting the arrests of Don Lemon and Georgia Fort.,capitalbnews.org,2026-01-30,Politics & Policy,Capital B Staff,https://capitalbnews.org/capital-b-condems-journalists-arrests/
"How ‘Sinners’ Keeps Supporting Clarksdale, the Community That Inspired The Film",Luxury brands and celebrities are giving back to benefit arts and culture efforts in the Mississippi city.,capitalbnews.org,2026-01-28,Arts & Entertainment,Aallyah Wright,https://capitalbnews.org/fear-of-god-sinners-merch-clarksdale/
A City-by-City Breakdown of Trump’s Immigration Raids and Troop Deployments,The Trump administration deployed federal troops into at least 10 cities.,capitalbnews.org,2026-01-26,Politics & Policy,Christina Carrega,https://capitalbnews.org/trump-national-guard-city-updates/
"For Rural Black Communities, Winter Storm Fern Hits Where Recovery Never Finished","As temperatures plunge, rural Black towns face days without power. Some are still rebuilding from the last catastrophe.",capitalbnews.org,2026-01-26,Extreme Weather,Adam Mahoney,https://capitalbnews.org/winter-storm-fern-mississippi-power-outages/
A Storm Is Coming for the South's Most Vulnerable Black Communities,"From rural Mississippi to urban centers, aging infrastructure and housing inequality could turn a winter storm into a crisis.",capitalbnews.org,2026-01-23,Climate Change,Adam Mahoney,https://capitalbnews.org/ice-storm-power-outages-black-southerners/
Medicaid Tries New Approach With Sickle Cell,The government is using sickle cell treatments to test a new strategy: paying only if the therapies benefit patients.,capitalbnews.org,2026-01-22,Health,"Phil Galewitz, KFF Health News",https://capitalbnews.org/medicaid-sickle-cell-treatment-payment/
A Black Film Just Made Oscars History With a Record 16 Nominations,Ryan Coogler’s “Sinners” received the most nominations in the Academy Award’s history.,capitalbnews.org,2026-01-22,Arts & Entertainment,Aallyah Wright,https://capitalbnews.org/sinners-oscars-history-record-16-nominations/
Sapelo Island’s Gullah Geechee Community Fights Back and Wins,A vote ends a yearslong legal fight over development of the land on Georgia’s coast.,capitalbnews.org,2026-01-21,Elections,Aallyah Wright,https://capitalbnews.org/sapelo-island-voters-stop-development/
Lisa Cook Case Tests Presidential Power and Black Women’s Resolve,"The Supreme Court case highlights President Donald Trump’s ongoing tension with Black women leaders, legal experts say.",capitalbnews.org,2026-01-21,Politics & Policy,Brandon Tensley,https://capitalbnews.org/lisa-cook-trump-black-women-supreme-court/
Federal Court Declines to Rehear Marilyn Mosby's Perjury and Mortgage Fraud Case,The appeals court rejected prosecutors’ and Mosby’s requests after the court entered a mixed decision last year.,capitalbnews.org,2026-01-20,Courts,Christina Carrega,https://capitalbnews.org/marilyn-mosby-partial-conviction-overturned/
Morris Brown President Returns After Abrupt Termination,The college reinstated Kevin E. James on Tuesday after firing him on Jan. 12.,capitalbnews.org,2026-01-20,Hbcus,Alecia Taylor,https://capitalbnews.org/morris-brown-fires-president-kevin-james/
Trump Rollbacks Put Children’s Health at Risk as Pollution Increases,New federal decisions remove health protections as Black communities face rising pollution and asthma rates.,capitalbnews.org,2026-01-20,Air Pollution,Adam Mahoney,https://capitalbnews.org/epa-air-pollution-health-rule-rollback-trump/
Student Loan Wage Garnishment Is Put on Hold. What Borrowers Need to Know.,"Despite the delay, the move could have major ramifications for Black borrowers, who owe a disproportionate amount of the national student loan debt.",capitalbnews.org,2026-01-20,Politics & Policy,Brandon Tensley,https://capitalbnews.org/student-loan-wage-garnishment-resumes/
"Ghana Helped U.S. Deport Migrants, and Now Its Own Citizens Are Shut Out","Twenty-seven African nations are included in a U.S. visa freeze, even as many have helped enforce Washington’s deportation agenda.",capitalbnews.org,2026-01-17,Politics & Policy,Adam Mahoney,https://capitalbnews.org/ghana-us-immigration-visa-freeze/
ICE Shooting After Takeover of Minneapolis Renews Debate on Qualified Immunity,"After a deadly shooting in Minnesota, lawmakers are again questioning whether federal agents should be shielded from lawsuits.",capitalbnews.org,2026-01-16,Policing,Christina Carrega,https://capitalbnews.org/qualified-immunity-federal-shootings-immigration/
Mississippi Residents Say City Quietly Marked Their Homes for Takeover,A case over whether property owners could contest their properties being labeled “slum” or “blighted” could be revived by a federal appeals court.,capitalbnews.org,2026-01-15,Economic Development,Aallyah Wright,https://capitalbnews.org/mississippi-eminent-domain-black-homes/
Stevie Wonder’s Battle for MLK Day and the New Challenges to King’s Legacy,"Forty-five years after Stevie Wonder helped to galvanize support for the holiday, historians warn that King’s legacy is being undone.",capitalbnews.org,2026-01-14,History,Brandon Tensley,https://capitalbnews.org/stevie-wonder-mlk-holiday-legacy/
This Texas County Is the Deadliest Place in the U.S. for Black Mothers to Give Birth,Health care advocates struggle to figure out why this Texas county has some of the nation’s highest rates of maternal and infant mortality.,capitalbnews.org,2026-01-14,Maternal Health,Monique Welch-Rutherford,https://capitalbnews.org/black-maternal-deaths-houston-harris-county/
"As Altadena’s Trees Fell, So Did the Roots of a Black LA Neighborhood","Once known for its trees and community, Altadena is now a test of who – and what – gets to return from disaster.",capitalbnews.org,2026-01-13,Black Migration,Adam Mahoney,https://capitalbnews.org/altadena-fire-rebuild-investors-buy-homes/
"Claudette Colvin, Whose Defiance Helped End Bus Segregation, Dies at 86","For decades, Colvin was an unsung hero despite refusing to surrender her seat nearly 10 months before Rosa Parks’s famous act of defiance",capitalbnews.org,2026-01-13,News,Brandon Tensley,https://capitalbnews.org/claudette-colvin-dies-86/
‘My Son Knew Pain Before Joy’: Abuse Allegations Shake Virginia NICU,"Erin Strotman was charged last year in connection to mysterious injuries that appeared on newborns dating back several years, officials said.",capitalbnews.org,2026-01-12,Criminal Justice,Christina Carrega,https://capitalbnews.org/henrico-virginia-nicu-nurse-erin-strotman/
Why Afro-Venezuelans Oppose U.S. Intervention in Venezuela,"More than half of Venezuelans identify as having African ancestry, the highest rate of the world’s Spanish-speaking nations.",capitalbnews.org,2026-01-12,Politics & Policy,Adam Mahoney,https://capitalbnews.org/us-attack-venezuela-afro-venezuelans/
New Orleans School Named After Renowned Louisiana Chef to Remain Open,"A surge of community support led to a temporary decision, but major questions about its future remain.",capitalbnews.org,2026-01-09,Education,Alecia Taylor,https://capitalbnews.org/leah-chase-school-closure-new-orleans/
Calls for Justice Grow After ICE Shooting of Minneapolis Mom,Residents worry that the administration’s rhetoric and deployment of agents to cities with large Black and migrant populations raises the risk of violence.,capitalbnews.org,2026-01-09,Politics & Policy,"Brandon Tensley, Christina Carrega",https://capitalbnews.org/ice-shooting-minneapolis-renee-good/
Delrawn Small’s Family Still Seeks Accountability 9 Years After NYPD Killing,Officer Wayne Isaacs was acquitted on murder and manslaughter charges in 2016.,capitalbnews.org,2026-01-09,Policing,Christina Carrega,https://capitalbnews.org/delrawn-small-nypd-killing-delayed-trial/
Where to Find Black-Owned Bookstores Across the U.S.,"From books to puzzles and stationery, these shopping destinations also serve as gathering places in communities across the country.",capitalbnews.org,2026-01-09,Black Businesses,Alecia Taylor,https://capitalbnews.org/black-owned-bookstores/
"A Sister’s Love and Grief: Keyana Dixon Opens Up About the Death of Her Brother, Tyré Nichols","On the anniversary of Tyré Nichols' death, his sister Keyana Dixon opens up about the case that changed her life forever.",capitalbnews.org,2026-01-08,Criminal Justice,"Keyana Dixon, as told to Brittany Brown, MLK 50",https://capitalbnews.org/tyre-nichols-death-anniversary-sister-keyana-dixon/
Newbern’s First Black Mayor and the Fight to Hold Office,"In 2020, Patrick Braxton became the first Black mayor of Newbern, Alabama, his hometown. What followed was a four-year legal fight.",capitalbnews.org,2026-01-06,Uncategorized,Capital B Staff,https://capitalbnews.org/newbern/
"After a White Town Rejected a Data Center, Developers Targeted a Black Area",Four million Americans live within 1 mile of a data center. The communities closest to them are “overwhelmingly” non-white.,capitalbnews.org,2026-01-06,Environmental Justice,Adam Mahoney,https://capitalbnews.org/data-center-south-carolina-black-community/
Venezuelan Oil Brought to the U.S. Would Be Refined in Black Gulf Communities,Communities in Texas and Louisiana say U.S. control of Venezuela’s heavy crude will worsen “environmental racism” along the Gulf.,capitalbnews.org,2026-01-05,Air Pollution,Adam Mahoney,https://capitalbnews.org/trump-venezuela-oil-black-gulf-coast-pollution/
Nicki Minaj’s Embrace of Trump-Era Politics Has Fans Asking Questions,The Trinidad and Tobago-born hip-hop artist's motives are under scrutiny.,capitalbnews.org,2025-12-23,Politics & Policy,Christina Carrega,https://capitalbnews.org/nicki-minaj-erika-kirk-clemency/
This Mississippi Delta Home Could Collapse Before Help Arrives,She works two jobs and can’t afford to pay for costly repairs. She’s called on congressional leaders and celebrities to no avail.,capitalbnews.org,2025-12-22,Climate Change,Aallyah Wright,https://capitalbnews.org/mississippi-delta-home-collapse/
Deportations of African Migrants Triple Under Trump’s Second Term,"Most African migrants being deported under Trump’s second term have no criminal record, according to ICE data.",capitalbnews.org,2025-12-19,Black Migration,Adam Mahoney,https://capitalbnews.org/deportations-of-african-migrants-triple-under-trumps-second-term/
This Alabama Cattle Rancher Is Ready for a Legal Battle to Protect His Land,"In Selma, Alabama, Willie Palmer Jr. is suing his white neighbor and others, alleging trespassing and a conspiracy to take his land.",capitalbnews.org,2025-12-18,Black Farmers,Aallyah Wright,https://capitalbnews.org/willie-palmer-selma-land-dispute/
Louisiana Town Fights for Relief After a Billion-Dollar Oil Disaster,"Federal and state officials have sued the company behind the blast, but residents say the case won’t bring relief to their town.",capitalbnews.org,2025-12-17,Land Pollution,Adam Mahoney,https://capitalbnews.org/roseland-louisiana-oil-spill-lawsuit/
"As Federal Sites Remove Black History, Communities Organize to Fight Back","After new federal directives target museums, parks, and monuments, activists nationwide are mobilizing to stop the erasure of Black history.",capitalbnews.org,2025-12-17,History,Brandon Tensley,https://capitalbnews.org/black-communities-preserve-history-trump/
Black Colleges Enhance Security in Response to Bomb Threats,"In wake of past and recent threats, HBCUs are investing in cameras, technology and mental health counseling.",capitalbnews.org,2025-12-16,Hbcus,Alecia Taylor,https://capitalbnews.org/hbcu-bomb-threats-shootings-campus-safety/
Help Preserve Black History by Sharing Your Story,"Capital B is building an archive of Black oral history, told in your voices and words.",capitalbnews.org,2025-12-16,Uncategorized,Capital B Staff,https://capitalbnews.org/oralhistoryproject/
A Growing Warning From Black Veterans: The Military Isn’t Safe for Us,Some say prospective service members should find another path. Others think that it could be dangerous to cede the military to the current administration.,capitalbnews.org,2025-12-15,Federal Overhaul,Brandon Tensley,https://capitalbnews.org/black-veterans-military-trump/
"5 Years After Casey Goodson’s Death in Ohio, His Family Faces a New Legal Hurdle",The 23-year-old was shot five times in the back by a former Franklin County sheriff's deputy.,capitalbnews.org,2025-12-15,Policing,Christina Carrega,https://capitalbnews.org/casey-goodson-retrial-police-shooting/
"In a N.C. Town With Almost No Grocers, One Farmer Is Expanding Local Food Access","On land once targeted for toxic dumping, a Black family is fighting environmental racism and teaching residents how to feed themselves.",capitalbnews.org,2025-12-12,Agriculture,Adam Mahoney,https://capitalbnews.org/north-carolina-black-farmer-regenerative-farming/
Ghanaians Across Two Continents Are Living in Fear as U.S. Immigration Crackdowns Intensify,"Ghanaians at home and abroad are navigating fear, hope, and an uneasy partnership between Washington and Accra.",capitalbnews.org,2025-12-11,Politics & Policy,Adam Mahoney,https://capitalbnews.org/ghana-us-deportations-trump-ice/
The Quiet Deletion of Black History Within Federal Agencies — and the Fight to Stop It,"“When you start to fiddle around with history, that isn’t what makes a country great. It makes us weaker,” one historian says.",capitalbnews.org,2025-12-08,History,Brandon Tensley,https://capitalbnews.org/trump-smithsonian-tubman-dei-order-erases-black-history/
Virginia Man Accused of Planting Pipe Bombs Before Jan. 6 Faces Federal Charges,"If convicted, Brian J. Cole Jr. could spend up to 20 years in federal prison.",capitalbnews.org,2025-12-08,Public Safety,Christina Carrega,https://capitalbnews.org/jan-6-pipe-bomb-investigation/
Grand Jury Declines to Reindict N.Y. Attorney General Letitia James,Experts warn of the growing target of Black women in public office after President Donald Trump’s first administration set the groundwork.,capitalbnews.org,2025-12-05,Criminal Justice,Christina Carrega,https://capitalbnews.org/tish-james-trump-target-dismissed/
"After 17 Police Bullets Killed This N.C. Mom, a Judge Has Dismissed Her Family’s Case","Within 30 minutes, Jada Elizabeth Johnson was shot and killed by a Fayetteville officer.",capitalbnews.org,2025-12-04,Criminal Justice,Christina Carrega,https://capitalbnews.org/jada-johnson-fatal-police-shooting-civil-case-dismissed/
How Plastics and Fossil Fuels Are Making Black Communities Unlivable,"How Louisiana’s Black communities are fighting to survive in a battle where every breath, every drop of water, and every patch of land is at stake.",capitalbnews.org,2025-12-02,Climate Change,Adam Mahoney,https://capitalbnews.org/plastic-polution-impact-black-communities/
‘We Don’t Want Voices Silenced’: Black Voting Power at Risk in Redistricting Battle,"Across the country, from California to Virginia, Black Americans’ ability to influence elections is at stake.",capitalbnews.org,2025-12-01,Voting,Brandon Tensley,https://capitalbnews.org/california-prop-50-congress-redistricting-threats/
Why Fresh Collard Greens Are Becoming a Holiday Lifeline in These Communities,"From farmers to churches, residents across the country are working together to provide free food for those in need this holiday season.",capitalbnews.org,2025-11-26,Black Farmers,Aallyah Wright,https://capitalbnews.org/collard-greens-thanksgiving-holiday/
The HBCU Students Staying on Campus During the Holidays — And Loving It,Many of those choosing not to head home have instead created a sense of community with their classmates.,capitalbnews.org,2025-11-25,Community,Alecia Taylor,https://capitalbnews.org/hbcu-students-friendsgiving-thanksgiving/
Attack on the Department of Education: What Black Borrowers Need to Know,Black college students and Black borrowers could be impacted by the shuffling of agency responsibilities.,capitalbnews.org,2025-11-25,Hbcus,Brandon Tensley,https://capitalbnews.org/department-education-student-loans-repayment-trump/
Supreme Court Case Threatens Mail-in Ballots for Black Voters,Various historical barriers to casting ballots in person make having a mail-in option crucial.,capitalbnews.org,2025-11-21,Voting,Brandon Tensley,https://capitalbnews.org/black-voting-rights-mississippi-mail-in-case/
Two Little Ohio Boys Lost Their Mom to Gun Violence. A Grand Jury Indicted the Police Officer Who Shot Her.,An attorney for Young’s family called the outcome “an American tragedy.”,capitalbnews.org,2025-11-21,Policing,Christina Carrega,https://capitalbnews.org/ohio-mom-killed-officer-charged/
"After DOJ Pulls Millions for Public Safety, Nonprofits and Neighborhoods Step In","With or without government support, this Jackson woman keeps fighting for safety and justice",capitalbnews.org,2025-11-20,Gun Violence,Christina Carrega,https://capitalbnews.org/gun-violence-prevention-scaling-safety/
Meta’s AI Data Center Sparks a Crisis in the Bible Belt Over the Power of Faith,"In rural Louisiana, white and Black churches see the company's plan to build America's biggest AI complex very differently.",capitalbnews.org,2025-11-19,Environmental Justice,Adam Mahoney,https://capitalbnews.org/meta-richland-parish-ai-data-center/
‘Clean Slate’ Laws Could Help Millions of Black Americans Clear Their Records,"Advocates say automatic expungement could open doors to jobs, housing, and a fresh start for millions long held back by old convictions.",capitalbnews.org,2025-11-17,Criminal Justice,Christina Carrega,https://capitalbnews.org/clean-slate-laws-help-black-americans/
West African Woman Attempts Suicide After U.S. Deportation to Non-Native Country,"Attorneys say African migrants, deported under controversial U.S. policy, are facing life-threatening danger.",capitalbnews.org,2025-11-14,Politics & Policy,Adam Mahoney,https://capitalbnews.org/deportations-ghana-united-states/
Does Closing A School Contribute to Gun Violence in Philadelphia?,At the center of much of Philadelphia’s gun violence is disinvestment in neighborhoods. That includes the closing of schools.,capitalbnews.org,2025-11-14,Gun Violence,"Denise Clay-Murray, MindSite News",https://capitalbnews.org/philadelphia-school-closures-gun-violence/
From Fighting the Klan to Fighting DEI: The Justice Department’s Shift on Civil Rights,Former DOJ prosecutors say the agency that once protected Black communities now works against them.,capitalbnews.org,2025-11-13,Criminal Justice,Christina Carrega,https://capitalbnews.org/justice-department-history-civil-rights/
Black and Latino Residents Unite to Defend South LA Amid ICE Raids and Aid Cuts,"As immigration arrests hit 540 weekly and cuts to SNAP threaten families, neighbors are launching mutual aid hubs to keep one another safe.",capitalbnews.org,2025-11-12,Culture,Adam Mahoney,https://capitalbnews.org/south-la-black-latino-solidarity/
Capital B in the Next Three: Our 2025-2028 Strategic Plan,We’re thrilled to share our three-year strategic plan — a road map for how our organization can continue making an impact.,capitalbnews.org,2025-11-12,Inside Capital B,Capital B Staff,https://capitalbnews.org/capitalb-2025-2028-strategic-plan/
"Republicans Allege Discrimination at George Mason, but the Data Tells a Different Story",A 50-page report from House Republicans claims the head of the university violated civil rights with his diversity hiring plans.,capitalbnews.org,2025-11-12,Higher Education,Alecia Taylor,https://capitalbnews.org/george-mason-diversity-controversy/
Black Women in South LA Lead the Fight to End Urban Oil Drilling,"From the courts to city streets, Black women organizers are proving climate solutions start at the neighborhood level.",capitalbnews.org,2025-11-11,Land Pollution,Adam Mahoney,https://capitalbnews.org/south-la-oil-drilling-black-women/
Black Women Sweep Local Elections in Small Towns,Millennial candidates made sweeping gains in rural towns and small cities — making history and achieving several firsts.,capitalbnews.org,2025-11-11,Elections,Aallyah Wright,https://capitalbnews.org/rural-elections-millennials-historic-wins/
Black-Owned Farms Fill Gaps Left by SNAP Funding Delays,"From North Carolina to Mississippi, small businesses work to feed their communities while benefits are paused.",capitalbnews.org,2025-11-10,Black Farmers,Aallyah Wright,https://capitalbnews.org/snap-crisis-farmers-support/
A Son Shot His Teacher. His Mother’s Prison Sentence Raises Questions.,"As the administrator awaits trial, the child’s mother remains in prison until May 2026.",capitalbnews.org,2025-11-06,Criminal Justice,Christina Carrega,https://capitalbnews.org/virginia-mom-prison/
This District Built On Civil Rights Legacy Has Gone Months Without Representation,"No single candidate secured 50% of the vote in Tuesday's special election, meaning that the Houston congressional race is heading to a runoff.",capitalbnews.org,2025-11-05,Politics & Policy,Brandon Tensley,https://capitalbnews.org/houston-district-18-election/
Virginia’s History-Making Governor’s Race Win Is About More Than Representation,"Abigail Spanberger has defeated Winsome Earle-Sears in a decisive victory, flipping the office for Democrats.",capitalbnews.org,2025-11-05,Elections,Brandon Tensley,https://capitalbnews.org/virginia-woman-governor-history/
​​Will Zohran Mamdani Make New York the First City to Confront Its Debt to Slavery?,The city’s next mayor signed a pledge to champion policies that would create reparations. Is it hype or a real possibility?,capitalbnews.org,2025-11-05,Equity,Brentin Mock,https://capitalbnews.org/nyc-reparations-mamdani/
Inside Blexit’s Bid to Win Over Young Black Voters at HBCUs,This is the third year the grassroots conservative group has gone on tour during HBCU homecoming season.,capitalbnews.org,2025-11-03,Hbcus,Alecia Taylor,https://capitalbnews.org/blexit-bowie-state-campus/
Black Lives Matter Facing Financial Scrutiny — Again,Black Lives Matter Global Network Foundation Inc. denies in a statement to Capital B that they are a target of a federal investigation.,capitalbnews.org,2025-10-31,Politics & Policy,Christina Carrega,https://capitalbnews.org/black-lives-matter-doj-investigation/
Employment and Health Care Take Center Stage in Virginia Governor’s Race,"“We’re in survival mode right now,” says one Black voter of the uncertain future facing vulnerable communities in the commonwealth.",capitalbnews.org,2025-10-31,Economy,Brandon Tensley,https://capitalbnews.org/virginia-governor-race-spanberger-earle-sears/
Jamaican Americans Mobilize After the Island's Worst Hurricane in a Century,"It is unknown how long it could take the island to recover from the storm, one of the strongest storms on record in the Atlantic.",capitalbnews.org,2025-10-30,Extreme Weather,"Adam Mahoney, Victoria St. Martin",https://capitalbnews.org/hurricane-melissa-jamaica-impact/
Deadly Homecoming Weekend Prompts HBCUs to Rethink Campus Safety Plans,At least five HBCUs have experienced homecoming violence this year. Administrators say they’ve been tracking trends to prepare.,capitalbnews.org,2025-10-30,Hbcus,Alecia Taylor,https://capitalbnews.org/hbcu-homecoming-shootings-security-response/
Black Federal Workers Reflect on Service and Layoffs Amid Shutdown,Federal workforce layoffs and the government shutdown have upended the lives of Black federal employees across the country.,capitalbnews.org,2025-10-29,Politics & Policy,Brandon Tensley,https://capitalbnews.org/black-federal-workers-layoffs/
Sonya Massey’s Family Wins Historic $10M Settlement While Officer Awaits Trial,Sean Grayson has been incarcerated since he was arrested 11 days after Sonya Massey’s death in July 2024.,capitalbnews.org,2025-10-29,Policing,Christina Carrega,https://capitalbnews.org/sonya-massey-illinois/
Hurricane Melissa Batters Jamaica With Strongest Hurricane Winds in 90 Years,"The monster storm, made twice as likely because of climate change, brings record winds, landslides, and sea surge.",capitalbnews.org,2025-10-28,Extreme Weather,Adam Mahoney,https://capitalbnews.org/hurricane-melissa-jamaica-landfall/
"From Mississippi to Maryland, Black Communities Are Taking On Big Tech","There are 1,200 data centers in the South, and $200 billion worth are on the horizon. Black community members said they are fighting a new wave of “extraction.”",capitalbnews.org,2025-10-28,Economic Development,Adam Mahoney,https://capitalbnews.org/data-centers-black-communities-south/
Indiana Man Seeks Clemency With Help From Jury Foreperson,Kofi Modibo Ajabu has served three decades of his 240-year sentence. His family and supporters say that is long enough.,capitalbnews.org,2025-10-27,Incarceration,Christina Carrega,https://capitalbnews.org/clemency-kofi-ajabu-indiana/
"As Tariffs Rise, One Family’s Fields Tell the Real Cost of the Trade War",A third-generation commodity crop farmer in Louisiana is facing losses as a result of the Trump administration’s trade war.,capitalbnews.org,2025-10-27,Agriculture,Aallyah Wright,https://capitalbnews.org/black-farmers-tariffs-trade-war-impact/
"From Fani Willis to Letitia James, Trump’s Enemies List Targets Black Women in Positions of Power",The president's first administration set the groundwork for federal investigations against Black women leaders.,capitalbnews.org,2025-10-24,Politics & Policy,Christina Carrega,https://capitalbnews.org/trump-targets-black-women-public-service/
Black Virginia School Board Member Censured After Turning Point USA Clash,"Weeks after a heated debate over the possibility of starting a high school chapter of deeply conservative Turning Point USA, a Black Virginia school board vice chairman has been censured for “unbecoming” conduct after a board meeting. Prince William County School Board member Tracy L. Blake is accused of being “aggressive” and bullying another board […]",capitalbnews.org,2025-10-23,K-12,Alecia Taylor,https://capitalbnews.org/virginia-school-board-censure-turning-point/
"Juvenile Detention Centers: No School, No Fresh Air and Isolated","Tennessee law prohibits holding children in seclusion, yet Shelby County’s juvenile detention center has two solitary confinement units.",capitalbnews.org,2025-10-23,Juvenile Justice,"Rebecca Cadenhead, MLK 50",https://capitalbnews.org/tennessee-youth-solitary-confinement-units/
Climate Disasters Are Destroying Black Retirements and the American Dream,"Workers facing disasters and failed insurance are draining their retirement savings, leaving many on their own in old age.",capitalbnews.org,2025-10-20,Extreme Weather,Adam Mahoney,https://capitalbnews.org/black-retirement-savings-climate-disasters/
"Federal Layoffs Put Head Start, FAFSA, and Civil Rights Investigations at Risk","As the government shutdown continues into its third week, more Department of Education workers were terminated.",capitalbnews.org,2025-10-17,Education,Alecia Taylor,https://capitalbnews.org/government-shutdown-education-department-layoffs/
Hollywood South Is Hurting: Georgia’s Film Industry Weathers a Brutal Downturn,"From writers and actors to hairstylists and makeup artists, Black livelihoods are being threatened as productions move overseas.",capitalbnews.org,2025-10-16,Arts & Entertainment,Rebekah Sager,https://capitalbnews.org/georgia-black-creatives-film-downturn/
Cannabis Convictions Still Haunt Black Families. This Nonprofit Offers a Lifeline.,The Last Prisoner Project provides grants to currently and formerly incarcerated individuals strictly with cannabis convictions.,capitalbnews.org,2025-10-15,Incarceration,Christina Carrega,https://capitalbnews.org/marijuana-possession-last-prisoner-project/
These Louisiana Voters Are Standing Up to Save Voting Rights Across America,"After gaining representation through new voting maps, Louisiana voters now await a Supreme Court ruling that could change their fate.",capitalbnews.org,2025-10-15,Voting,Brandon Tensley,https://capitalbnews.org/black-louisianans-finally-got-a-fair-map-it-may-be-gone-soon/
Deaths of Hip-Hop Artists Reveal the Alarming State of Black Men’s Health,Neo-soul singer D'Angelo joins growing list of Gen X Black male performers who are dying relatively young.,capitalbnews.org,2025-10-14,Health,Margo Snipe,https://capitalbnews.org/deaths-of-hip-hop-artists-reveal-the-alarming-state-of-black-mens-health/
Inside North Carolina A&T’s Homecoming: When Greensboro Turned Blue and Gold,"North Carolina A&T’s homecoming brought thousands to Greensboro for a week of tailgates, fashion shows, and school spirit.",capitalbnews.org,2025-10-14,Culture,Alecia Taylor,https://capitalbnews.org/north-carolina-at-homecoming-greensboro/
"In Houston, A Program Turns Sunlight into Second Chances for Incarcerated Texans",Houston’s Fifth Ward harnesses the sun to power homes and new beginnings for returning citizens as federal support for climate justice programs wavers.,capitalbnews.org,2025-10-14,Environmental Justice,Adam Mahoney,https://capitalbnews.org/solar-jobs-houston-epa-funding-trump-cuts/
"For This North Carolina A&T Family, Homecoming Traditions Span Generations",Generations of the Robinson family will join tens of thousands of people flocking to the HBCU this weekend.,capitalbnews.org,2025-10-10,Culture,Alecia Taylor,https://capitalbnews.org/north-carolina-at-university-homecoming-family/
"In LA, Olympic Dreams Lead to Nightmares for a Historic Black Community",A federal investigation exposed a shady deal that has bigger ramifications for one of the metro area’s disappearing Black enclaves.,capitalbnews.org,2025-10-09,Economic Development,Adam Mahoney,https://capitalbnews.org/clippers-intuit-dome-inglewood-displacement/
"Founded by Freedmen, Forgotten by Textbooks: The Men Reviving Mound Bayou","From “Women of the Movement” to “Sinners,” this Mississippi town is ready to take center stage.",capitalbnews.org,2025-10-08,History,Aallyah Wright,https://capitalbnews.org/preserving-black-history-mound-bayou-mississippi/
What's Kept Morgan State’s President at the Helm After 15 Years,David K. Wilson’s tenure is often referred to as the “Morgan Modern Era” by people in the campus community.,capitalbnews.org,2025-10-08,Hbcus,Alecia Taylor,https://capitalbnews.org/david-wilson-morgan-state-president-15-years/
She Got 27 Years for Killing Her Abuser. Judge Rules Oklahoma’s Survivors Act Won’t Free Her.,A judge will submit a written decision in Tyesha Long’s hearing next month.,capitalbnews.org,2025-10-08,Violence Against Women,Christina Carrega,https://capitalbnews.org/tyesha-long-oklahoma-survivors-act/
From Harm to Healing,"From the air we breathe to the water we drink, environmental dangers like the spread of pollution and toxic waste hit close to home. Often, Black communities are the first or most impacted by these threats to health and safety. Follow along in our series of stories in which we highlight these toxic problems, who’s […]",capitalbnews.org,2025-10-07,Uncategorized,Capital B Staff,https://capitalbnews.org/from-harm-to-healing/
Clarksdale After 'Sinners',"When Ryan Coogler’s Sinners hit the media waves during its opening weekend, Capital B reporter Aallyah Wright took to social media immediately. She questioned why her hometown of Clarksdale — the film’s setting — was left out of the press tour, especially since her hometown had no movie theater. Local organizers penned an open letter calling for […]",capitalbnews.org,2025-10-06,Uncategorized,Capital B Staff,https://capitalbnews.org/clarksdale-sinners/
Black Transgender Youth Weren't Getting Help So These Parents Stepped In,A new nonprofit provides resources to Black families of transgender and nonbinary youth at a moment of heightened political hostility.,capitalbnews.org,2025-10-06,Lgbtq,Brandon Tensley,https://capitalbnews.org/black-parents-support-trans-youth/
Kyren Lacy’s Death at 24 Sheds Light on Black Male Suicide Crisis,The former LSU standout's death is part of a troubling rise in suicides among young Black men.,capitalbnews.org,2025-10-06,Mental Health,Janell Ross,https://capitalbnews.org/black-men-mental-health-2/
Parents Fear Losing Disability Protections as Trump Slashes Civil Rights Office,"Black children and those with disabilities may suffer the worst consequences, since they disproportionately face harsh discipline at school.",capitalbnews.org,2025-10-04,Education,"Fred Clasen-Kelly, KFF Health News",https://capitalbnews.org/parents-disability-protections-trump-civil-rights/
"Ghana’s President Calls Slave Trade ‘Greatest Crime,’ Pushes U.N. for Reparations","For Black Americans, the motion — backed by a coalition of world leaders — intensifies calls to confront slavery’s enduring costs.",capitalbnews.org,2025-10-03,History,Adam Mahoney,https://capitalbnews.org/ghana-united-nations-reparations-motion/
Sean 'Diddy' Combs Sentenced to 50 Months in Federal Prison,"The judge also fined the music mogul $500,000, adding that exploitation and violence against women must be met ""with real accountability.""",capitalbnews.org,2025-10-03,Courts,Christina Carrega,https://capitalbnews.org/diddy-split-verdict-federal-charges/
Chicago’s Black Immigrants Face New Wave of ICE Arrests and Uncertainty,"Nearly 70,000 immigrants from African countries live in the city, making up 5.2% of the population, according to U.S. Census Bureau data.",capitalbnews.org,2025-10-03,News,Christina Carrega,https://capitalbnews.org/trump-ice-raids-black-chicago/
An Explosion Left a Black Town Contaminated. Politics Are Stunting the Cleanup.,"For Black Louisianans, health fears mount as federal crews face delays, threats, and funding shortfalls at the oil disaster site.",capitalbnews.org,2025-10-01,Environmental Justice,Adam Mahoney,https://capitalbnews.org/roseland-louisiana-oil-explosion-cleanup/
Hazing Death Prompts Soul-Searching for Divine Nine,The death of a 20-year-old Southern University student has been ruled a homicide.,capitalbnews.org,2025-10-01,Criminal Justice,Bethonie Butler,https://capitalbnews.org/hazing-death-southern-university-caleb-wilson/
Georgia’s Highest Court Sides With Sapelo Island Residents to Put Land Battle on Ballot,Residents have been in a fight with county leaders over their voting rights and zoning changes that threaten to lead to displacement.,capitalbnews.org,2025-10-01,Culture,"Aallyah Wright, Ann Hill Bond, Dante Miller",https://capitalbnews.org/sapelo-island-voting-rights-georgia-supreme-court/
"For 30 Years, a Report Tracked Hunger in America. Now It's Been Canceled","LaPorchia Collins, an agricultural economist, answered five questions on the recent USDA decision to halt data collection.",capitalbnews.org,2025-09-30,Food Access,Aallyah Wright,https://capitalbnews.org/usda-ends-food-insecurity-report/
The Black Women Driving a Food Revolution in Rural Mississippi,"From grocery stores to food distribution services, Black women are leading efforts to feed their communities.",capitalbnews.org,2025-09-29,Rural Issues,Aallyah Wright,https://capitalbnews.org/black-women-mississippi-delta-food-deserts/
Calls for ‘New Blood’ Grow at Congressional Black Caucus Gathering,"Veteran Black lawmakers, some say, are increasingly out of touch and don’t have what it takes to lead the most important civil rights battles of today.",capitalbnews.org,2025-09-29,Politics & Policy,Brandon Tensley,https://capitalbnews.org/cbc-conference-young-black-leaders-congressional-veterans/
Black Students Confront Right-Wing Visitors as HBCU Security Tensions Grow,"Tennessee State University said students were respectful and the group, ‘Fearless Debates,’ did not provide advanced notice of their arrival.",capitalbnews.org,2025-09-26,Higher Education,Alecia Taylor,https://capitalbnews.org/maga-protesters-removed-tsu-campus/
Black Professors on Turning Point’s Watch List Face Harassment On and Off Campus,Black professors open up about being on the Professor Watch List started by the organization Charlie Kirk co-founded.,capitalbnews.org,2025-09-26,Higher Education,Alecia Taylor,https://capitalbnews.org/black-professors-watch-list-threats-kirk/
"Black Students, Workers Hit in Trump’s Speech Crackdown",Political analysts fear that the administration’s crackdown on free speech has major implications for Black Americans at odds with its anti-diversity stances.,capitalbnews.org,2025-09-23,Politics & Policy,Brandon Tensley,https://capitalbnews.org/trump-crackdown-free-speech-kirk/
"In This Black Louisiana Town, Forests are Browning and Animals are Dying","After the industrial explosion in rural Louisiana town, the EPA still says there is no health threat.",capitalbnews.org,2025-09-22,Environmental Justice,Adam Mahoney,https://capitalbnews.org/roseland-oil-explosion-epa-response/
Black Student Found Hanging at Delta State. Police Say No Foul Play.,The university’s chief of police and director of public safety said that investigators found no evidence he had been attacked before his death.,capitalbnews.org,2025-09-16,News,Aallyah Wright,https://capitalbnews.org/trey-reed-delta-state-death/
Trump Shifts $435M to HBCUs As Other Minority-Serving Colleges Lose Funding,The Department of Education announced the funding boost just days after cutting $350 million from other grants.,capitalbnews.org,2025-09-16,Hbcus,Alecia Taylor,https://capitalbnews.org/trump-hbcus-college-funding-cuts/
Pollution is Driving Climate Disasters And The Government Plans to Stop Tracking it,"When the data disappears, so do defenses for Black neighborhoods surrounded by smokestacks and floodwaters, advocates warn.",capitalbnews.org,2025-09-16,Air Pollution,Adam Mahoney,https://capitalbnews.org/trump-epa-ends-pollution-tracking/
Fani Willis Responds to Being Removed From Trump RICO Case,The case will now be reassigned to another district attorney by the nonpartisan Prosecuting Attorneys’ Council of Georgia.,capitalbnews.org,2025-09-16,Courts,Madeline Thigpen,https://capitalbnews.org/fani-willis-disqualified-trump-rico-case/
A Surgical Team Was About To Harvest This Man’s Organs — Until His Doctor Intervened,He was shot in the head and later taken to surgery to have his organs removed for donation — even though his heart was still beating.,capitalbnews.org,2025-09-15,Gun Violence,"Cara Anthony, KFF Health News",https://capitalbnews.org/organ-harvest-mans-organs-doctor-intervened/
Lil Nas X’s Legal Battle Sheds Light on Charge Stacking,The rapper’s four felony charges underscore a practice that advocates say disproportionately burdens Black defendants.,capitalbnews.org,2025-09-15,Courts,Brandon Tensley,https://capitalbnews.org/lil-nas-x-charge-stacking-felonies/
Charlie Kirk Assassination Highlights Rising Political Violence in U.S.,Historians say the closest analogue to today’s uptick in political violence is the 1960s and 1970s.,capitalbnews.org,2025-09-12,News,"Louis Jacobson and Amy Sherman, PolitiFact",https://capitalbnews.org/charlie-kirk-trump-political-violence-guns/
"At South Florida’s Only HBCU, a Leadership Feud Ends in Court",Florida judge sides with board of trustees of Florida Memorial in fight over selecting the university’s next president.,capitalbnews.org,2025-09-12,Hbcus,Alecia Taylor,https://capitalbnews.org/florida-memorial-hbcu-president-lawsuit/
She Nearly Died in a Domestic Violence Attack. Illinois Denied Her Victim Compensation.,Advocates are challenging compensation rules that leave Black and brown survivors behind.,capitalbnews.org,2025-09-11,Criminal Justice,"Christina Carrega, Madeline Thigpen",https://capitalbnews.org/crime-survivors-advocate-compensation-funds/
HBCU Lockdowns Lifted After Day of 'Terroristic Threats',"Hampton University and Virginia State University were the first to report Thursday, and the list grew quickly.",capitalbnews.org,2025-09-11,Higher Education,Alecia Taylor,https://capitalbnews.org/hbcu-receive-threats/
How a $5 Billion Federal Project Could Sink the Lower Ninth Ward Forever,"Decades after Betsy and Katrina, the community faces another threat — a canal proposal promising “progress” that could threaten its survival.",capitalbnews.org,2025-09-10,Extreme Weather,Adam Mahoney,https://capitalbnews.org/katrina-anniversary-lower-ninth-ward-canal-flood-threat/
U.S. District Judge Blocks Lisa Cook's Removal From the Federal Reserve,The judge noted Cook's actions did not meet the threshold for sufficient cause and that she was denied due process.,capitalbnews.org,2025-09-10,Economy,Angela Burt-Murray,https://capitalbnews.org/cbc-blasts-trump-firing-lisa-cook/
Fact Check: Social Media Said Salt Trucks Were Used to Block ICE Agents in Chicago. This Is What Really Happened.,"The use of the trucks is routine, a city spokesman said, not a political statement about deportation raids.",capitalbnews.org,2025-09-09,Criminal Justice,"Capital B Staff, PolitiFact",https://capitalbnews.org/chicago-salt-trucks-ice-myth/
ICE Is Stepping Up Raids. Know Your Rights Before They Knock.,"As the Trump administration launches new sweeps in Chicago, immigrants are encouraged to know their legal protections.",capitalbnews.org,2025-09-09,Politics & Policy,"Brandon Tensley, Janell Ross",https://capitalbnews.org/trump-immigration-crackdown-ice-know-your-rights/
Atlanta’s Strip Clubs Make Millions. Advocates Warn They May Also Fuel Human Trafficking.,"Strip clubs can play a significant role in normalizing sex for money, and put Black women and girls at greater risk for abuse or worse.",capitalbnews.org,2025-09-08,Criminal Justice,Bethonie Butler,https://capitalbnews.org/how-strip-clubs-enable-sex-trafficking/
"Soot, Sickness, and Silence: A Black Louisiana Community Is Still Struggling After an Explosion","Two weeks on, Roseland families are cleaning their homes, aching for answers, and still fearing what they breathe.",capitalbnews.org,2025-09-05,Air Pollution,Adam Mahoney,https://capitalbnews.org/roseland-explosion-black-residents-epa-response/
Mississippi Festival Puts Black Blues Elders in Spotlight,"In the birthplace of the blues, Clarksdale Mayor Orlando Paden keeps his father’s legacy and festival alive.",capitalbnews.org,2025-09-05,History,Aallyah Wright,https://capitalbnews.org/blues-reds-old-timers-festival-mississippi/
COVID Hits Black Americans Harder. New Vaccine Limits Increase the Risk,Regulatory disorder at the CDC leaves it unclear who will be eligible for the shots and whether the vaccine will be free.,capitalbnews.org,2025-09-04,Covid-19,Brandon Tensley,https://capitalbnews.org/cdc-covid-vaccine-access-florida-vaccine-mandates/
"The Army Took Their Land. Decades Later, This Black Community Still Wants It Back.",Harris Neck’s residents confront the legacy of federal land grabs and the struggle for reparative justice under the threat of climate change.,capitalbnews.org,2025-09-04,Climate Change,Adam Mahoney,https://capitalbnews.org/harris-neck-land-back-movement/
"After ‘Sinners,’ Clarksdale Locals Used the Spotlight to Build Unity","Following the debut of the movie, Black residents in Mississippi's home of the blues launched a festival to celebrate African American culture.",capitalbnews.org,2025-09-03,Culture,Aallyah Wright,https://capitalbnews.org/clarksdale-day-festival/
HBCUs Are Keeping Black Baseball’s Legacy Alive With Limited Resources,"HBCUs have been a lifeline for some Black athletes. Today, these programs are struggling to stay afloat with limited resources.",capitalbnews.org,2025-09-02,Hbcus,Alecia Taylor,https://capitalbnews.org/hank-aaron-legacy-hbcu-baseball/
What Was Lost: Neighborhood Sounds After Hurricane Katrina,"For one New Orleanian, the silence after the storm was another sign of the city's loss.",capitalbnews.org,2025-08-29,Extreme Weather,"Fatima Shaik, Verite News",https://capitalbnews.org/what-was-lost-neighborhood-sounds-after-hurricane-katrina/
Explosion at Louisiana Oil Plant Leaves Black Community Coated in Toxic Fallout,"As oily rain fell on Roseland, where 90% of kids live in poverty, the Trump administration is considering gutting chemical-disaster safeguards.",capitalbnews.org,2025-08-29,Air Pollution,Adam Mahoney,https://capitalbnews.org/louisiana-oil-plant-explosion/
"The Long Journey to Preserve Emmett Till’s Story, 70 Years After His Lynching","As attempts to whitewash history escalate, family and supporters traveled by train to mirror the 14-year-old’s path to Mississippi to keep his memory alive.",capitalbnews.org,2025-08-28,History,Brandon Tensley,https://capitalbnews.org/emmett-till-legacy-70-years-later/
What’s Really in the Blacksonian. It’s Not How Trump Framed It.,Trump’s attacks on the Smithsonian’s Black history exhibits have drawn renewed attention to the National Museum of African American History and Culture.,capitalbnews.org,2025-08-28,History,Brandon Tensley,https://capitalbnews.org/trump-smithsonian-black-history/
Why Voting Is Becoming Harder for Black Americans in Southern States,"Since a 2013 case that scaled back federal approval of voting changes, Black access to the ballot box has become increasingly uncertain, advocates say.",capitalbnews.org,2025-08-26,Voting,Brandon Tensley,https://capitalbnews.org/black-voting-rights-threats-2025/
Cashless Bail Helps Keep Families Together. Trump Wants to Shut It Down.,"As the president escalates his federal takeover of D.C., his latest efforts target a system held up as a model since 1992.",capitalbnews.org,2025-08-26,Incarceration,Christina Carrega,https://capitalbnews.org/cashless-bail-trump-executive-order/
Black Alabama Mayor Once Blocked by White Town Leaders Wins Reelection,"For the first time in the majority-Black town’s history, residents got to participate directly in the democratic process.",capitalbnews.org,2025-08-26,Elections,Aallyah Wright,https://capitalbnews.org/newbern-alabama-mayoral-election-patrick-braxton/
Inside the Memphis Chamber of Commerce’s Push for Elon Musk’s xAI Data Center,"In this majority-Black city, some residents were upset by Musk’s alignment with Trump, his brief tenure as head of DOGE, and the racist posts from xAI’s chatbot Grok. In response, the chamber says it defends projects, not people.",capitalbnews.org,2025-08-25,Environmental Justice,"Wendi C. Thomas, MLK50",https://capitalbnews.org/elon-musk-xai-data-center-memphis/
"Her Mother Died Just Before Katrina. In the Storm’s Wake, Grief Had No Room.",Selarstean Mitchell remembers how her house filled with flowers and sympathy cards after her mother’s death. Then floodwaters swept it all away.,capitalbnews.org,2025-08-22,Extreme Weather,"Michelle Liu, Verite News",https://capitalbnews.org/her-mother-died-just-before-katrina-in-the-storms-wake-grief-had-no-room/
Howard President Resigns Amid Housing Crisis and Student Outrage,Ben Vinson III is stepping down after just two years in the post. Former President Wayne A.I. Frederick will fill in on an interim basis.,capitalbnews.org,2025-08-22,Hbcus,Alecia Taylor,https://capitalbnews.org/howard-president-vinson-resigns/
Black Tourists Defend History as Trump Targets the Smithsonian,"Visitors have felt drawn to the National Museum of African American History and Culture recently, angered by the president’s actions.",capitalbnews.org,2025-08-22,History,"Brandon Tensley, Alecia Taylor",https://capitalbnews.org/trump-smithsonian-visitors-black-history/
Black Voters ‘Finally’ Get Win After Federal Judge Strikes Down Mississippi Map,"On Aug. 19, a federal judge ruled the state must redraw the map that it uses to elect its Supreme Court justices.",capitalbnews.org,2025-08-22,Voting,Aallyah Wright,https://capitalbnews.org/mississippi-redraw-map-voting/
Undocumented Black Communities Brace for Ripple Effects of Federal Takeover,Attorney General Pam Bondi released a list of 35 “sanctuary jurisdictions” across the country.,capitalbnews.org,2025-08-21,Politics & Policy,Christina Carrega,https://capitalbnews.org/sanctuary-cities-black-immigrants-federal-takeover/
"Texas Rep. Stays Overnight in Chamber to Oppose Map She Says Hurts Black, Latino Voters","“I won’t just go along quietly with their intimidation or their discrimination,” state Rep. Nicole Collier said.",capitalbnews.org,2025-08-19,Voting,Brandon Tensley,https://capitalbnews.org/texas-democrats-redistricting-walkout/
What Federal Control of D.C. Police Could Mean for Overpolicing in Black Communities,Trump’s deployment of National Guard troops and threat to take over the city’s police comes as crime reaches a 30-year low in the nation’s capital.,capitalbnews.org,2025-08-15,Policing,Christina Carrega,https://capitalbnews.org/dc-police-federal-takeover-trump/
What Was Lost: Stories From Hurricane Katrina,Amy Stelly remembers her family celebrations and how they were forever changed by the storm.,capitalbnews.org,2025-08-15,Extreme Weather,"Amy Stelly, Verite News",https://capitalbnews.org/what-was-lost-stories-from-hurricane-katrina-2/
"The History of National Guard Deployments in Black Cities, and Why D.C. Is Different",Q&A: The deployment of the reserve U.S. military force to the nation’s capital this week is part of a long pattern of sending troops to control cities — but there are key differences.,capitalbnews.org,2025-08-15,Policing,Brandon Tensley,https://capitalbnews.org/dc-national-guard-black-cities/
"Black D.C. Residents Say Trump’s Tactics Bring More Fear, Not Safety","As agents patrol popular areas in the nation’s capital, many Black residents are worried about being over overpoliced.",capitalbnews.org,2025-08-14,Policing,"Alecia Taylor, Brandon Tensley",https://capitalbnews.org/dc-federal-takeover-trump-black-residents/
This Photographer Preserved Life in New Orleans Before Katrina — With a Polaroid Camera,Polo Silk documented thousands of moments of Black New Orleans life before the storm reshaped the city.,capitalbnews.org,2025-08-13,Culture,Adam Mahoney,https://capitalbnews.org/polo-silk-black-new-orleans-photos-pre-katrina/
What Hurricane Katrina Took From One Family,"A tale by the noted New Orleans journalist Terry Baquet, the co-founder and editor-in-chief of Verite News.",capitalbnews.org,2025-08-08,Extreme Weather,"Terry Baquet, Verite News",https://capitalbnews.org/what-was-lost-stories-from-hurricane-katrina/
Medicaid Cuts Endanger Life-Saving Care for Black Families in Rural America,"The rollbacks could have a drastic impact on public health in Black communities, advocates and experts warn.",capitalbnews.org,2025-08-08,Health,Aallyah Wright,https://capitalbnews.org/medicaid-cuts-black-families-trump-bill/
Black-Owned Businesses Confront Rising Costs Amid Trump’s Tariffs,"With tariffs now in effect, Black businesses face a dual challenge: economic survival and preserving community anchors.",capitalbnews.org,2025-08-07,Black Businesses,"Adam Mahoney, Aallyah Wright",https://capitalbnews.org/black-owned-businesses-trump-tariffs-costs/
Largest ICE Facility Planned at Georgia Private Prison With Deadly Record,"Last year, a man died at the Charlton County complex; now officials have approved a nearly $50 million agreement to detain nearly 3,000 people.",capitalbnews.org,2025-08-07,Incarceration,Angela Burt-Murray,https://capitalbnews.org/georgia-largest-ice-facility-trump-bill/
Sade Robinson’s Killer Gets Life as Family Demands Missing Persons Reform,"Adrianna Reams was forced to grow up faster than she’d ever imagined. Now 17, Reams is the sister of Sade Robinson, a 19-year-old college student who was murdered while on a date in 2024. At the Aug. 1 sentencing of Robinson’s convicted killer, Maxwell Anderson, Reams told a Milwaukee County judge how the murder upended […]",capitalbnews.org,2025-08-05,Criminal Justice,Christina Carrega,https://capitalbnews.org/sade-robinson-killer-sentenced-life/
The Voting Rights Act Turns 60. Its Future Has Never Looked More Fragile.,"Six decades after the most important federal statute protecting the right to vote was signed into law, advocates say, Black political power is hanging by a thread.",capitalbnews.org,2025-08-01,Voting,Brandon Tensley,https://capitalbnews.org/voting-rights-act-60-year-anniversary-black-voters/
"20 Years After Katrina, Louisiana Residents Are Most Vulnerable to 'Die of Despair'","Today, Louisiana residents are the nation's most vulnerable to 'deaths of despair' as Black New Orleanians navigate hopelessness after Hurricane Katrina.",capitalbnews.org,2025-07-31,Climate Change,Adam Mahoney,https://capitalbnews.org/hurricane-katrina-mental-health-crisis/
A Brain-Dead Pregnant Black Woman Was Kept Alive in Georgia. It’s Unclear if State Law Required It.,"It’s unclear if a state law required Adriana Smith to be kept on life support until doctors delivered her baby, but her case is a major test.",capitalbnews.org,2025-07-30,Maternal Health,"Jess Mador, WABE",https://capitalbnews.org/georgia-brain-dead-pregnancy-case/
Black Neighborhoods at Risk as U.S. Pushes to Cancel Important Climate Protection,Black communities brace for fallout after Trump revokes core safeguard that outlined pollution’s impact on nature and humans.,capitalbnews.org,2025-07-30,Air Pollution,Adam Mahoney,https://capitalbnews.org/trump-epa-endangerment-black-communities/
New York’s Sexual Assault Law Excludes the Intoxicated. This Bill Aims to Fix It.,State Senate Bill A101 bans using a survivor’s inebriation as a defense in sex crime cases.,capitalbnews.org,2025-07-28,Politics & Policy,Christina Carrega,https://capitalbnews.org/bill-a101-new-york-sexual-assault-law-reform/
USDA Cuts Food Business Centers Supporting Black Farmers,"The Regional Food Business Centers distributed more than $600,000 and helped launch 325 new businesses.",capitalbnews.org,2025-07-25,Agriculture,Aallyah Wright,https://capitalbnews.org/black-farmers-usda-funding-cuts/
Hurricane Katrina Displaced a Generation — and Led to a Renaissance in Houston,"The survivors have left a lasting imprint on the city’s identity, launching businesses, revitalizing neighborhoods, and preserving a sense of home.",capitalbnews.org,2025-07-24,Black Migration,Monique Welch-Rutherford,https://capitalbnews.org/houston-katrina-survivors-20-years-later/
Shuttering Civil Rights Offices Could Affect Students’ Ability to Address Discrimination,Advocates fear that closures will deny students the resources they need to protect their basic rights at school.,capitalbnews.org,2025-07-23,Education,Brandon Tensley,https://capitalbnews.org/civil-rights-office-cuts/
Black Women Fight for Life in Houston's Most Toxic — and Gentrifying — Neighborhood,"In Settegast, where the average person dies before retirement age, Black women battle environmental racism and a record increase in cost of living.",capitalbnews.org,2025-07-22,Housing,Adam Mahoney,https://capitalbnews.org/houston-black-women-pollution-gentrification/
Officer Convicted in Breonna Taylor Case Sentenced to 33 Months,Brett Hankison was also sentenced to three years of supervised release.,capitalbnews.org,2025-07-22,Courts,Christina Carrega,https://capitalbnews.org/breonna-taylor-one-day-sentence-doj/
A Flood Crisis Is Escalating. Southern Black Communities Face Double The Risk.,"Historic flash flood threats signal a wetter, deadlier future, and Black neighborhoods will be hit hardest. This is how you can prepare.",capitalbnews.org,2025-07-18,Extreme Weather,Adam Mahoney,https://capitalbnews.org/record-flash-floods-black-communities/
USDA Ends Key Support for Black Farmers Amid Trump Anti-DEI Orders,"The agency will no longer use the term ""socially disadvantaged,"" saying it has sufficiently addressed historic discrimination.",capitalbnews.org,2025-07-17,Agriculture,Aallyah Wright,https://capitalbnews.org/usda-ends-dei-policy-black-farmers/
Saniyah Cheatham’s Family Demands Answers in Her Death,Officials from the New York City Chief Medical Examiner’s Office said the 18-year-old died by hanging while in police custody.,capitalbnews.org,2025-07-16,Incarceration,Christina Carrega,https://capitalbnews.org/saniyah-cheatham-death-police-custody/
RFK Jr.’s Public Health Overhaul Could Disproportionately Put Black Lives at Risk,"His threats to his department, vaccine access, and accurate information could harm vulnerable groups, critics say.",capitalbnews.org,2025-07-16,Health,Brandon Tensley,https://capitalbnews.org/rfk-jr-public-health-misinformation/
Jabari Peoples Was Killed by Police. His Family Wants The Truth.,"Parents of an 18-year-old college student, who was fatally shot by an Alabama officer, want police body camera footage to be released.",capitalbnews.org,2025-07-15,Policing,Christina Carrega,https://capitalbnews.org/jabari-peoples-was-killed-by-police-his-family-wants-the-truth/
"After LA Fires, Black Altadena Faces Foreclosure and Displacement","Half of Altadena’s fire-damaged homes in pre-foreclosure belong to Black families, threatening generational wealth as corporate buyers move in.",capitalbnews.org,2025-07-14,Climate Change,Adam Mahoney,https://capitalbnews.org/black-families-foreclosure-altadena-wildfire/
How to Use Clean Energy Tax Credits Before Congress Kills Them,"There are just a few weeks left to tap federal programs that make purchasing an EV, heat pump, or solar panels more affordable",capitalbnews.org,2025-07-11,Climate Change,"Tik Root, Grist",https://capitalbnews.org/climate-tax-credits-ending-2025/
Justice Jackson Warns Supreme Court Is Hastening Democracy’s Downfall,"She’s repeatedly signaled her concerns about the direction of the court on birthright citizenship, mass federal firings, and other hot-button issues.",capitalbnews.org,2025-07-10,Courts,Brandon Tensley,https://capitalbnews.org/kbj-supreme-court-dissents/
Texas Man’s Fight to Move a Lynching Marker Sparks New Battle for Truth,"Seven decades after a white officer killed a Black WWII veteran, Shelby County eyes an NAACP chapter.",capitalbnews.org,2025-07-10,Criminal Justice,Christina Carrega,https://capitalbnews.org/texas-lynching-marker-black-history/
"In the Mississippi Delta, Black Farmers Are Rebuilding the Legacy of Land Ownership",They are reviving the mission of an association of Black churches that fed and educated Black families after the Civil War.,capitalbnews.org,2025-07-09,Agriculture,Aallyah Wright,https://capitalbnews.org/black-farmers-mississippi-delta/
"Trump’s ‘Big Beautiful Bill’ Targets Medicaid, SNAP, and Student Loans","The legislation will disproportionately burden Black Americans, who rely on these services at higher rates.",capitalbnews.org,2025-07-08,Politics & Policy,Brandon Tensley,https://capitalbnews.org/trump-big-beautiful-bill-medicaid-snap-student-loan-cuts/
"In New Orleans, Essence Fest Is a Celebration — but Not Always for Black Locals","After Hurricane Katrina, the city rebuilt its economy around tourism. Black residents, whose culture powers the city, see little of the profits.",capitalbnews.org,2025-07-07,Black Businesses,Adam Mahoney,https://capitalbnews.org/essence-fest-new-orleans-tourism-black-community/
Black Kids Are 2x More Likely To Drown. This Organization is Offering Free Swim Lessons.,"Outdoor Afro, a national nonprofit, is helping families develop water skills and overcome historical barriers.",capitalbnews.org,2025-07-04,Climate Change,Adam Mahoney,https://capitalbnews.org/drowning-disparity-black-kids-swim-lessons/
New National Park Signs Threaten the Future of Black History,Many fear that the move could have a chilling effect on rangers who simply want to do their job.,capitalbnews.org,2025-07-03,History,Brandon Tensley,https://capitalbnews.org/trump-censorship-black-history-national-parks/
Extreme Heat Is Causing a Black Suicide Crisis in Phoenix. Urban Farms Offer a Lifeline,"In America's hottest city, Black residents die by suicide at twice the national average. Cultivating the land might be their best bet to survive climate change.",capitalbnews.org,2025-07-02,Extreme Weather,Adam Mahoney,https://capitalbnews.org/black-communities-phoenix-suicide-crisis-urban-farms/
‘Digital Resistance’: Black Coders Battle Biased AI Systems,"For African Americans, providing our data to artificial intelligence — or AI — doesn’t end when you start a search for a protest happening near you, ask for the best Black-owned businesses, or even about whether you need a lawyer when speaking with law enforcement. Technology experts say our personal data and the questions we […]",capitalbnews.org,2025-06-27,Technology,Rebekah Sager,https://capitalbnews.org/black-tech-activists-ai-protection/
7 Supreme Court Cases That Black Americans Should Track This Summer,Issues before the high court range from health care access and citizenship to workplace discrimination and redistricting.,capitalbnews.org,2025-06-27,Courts,Jonathan Forney,https://capitalbnews.org/supreme-court-civil-rights-tracker/
"After a DUI Stop, He Vanished Into the ICE System",Black immigrant families are being left in the dark as ICE moves loved ones from state to state.,capitalbnews.org,2025-06-26,Incarceration,Christina Carrega,https://capitalbnews.org/black-immigrants-ice-transfers/
Track Meet Turns Tragic: Texas Teen Charged as Adult Under Controversial Law,The now-18-year-old said he was acting in self-defense. He was charged as an adult under a controversial law,capitalbnews.org,2025-06-25,Courts,Christina Carrega,https://capitalbnews.org/karmelo-anthony-murder-case-texas/
WorldPride 2025: Finding Joy During a Season of Political Backlash,The festival arrived as the Trump administration scales back some civil rights. Attendees still used the occasion to affirm that LGBTQ people matter.,capitalbnews.org,2025-06-25,Lgbtq,Brandon Tensley,https://capitalbnews.org/worldpride-2025-lgbtq-festival/
Inside HIV Activists’ Plan to Save Lives as Trump Guts Federal Funding,"While Congress fails to stave off cuts to HIV care, community leaders in Mississippi and beyond race to limit the damage.",capitalbnews.org,2025-06-24,Health,"Amy Maxmen, KFF Health News",https://capitalbnews.org/hiv-funding-cuts-mississippi-delta/
From Watts to D.C.: How 500 Black Neighborhoods Vanished in 45 Years,"America’s gentrified neighborhoods have lost 500,000 Black people, while gaining residents of every other race, a study finds.",capitalbnews.org,2025-06-23,Housing,Adam Mahoney,https://capitalbnews.org/black-displacement-gentrification-watts-study/
"Black Crossword: June 20, 2025","We teamed up with Black Crossword to give you a mini puzzle rooted in Black culture. Play our June 20, 2025, puzzle.",capitalbnews.org,2025-06-20,Games,"Capital B Staff, Black Crossword",https://capitalbnews.org/black-crossword-june-20-2025/
Black Undocumented Migrants Face Far Higher Deportation Rates,"Racial disparities in policing have created a pathway from everyday life to permanent family separation for Black migrants, according to research.",capitalbnews.org,2025-06-18,Black Migration,Adam Mahoney,https://capitalbnews.org/black-migrants-face-higher-deportation-rates/
A Historic Black Community Takes On the World's Richest Man Over Environmental Racism,"In a neighborhood founded by freed slaves, residents are fighting back against unpermitted pollution from the world’s most powerful supercomputer.",capitalbnews.org,2025-06-18,Air Pollution,Adam Mahoney,https://capitalbnews.org/musk-xai-memphis-black-neighborhood-pollution/
Baby Born to Brain-Dead Mom Spurs Lawmaker’s Push to Protect Women’s Rights,"A Georgia woman, Adriana Smith, was kept on life support because of the state's six-week abortion ban.",capitalbnews.org,2025-06-18,Maternal Health,Madeline Thigpen,https://capitalbnews.org/brain-dead-georgia-woman-delivers-baby/
The Forgotten Girls Who Desegregated New Orleans Before Ruby Bridges,"Gail Etienne, Leona Tate, and Tessie Prevost's story was overshadowed for decades. Hurricane Katrina’s anniversary brings new urgency to their unfinished work.",capitalbnews.org,2025-06-18,Education,Adam Mahoney,https://capitalbnews.org/gail-etienne-new-orleans-desegregation-before-ruby-bridges/
"After Her Killing, Speaker Melissa Hortman’s Legacy on Rights and Equity Endures",The slain legislator pushed for an array of causes — from voting rights to free school meals — that benefited marginalized communities.,capitalbnews.org,2025-06-17,Politics & Policy,Brandon Tensley,https://capitalbnews.org/melissa-hortman-killed-minnesota/
South Carolina’s Gullah Geechee Are Denied Their Right to Bury Their Loved Ones,"For a year, residents on St. Helena Island, South Carolina, have been blocked from their ancestral cemetery by gates erected by property owners.",capitalbnews.org,2025-06-17,History,Aallyah Wright,https://capitalbnews.org/gullah-geechee-st-helena-island-cemetery-lawsuit/
"Despite Corporate Pullback, Black Americans Keep Juneteenth Traditions Alive","With canceled federal grants and funding shortfalls, some communities have scaled back their efforts.",capitalbnews.org,2025-06-17,History,Aallyah Wright,https://capitalbnews.org/juneteenth-mainstream-black-communities/
"The Juneteenth flag, explained",The flag’s designer shares the story and inspiration for his design.,capitalbnews.org,2025-06-16,History,Kenya Hunter,https://capitalbnews.org/juneteenth-flag-explainer/
"Kennedy’s HHS Sent Congress ‘Junk Science’ To Defend Vaccine Changes, Experts Say",A document the Department of Health and Human Services sent to lawmakers to support Secretary Robert F. Kennedy Jr.’s decision to change U.S. policy on covid vaccines cites scientific studies that are unpublished or under dispute and mischaracterizes others.,capitalbnews.org,2025-06-13,Health,"Jackie Fortiér, KFF Health News",https://capitalbnews.org/kennedy-hhs-congress-junk-science-vaccines/
Some Mother Emanuel Families Say the Focus on Forgiveness Has Cost Them Justice,"Ten years after the racist killing of nine worshippers, South Carolina has yet to pass a law that might protect Black communities, according to some residents.",capitalbnews.org,2025-06-13,Criminal Justice,Brandon Tensley,https://capitalbnews.org/mother-emanuel-anniversary-charleston-shooting/
"Hospitals Are Drug Testing Mothers Without Consent, Fueling Family Separations","New York moves closer to requiring hospitals to get permission for screenings, which could help more Black families stay together, family advocates say.",capitalbnews.org,2025-06-12,Courts,Christina Carrega,https://capitalbnews.org/hospital-drug-testing-black-women/
Trump’s Travel Ban Targets Black Migrants as Protests and Deportations Spread,How this ban differs from the one under the first Trump administration and where communities can find resources.,capitalbnews.org,2025-06-11,Politics & Policy,Brandon Tensley,https://capitalbnews.org/trump-travel-ban-black-migrants-los-angeles-protest/
"For Some Black Angelenos, ICE Raids Reopen the Wound of Displacement","As federal agents sweep through the city, Black residents face painful truths about displacement, solidarity, and survival.",capitalbnews.org,2025-06-11,Culture,Adam Mahoney,https://capitalbnews.org/ice-raids-black-los-angeles-protests/
COVID Guidelines Just Changed. Black Americans Could Pay the Price.,Doctors say new federal guidelines put Black health at risk.,capitalbnews.org,2025-06-09,Covid-19,Angela Dennis,https://capitalbnews.org/kennedy-covid-vaccine-guidelines/
An Illinois Truck Driver Was Found Dead With Rope Around His Neck. Was Javion MaGee Lynched?,His family is expected to have an independent autopsy performed to compare reports.,capitalbnews.org,2025-06-09,Criminal Justice,Christina Carrega,https://capitalbnews.org/javion-magee-north-carolina-lynching/
"Black Crossword: June 6, 2025","We teamed up with Black Crossword to give you a mini puzzle rooted in Black culture. Play our June 6, 2025, puzzle.",capitalbnews.org,2025-06-06,Games,"Capital B Staff, Black Crossword",https://capitalbnews.org/black-crossword-june-6-2025/
Trump Won’t Force Medicaid To Cover GLP-1s for Obesity. A Few States Are Doing It Anyway.,"In South Carolina, the state Medicaid agency estimates only 1,300 beneficiaries will meet the stringent prerequisites for GLP-1 coverage.",capitalbnews.org,2025-06-06,Health,Lauren Sausser for KFF Health News,https://capitalbnews.org/medicaid-obesity-wegovy-south-carolina/
Guilty: A Wisconsin Jury Convicts Sade Robinson’s Killer,A judge could order Maxwell Anderson to spend the rest of his life in prison when he is sentenced in August.,capitalbnews.org,2025-06-06,Violence Against Women,Christina Carrega,https://capitalbnews.org/sade-robinson-wisconsin-violence-against-black-women/
FEMA Cuts Hit as 2025 Hurricane Forecast Predicts Brutal Storm Season,"The forecast, combined with aging power grids and a weakened emergency response system, is increasing vulnerability for Black communities.",capitalbnews.org,2025-06-04,Extreme Weather,Adam Mahoney,https://capitalbnews.org/hurricane-season-fema-cuts-black-communities/
Stolen Black Remains Return Home After 150 Years in European Vault,This marks the first major restitution of Black American skeletons from Europe and a renewed call to honor the lives erased by racism.,capitalbnews.org,2025-06-02,History,Adam Mahoney,https://capitalbnews.org/150-years-later-19-black-skulls-return/
‘Sinners’ Shows Clarksdale’s Past. What’s Next for the Birthplace of the Blues?,"Although Clarksdale finds itself in the national spotlight, the city has been leading its own charge for years.",capitalbnews.org,2025-06-02,Economic Development,Aallyah Wright,https://capitalbnews.org/sinners-screening-clarksdale-southern-renaissance/
PG County Has Long Been a Bastion of Black Wealth. Now It Faces an Uncertain Economic Future.,"Residents want the next county executive to boost job stability, business development, and public safety.",capitalbnews.org,2025-06-02,Economy,Brandon Tensley,https://capitalbnews.org/federal-cuts-prince-george-maryland-election/
Larry Hoover’s Federal Sentence Commuted. How Have Chicago Streets Changed?,The former gang leader must still serve the remainder of his 200-year sentence stemming from a 1973 conviction.,capitalbnews.org,2025-06-02,Criminal Justice,"Calvin Davis, Christina Carrega",https://capitalbnews.org/larry-hoover-clemency-chicago/
Why Are Black Neighborhoods Underwater? Science Points to the Wealthy.,"The richest Americans are causing 65% of global warming, but it’s Black neighborhoods that are losing homes, livelihoods, and lives.",capitalbnews.org,2025-05-29,Extreme Weather,Adam Mahoney,https://capitalbnews.org/richest-10-percent-climate-change-black-communities/
"Fired, Rehired, Fired Again. Massive Federal Cuts Leave Black Workers Reeling.","“I feel helpless. I feel like so much is out of my control,” one former employee says as the Trump administration targets USAID, AmeriCorps, and beyond.",capitalbnews.org,2025-05-28,Employment,Brandon Tensley,https://capitalbnews.org/trump-federal-job-cuts-doge-usaid-layoffs/
Clarksdale Pushed for a Screening of ‘Sinners’. They’re Getting One This Week.,"Residents of the town where the film is based will get to watch it alongside its director, Ryan Coogler, and film composer Ludwig Göransson on May 29.",capitalbnews.org,2025-05-24,History,Aallyah Wright,https://capitalbnews.org/clarksdale-sinners-screening/
"Fact Check: Trump’s Afrikaner Refugee Policy Based on Unfounded Claims About Land, White Farmer ‘Genocide’","Trump has shared versions of this narrative since 2018, as have others in his orbit, including Elon Musk.",capitalbnews.org,2025-05-23,News,"Amy Sherman, PolitiFact",https://capitalbnews.org/fact-check-trump-afrikaner-refugee-policy/
Harvard Fights Trump in Court. Black Students and Academics Say The Real Battle Is on Campus,"As the country’s oldest university takes on the president, Black students and Black professors said they carry an emotional toll.",capitalbnews.org,2025-05-23,Higher Education,Alvin Buyinza,https://capitalbnews.org/harvard-university-dei-trump/
"DOJ Under Trump Shuts Down Police Reform Cases Sparked by Floyd, Taylor Deaths",The ACLU and local partners are demanding transparency through a new campaign targeting seven states with histories of police misconduct.,capitalbnews.org,2025-05-22,Policing,Christina Carrega,https://capitalbnews.org/trump-doj-ends-police-reform-cases/
Sirens Failed. FEMA Didn't Show Up. Now Black St. Louis Recovers from Deadly Tornadoes Alone.,"Just weeks before, Trump slashed nearly $1B in disaster aid meant for Black and low-income neighborhoods.",capitalbnews.org,2025-05-20,Extreme Weather,Adam Mahoney,https://capitalbnews.org/st-louis-tornado-black-communities/
Medicaid Cuts Could Leave Millions of Black People Without Care,"Without Medicaid, Arlita Walker’s daily inhaler would cost $800 a month. Proposed changes to the program could shift access to care for Black communities.",capitalbnews.org,2025-05-19,Health,"Brandon Tensley, Candace Y.A. Montague",https://capitalbnews.org/gop-medicaid-plan/
Carla Hayden Made the Library of Congress More Inclusive. Then She Was Fired for It.,"Carla Hayden, the first African American to hold the post, was fired over diversity initiatives.",capitalbnews.org,2025-05-16,Politics & Policy,Alvin Buyinza,https://capitalbnews.org/carla-hayden-fired-library-of-congress-trump/
HIV Testing and Outreach Falter as Trump Funding Cuts Sweep the South,"JACKSON, Miss. — Storm clouds hung low above a community center in Jackson, where pastor Andre Devine invited people inside for lunch. Hoagies with smoked turkey and ham drew the crowd, but several people lingered for free preventive health care: tests for HIV and other diseases, flu shots, and blood pressure and glucose monitoring. Between […]",capitalbnews.org,2025-05-16,Health,"Amy Maxmen, KFF Health News",https://capitalbnews.org/hiv-testing-outreach-falter-trump-funding-cuts-south/
"Black Crossword: May 16, 2025","We teamed up with Black Crossword to give you a mini puzzle rooted in Black culture. Play our May 16, 2025, puzzle.",capitalbnews.org,2025-05-16,Games,"Capital B Staff, Black Crossword",https://capitalbnews.org/black-crossword-may-16-2025/
Trump Is Giving 500+ Plants a Pass to Pollute More. Is Your Home at Risk?,Enter your address to see if any of the facilities near your home are receiving a free pass to pollute under a new White House program.,capitalbnews.org,2025-05-14,Air Pollution,Adam Mahoney,https://capitalbnews.org/trump-epa-toxic-air-rollbacks/
Tyre Nichols Died. A Tennessee Jury Didn’t Convict Three Ex-Officers for His Death.,"Former Memphis police officers Tadarrius Bean, Demetrius Haley, and Justin Smith still face up to 20 years in federal prison.",capitalbnews.org,2025-05-14,Policing,Christina Carrega,https://capitalbnews.org/tyre-nichols-trial-memphis-officers/
Diddy Faces Trial Amid Abuse Claims and Years of Industry Silence,"As the court case begins, some say hip-hop is facing its long-delayed #MeToo moment.",capitalbnews.org,2025-05-12,Courts,Bethonie Butler,https://capitalbnews.org/diddy-trial-hip-hop-metoo/
"Years After Tragedy Gripped Buffalo, Its Black Community Waits for Change","Despite unmet promises, residents are turning tragedy into finding a purpose.",capitalbnews.org,2025-05-12,Gun Violence,Christina Carrega,https://capitalbnews.org/buffalo-massacre-tops-anniversary/
"Now That REAL ID Is Required, Black Travelers May Face New Travel Hurdles",Some worry that the process to get an upgraded driver’s license will disproportionately burden vulnerable groups.,capitalbnews.org,2025-05-06,Politics & Policy,Brandon Tensley,https://capitalbnews.org/real-id-deadline-may-7/
"‘Sinners’ Is Set in Clarksdale, Where There’s No Theater. Locals Are Asking for a Screening.",The Mississippi Delta town launched a petition in hopes of bringing director Ryan Coogler and his team to the community that helped inspire the hit film.,capitalbnews.org,2025-05-06,Culture,Aallyah Wright,https://capitalbnews.org/clarksdale-ryan-coogler-sinners-screening/
Fashion as Resistance: The Black Dandy at the Met Gala,This year’s event focuses on the use of personal style as a cultural and political statement.,capitalbnews.org,2025-05-05,Culture,Taylor Crumpton,https://capitalbnews.org/met-gala-black-dandy/
The Fight to Be Believed: Long COVID’s Toll on Black Americans,"Nearly a third of Black people who contracted COVID-19 have experienced long COVID symptoms, one study found, but are “not being taken as seriously,” said one patient.",capitalbnews.org,2025-05-05,Covid-19,Rebekah Sager/AP,https://capitalbnews.org/black-americans-long-covid-trump-cuts/
"Black Crossword: May 2, 2025","We teamed up with Black Crossword to give you a mini puzzle rooted in Black culture. Play our May 2, 2025, puzzle.",capitalbnews.org,2025-05-02,Games,"Capital B Staff, Black Crossword",https://capitalbnews.org/black-crossword-may-2-2025/
