title,description,source,date_of_publication,category,author,link
Celebrity Circuit: F1 Miami Kick-Off and ‘Devil Wears Prada 2’ Opens,"The celebrity scene is always packed, with stars out in full force. Here’s where they walk the carpet, light up the scene, and keep the energy on an all-time high.",ebony.com,2026-05-01,Celebrity,,https://www.ebony.com/celebrity-circuit-celebrity-events-2026/
"Black Designers as Fine Artists: Where Fashion Becomes Form, Story and Sculpture","Every few years, the fashion industry circles back to the same question: is fashion art? Within Black design, that question feels late. Black designers have long operated as fine artists, whether institutions chose to recognize it or not. What the 2026 Costume Institute exhibition, Costume Art, and its accompanying Met Gala ultimately reveal is not […]",ebony.com,2026-05-01,Fashion,,https://www.ebony.com/black-designers-as-fine-artists/
Here’s What To Know About The Voting Rights Act And Its Impact On Black Voters,"What started as a 6-3 voting decision in the Louisiana v. Callais case has now become a potential nationwide shift, as many civil rights groups gear up to protect congressional seats and minority representation in future elections. Voters and voting advocates across the country are flagging their concerns with the Supreme Court’s latest decision to […]",ebony.com,2026-05-01,News &Amp; Politics,,https://www.ebony.com/what-to-know-about-the-voting-rights-act/
"‘Nemensis’ Premiere. Plus the Best Shows on CBS, Netflix, HBO Max, and More this May","This month’s TV lineup is stacked with criminal intent, docs on the edge, and maximum pleasure, guaranteed. Watson ends its two-season series run this month, which means we have to say goodbye to Morris Chestnut, but he’ll pop back up this fall on Reasonable Doubt! Our favorite animated warrior, Iyanu, wraps up her second season […]",ebony.com,2026-05-01,Entertainment,,https://www.ebony.com/best-shows-on-cbs-netflix-hbo-max-and-more-this-may/
Misty Copeland Reinforces Importance of Dance Education at First Spring Foundation Benefit,"“There is no dance without dance education.” That’s the quote Misty Copeland declared at the first annual Spring Benefit for the Misty Copeland Foundation, held at The Pool in New York City. The room was luminous and well-appointed, with other dance legends like Debbie Allen and fellow special guests Tina Knowles, Deborah Cox, Robin Roberts and many others […]",ebony.com,2026-05-01,Culture,,https://www.ebony.com/misty-copeland-reinforces-dance-education-first-spring-foundation-benefit/
Dating Without A Safety Net: How The Absence Of Parents Shapes Our Love Lives,"I am a fan of Megan Thee Stallion, not just for her music, but mainly for her resilience. As someone who lost both of her parents, one due to gun violence and another due to an aggressive brain cancer, I know intimately the pain one feels navigating the world with parental support and protection, and […]",ebony.com,2026-05-01,Relationships,,https://www.ebony.com/how-the-absence-of-parents-shapes-our-love-lives/
Billboard Women in Music Named birthFUND Its 2026 Nonprofit Partner,"The Billboard Women in Music Awards recognized journalist, New York Times bestselling author, TV host, and founder of birthFUND, Elaine Welteroth, and her nonprofit, birthFUND, for their work in expanding access to midwifery care and improving maternal health outcomes across the United States. “We are so genuinely honored to be Billboard Women in Music’s nonprofit […]",ebony.com,2026-04-30,Health,,https://www.ebony.com/billboard-women-in-music-birthfund/
Keeping Score: Osawese Agbonkonkon Is Clearing More Than the Bar,"Osawese Agbonkonkon knows it’s the uniform that gets people’s attention first. At the University of Texas, he is a high jumper for one of the nation’s top track and field powerhouses. He is tall, fast, and explosive, the kind of athlete coaches noticed before he fully saw the path for himself. But the more interesting part […]",ebony.com,2026-04-30,Sports,,https://www.ebony.com/osawese-agbonkonkon-university-of-texas-high-jump-interview/
Refresh Your Fragrance Cabinet with New Scents From Amazon’s Summer Sale,"Stepping into May always comes with the urge to smell different. It’s not June, but it also feels like a warm-up to summer. You don’t want anything too dramatically different, just enough to signal that the season has shifted and so have you. Heavier winter scents start to feel like wearing a coat indoors, while […]",ebony.com,2026-04-30,Beauty,,https://www.ebony.com/refresh-fragrance-cabinet-scents-from-amazon/
A ‘Michael’ Sequel Is in Talks: Here Are 5 Defining Moments It Must Include,"With Michael earning more than $217 million globally in its opening weekend, talk of a sequel is already building. That includes the biopic’s director, Antoine Fuqua, who confirmed in an interview with Billboard that the production originally filmed several years of Michael Jackson’s life beyond the point where the movie ends, with the Jacksons’ Victory […]",ebony.com,2026-04-30,Entertainment,,https://www.ebony.com/michael-sequel-defining-moments/
The Black Wellness Edit: Evidence Suggests GLP-1s May Help Curb Addiction,"When it comes to the world of GLP-1 research, the updates are endless as people continue to navigate new information. More recently, evidence is beginning to mount that suggests popular weight-loss drugs have potential for treating addiction, according to CNN. Ozempic, Wegovy, Mounjaro, and Zepbound were approved to treat diabetes and obesity and are used […]",ebony.com,2026-04-29,Health,,https://www.ebony.com/the-black-wellness-edit-glp-1s-may-curb-addiction/
Celebrating the History of Black Jockeys in the Kentucky Derby,Black jockeys were the among the founders and leaders in horse racing. Find out more about their rich history.,ebony.com,2026-04-29,Sports,,https://www.ebony.com/celebrating-the-history-of-black-jockeys-in-the-kentucky-derby/
‘Soft Commitment’ and the New Rules of Black Dating,"Let’s be honest: people still believe in love. The kind that’s intentional, secure, and worth giving your full self to. Especially Black women. Despite what timelines, podcasts, and group chats might suggest, the desire hasn’t gone anywhere; they’ve just evolved. In an era of situationships and extended talking stages, “soft commitment” has quietly become a […]",ebony.com,2026-04-29,Relationships,,https://www.ebony.com/the-new-rules-of-black-dating/
Why Black Prom Culture Keeps Getting Policed Online,"The conversation resurfaces every prom season, but this year it reignited mid-April when a white woman on the internet dismissed Black prom send-offs as “hood prom baby mama culture,” arguing that this is the closest some girls will get to being a bride, so their families go all out. It was racist, lazy and wrong […]",ebony.com,2026-04-29,Black,,https://www.ebony.com/black-prom-culture-policed-online/
Beyond the C-Suite: Angela Williams On Embracing Caregiving and Redefining Leadership,"Angela Williams has spent much of her life in service. Long before she became CEO of United Way Worldwide, she was the daughter of civil rights leaders, raised in a household where faith, duty and public responsibility were part of the inheritance. Her father worked alongside Dr. Martin Luther King Jr. before becoming the […]",ebony.com,2026-04-29,Life,,https://www.ebony.com/angela-williams-caregiving-identity-united-way/
"NBA Awards: The 2025-26 Winners, So Far","The NBA’s regular-season awards do more than hand out trophies. They help define the season, spotlight the players who shaped it and, in some cases, mark the beginning of a new era. With more honors scheduled to be announced throughout the week, this running tracker will be updated as each winner is revealed. Teammate of […]",ebony.com,2026-04-29,Sports,,https://www.ebony.com/nba-awards-tracker-2026/
Keisha Lance Bottoms’ Memoir and a Flood of Fresh Reads This April,"April showers were a torrential downpour… of great books to read this month. Because spring is also a season of renewal, this lineup includes mesmorizing memoirs, cultural healing, and inspiring guides that bring insight and warmth. Let’s start with a steady stream of personal stories that tug at emotional heartstrings. Former Atlanta mayor Keisha Lance […]",ebony.com,2026-04-29,Books,,https://www.ebony.com/keisha-lance-bottoms-memoir-black-author-books-april-2026/
Megan Thee Stallion Ends Broadway Run,"The neon lights on Broadway will be a little less bright next month. Megan Thee Stallion has announced that she’ll end her run in Moulin Rouge! The Musical on May 1. View this post on Instagram A post shared by Megan Thee Stallion (@theestallion) On her Instagram account, Megan posted: “It’s been such an honor […]",ebony.com,2026-04-28,Celebrity,,https://www.ebony.com/broadway-fans-cheer-megan-thee-stallion-after-breakup-announcement/
Odell Beckham Jr. Back to the New York Giants Would be the Ultimate Reunion Show,"Let me be clear, Odell Beckham Jr. is not back with the New York Giants. Not yet. But the fact that he worked out for the team and took a physical is enough to make people in New York start remembering “the catch.” Why OBJ Worked Out For the Giants You remember the catch, right? […]",ebony.com,2026-04-28,Sports,,https://www.ebony.com/odell-beckham-giants-workout-physical/
"Sustainability Power Players: Ashley Cimone and Moya Annece, Founders of Ashya, Make Bags for the Sophisticated, Eco-Conscious World Traveler","When you’re a devoted world traveler, you know what and what not to carry with you. Large bags are not always comfortable or smart to lug around in the States or abroad. They are a burden to carry and make you easy targets for plucky pickpockets. EBONY Cover Star Ashley Cimone and Moya Annece are […]",ebony.com,2026-04-28,Fashion,,https://www.ebony.com/sustainability-power-players-ashley-cimone-and-moya-annece-ashya/
"Before You Commit To Being a Bridesmaid, Read This Helpful Survival Guide","At some point, if you have close friendships, you’ll probably be asked to be a bridesmaid, but perhaps you should take a beat before accepting the invitation right away. While weddings typically are a joyous time for brides and their bridal parties, no one ever talks about how taxing the wedding experience could be for bridesmaids, who usually commit themselves to […]",ebony.com,2026-04-28,Relationships,,https://www.ebony.com/before-you-commit-to-being-a-bridesmaid-read-this-helpful-survival-guide/
Gizelle Bryant and Angelina Jolie Bond Over Their Proudest Role: Mom,Angelina Jolie and Gizelle Bryant may come from completely different sides of the entertainment world. But motherhood is a great equalizer. View this post on Instagram A post shared by Park Tavern (@parktavern) The Oscar winner and TV reality standout found themselves in the same room on April 27 to celebrate their daughters at an Alpha Kappa […],ebony.com,2026-04-28,Celebrity,,https://www.ebony.com/gizelle-bryant-angelina-jolie-bond-over-proudest-role-mom/
Audiences Are Showing Up For ‘Michael’ — No Matter What Critics Say,"There was a lively discussion in the EBONY office this morning about Michael, Antoine Fuqua’s biopic that opened this past Friday. With a 27% score on Rotten Tomatoes, the Michael reviews have been harsh. But critics be damned—the box office is telling a completely different story. The film pulled in an estimated $217 million globally […]",ebony.com,2026-04-27,Culture,,https://www.ebony.com/audiences-are-showing-up-for-michael-no-matter-what-critics-say/
Seeing Another Side of New Orleans,"New Orleans is a special place. A swamp city built on the receding banks of the Mississippi River. A resilient community that survived Hurricane Katrina. When the levees broke, many fled. Some returned, and others moved in to help rebuild this sleepy town revered for its global appeal. Twenty-one years after the storm, tourists from […]",ebony.com,2026-04-27,Travel,,https://www.ebony.com/seeing-another-side-of-new-orleans/
I Didn’t Realize Refurnishing My Space was More Than Spring Cleaning,"I moved into my condo almost five years ago, and I just decided to pour into my space. My move was a transition—from my mom’s place to a new home while attending grad school. Adulthood was a simulation I tried to negate, but my momentous lifestyle became overwhelming. I lost my brother and aunt a […]",ebony.com,2026-04-27,Entertaining,,https://www.ebony.com/refurnishing-space-more-than-spring-cleaning/
Amazon’s Summer Sale April 27-28: Up to 50% Off Makeup Essentials and Summer-Ready Must-Haves,"Amazon doesn’t do subtle, and neither should your cart when up to 50% off makeup hits for a tight two-day window from April 27 through April 28. This is the kind of beauty sale that rewards a quick eye and a sharper edit, where your everyday staples, your summer-proof essentials and the products you keep […]",ebony.com,2026-04-27,Beauty,,https://www.ebony.com/amazons-summer-sale-makeup-essentials/
Legacy Takes Flight: Inside Dance Theatre of Harlem’s Vision Gala,"It was one of the most anticipated arrivals in recent years, and the spirits of dance legends Arthur Mitchell and Geoffrey Holder were felt throughout New York City Center. Firebird, the visionary ballet choreographed by John Taras with costumes and scenic designs created by Holder, made a triumphant return to Dance Theatre of Harlem’s 57th […]",ebony.com,2026-04-25,Culture,,https://www.ebony.com/legacy-takes-flight-inside-dance-theatre-of-harlems-vision-gala/
Reality Check: AI Brain Fry Is Here,"Researchers have discovered that there may be a connection between AI and worker burnout. According to a recent article published in the Harvard Business Review by researchers at Boston Consulting Group and the University of California, Riverside, using too many AI tools is causing what they describe as “AI brain fry” or “mental fatigue.” The […]",ebony.com,2026-04-24,News &Amp; Politics,,https://www.ebony.com/reality-check-ai-brain-fry-is-here/
The NFL Draft Went Black Everywhere Except Quarterback,"What we knew coming into the 2026 NFL Draft was that Fernando Mendoza was going No. 1 to the Las Vegas Raiders. That part had been sitting in pencil, perhaps ink, for weeks. He was the Heisman winner. He led Indiana to a national championship. He was the clean franchise-type quarterback answer for a team […]",ebony.com,2026-04-24,Sports,,https://www.ebony.com/2026-nfl-draft-no-black-quarterbacks-top-10-sports/
Tracy Morgan Stars With His Favorite Co-Star — His Daughter — In ‘Swapped.’ Plus: Sneak Peek!,"In Swapped, Tracy Morgan is sharing the screen with someone very special: his daughter, Maven Sonae Morgan. “She’s my favorite co-star,” he gushed to EBONY. “She wanted to be a part of it, so I asked her producers, and they agreed. They put her in it towards the end.” Now 12 years old, Maven has […]",ebony.com,2026-04-24,Entertainment,,https://www.ebony.com/swapped-tracy-morgan-stars-with-daughter/
EBONY Power 100 Returns for 2026; Nominations Are Now Open,"EBONY Power 100 is back for another year, and the 2026 nominations are now open. The purpose of Power 100 is to celebrate individuals who exemplify exceptional talent, innovation, and leadership qualities. For over 80 years, EBONY has continually expressed gratitude through recognition of those paving the way impactfully and with distinction. Previous EBONY Power […]",ebony.com,2026-04-24,Culture,,https://www.ebony.com/ebony-power-100-2026-nominations-open/
These ‘Michael’ Stars Helped Bring the Jackson 5 to Life,"Michael has officially arrived. Directed by Antonine Fuqua, the film dives deep into the early life of the King of Pop, from childhood prodigy to his official split from the Jackson 5. But let’s be clear, you can’t tell the story of Michael Jackson without the brothers who built the legacy with him. A full lineup […]",ebony.com,2026-04-24,Entertainment,,https://www.ebony.com/michael-actors-who-play-the-jackson-5/
Jai’Len Josey’s Debut Album Unpacks Being a ‘Serial Romantic’,"Jai’Len Josey’s debut album, Serial Romantic, arrives as both a celebration and a shedding. As we join our Zoom call, I ask her about bringing her LP baby into the world, and she pauses to reflect. “We’re working really hard, and I think my body’s trying to catch up with the reality of what is […]",ebony.com,2026-04-24,Music,,https://www.ebony.com/jailen-joseys-debut-album-serial-romantic/
Here’s Everything to Know About Taurus,"Well, hello Taurus season–we could all use a little grounding energy right now, so welcome in. As a fixed, earthy sign you bring reliability, steadfastness and practicality to the moment. And with the planet Venus as your ruler, you emanate serious sensuality. Taurus rules all the senses, so right now we should take a moment to listen to beautiful music, smell the […]",ebony.com,2026-04-24,Zodiac,,https://www.ebony.com/heres-everything-to-know-about-taurus/
BookCon 2026 Proved There’s an Appetite for More Diversity in Black Romance Reads,BookCon returned to the Javits Center in New York City and played host to thousands of eager bibliophiles looking to make up for lost time. The conference made its highly anticipated comeback after a six-year hiatus and the sold out status and wrap-around lines offered a glimmer of hope amidst the growing literacy crisis plaguing […],ebony.com,2026-04-24,Books,,https://www.ebony.com/bookcon-2026-black-romance/
Here’s Some of the Best April Beauty & Grooming Launches so Far,"April came in light but not quiet, and like always, it’s playing games, one day it’s we’re grabbing our winter coats, then the next day outside feels like Amerie’s Why Don’t We Fall in Love music video like summer showed up early. Somewhere between that back and forth, beauty and grooming brands decided to show […]",ebony.com,2026-04-24,Beauty,,https://www.ebony.com/best-april-beauty-grooming-launches/
Make It Out The Group Chat: 5 Road Trips for When You Need to Touch Grass,"The best vacation does not have to be an international excursion. As flight prices continue to surge, vacation plans may not be out of reach. Although fuel prices are also on an incline, with proper planning, a road trip might be the perfect opportunity for you to create new memories. Whether you’re packing up the […]",ebony.com,2026-04-24,Travel,,https://www.ebony.com/5-road-trips-when-you-need-to-touch-grass/
Black-Owned Bookstores Are Redefining the Reading Experience for Next Gen,"To be greeted by a wall of books gathered from community members, paintings by local artists, and the warm feeling of stepping into the beating heart of a local community, few places evoke these feelings. But the Roots Bookstore and Market in Miami does just that. The seeds of Roots date back to 2015, when […]",ebony.com,2026-04-23,Books,,https://www.ebony.com/black-owned-bookstores-redefining-experience-next-gen/
Unlocking Insights: Morgan Brown is Taking Influence Beyond the Camera with the Launch of ‘June Skin’,"For almost a decade, Morgan Brown was known in the industry as a beauty influencer who would occasionally bring her comedic personality into her content. After growing her YouTube following to over 500,000 subscribers, she maintained an interest in business studies and entrepreneurship while balancing matriculation through undergrad and keeping momentum on her platform. What […]",ebony.com,2026-04-23,Wealth,,https://www.ebony.com/unlocking-insights-morgan-brown-launch-june-skin/
Reflecting on a Decade: Beyoncé’s ‘Lemonade’ and Its Lasting Impact on Black Womanhood,"When you think of 2016, many things come to mind, from Snapchat filters to the peak era of the beauty and natural hair spaces for Black women. So many memories hit the mind, and on the music side, it seemed like there was a shift in storytelling, and we started seeing the artists of our […]",ebony.com,2026-04-23,Music,,https://www.ebony.com/beyonce-lemonade-ten-year-anniversary/
Ciara Miller Joins ‘Dancing With the Stars.’ Why She Could Be the Season’s Breakout Performer,"Ciara Miller is about to cha cha her way into an entirely new era. In an Instagram post on April 23, the Summer House star shared a page from her daily journal, featuring checkboxes for prioritizing herself and taking risks, with her hand strategically placed over the last box. View this post on Instagram A […]",ebony.com,2026-04-23,Entertainment,,https://www.ebony.com/ciara-miller-dancing-with-the-stars-season-35/
Why Black Women’s Hair Is Still a Battleground in 2026,"A Tracee Ellis Ross afro was recently renamed a “Cloud Bob” by Vogue Magazine, and just like that, we were reminded how quickly Black women’s hair can be erased, rebranded, and handed back as something new. Not new to us. There is nothing novel about texture, volume, or shape that has lived on our heads […]",ebony.com,2026-04-23,Beauty,,https://www.ebony.com/tracee-ellis-ross-black-womens-hair-battleground/
Here’s How Gen Z In Cameroon Are Promoting Sustainability and Female Representation,"After years of using traditional fish-smoking systems that were hazardous to physical health and environmentally depleting, Gen Zers in Manoka and Douala, Cameroon, sought change. The partnership between the African Women’s Network for Community Management of Forests (REACOF) and the Women Organizing for Change In Agriculture and Natural Resource Management (WOCAN) helped to drive a […]",ebony.com,2026-04-22,Culture,,https://www.ebony.com/gen-z-in-other-countries-sustainability/
The Love Language of Puerto Rico is Baseball,"The rain had been teasing us all night. Not enough to interrupt the World Baseball Classic (WBC) game hosted at San Juan’s Hiram Bithron Stadium, but just enough to make itself known. As the crowd settles into their seats, they treat the weather the same way they treat the tension of the game — as […]",ebony.com,2026-04-22,Sports,,https://www.ebony.com/sports-puerto-rico-world-baseball-classic/
The Black Wellness Edit: How Professionals Are Managing Burnout And Building Balance,"Black professionals and specifically women are more susceptible to higher levels of stress due to systemic racism, workplace politics, and various life factors, leading them to experience detrimental effects mentally and physically, leading to “weathering” accelerated physiological aging and cumulative health deterioration, as well as higher rates of hypertension, heart disease, obesity, diabetes, and more. However, […]",ebony.com,2026-04-22,Health,,https://www.ebony.com/the-black-wellness-edit-managing-burnout/
Call It What It Is: Black Femicide,"“I’ll kill you, my kids and myself.” A sinister threat 31-year-old Army veteran Shamar Elkins said to his then fiancé Shaneiqua Pugh in Shreveport, La. On April 19, Elkins fatally shot eight children ages three to 11 in what authorities identified as a domestic incident; seven were his own. Elkins also shot two adult women, […]",ebony.com,2026-04-22,News &Amp; Politics,,https://www.ebony.com/call-it-what-it-is-black-femicide/
Shopping Pre-Owned Luxury Handbags is Good For The Earth and Your Pockets,"Shopping for pre-owned luxury handbags represents a sustainable choice that aligns with environmentally friendly practices and promotes a more ethical fashion industry. This shopping approach helps extend the lifecycle of high-quality products, ensuring that the considerable resources and labor invested in their creation are utilized for the longest possible time. Here’s how choosing second-hand contributes […]",ebony.com,2026-04-22,Fashion,,https://www.ebony.com/shopping-pre-owned-luxury-handbags/
Jermaine Jackson and His Wife Stun on the ‘Michael’ Carpet — Here’s the Rest of His Family,"Jermaine Jackson and his partner, Maday Velazquez, were front and center at Lionsgate’s Michael premiere at the Dolby Theatre in Hollywood, California, on April 20. The proud parents were there to support his son Jafaar Jackson, who stars in the titular role of his uncle, Michael Jackson. Jackson and Velazquez, who is 40 years his […]",ebony.com,2026-04-22,Entertainment,,https://www.ebony.com/jermaine-jackson-family/
Women Share How Work-From-Home Culture Shaped Their Career,"When we hear “remote work,” we instantly think of the pandemic, a time when Zoom was booming and a digital shift empowered many to build the careers they wanted from their phones and laptops. Recently, co-founder of SKIMS and Good American, Emma Grede, was caught in the latest internet discourse after her comments on work-from-home […]",ebony.com,2026-04-22,Life,,https://www.ebony.com/emma-gredes-work-from-home-comments/
Your Hairstyle Might Be Determining Your Dating Pool,"Hair has always been a major way I, like many people, choose to express myself. However, it wasn’t until I became an actively dating adult that I realized my hair was unintentionally sending signals and attracting different people depending on how I wore it. Bolder colors seemed to attract players, braids and curly styles drew […]",ebony.com,2026-04-21,Relationships,,https://www.ebony.com/your-hairstyle-might-be-determining-your-dating-pool/
The Basics Every Man Needs in His Spring Wardrobe,There’s a certain kind of man who thinks “basics” means buying a pack of white crewneck t-shirts. This is not for him. This is for the man who understands that the right essentials can encourage you to step your game up in many ways. Spring style isn’t about reinventing yourself. It’s about refining what you […],ebony.com,2026-04-21,Fashion,,https://www.ebony.com/basics-every-man-spring-wardrobe-needs/
Stan Culture Ain’t Nothing New: The MJ vs. Prince Rivalry Wrote the Playbook,"On a @champagnepapi Instagram Story posted Sunday morning, featuring a mysterious blue glowing object encased in blocks of ice, a text bubble contained the cryptic message, “Its in”—meaning, presumably, Drake’s long-awaited new studio album. Yes, OVO fans received the exciting news that the Iceman finally cometh. The drop will be his first major release since […]",ebony.com,2026-04-21,Entertainment,,https://www.ebony.com/drake-vs-kendrick-aint-new-the-mj-vs-prince-rivalry-wrote-the-playbook/
The Best Clean Beauty Products of 2026 That Actually Work,"Clean beauty used to feel like homework. You’d buy something because the ingredient list sounded impressive, then let it collect dust because it didn’t actually do anything for you. But that era is over. Now the expectation is simple: if it’s going to be “clean,” it also needs to be good. Like, actually good. No […]",ebony.com,2026-04-20,Beauty,,https://www.ebony.com/best-clean-beauty-products-2026/
The Sweetest Escape: Here’s Why You Should Travel To Fiji For Spring Break,"I’ve always wanted to visit the Fiji Islands since I saw the country and its beautiful features in one of my father’s National Geographic magazines growing up, but back then, I doubted I would ever get the chance to see it in person. Recently, I was offered a trip of a lifetime to visit several islands within the […]",ebony.com,2026-04-20,Travel,,https://www.ebony.com/travel-fiji-spring-break/
“3-Hour Mom” Goes Viral—And Black Women Are Calling It Out,"Emma Grede’s “3-hour mom” comment is causing a tidal wave online, complete with mind-blown emojis, side-eyes, and plenty of tea. The British entrepreneur, investor, and author made the remark while discussing motherhood, ambition, and work during her recent book tour for Start With Yourself, and Black women are not letting it slide. Although I’m not […]",ebony.com,2026-04-17,Culture,,https://www.ebony.com/3-hour-mom-goes-viral-and-black-women-are-calling-it-out/
Former Virginia Lt. Gov. Justin Fairfax Kills Wife and Himself Amid Divorce and Public Scandal,"Former Virginia Lt. Gov. Justin Fairfax shot and killed his wife before taking his own life early Thursday in what authorities describe as a domestic-related murder-suicide, police said. Officers responded shortly after midnight to the home in Annandale, Virginia, and found Fairfax, 47, and his wife, Dr. Cerina Fairfax, 49, dead inside the residence, according […]",ebony.com,2026-04-17,News &Amp; Politics,,https://www.ebony.com/former-virginia-lt-gov-justin-fairfax/
‘Children of Blood and Bone’ Trailer Debuts at CinemaCon and the Internet Is Already Calling It “The One”,"Ever since the announcement that Children of Blood and Bone was being adapted into a feature film, fans of the sci-fi/fantasy novel by Tomi Adeyemi have been speculating about what it would look and feel like, especially amid ongoing conversations around its controversial casting choices. Now, the world has gotten its first look, and the […]",ebony.com,2026-04-17,Entertainment,,https://www.ebony.com/children-of-blood-and-bone-trailer-debut-cinemacon/
I Almost Didn’t Make It — A Black Mother Shares How Her Delivery Turned Into an Emergency,"When you read statistics about Black women feeling unsupported during pregnancy, it can quietly spark anxiety—especially if you’re an expectant mother yourself. Because those outcomes are not as rare as they should be. According to a recent Centers for Disease Control and Prevention (CDC) report, Black women experience maternal mortality rates nearly three times higher […]",ebony.com,2026-04-17,Health,,https://www.ebony.com/black-mother-delivery-emergency/
Rock & Roll Hall of Fame 2026: Who’s Honored and Who Got Snubbed,"The Rock & Roll Hall of Fame has spoken, and several iconic artists are joining the ranks of those who have defined music as we know it. From Fela Kuti to Sade, these artists, chosen through a mix of industry voting and historical inroads, are recognized for their longevity (one criterion is that their first […]",ebony.com,2026-04-17,Culture,,https://www.ebony.com/rock-roll-hall-of-fame-2026-honors-and-snubs/
"Ava DuVernay, Lee Daniels and More Featured in Doc Honoring Negro Ensemble Company Founder — EBONY Exclusive","Directing legends Ava DuVernay and Lee Daniels, along with some of Hollywood’s biggest stars, are appearing in a new documentary revolving around The Negro Ensemble Company. Considered one of the most important Black theater institutions in American history, the film centers on actor, producer, and activist Robert Hooks, who was instrumental in shaping the company’s […]",ebony.com,2026-04-17,Entertainment,,https://www.ebony.com/ava-duvernay-lee-daniels-negro-ensemble-company-founder/
Inside the Costumes of Michael: How Marci Rodgers Recreated a Legend Stitch by Stitch,"There’s a difference between dressing a character and dressing a legacy. For Marci Rodgers, the costume designer behind Michael, that difference wasn’t theoretical. It was stitched into every seam, every rhinestone, every bead that refused to be mistaken for a sequin. Because when the subject is Michael Jackson, accuracy isn’t aesthetic. It’s obligation. Rodgers spoke […]",ebony.com,2026-04-17,Fashion,,https://www.ebony.com/costumes-michael-jackson-marci-rodger-recreated-legend/
NBA Gambling Scandal Timeline: Damon Jones Turns Toward Plea,"Since October 2025, a gambling scandal has hung over the NBA, testing its own modern ambitions: a sports business that welcomed betting money, betting partnerships, and betting visibility, only to find itself confronting allegations that confidential NBA information and allegedly manipulated outcomes may have helped fuel an underground gambling network. The following is a timeline […]",ebony.com,2026-04-16,News &Amp; Politics,,https://www.ebony.com/nba-gambling-scandal-timeline/
The Black Wellness Edit: Radical Act of Preparing for Black Motherhood,"The day I told my wife I was ready to start trying to conceive, I was ecstatic. For a long time, we had been on different pages regarding timelines. Initially, my biggest concern about motherhood was the possibility that it would be all-consuming. I wanted to ensure I knew the woman I was—both inside and […]",ebony.com,2026-04-16,Health,,https://www.ebony.com/the-black-wellness-edit-preparing-for-motherhood/
Jermaine Jackson’s Son Jafaar Brought ‘Michael’ to the Family’s Hometown,"It was a family affair as Jafaar Jackson, who stars in the title role of the upcoming film Michael, and his famous family attended a screening of the film in the Jackson’s hometown on April 13. Jafaar, who is Jermaine Jackson‘s son, joined his father, cousin Prince and uncles Jackie and Marlon Jackson at the […]",ebony.com,2026-04-16,Entertainment,,https://www.ebony.com/jermaine-jackson-son-jafaar-michael-interview/
House to Home: Inside Imani Ellis’ Playful History Filled Space,"Welcome to EBONY’s new column, House to Home, where we invite you to explore the personal stories that shape our living spaces. In our very first edition, we have a heartfelt conversation with Imani Ellis, the founder of CultureCon and the CultureCon Collective. Join us as Imani shares how her upbringing and love for community […]",ebony.com,2026-04-16,Entertaining,,https://www.ebony.com/house-to-home-imani-ellis/
At the Salon: Inside EBONY’s 2026 Beauty & Grooming Awards Celebration,"The first time most of us understood beauty wasn’t in a magazine or on a screen. It was in a chair. Spinning slightly too fast, feet dangling, cape velcroed too tight at the neck. The salon, the barbershop, the in-between spaces where Black kids learn early that looking put together is not optional, it’s ritual. […]",ebony.com,2026-04-16,Fashion,,https://www.ebony.com/at-the-salon-ebony-beauty-grooming-awards-2026/
Jackie Robinson Day Is About More Than Being First,"America loves a first. We put it on magazine covers. We turn it into a slogan. We celebrate it during Black History Month. But at times, the concept of celebrating those who have made history can feel a little too neat, because what we often leave out is what did being first cost? The first person through a door is rarely celebrated. They’re often judged. Their […]",ebony.com,2026-04-15,Sports,,https://www.ebony.com/sports-jackie-robinson-day-42-mlb/
Emergency Protocols for Black Travelers Abroad: A Crisis Response Guide,"As Black travelers, we often carry an unspoken awareness. Our safety doesn’t just depend on the country we’re in, but also on how we’re perceived within it. That doesn’t mean that we stop exploring; it means we move with intention. The recent death of influencer Ashlee Jenae has shaken many in our community, not only […]",ebony.com,2026-04-15,Travel,,https://www.ebony.com/emergency-guide-for-black-travelers-abroad/
Tested in Colombia: The Award-Winning Beauty Products That Delivered IRL for EBONY’s 2026 Beauty & Grooming Awards,"There’s something about testing beauty products outside of your normal zip code that hits different. Maybe it’s the humidity. Maybe it’s the water. Maybe it’s the fact that when you’re in a place like Colombia, you’re outside for real. Moving. Sweating. Living. Your products don’t get to hide behind controlled environments and cute lighting. They […]",ebony.com,2026-04-15,Beauty,,https://www.ebony.com/award-winning-products-2026-beauty-grooming-awards/
Unlocking Insights: Leseliey Welch is Pushing for Financial Equity for Black Maternal Health,"Black birthing people in the United States are fighting for their lives and for their joy. Leseliey Welch, co-founder of Birth Detroit and co-founder and CEO of Birth Center Equity (BCE), whose journey into maternal health began far from home, in a public hospital in Durban, South Africa. In 1998, as a research assistant at […]",ebony.com,2026-04-15,Health,,https://www.ebony.com/unlocking-insights-financial-equity-black-maternal-health/
Ayo Edebiri and Don Cheadle on the Myth of Genius in Broadway’s ‘Proof’,"“Can I be emotionally naked for an hour and a half in a room full of people who have decided to sit here and focus?” Ayo Edebiri mused. We’re sitting on the 101st floor at Hudson Yards to discuss her new stage production, Proof on Broadway, as The Bear star pondered how she’ll take on that challenge. […]",ebony.com,2026-04-15,Culture,,https://www.ebony.com/ayo-edebiri-don-cheadle-broadway-proof-interview/
"Inside The 2026 WNBA Draft: New Money, New Teams, No Pressure","The 2026 WNBA Draft officially ushered in a transformative era for the league. On April 13 at The Shed at Hudson Yards in New York, the momentous occasion served as a historic cornerstone for the league’s milestone 30th season celebration. The event underscored the WNBA’s explosive growth, featuring one of the deepest talent pools in […]",ebony.com,2026-04-14,Sports,,https://www.ebony.com/sports-2026-wnba-draft-top-picks/
4 Takeaways from the Chris Brown and Usher ‘RnB’ Tour Announcement,"After years of fan anticipation, R&B superstars Usher Raymond and Chris Brown have announced that they’ll be going on tour together. In a social media post across both their pages, the two can be seen in a teaser video on motorcycles and eventually coming together in front of a large audience inside a stadium. The […]",ebony.com,2026-04-14,Music,,https://www.ebony.com/4-takeaways-from-the-chris-brown-and-usher-rnb-tour-announcement/
"With Labrinth’s Powerful ‘Euphoria’ Performance at Coachella, He Reclaimed His Narrative","Coachella is famed for leveraging global artists and has since become a music and cultural festival where performers show out, leave their mark, and share major surprises on stage. Coachella 2026 has been no different — ushering in new voices, on-site concert venues, and food activations that would diversify the experience. But none was more exciting […]",ebony.com,2026-04-14,Music,,https://www.ebony.com/labrinth-powerful-euphoria-performance-coachella-reclaim-his-narrative/
Whitney Peak Is Everywhere Right Now—But Still Playing It Low-Key,Whitney Peak is everywhere right now — even if you haven’t fully clocked it yet. EBONY has. The Gossip Girl and Chilling Adventures of Sabrina actress earned a spot on EBONY’s Young Hollywood list as one of our 30 Under 30 to Watch. And with a growing slate of project — and a gig as […],ebony.com,2026-04-14,Entertainment,,https://www.ebony.com/whitney-peak-thrash-hunger-games/
The WNBA’s New Era Isn’t Just Richer… It’s Healthier,"The WNBA’s new era is easy to measure in numbers. More money. Bigger salaries. Better benefits. And finally, a salary structure that begins to look more in line with the value players have long created. But for Aerial Powers and Monique Billings, two veterans who have lived the grind of professional women’s basketball, the real […]",ebony.com,2026-04-14,Sports,,https://www.ebony.com/sports-wnba-new-era-rest-silk-protein/
The Edge Control Economy,"There are very few constants in the Black hair space. In fact, the diasporic range of Black hair is just as vast as the culture itself. But across styles, textures and colors, there are certain cosmetic consistencies that hold true generation after generation. There are bonnets, hair spritz, and any other number of time-honored beauty […]",ebony.com,2026-04-14,Beauty,,https://www.ebony.com/edge-control-economy/
The Top Questions Black Women Wish They Asked Their Doctors During Pregnancy,"There’s a lot to process when you find out you’re pregnant. Whether it was planned or unexpected, the moment can bring a mix of emotions, including excitement, uncertainty, and a flood of questions: How do I prepare? Do I have the right support? What should I be looking for in a provider? Beyond getting those […]",ebony.com,2026-04-14,Health,,https://www.ebony.com/questions-black-women-pregnancy/
Ashlee Jenae’s Death Raises Questions About Visibility and Safety Abroad,"Just one week ago, Ashly Robinson, known publicly as Ashlee Jenae, posted a striking image of herself on a rooftop in Zanzibar, Tanzania, her arms outstretched as she held a ceramic bowl to feed a hungry giraffe. View this post on Instagram A post shared by Ashlee Jenae (@ashleejenae) It was the kind of content […]",ebony.com,2026-04-13,Culture,,https://www.ebony.com/ashlee-jenaes-death-women-safety-abroad/
Charles Johnson Lost His Wife 10 Years Ago and Turned Loss into Advocacy,"Though Charles Johnson sees Black Maternal Health Week as a week to amplify and really fulfill his role as an ally to Black women, this time of year is extremely bittersweet for not only him but also his two sons. In 2016, he lost his wife, Kira, during a routine C-section at Cedars-Sinai Hospital in […]",ebony.com,2026-04-13,Health,,https://www.ebony.com/charles-johnson-lost-his-wife-10-years-ago-and-turned-loss-into-advocacy/
10 Celebrities Who Have Been Vocal About Maternal Health,"Despite maternal health being a prominent state of urgency in the U.S., Black women are at least three times more likely to die from pregnancy-related complications than white women. As these fatal statistics have continued to fluctuate over the years with intricate research, the most daunting question that Black mothers can be left with is […]",ebony.com,2026-04-13,Health,,https://www.ebony.com/10-celebrities-black-maternal-health/
Kentucky Derby Style Takes Brooklyn at EBONY’s Sensory Soirée,"Kentucky Derby energy doesn’t usually touch Brooklyn like this, but this past Saturday, EBONY made sure it did. Inside a sun-drenched industrial space that still carried the bones of old New York, the EBONY Sensory Soirée transformed the room into something softer, richer and unmistakably ours. Think Southern tradition, reimagined through a Black cultural lens, […]",ebony.com,2026-04-13,Events,,https://www.ebony.com/ebony-sensory-soiree-brooklyn-derby-style/
"Deal or No Deal: For Nneka Ogwumike, The WNBA Negotiation Was About More Than Salary","There is a temptation, in telling stories about leadership, to go looking for the dramatic confession, the sleepless nights, the private breakdown, or the monologue that explains how history was made. Nneka Ogwumike, president of the Women’s National Basketball Players Association (WNBPA), does not really give you that. What she gives instead is something more practical, and maybe […]",ebony.com,2026-04-13,Sports,,https://www.ebony.com/sports-nneka-ogwumike-wnbpa-new-cba/
The Tiger Effect: Why Is Elite Golf Still Missing Black Players?,"For a generation of Black golfers, Tiger Woods was not just a champion. He was proof that someone who looked like them could step onto the most exclusive courses in the world and dominate. Proof that golf, a sport long associated with exclusion, could be disrupted. But proof is not the same as permanence. And […]",ebony.com,2026-04-13,Sports,,https://www.ebony.com/sports-tiger-woods-black-golf-representation-pga-tour/
Unforgettable Performance Moments From Coachella 2026,"Under the desert sky, Coachella 2026 is in full force and serving performances that are lighting up our timelines. From Swae Lee’s homage to a decade-old hit to Giveon‘s full-on symphony spectacle, here are the moments that gave us life during Coachella’s first weekend. Giveon gave a masterclass in performance at Coachella, with a full […]",ebony.com,2026-04-13,Music,,https://www.ebony.com/unforgettable-performances-black-artists-coachella-2026/
"‘Euphoria’ Season 3 Recap: Chaos, Consequences and a Trip to Alamo","For its season opener, Euphoria paints a grim picture of the life of a drug mule, which is where we sync up with Rue, played by Zendaya Coleman, as the third and presumably final season explodes onto the scene. When we left Rue four years ago, she seemed to be on the path to living […]",ebony.com,2026-04-12,Entertainment,,https://www.ebony.com/euphoria-season-3-premiere-chaos-consequences-and-a-trip-to-the-alamo/
Gone But Not Forgotten: Black Celebrities We Lost in 2026,"We’re already saying goodbye to some of our favorite artists, innovators, and cultural changemakers in 2026. Each of these souls shaped our history and heritage, leaving an impression that will endure for generations after their deaths. Their legacies will live on through those who knew them personally and professionally. Continue reading to learn more about […]",ebony.com,2026-04-10,Culture,,https://www.ebony.com/black-celebrities-we-lost-died-2026/
Dess Dior is Tapping Into a New Side with ‘Note To Self’,"Though many Gen Z’ers have digitally grown up with Dess Dior, watching her find her voice as an artist continues to open new doors in the fandom. As we get on Zoom, her energy is excited and confident in her power, yet unafraid to show her softer edges. Dess Dior enters a new era with […]",ebony.com,2026-04-10,Music,,https://www.ebony.com/dess-dior-is-tapping-into-a-new-side-with-note-to-self/
National Pet Day: How to Speak Your Pet’s Love Language,"As the saying goes, “there is nothing truer in this world than the love of a good pet.” Some of our favorite celebrities are more than familiar with that notion. We’ve seen how Megan Thee Stallion dotes on her beloved 4oe, the seamless way Tabitha Brown parents her fur baby, Blacky Brown, and Big Boi’s […]",ebony.com,2026-04-10,Love,,https://www.ebony.com/how-to-speak-your-pets-love-language/
Not Just Hype: The Beauty Brands Turning Momentum Into Longevity,"The last few years have been a genuine turning point in the beauty industry. Black-founded beauty brands had cultural momentum, building communities that major conglomerates could only dream of, shelf space driven by DEI commitments, and a social-media-to-retail pipeline that made anything feel possible. For a moment, it felt like culture was finally being met […]",ebony.com,2026-04-10,Beauty,,https://www.ebony.com/not-just-hype-beauty-brands/
9 Nature-Inspired Music Videos That Show Off the Beauty of Our Planet,"Music videos have always been a vibe—but at their best, they’re full-on escapes. Artists don’t just drop visuals; they build whole worlds we get to step into. April’s Earth Month celebration is a reminder to touch grass (literally), look up, and remember how unreal this planet actually is. As EBONY celebrates its Earth Warriors, these […]",ebony.com,2026-04-10,Entertainment,,https://www.ebony.com/9-nature-inspired-music-videos-that-show-off-the-beauty-of-our-planet/
Try These Ways to Master the Adult Spring Break Staycation,"When you think of Spring break, college students chasing beach parties and cheap flights probably come to mind. Still, who says the average working adult doesn’t deserve to have a pause? For me, as I get older and deeper into the trenches of adulthood, one of the major wellness practices we have to incorporate is […]",ebony.com,2026-04-10,Life,,https://www.ebony.com/5-ways-to-master-the-adult-spring-break-staycation/
Body Care Is the New Face Care,"Body care didn’t suddenly become important, it just finally got the attention it always deserved. For years, we were told to prioritize the face while everything below the neck was reduced to a quick lotion and go, as if melanin-rich skin didn’t carry its own set of needs, concerns and rituals. But if you grew […]",ebony.com,2026-04-09,Beauty,,https://www.ebony.com/body-care-is-the-new-face-care/
EBONY’s 2026 Beauty and Grooming Awards: The Products Defining Black Beauty From Tradition to Today,"There are a few things you don’t forget growing up Black. The smell of pressing comb grease heating up on a Sunday morning. The sound of a clipper lining you up sharp enough to walk into church like you had somewhere important to be, even if you didn’t. The quiet panic of picture day when […]",ebony.com,2026-04-09,Beauty,,https://www.ebony.com/ebonys-2026-beauty-and-grooming-awards-tradition-to-today/
How Songwriter Sylvia Moy Saved One of Motown’s Greatest Artists,"With the Michael movie just a few weeks away, Next Gen is about to discover the genius of Motown—the Detroit hit machine that defined Black music. And while legendary producer Suzanne de Passe was guiding a young Michael Jackson, another woman was already making quiet but powerful moves behind the scenes at Motown: Sylvia Moy. […]",ebony.com,2026-04-09,Books,,https://www.ebony.com/its-no-wonder-slyvia-moy-book-excerpt/
"Get to Know Adrienne Cole, Co-Founder of The House of Marigold","It’s that season when EBONY’s Sensory Soirée comes to New York City for a sensory journey celebrating the vibrant flavors of Louisville, Kentucky. Attendees will be treated to an array of dishes that showcase the cuisine, allowing them to savor its bold flavors and comforting aromas. In partnership with Louisville Tourism, the event will bring […]",ebony.com,2026-04-09,Dining,,https://www.ebony.com/adrienne-cole-the-house-of-marigold/
Nana Darkoa Sekyiamah Wants Us To Seek ‘Sexual Freedom’,"In 2021, Ghanaian feminist Nana Darkoa Sekyiamah published her debut, The Sex Lives of African Women, to notable acclaim. If that book chronicled the contemporary sexual journeys of African-identifying women around the world, her sophomore project out this March, Seeking Sexual Freedom: African Rites, Rituals, and Sankofa in the Bedroom, regards the past as a guide in shaping the prospects and sexual futures of African-descended people. “The concept […]",ebony.com,2026-04-09,Life,,https://www.ebony.com/nana-darkoa-sekyiamah-wants-us-to-seek-sexual-freedom/
Unlocking Insights: Last Minute Prep Tips for Tax Day,"Before you get anxious, listen. Tax Day is always going to be a stressor, no matter how advanced we plan. Whether you’re a seasoned filer or a first-timer, the approach of the deadline can make you extra tense, especially if you’ve put off getting your paperwork in order. While it’s always best to start your […]",ebony.com,2026-04-09,Wealth,,https://www.ebony.com/unlocking-insights-last-minute-prep-tips-for-tax-day/
"Backstage, On Set, In the Chair: Why Michaelle Solages’ Textured Hair Bill Feels Like a Long-Overdue Save","There’s a specific kind of silence that happens backstage when a Black model sits in a chair and the stylist hesitates. It’s subtle but it’s loud. You can feel it in the pause before hands touch hair, in the way tools get shuffled around and in the quiet scanning of the room for someone who […]",ebony.com,2026-04-08,Beauty,,https://www.ebony.com/michaelle-solages-textured-hair-bill/
Chase Infiniti Taps a Love for Dance at ‘The Testaments’ Premiere,"Chase Infiniti has been an undeniable fashion slayer all award season, delivering a string of standout looks. But one recognizable theme keeps resurfacing: balletcore. We first saw it at the 16th Governors Awards in November 2025, where Infiniti wore a custom white, strapless Louis Vuitton gown with a tiered tulle skirt that cascaded into a […]",ebony.com,2026-04-08,Entertainment,,https://www.ebony.com/chase-infiniti-balletcore-style-testaments/
Zendaya’s Red Carpet Looks Have Not Missed,"From the moment Zendaya stepped out in Paris for Louis Vuitton’s fall/winter presentation, she’s been turning heads with her bridal inspired looks. Now that she’s shifting into promotion of the final season of Euphoria, “Mrs. Holland” continues staking her claim as one of the best dressed women in Hollywood. For The Drama‘s red carpet appearances, […]",ebony.com,2026-04-08,Entertainment,,https://www.ebony.com/zendayas-red-carpet-looks-have-not-missed/
The Gateway to the South: Why Louisville Should Be Your Spring Destination,"Spring’s arrival marks a change of seasons, an invitation to renew your senses and prepare for summer’s promise. As we spring forward, Black families everywhere are preparing for travel. Grab your favorite derby hat, and let Louisville, Kentucky show you why it’s the “Gateway to the South” — and the next chapter of your travel story. Louisville is a living archive of […]",ebony.com,2026-04-08,Travel,,https://www.ebony.com/louisville-gateway-to-the-south-spring-destination/
The Complicated Intersection of Digital Creators and Journalists,"If you’re anything like me, you’re chronically online and aware of the many conversations swirling around influencers and/or digital creators versus journalists, and where they should be tiered relative to professional journalists. Many of us are now asking if there’s a difference, given the ever-changing media landscape? However, there is a large distinction between digital creators and journalists, like intentional training and moral journalist […]",ebony.com,2026-04-08,Life,,https://www.ebony.com/creators-vs-journalists-media-ethics-explained/
The Black Wellness Edit: What Is Parkinson’s Disease?,"In a heartfelt and courageous revelation, Rebecca King Crews, wife of actor and host Terry Crews, shared her battle with Parkinson’s Disease on the TODAY show. Speaking candidly about her journey, she disclosed that she has been living with the health condition since 2015. “I feel good,” King Crews said. “I’m able to write my […]",ebony.com,2026-04-08,Health,,https://www.ebony.com/rebecca-king-crews-parkinsons-disease-symptoms/
Interior and Plant Stylist Hilton Carter Celebrates ‘Lots of Compassion’ with Mrs. Meyer’s in New Documentary Series,"Americans are experiencing a “crisis of connection,” with half or more adults reporting signs of loneliness. In the fourth year of its Lots of Compassion initiative, Mrs. Meyer’s Clean Day is teaming up with Interior and Plant Stylist Hilton Carter to debut a new documentary series exploring how gardens supported through the program are helping […]",ebony.com,2026-04-07,Health,,https://www.ebony.com/hilton-carter-mrs-meyers-community-gardens/
Angel’s Envy Brings the Bourbon Experience Alive in Louisville,"In Louisville, Kentucky, bourbon is a way of life. Angel’s Envy has been dedicated to maintaining that tradition while honoring the rich history behind the city’s most revered spirit. Located on Louisville’s iconic Whiskey Row, Angel’s Envy recognized the growing desire from both the community and visitors to witness production up close, leading to a major expansion in 2022. […]",ebony.com,2026-04-07,Travel,,https://www.ebony.com/angels-envy-bourbon-louisville-cask-strength/
Atlanta Finally Has Its Star,"Hotlanta has been on fire, and now that it’s matched up with Angel Reese, the temperature just went up. The power forward is joining the Atlanta Dream after parting ways with the Chicago Sky, and the switch couldn’t be more headline-worthy. During the 2025 season, Reese publicly criticized the Chicago Sky’s management, coaching, and roster, citing, […]",ebony.com,2026-04-07,Sports,,https://www.ebony.com/angel-reese-trade-atlanta-dream/
"Anastasia Washington: Blending Comedy, Horror and Black Female Rage in Her Latest Film ‘Grind’","Anastasia Washington is a filmmaker, comedian, actress, singer, and curve model with an irreverent sense of humor. The LA native has been described as the female W Kamau Bell and Jordan Peele for her knack for observational storytelling that infuses humor and love into sometimes controversial commentary on subjects like eating disorders, colorism, dating, and […]",ebony.com,2026-04-07,Tv &Amp; Film,,https://www.ebony.com/anastasia-washington-grind-sxsw-interview/
Brandy’s Memoir ‘Phases’ Leaves Us With These Memorable Takeaways,"If you were a kid of the nineties, you couldn’t go anywhere without hearing Brandy’s melodic voice pouring out of the radio or seeing her iconic box braids grace the screens of television sets everywhere. Brandy “the Vocal Bible” Norwood was the moment, and at just 20 years old had already accomplished more in her […]",ebony.com,2026-04-07,Books,,https://www.ebony.com/brandy-phases-memoir-4-takeaways/
Grambling State Secures Trademark for its “G” Logo After Almost 30 Years,"Grambling State University secured a major win in court this month. The HBCU secured its iconic “G” logo under a US trademark. The historic logo has represented the school’s athletic excellence and pride since the 1970s. However, the process of securing the trademark, led by the Division of Administration and Business Affairs and counsel Kean […]",ebony.com,2026-04-07,Education,,https://www.ebony.com/grambling-state-logo-federal-trademark/
Michael B. Jordan’s Development Slate Since Becoming An Oscar Winner,"No one would fault Michael B. Jordan for taking a well-deserved break right about now. The Sinners star got his workout on this past award season, taking stage after stage to accept awards for his dual role as Smoke and Stack in the film, including the 98th Academy Award for Best Actor. But he’s staying booked […]",ebony.com,2026-04-07,Entertainment,,https://www.ebony.com/michael-b-jordan-new-movies-2026-projects/
"‘RHOA’ Newbie Pinky Cole Isn’t Afraid of the Shade, This Is How She Handles It","The Real Housewives of Atlanta premiered its explosive 17th season last night and fans got their first glimpse of one of the newest full-time Housewives, Pinky Cole. Kicking off her debut at Porsha Williams’ Mystic Island couple’s party, she got her first taste of that infamous Housewives shade. But she’s got it handled. “I shade […]",ebony.com,2026-04-06,Entertainment,,https://www.ebony.com/pinky-cole-rhoa-slutty-vegan-bankruptcy-interview/
Line Up Culture: How Grooming Became a Status Symbol for Black Men,"There was a time when a lineup was just maintenance. A quick stop at the barbershop before church, before school, before somebody’s auntie’s cookout where reputations were quietly assessed over potato salad. But somewhere between the fade and the front office, grooming for Black men stopped being upkeep and started becoming language. A crisp line […]",ebony.com,2026-04-06,Grooming,,https://www.ebony.com/black-men-grooming-line-up-culture/
The Naismith Basketball Hall of Fame Names Its 2026 Class,"Announced Saturday during Final Four weekend, the Naismith Basketball Hall of Fame’s Class of 2026 represents a story larger than the game itself. This year’s class includes Doc Rivers, Candace Parker, Amar’e Stoudemire and Chamique Holdsclaw, amongst others. Names, each in their own way, who have helped define how basketball looks and feels, and has evolved across generations. Collectively, this class’ continued presence remains a connective thread between the game’s […]",ebony.com,2026-04-06,Sports,,https://www.ebony.com/sports-basketball-hall-of-fame-class-of-2026/
"Late Night TV Use to Make Stars, Here’s What Replaced It","In 1982, a 20-year-old Eddie Murphy made his late-night comedy debut on The Tonight Show. During his six-minute stand-up performance or “set”, Murphy’s confidence, charm, and material were a smash hit with the live studio audience. Immediately after he finished, The Tonight Show host, Johnny Carson, invited Murphy to have a seat on the couch […]",ebony.com,2026-04-06,Entertainment,,https://www.ebony.com/stand-up-comedians-social-media/
Did Michael Che Go Too Far? His SNL Trump Joke Reveals Who’s Laughing And Why Others Aren’t,"Have you ever been in a room with friends and somebody says something that crosses the line, but the room laughs anyway? Not because it was clean, but because it was just clever enough, just familiar enough, just close enough to land. And yet, somewhere in that same space, or just outside of it, somebody […]",ebony.com,2026-04-06,Entertainment,,https://www.ebony.com/michael-che-snl-joke-trump-controversy/
‘8 Seconds Rodeo’ Founder Ivan McClellan Is Reclaiming Our Cowboy History with a New Book,"As the American West has often been painted in narrow strokes, Ivan McClellan is here to reframe the picture with a full brush of color. The visual artist and filmmaker has spent the last decade amplifying Black rodeo culture, best known for his long-running project and book, Eight Seconds: Black Rodeo Culture: Photographs. McClellan has traveled the […]",ebony.com,2026-04-06,Culture,,https://www.ebony.com/ivan-mcclellan-black-rodeo-cowboy-culture/
A De-Crowning Moment: Senegal Beat Morocco And Then Lost To AFCON,"Under the floodlights of the Prince Moulay Abdallah Stadium, with 68,000 spectators inside and millions watching worldwide, Senegal defeated Morocco 1-0 to win the Africa Cup of Nations (AFCON), the continent’s premier football competition. In a dramatic final, the likes the continent had never seen before, it brought the curtain down on a compelling tournament, […]",ebony.com,2026-04-05,Sports,,https://www.ebony.com/sports-caf-overturns-afcon-senegal-morocco/
"Heated Rivalry: Dawn Staley, Geno Auriemma And The Handshake","In women’s college basketball, the road to a national championship almost always runs through two places: Storrs, Connecticut and Columbia, South Carolina. And sometimes, because sport enjoys irony, those roads collide before the final destination. That is what happened Friday night at Mortgage Center in Phoenix, Arizona, where Dawn Staley’s South Carolina Gamecocks met Geno Auriemma’s undefeated UConn Huskies in a national semifinal that felt like fate on […]",ebony.com,2026-04-04,Sports,,https://www.ebony.com/south-carolina-uconn-final-four-handshake-staley-auriemma/
"Redefining Forever: What De Beers’ Book Reveals About Love, Legacy and Everyday Meaning Behind Diamonds","At Maison Assouline, the kind of place where books double as cultural artifacts, De Beers Group gathered a room full of tastemakers, historians, and industry insiders to mark the release of A Diamond Is Forever: The Making of a Cultural Icon 1926–2026. Commissioned by CEO Al Cook, the book traces how a single idea evolved […]",ebony.com,2026-04-03,Books,,https://www.ebony.com/de-beers-diamond-is-forever-100-years-cultural-impact/
Zendaya’s Got a Planned Break On the Horizon. More Black Women Should Follow Her Lead,"Zendaya is ready to disappear for a little while, and honestly, our girl deserves it. She’s already been on a jam-packed tour for her upcoming film, The Drama, opposite Robert Pattinson, which has people in a tizzy over its controversial anti-rom-com theme and tone. So it was no surprise that in a recent interview with […]",ebony.com,2026-04-03,Entertainment,,https://www.ebony.com/zendaya-taking-break-euphoria/
5 Films Featuring the Sounds of Gospel That You Can Watch This Easter Weekend,"This Easter weekend will be filled with iconic church hats, stirring verses, and of course, lots of good music. Which makes the perfect time to tap into films singing praise to the spirits on high. Whether it’s in the pulpit or in the convent, these movies have captured the spirit of the season through their […]",ebony.com,2026-04-03,Entertainment,,https://www.ebony.com/best-gospel-movies-spiritual-films/
From Locker Rooms to Livestreams,"There was a time when the locker room stood as one of the most meaningful spaces in sports culture, not because it was hidden, but because it was protected. It held relationships shaped by proximity, shared struggle, and unspoken understanding. It allowed athletes to confront tension, process pressure, and build trust without the added burden […]",ebony.com,2026-04-03,Sports,,https://www.ebony.com/sports-digital-locker-room-athletes-podcasts/
“Whiteface” Isn’t Real: Debunking the Backlash to Druski’s Latest Sketch,"Druski has never been subtle, and that is part of the appeal. But his latest sketch, “How Conservative Women in America Act,” has done more than spark debate. It has exposed a deeper problem about how we understand history, satire, and power in real time. Through prosthetics, exaggerated cadence, and a series of carefully staged moments, he […]",ebony.com,2026-04-02,Entertainment,,https://www.ebony.com/druski-whiteface-blackface-controversy-explained/
‘Summer House’ Star Ciara Miller and the Cost of Being the Only Black Woman in the Room,"Having someone you know date your ex is nothing new; it happens much more often than anyone would like. That’s what we’re seeing play out in the Ciara Miller, Amanda Batula, and West Wilson triangle. But in the case of these Summer House stars, it runs much deeper than your ex moving on to that girl […]",ebony.com,2026-04-02,Entertainment,,https://www.ebony.com/ciara-miller-summer-house-drama-analysis/
How Rice Culture Preserves the Lowcountry,"Simplicity defines Lowcountry living. You find it everywhere, whether it’s evenings spent fly fishing for spot-tailed bass before the tide comes in or enjoying a bowl of lima beans and rice with pigtails on a relative’s living room couch. About three hours north of Jacksonville and five hours southeast of Atlanta, the Lowcountry thrives on […]",ebony.com,2026-04-02,Dining,,https://www.ebony.com/gullah-geechee-charleston-food-rice-culture/
Jaden Ivey Found Out The NBA Isn’t Your Group Chat,"Former Chicago Bulls guard Jaden Ivey made waves this week after posting a series of rants that expressed his religious beliefs. As he proclaimed himself to be a devout Christian in these live rants, he also admonished the NBA for recognizing Pride Month as a league. He deemed alternative lifestyles as “unrighteous” even. As a […]",ebony.com,2026-04-02,Sports,,https://www.ebony.com/jaden-ivey-chicago-bulls-pride-month-comments/
Experts Share Insight on Colorectal Cancer Control,"The taboo nature surrounding cancer and cancer diagnosis only fitting certain age groups or races is being debunked with new findings revealing that colorectal cancer rates for those between the ages of 20-39 years old have been rising by 2% on average every year, as reported by the American Cancer Society. Despite The U.S. Preventive […]",ebony.com,2026-04-01,Health,,https://www.ebony.com/colorectal-cancer-young-adults-symptoms-screening/
Here’s What Building Black Wealth in the Creator Community is Really Like,"With a projected buying power of $2.1 trillion this year, according to Nielsen, there is no question that Black influence is strong on both the buyer and influencer sides. Many creators have had to face their new reality head-on, of going from a few dollars in their bank account to thousands, sometimes even millions, at their disposal. […]",ebony.com,2026-04-01,Education,,https://www.ebony.com/black-creators-wealth-financial-literacy-influencers/
Is Chilli’s Apology Enough to Keep “It’s Iconic” Reunion Tour On Track?,"Rozonda “Chilli” Thomas has always been a beloved icon of ’90s R&B, a voice that defined generations and a personality that fans feel they know intimately. But over the past weekend, the TLC singer found herself navigating a storm of social media scrutiny after a brief online misstep ignited speculation about her political leanings and […]",ebony.com,2026-04-01,Entertainment,,https://www.ebony.com/chilli-apology-enough-to-keep-tlc-reunion-tour-on-track/
The Only Spring Sunglasses That Matter Right Now,"There’s a specific kind of confidence that comes from putting on the right pair of sunglasses in spring. It’s quiet, it’s immediate, and it lets people know you’ve already decided what kind of day this is going to be. What feels especially right right now is the range, and not just aesthetically but culturally. Black […]",ebony.com,2026-04-01,Fashion,,https://www.ebony.com/spring-sunglasses-trends-black-style-2026/
‘The Real Housewives of Atlanta’ Returns Along with the Best April Shows,"The month of April is kicking off with the return of some of our favorite TV shows, like The Real Housewives of Atlanta, and we’re getting a few new faces added to season 17. K. Michelle and Pinky Cole enter the drama with Porsha Williams, Phaedra Parks, Shamea Morton Mwangi, Kelli Ferrell and more. Zendaya […]",ebony.com,2026-04-01,Entertainment,,https://www.ebony.com/best-tv-shows-april-2026-watchlist/
Unlocking Insights: How MindRight Founder Ashley Edwards Bridges Mental Health Gaps,"Ashley Edwards’ journey to founding MindRight began long before the term “mental health” became trendy. Raised in and later working in education in New Jersey, she witnessed up close what it looks like when communities carry heavy loads of trauma, loss and grief without access to equitable care. As an educator, she saw students and […]",ebony.com,2026-03-31,Education,,https://www.ebony.com/ashley-edwards-mindright-mental-health-community/
Gizelle Bryant Achieves Divine Nine Milestone with Twin Daughters’ Inductions into Alpha Kappa Alpha Sorority,"Gizelle Bryant has officially entered a very special and meaningful chapter of Black sorority life. The Real Housewives of Potomac star has not one, but two of her daughters standing by her side as members of the illustrious Alpha Kappa Alpha Sorority, Inc., the first African American sorority in the nation. View this post on […]",ebony.com,2026-03-31,Culture,,https://www.ebony.com/gizelle-bryant-daughters-aka-legacy/
Tariro Makoni: Redefining Fashion Discourse and Building a Universe Beyond Algorithms,"There’s a certain kind of woman the internet doesn’t quite know what to do with. Too smart to flatten, too stylish to dismiss, too intentional to scroll past. Creator Tariro Makoni exists in that exact tension, and not only does she live there, she’s building a universe from it. Before the think pieces, before the […]",ebony.com,2026-03-31,Fashion,,https://www.ebony.com/tariro-makoni-fashion-substack-creator/
"Brandy Norwood Earns Star on the Walk of Fame, States It’s Her ‘Full-Circle’ Moment","Less than 24 hours before her debut memoir, Phases, hit shelves on March 31, Brandy Norwood added another milestone to her already remarkable career: a star on Hollywood’s legendary Walk of Fame.​ “Back then, I was just a little girl with a big dream,” Norwood said while accepting the honor in front of a lively crowd of […]",ebony.com,2026-03-31,Entertainment,,https://www.ebony.com/brandy-walk-of-fame-star-memoir-phases/
NASCAR’s Brehanna Daniels: The Nerves to Say No. The Courage to Back it Up.,"When Norfolk State first offered Brehanna Daniels the chance to walk on to the basketball team, she did not answer like someone grateful just to be considered. “Respectfully,” she told them, “I’m too good to be a walk-on.” It is the kind of line that reads as swagger once someone has already made history. But […]",ebony.com,2026-03-31,Sports,,https://www.ebony.com/keeping-score-sports-nascar-brehanna-daniels/
The Creator Press Tour Doesn’t Need Press. What Does This Mean for Journalists,"The creator press tour doesn’t need press anymore. And that should concern more people than it currently does. There was a time when red carpets, junkets and press days belonged to journalists. People trained to ask better questions, pull real answers and actually understand the moment they were documenting. Now those same spaces are being […]",ebony.com,2026-03-30,News &Amp; Politics,,https://www.ebony.com/influencers-vs-journalists-red-carpet-access/
Celebrity Baby News: Expecting Couple Jay Cinco and Lala Baptiste Are Now Engaged,"Just add an engagement ring to that teething ring! Rapper Jay Cinco proposed to his girlfriend, Internet model and personality Lala Baptiste, during a baby shower for their first child together, which was live-streamed on YouTube March 28. Getting down on one knee, Cinco produced a sparkly engagement ring to Baptiste, his partner of one […]",ebony.com,2026-03-30,Entertainment,,https://www.ebony.com/celebrity-births-2026/
"The State of US: The U.S. Rejects Slave Trade Resolution, Birthright Citizenship Case, and ‘No Kings’ Protests Surge","What you need to know: This week, the federal government took a hard look at diversity programs and said, “What if… less of that?” while also voting against a global resolution calling the slave trade one of history’s greatest crimes. Meanwhile, millions of Americans hit the streets in nationwide protests, and the Supreme Court is […]",ebony.com,2026-03-30,News &Amp; Politics,,https://www.ebony.com/state-of-us-birthright-citizenship-slave-trade-vote/
The Black Wellness Edit: Big Boss Vette has a New Health Perspective since Battling Cancer,"In 2014, long before big stages and viral TikToks, Big Boss Vette, born Diamond Alexxis Smith from St. Louis, Missouri, was a teenager recording freestyles on her phone and uploading them to Facebook and Instagram. With raw confidence and unfiltered lyrics, she quickly became a social media sensation. Still, behind the viral moments was a […]",ebony.com,2026-03-30,Health,,https://www.ebony.com/big-boss-vette-cancer-recovery-interview/
"Jalen Rose on March Madness Win, ‘South West High’ and the Key to Happiness","March Madness is in full effect—delivering three-point highs that feel larger than life. Jalen Rose feels a familiar energy in this year’s tournament. With its “big personalities, fashion statements, enthusiasm, and camaraderie,” he stated, it echoes his Michigan Fab Five era, where Rose slayed the court as a point guard in the early nineties. And […]",ebony.com,2026-03-30,Entertainment,,https://www.ebony.com/sports-jalen-rose-march-madness-michigan/
How Tola Lawal Is Powering the Next Generation Through Gyrl Wonder,"One of the most impactful approaches to shaping the future involves direct involvement in many forms — mentorship and investment both play vital roles. Tola Lawal has merged the two into one to create a space where community and preparation are at the core of her non-profit, Gyrl Wonder. The organization is a professional pipeline for […]",ebony.com,2026-03-30,Education,,https://www.ebony.com/gyrl-wonder-tola-lawal-interview/
March of the Boozers: One More Final Run…Together,"If you’ve been watching the drama of March Madness unfold, it’s been hard not to notice the twin power of Cameron and Cayden Boozer. You see it in Duke’s tournament run. You see it in the way the brothers move through big moments together. You even see it in their commercial appeal, such as an […]",ebony.com,2026-03-29,Sports,,https://www.ebony.com/sports-boozer-twins-duke-march-madness/
Understanding Lipedema: Doja Cat’s Journey and What You Need to Know About This Chronic Fat Disorder,"Recently, Doja Cat announced that she may have lipedema: A chronic and progressive condition where abnormal fat tissue builds up typically in the legs, thighs and buttocks. In addition to her synth-backed melodies and genre-bending rhymes, the “Say So,” songstress is known to wax quite poetically about her fuller lower half. “If you can see […]",ebony.com,2026-03-27,Beauty,,https://www.ebony.com/doja-cat-lipedema-explained/
‘They Will Kill You’ Star Zazie Beetz’s Rule for Surviving a Horror Film (Before You Get Out),"Zazie Beetz has a simple rule for surviving in a horror film: don’t go there. We had just watched the opening scene of her latest flick, They Will Kill You, at the annual BlerDCon conference in Washington, D.C. Beetz plays Asia Reaves, a woman who takes on a job at The Virgil, a prestigious and […]",ebony.com,2026-03-27,Entertainment,,https://www.ebony.com/zazie-beetz-they-will-kill-you-interview/
"Joy-Ann Reid Talks the Shift of Media, Independence and More","Joy-Ann Reid got fired on her day off, but ultimately, it was for the best. Last February, the acclaimed author and journalist got word that The Reid Out, her highly rated, award-winning weeknight show, had been cancelled as part of a major shake-up with the network she now comically refers to as “the artist formerly […]",ebony.com,2026-03-27,Education,,https://www.ebony.com/joy-ann-reid-msnbc-exit-independent-media/
The World Has Called It a Crime. America Still Won’t Pay,"The International Day of Remembrance of the Victims of Slavery and the Transatlantic Slave Trade was honored on March 25. This year, the U.N. General Assembly moved beyond talking points and named the transatlantic slave trade and the enslavement of Africans for what it was: the gravest crime against humanity. The resolution passed with 123 […]",ebony.com,2026-03-27,News &Amp; Politics,,https://www.ebony.com/un-slavery-resolution-us-reparations-vote/
Get Lit Book Pics: 2 Chainz’s New Memoir and More Books to Spark a Spring Reset This Month,"Ah, spring. Time to pack away those heavy winter clothes, declutter your home and update your reading list with books that feed your spirit and stir up convos in the group chat. The seven books in this month’s lineup are giving growth and glow-up vibes on every page. Let’s start with award-winning rapper 2 Chainz, […]",ebony.com,2026-03-27,Books,,https://www.ebony.com/spring-books-reading-list-2026/
Main Character Energy: 8 of the Top Players in the NCAA Tournament,"Yes, we’re a little ahead of the field, but what better time during the Sweet Sixteen weekend to announce, The “Elite EBONY Eight.” (See what we did there). The tournament continues to prove to be filled with adrenaline-pumping buzzer beaters, breakout performances, and the kind of underdog stories that define this time of year. As […]",ebony.com,2026-03-27,Sports,,https://www.ebony.com/sports-march-madness-players-to-watch-2026/
Meta and YouTube are Now Deemed Liable in Social Media Addiction Trial,"A jury found that Meta and YouTube are liable for causing addiction in children, reports PBS. More specifically, the social media platforms are being held liable for damaging the mental health of the 20-year-old plaintiff, who says early use of social media, when she was a minor, led to her addiction to technology. The wider […]",ebony.com,2026-03-27,Family,,https://www.ebony.com/meta-youtube-lawsuit-social-media-addiction/
"Chelley Bissainthe Executive Producing and Starring in New UPROXX TV Series ‘Love, Songs’—EBONY Exclusive","Is your favorite love song one that’s easy to recognize? Chelley Bissainthe wants to find out. EBONY can exclusively reveal that the content creator and reality TV alum is set to host the original series Love, Songs, for UPROXX TV. “ I feel honored,” Bissainthe exclaimed to EBONY. “I’m just really excited because I get to […]",ebony.com,2026-03-26,Entertainment,,https://www.ebony.com/chelley-bissainthe-love-songs-uproxx-tv/
The Charleston Wine + Food Festival 20th Anniversary — The Making of Me,"I left my hometown in the late summer of 2007. Carolina Gold rice is harvested during this period, when farmers cut the rice stalks in August. After grad school and a year living with my mom, I packed everything I had. I relocated to Washington, D.C., from the Lowcountry. My decision was simple: Charleston was still […]",ebony.com,2026-03-26,Dining,,https://www.ebony.com/charleston-food-wine-festival-gullah-geechee-story/
"Estelle, Debra Lee, Xosha Roquemore and More Receive Inaugural Awards at the Black Women in Entertainment Honors","Stated simply, the time is always right to celebrate the influence and accomplishments of Black women. Such was the case last Thursday night at The Gathering Spot in Los Angeles for the inaugural Black Women in Entertainment Honors. The event highlighted the groundbreaking work of 11 extraordinary women – Phylicia Fant, Global Head of Music […]",ebony.com,2026-03-26,Entertainment,,https://www.ebony.com/black-women-in-entertainment-honors-los-angeles/
The Fandom’s Backlash to Paapa Essiedu as Snapes Is Exhausting (And We’re Over It),"We’ve seen this before, and we’re tired of it. British-Ghanaian actor Paapa Essiedu has faced intense online backlash — including death threats — since being cast as Professor Snape in HBO’s new Harry Potter adaptation. The reaction is predictably troubling. It’s the same ugly cycle we’ve watched play out too many times: Black actors are […]",ebony.com,2026-03-26,Entertainment,,https://www.ebony.com/paapa-essiedu-snape-backlash-harry-potter/
"Inside LVMH’s Paris Playbook, Where HBCU Students Learn Luxury at the Source","If you want to understand luxury, you do not start on the sales floor. You start where the codes are protected, archived and quietly reimagined. For a group of Spelman College students, alongside peers from Clark Atlanta University and Morehouse College, that meant stepping directly into the inner sanctums of LVMH in Paris. Not as […]",ebony.com,2026-03-26,Education,,https://www.ebony.com/lvmh-spelman-hbcu-luxury-branding-program/
The FYP Era: 25 Content Creators Redefining Media,"The creator economy has long outgrown the idea that influence only belongs to entertainers working within traditional gates. Today’s most magnetic cultural voices are building audiences in real time, shaping taste, language, beauty standards, family life, political conversation, and even how we understand humor itself. EBONY’s Creator’s Era list exists to honor that shift by […]",ebony.com,2026-03-26,Culture,,https://www.ebony.com/the-fyp-era-content-creators-list-2026/
Is Being Offline Really a Luxury — or Just a Privilege Some Can Afford?,"Scrolling through TikTok or Instagram lately, you’ve likely seen it: soft-lit videos about deleting apps, switching to flip phones, romanticizing “analog life.” The phrase floats through captions — being offline is the new luxury. In an age of constant updates, notifications, and algorithm-driven visibility, stepping away can look aspirational. Exclusive, even. Still, for many Black creators and community builders whose income and […]",ebony.com,2026-03-25,Life,,https://www.ebony.com/black-creators-offline-luxury-social-media/
"Larenz Tate on Timeless Grooming: Discipline, Balance and Authentic Self-Care for Black Men","There are men who age, and then there are men who evolve. Larenz Tate has been doing the latter in plain sight for over three decades. Since his breakout in Menace II Society, his face has remained a kind of cultural constant, less frozen in time and more refined by it. The internet calls it […]",ebony.com,2026-03-25,Celebrity,,https://www.ebony.com/larenz-tate-bevel-grooming-skincare-interview/
Joy Sunday Has Gone From ‘Wednesday’ to ‘DTF St. Louis’ — And She’s Still Not Playing By the Rules,"With Joy Sunday, it’s all in the eyes. Looking into them, they seem to bore into your soul. It’s that gaze that’s led Sunday to be an indelible force in two hit TV series: first as Bianca Barclay, the siren whose gaze sways people’s actions on Wednesday. And now, that look is getting her to […]",ebony.com,2026-03-25,Entertainment,,https://www.ebony.com/joy-sunday-dtf-st-louis-interview/
Look Who’s Joining ‘Reasonable Doubt’ Season Four: Meagan Good and Durrell “Tank” Babbs,"A little bit of Harlem is coming to Los Angeles. Meagan Good has joined the cast of Reasonable Doubt for its upcoming fourth season. Good will play Regina Harris, the new district attorney, described as smart, compassionate, and no one’s fool. Last seen in Lifetime’s I’ll Never Let You Go, Good is known for her leading role as […]",ebony.com,2026-03-25,Entertainment,,https://www.ebony.com/meagan-good-reasonable-doubt-season-4-cast/
The Last Line of Defense: How Community Coaches Are Saving Youth Sports,"Before returning to the Tampa Bay Buccaneers in 2025, at the time, retired NFL quarterback Teddy Bridgewater took a short stint coaching at Miami Northwestern High School. This act of public service, however, did not come without controversy. After covering rides to and from practice and providing meals to his players, Bridgewater was suspended in […]",ebony.com,2026-03-24,Sports,,https://www.ebony.com/teddy-bridgewater-youth-sports-access/
"First a Barbie, Now An Icon. Serena Williams on Becoming Barbie Dream Fest’s First Honoree","Serena Williams knows exactly what accessories she’d have in her Barbie playset. “A blazer—my go-to for off-court work events,” she exclaimed to EBONY. “A fun bag or heels. And of course, a tennis racket, because that’s where it all started. I’d also sneak in a little something extra for my girls.” The power blazer is […]",ebony.com,2026-03-24,Culture,,https://www.ebony.com/serena-williams-barbie-dream-fest-interview/
Kensington Grey and DBA Are Redefining How Black Creators Build Power in 2026,"There was a time when creator agencies operated like booking factories. Secure the deal. Deliver the post. Collect the check. Repeat. That model is dead. Or at least, it’s no longer enough to survive in an industry where Black creators are not just shaping culture, but defining the business of it. In 2026, the agencies […]",ebony.com,2026-03-24,Beauty,,https://www.ebony.com/black-creators-influencer-agencies-power-shift/
These Black Opera Singers Share the Legacy the Art Form Carries,"In an era marked by uncertainty and the reevaluation of traditional institutions, the role of Black opera singers has taken on profound significance. With the recent discourse involving actor Timothee Chalamet, who said, “I don’t want to be working in ballet, or opera, or things where it’s like, ‘Hey, keep this thing alive, even though […]",ebony.com,2026-03-24,Culture,,https://www.ebony.com/black-opera-singers-future-of-opera/
Here’s What To Know About The Partial Government Shutdown and TSA Workers Going Unpaid,"For over a month, Transportation Security Administration (TSA) employees have continued to work without adequate pay as tensions rise at airports across the U.S. This situation began as a result of indecision coming from political leadership after the Senate was supposed to agree on funding for Immigration and Customs Enforcement (ICE) and Customs and Border […]",ebony.com,2026-03-24,News &Amp; Politics,,https://www.ebony.com/tsa-workers-unpaid-shutdown-airports/
Between the Pages: Tayari Jones Explores What It Means to Grow Up Without a Mother in ‘Kin’,"There’s something uncomfortable about how Kin, Tayari Jones’ latest novel, confronts the absence of motherhood. As a daughter who has experienced maternal abandonment without explanation or closure, that ache never leaves you. In Kin, Annie and Vernice share the burden of being motherless, but they approach it in decidedly different ways. Abandoned before she could […]",ebony.com,2026-03-23,Books,,https://www.ebony.com/tayari-jones-kin-book-review/
"A First-Timer’s Guide to the Maldives: What I Loved, What I’d Skip, and What I’d Do Differently",The Maldives is one of those places most of us feel familiar with before we ever go. You’ve seen the photos. The overwater villas. The version of it that lives online. I had all of that in my head when I arrived. What I didn’t have was a clear sense of how the trip would […],ebony.com,2026-03-23,Travel,,https://www.ebony.com/maldives-first-trip-what-to-expect/
How This Artist’s Afro-Caribbean Roots are Shifting Southern Contemporary Art,"The South has always been a canvas for expression, and Kandy G. Lopez knew from a very early age the importance of exploring identity and power through mixed media. Born to Dominican parents, she draws from her experience navigating her upbringing as an inner city kid. “I understood that you can be taught how to […]",ebony.com,2026-03-23,Life,,https://www.ebony.com/kandy-g-lopez-southern-contemporary-art/
I’m A Black Man Watching ‘Imperfect Women.’ Here’s Why You Should Too,"For sports lovers, “March Madness” signals college basketball tournaments filling our TVs and devices with the latest collegiate exploits on the hard court. While I will be tuning in to watch numerous games, this year my “March Madness” includes a new roster, Imperfect Women, Apple TV’s new series that has me guessing and on the […]",ebony.com,2026-03-23,Entertainment,,https://www.ebony.com/imperfect-women-apple-tv-review/
Here’s What Spring Equinox has in Store for Your Zodiac Sign,"Every year, around Mar 20-21, the Earth and the Sun line up in a very specific way: a configuration that results in equal parts day and night. We refer to this day as the Spring Equinox. It’s an astronomical phenomenon with astrological meaning—this is now Aries season, the beginning of the zodiac, the first day of spring, the start of longer, […]",ebony.com,2026-03-20,Zodiac,,https://www.ebony.com/spring-equinox-zodiac-signs-2026/
Kwasi Paul’s “Keepsakes” Isn’t Just a Collection It’s a Memory You Can Wear,"There’s a certain kind of fashion that asks you to look. And then there’s the kind that asks you to remember. EBONY 2025 Power 100 Honoree Influential Creator Sam Boakye of Kwasi Paul dropped his Spring 2026, Keepsakes, which falls firmly in the latter. Released as the first delivery of the season, the collection doesn’t […]",ebony.com,2026-03-20,Fashion,,https://www.ebony.com/kwasi-paul-keepsakes-spring-2026/
"The State of US: SAVE Act Debate, Iran War Drives Gas Prices Up, and $42M HBCU Gift Offers Hope","What to Know: This week in America, lawmakers are debating a voting bill that could make registering to vote feel a little more like applying for a passport at the DMV. Meanwhile, the Iran conflict is escalating, sending gas prices climbing and reminding everyone that global politics has a very real way of showing up […]",ebony.com,2026-03-20,News &Amp; Politics,,https://www.ebony.com/state-of-us-save-act-iran-war-gas-prices-hbcu-donation/
Multidisciplinary Artist Bria Edwards Is Putting the Black Cowboy Back in the Center Saddle,"Walking through the work of multidisciplinary artist Bria Edwards, her images of equestrian life feel like they are galloping right off the canvas. The materials Edwards uses, “heavy body paints, sawdust, pumice gel,” bring them to life and are the cornerstone of her work. “It’s how I make my art more vivid, like a writer […]",ebony.com,2026-03-20,Culture,,https://www.ebony.com/bria-edwards-black-cowboy-art-exhibition/
The Community In Defense of Mental Health: Sad Girls Club Turns Nine,"On a rainy afternoon during Black History Month, inside the amber hush of the Ace Hotel Brooklyn, a group of women convened for a Galentine’s Day get-together. Over the course of the night, attendees were guided through the architecture of love’s elasticity, friendship breakups, the courage to be seen, and the language of interpersonal intimacies. […]",ebony.com,2026-03-19,Health,,https://www.ebony.com/sad-girls-club-black-womens-mental-health/
Meagan Good Celebrates One Year With Jonathan Majors With Wedding Pics Throwback,"It’s been a year of love and laughter for Meagan Good and Jonathan Majors, and she’s letting the world know it. On March 19, Mrs. Majors dropped a social post celebrating their one-year anniversary, with a throwback to their 2025 wedding photos. View this post on Instagram A post shared by MRS MGM GRAND . […]",ebony.com,2026-03-19,Celebrity,,https://www.ebony.com/meagan-good-one-year-anniversary/
"The New Beauty Power Players: Marvella Akiojano, Toni Bravo and Aba Asante Are Turning Influence Into Infrastructure","Beauty used to be something you performed. You learned the angles. You hit record. You blended, lined, glossed, and hoped the algorithm caught feelings. Success looked like views, brand trips, and a well-timed “link in bio.” And for a minute, that was enough. But somewhere between the GRWM and the group chat, the game changed. […]",ebony.com,2026-03-19,Beauty,,https://www.ebony.com/beauty-creators-changing-industry/
Only Six: Why Black Coaches Struggle to Break the NCAA’s Highest Ceiling,"Every March, college basketball sells the same promise: anything can happen. The NCAA tournament thrives on unpredictability. Brackets collapse as unlikely underdogs crash the party, and programs that looked ordinary in November suddenly look unstoppable by April. But when it comes to the coaches cutting down the nets, history tells a far more predictable story. […]",ebony.com,2026-03-19,Sports,,https://www.ebony.com/sports-black-coaches-ncaa-championship-gap/
Scott Evans Discovers His Barbados Heritage on a Mindful Journey That Stirs His Soul,"Scott Evans has masterfully built an award-winning career by asking questions and getting the lowdown on others. Now, an aged curiosity surrounding his heritage has put him in search of the unknown buried within fragments of his family tree. During a quest for enlightenment, Barbados has become a journey he’s eagerly dedicated the rest of […]",ebony.com,2026-03-19,Culture,,https://www.ebony.com/scott-evans-barbados-ancestry-journey/
How To Get Your Groove Back — The Most Popular Sex and Intimacy Trends to Try in 2026,"We’re quickly approaching spring, which is usually a time for renewal for our homes, closets, routines, and even our sex lives. If you’ve been feeling apathetic towards your sexual routines, perhaps it’s time to switch things up a bit! However, you may not know where to start. Luckily for you, we’ve tapped Nikquan Lewis, intimacy coach and sex expert, to inspire and help you to […]",ebony.com,2026-03-19,Relationships,,https://www.ebony.com/sex-intimacy-trends-2026/
From Press Pass to After-Party: Inside One Journalist’s 2026 Oscar Week,"When the Academy Awards accepted my credential request to cover the 2026 Oscars, the plan was set in motion. I booked my stay at the Kimpton Everly Hotel, one of my favorite Los Angeles hotels, just a few minutes from the Dolby Theatre, where the 98th Academy Awards took place. Nestled in an L-shaped studio […]",ebony.com,2026-03-19,Entertainment,,https://www.ebony.com/press-pass-to-after-party-one-journalist-oscar-week/
"Creator Moms: Redefining Motherhood as a Bold, Multifaceted Journey in the Creator Era","There was a time when motherhood came with a quiet expectation to dim a little. To choose. To edit yourself down. To become digestible. But Black women have never really done well with small lives. In the Creator Era, that refusal feels louder, sharper and more stylish than ever. And if you need proof, look […]",ebony.com,2026-03-18,Beauty,,https://www.ebony.com/creator-moms-chee-smalls-tenicka-b-redefining-motherhood-in-creator-era/
Sei Less Collaborates with La La to Create Limited-Edition Signature Menu Dish,"We all know La La as a well-known multi-hyphenate, and this time, she’s getting a new achievement just for Women’s History Month. New York City Asian-Fusion restaurant Sei Less announced that it partnered with the actress and entrepreneur to create a limited-edition, signature dish called the La La Lo Mein. “I’ve eaten at Sei Less and known […]",ebony.com,2026-03-18,Dining,,https://www.ebony.com/sei-less-collaborates-with-la-la-to-create-limited-edition-signature-menu-dish/
The Blackness Behind Astrocartography,"Everyone is a little woo woo. Whether it was your grandmother laying hands or your mother catching the holy spirit, spirituality and the act of connecting with the spirit are commonplace in Black religious and spiritual traditions. Although some of these practices have been misinterpreted, when performed outside of the church house, Black people and […]",ebony.com,2026-03-18,Education,,https://www.ebony.com/astrocartography-black-spiritual-traditions/
The Price of Visibility in Full-Time Content Creation,"Becoming a content creator looks easy enough. Find a niche, set up the camera, say something meaningful, and repeat. Grow your audience and opportunities like brand deals, increased earning potential, and notoriety are sure to follow. Though the cost of scaling a career as a full-time creator embodies a steep price, often at the cost […]",ebony.com,2026-03-18,Life,,https://www.ebony.com/content-creator-burnout-hidden-cost/
5 Things We Learned Watching E!’s ‘America’s Next Top Model’ Docuseries​,"If you didn’t get enough of America’s Next Top Model’s troubled legacy with Netflix’s shocking scandal of a docuseries that premiered last month, E! has taken it to the next level. Its docuseries, Dirty Rotten Scandals, also dives into the darker side of America’s most controversial modeling reality series. But it bites with even sharper […]",ebony.com,2026-03-18,Entertainment,,https://www.ebony.com/antm-dirty-rotten-scandals-revelations-tyra-banks/
Teyana Taylor’s Joy at the Oscars Is Bringing a Much-Needed Discussion In Defense of the ‘Bubbly Black Girl’,"Teyana Taylor didn’t take home an Oscar at the 98th Academy Awards, but you wouldn’t have known from her reaction. When another actress’ name was called, Taylor jumped to her feet, giving the biggest round of applause to the night’s winner. It was a moment of pure grace and happiness from Taylor. But for some, […]",ebony.com,2026-03-18,Culture,,https://www.ebony.com/teyana-taylors-joy-oscars-in-defense-of-bubbly-black-girl/
March Madness Bracketology: Who Are You Taking to the Dance?,"First, let’s tell the truth: most of us do not watch college basketball every Tuesday night in January. We pull up in March and act like we’ve been locked in all season. Then we parade around the office talking about “basketball IQ” as if we invented the concept. That is part of the tradition. March […]",ebony.com,2026-03-17,Sports,,https://www.ebony.com/sports-march-madness-teams-players-to-know/
What Do We Call Ourselves? Rethinking Black Identity in America,"Ryan Coogler just accepted the Oscar for Best Original Screenplay for Sinners, a film steeped in 1920s Southern Black culture. Dave Chappelle’s latest comedy special mentioned the land and town Chappelle bought and developed in Yellow Springs, Ohio. Black excellence remains visible, profitable, and global. At the same time, across podcasts, comment sections, genealogy forums, […]",ebony.com,2026-03-17,Culture,,https://www.ebony.com/black-american-identity-race-or-ethnicity/
6 Songs About Being Lucky (or Unlucky!) for Your St. Patrick’s Day Playlist,"Beyond its historical context, Saint Patrick’s Day is commonly associated with good luck. Aside from wearing green and following time-honored traditions, many take the opportunity to gather en masse and have a merry celebration in their green-and-gold glory. Here are some songs about varying degrees of luck to add to your St. Patrick’s Day playlist. […]",ebony.com,2026-03-17,Entertainment,,https://www.ebony.com/6-songsst-patricks-day-playlist/
The New Jim Crow Era: 16 Years Into A Similar Story,"Michelle Alexander’s “The New Jim Crow Era: Mass Incarceration in the Age of Colorblindness” shook the core of Black culture by introducing a concept that the Black community seemed not to address head-on: mass incarceration. Since the book’s release on January 5, 2010, Alexander, alongside organizations like Students Against Mass Incarceration at multiple universities and The […]",ebony.com,2026-03-17,Books,,https://www.ebony.com/new-jim-crow-mass-incarceration-impact-today/
This Expert Shares How to Get Your Kids on a Better Sleep Schedule,"We are in a sleep deprivation crisis, and the effects are especially concerning for children. According to a 2019 study conducted by researchers from the American Academy of Pediatrics, almost 50% of children ages 6 to 17 aren’t getting enough sleep. According to Harvard, grade-school-age children need 9 to 12 hours of sleep, and teens […]",ebony.com,2026-03-17,Family,,https://www.ebony.com/kids-sleep-deprivation-causes-tips-parents/
Jasmine Crockett Breaks Her Silence After Election Results at MPowered Maverick Celebration,"Honored at the MPowered Maverick Celebration, a gathering recognizing the power and beauty of Black women, Representative Jasmine Crockett took her time on stage to address the riveted crowd about her recent election outcome. “I want you to know, because I have not been out publicly very much since the election, I’ve been collecting my […]",ebony.com,2026-03-16,Culture,,https://www.ebony.com/jasmine-crockett-texas-senate-primary-mpowered-event/
"Oscar Winner Michael B. Jordan Reflects on Legacy, Discipline and Destiny","In his acceptance speech, newly minted Oscar winner Michael B. Jordan thanked those who came before him. In the press room, where the Sinners actor received a standing ovation as he entered, he acknowledged that their passion for the craft has been a motivation in his pursuit of theatrical greatness. “Like I said before, I’m […]",ebony.com,2026-03-16,Entertainment,,https://www.ebony.com/michael-b-jordan-oscar-win-sinners/
Jill Scott Is Still Becoming—With a World Tour and Deluxe Album on the Way,"There is a moment in conversation with Ms. Jill Scott when I realize Jill Scott has no interest in staying the same. “We’re not stuck,” she says plainly. “You can absolutely change who you are or who you’ve been. There’s no box around you.” For an artist whose career has stretched across decades — from […]",ebony.com,2026-03-16,Music,,https://www.ebony.com/jill-scott-new-album-interview/
"Judy Pace, Hollywood’s First “Black Barbie” Dies at 83","In 1961, while most 18-year-olds were still figuring out the world, Judy Pace was already being asked to represent it. She was the youngest model ever selected for the EBONY Fashion Fair’s national tour — Eunice Johnson’s traveling cathedral of Black beauty, which drew thousands of Black women and young Black girls to arenas and […]",ebony.com,2026-03-16,Entertainment,,https://www.ebony.com/judy-pace-hollywoods-black-barbie-obit/
Crystal Nicole: Redefining Beauty Influence Beyond Curls to a Cultural Blueprint,"There was a time when the internet tried to put beauty creators into neat little boxes. Natural hair girl. Makeup girl. Skincare girl. Pick a lane and stay in it. But if the Creator Era has taught us anything, it’s that the women shaping beauty culture today are not one-note personalities. They are brands, storytellers, […]",ebony.com,2026-03-16,Beauty,,https://www.ebony.com/curliecrys-crystal-nicole-beauty-creator-interview/
Joe Kay Reflects on 15 Years of Soulection Through Partnership with Crown Royal,"Joe Kay, founder of the global music collective Soulection, celebrates 15 years of shaping culture through sound. “I feel grateful, I mean, to have any idea or business that goes past your mind to a reality, building a team, to being able to attract a crowd at a sold-out show,” Kay told EBONY. “It always […]",ebony.com,2026-03-16,Wealth,,https://www.ebony.com/soulection-15-year-anniversary-joe-kay-tour/
For The Likes: How the NBA Turns Viral Moments into Internet Culture,"Any given night, I’m doing what a lot of people do now when spending an evening at home: splitting my attention between dinner and my phone, scrolling Instagram while adjusting the settings on my air fryer. This particular night I saw a clip of Oklahoma City Thunder star Shai Gilgeous-Alexander stitched right above a video […]",ebony.com,2026-03-16,Sports,,https://www.ebony.com/sports-nba-internet-culture/
The Best Red Carpet Looks From the 98th Academy Awards,"As the 98th Academy Awards commences, our favorite stars of Black Hollywood stepped into the spotlight, showcasing not just a celebration of cinematic achievements but a profound moment that symbolizes the essence of award season. The night was electric, with trailblazers like Omar Benson Miller and emerging talent Chase Infiniti gathering to honor artistic excellence […]",ebony.com,2026-03-15,Events,,https://www.ebony.com/red-carpet-2026-academy-awards/
Inside Oscars 2026 Parties and Events: Young Hollywood to Acclaimed Screen Artists Honored,"The celebrations for Hollywood’s biggest night have already begun. Oscar week 2026 is officially in full swing as celebrities gear up for the 98th Academy Awards. From glamorous charitable events to parties that last until the early morn, here are the events that have the city buzzing as it makes its way to the live […]",ebony.com,2026-03-15,Celebrity,,https://www.ebony.com/inside-oscars-2026-parties/
The 98th Academy Awards: Winners and Best Moments,"As Miles Caton, Buddy Guy, Shaboozey, Misty Copeland, and the Sinners cast reenacted the juke joint scene set to “I Lied to You,” the acclaimed vampire thriller already felt like a winner, regardless of how many Academy Awards it took home on the night of the ceremony. Live from the Dolby Theatre in the heart of Los […]",ebony.com,2026-03-15,Entertainment,,https://www.ebony.com/the-98th-academy-awards-winners-and-best-moments/
"Home Court Advantage: This Year, Your “One Shining Moment” Is At Home","Your alma mater may be on the road, but that doesn’t mean you have to be. March Madness isn’t just about brackets and bragging rights in the office pool. It’s the full atmosphere, and you deserve to be able to enjoy it in comfort and in style, even if you’re not at the game. And […]",ebony.com,2026-03-13,Home,,https://www.ebony.com/march-madness-watch-party-tech-upgrades/
What Creators Wear When They’re Not Performing,"Getting fly is a ritualistic endeavour pursued by fashion enthusiasts across the stylistic spectrum. It’s personal, it’s theatrical, and in some cases — it’s spiritual. There are the designer devotees who swear by capital-F fashion exclusively, the thrift-bin legends who operate as if retail doesn’t exist, and the streetstyle savants who spend more time on […]",ebony.com,2026-03-13,Beauty,,https://www.ebony.com/fashion-creators-personal-style-social-media/
We Should All Be Reading Black Women Authors This Month — And Every Month,"As Black women, we are students of life, history and our own bodies. We are the canaries in the coal mines, calling for our voices to be heard, respected and considered, so as not to repeat the mistakes of the past and further damage our already fragile future. More often than not, our voices are […]",ebony.com,2026-03-13,Books,,https://www.ebony.com/we-should-all-be-reading-black-women-authors-this-month-and-every-month/
Chef Brigid Washington Brings a Trinidadian Twist to Your Oscar Viewing Meal,"With Ryan Coogler’s Sinners racing into the Oscars ceremony with a staggering 16 Academy Award nominations, shattering all previous records for one film, the moment practically demands more than a standard watch-party spread. Chef Brigid Washington has exactly that in mind. The Trinidad-born chef says that Caribbean flavors are ideal for an Oscar viewing night […]",ebony.com,2026-03-13,Entertaining,,https://www.ebony.com/oscars-viewing-meal-chef-brigid-washington-trinidadian-twist/
"Ruth E. Carter, Sergio Hudson and More Celebrated At The Inaugural Camille Rose Art Of Glam Awards Dinner","On March 11th, beloved Black-owned, woman-owned beauty brand Camille Rose debuted its inaugural Art of Glam awards dinner, an intimate event celebrating the creatives who shape the beauty and style moments that define awards season and red-carpet culture during a buzzy Oscar week in Los Angeles, at the Maybourne Hotel in Beverley Hills, California. The […]",ebony.com,2026-03-13,Entertainment,,https://www.ebony.com/camille-rose-art-of-glam-awards-oscar-week/
Jesse Jackson’s Homegoing Was as Politically Charged as His Own Life,"The late Rev. Jesse L. Jackson’s massive Operation PUSH National Headquarters was a building full of love, power, and jubilant expression on March 7. From lifelong Chicago residents to other Black people from across the diaspora, people traveled far and wide to say their farewell to the late Rev. Jackson. Between those long lines were […]",ebony.com,2026-03-13,Culture,,https://www.ebony.com/jesse-jackson-homegoing-service-chicago/
Tyriq Withers Says ‘Reminders of Him’ Had Him and His Co-Star Crying,"Tyriq Withers didn’t expect rehearsals for his latest role to feel like a group therapy session. While preparing for Reminders of Him, the Young Hollywood listee‘s new tear‑jerker romance arriving in theaters on March 13, the actor shed some tears while working with co‑star Maika Monroe. “I think we were kind of thrown off at first […]",ebony.com,2026-03-13,Entertainment,,https://www.ebony.com/tyriq-withers-reminders-of-him-inteerview/
From “Grace and Beauty” to Breaking the Rules,"Throughout history, women were often denied the opportunity to compete, not because they lacked talent, but because society limited what their bodies, ambition, and presence were allowed to be. The 19th Amendment on June 4, 1919, granted women the right to vote, but girls were still largely pushed toward what Dr. Jay Coakley, Executive Director of […]",ebony.com,2026-03-12,Black Culture History Articles,,https://www.ebony.com/black-women-sports-history-breaking-rules/
I Attended My First BlerDCon and Found a Universe of Black Joy,"I was invited to Washington, D.C., to interview Zazie Beetz about her latest film, They Will Kill You. I said yes — the film’s trailer had intrigued me. But when the publicist added, “She’s speaking at BlerDCon.” A quick Google search told me it was a convention celebrating “BlerD,” a mashup of Black and nerd […]",ebony.com,2026-03-12,Culture,,https://www.ebony.com/blerdcon-black-nerd-culture-washington-dc/
What FAMU’s Degree Program Shifts Mean For The Future of Education,"The announcement by Florida Agricultural & Mechanical University’s (FAMU) Board of Trustees to remove and consolidate degree programs in mid-February left many feeling surprised and blindsided by the lack of transparency from the school’s leadership. The impacted programs include environmental studies, environmental science, philosophy & religion, electronic engineering technology, history, studio/ fine arts, and African […]",ebony.com,2026-03-12,Education,,https://www.ebony.com/famu-african-american-studies-program-consolidation-protests/
These ALT Black Girls Are Continuing the Tradition of Rule Breaking Across Mediums,"The new age of alternative Black female music artists represents a dynamic and diverse wave of talent reshaping the music industry. These artists are breaking barriers, challenging stereotypes and bringing a fresh perspective to the forefront of music. The batons have been passed down from the ladies who came before them, like Janet Jackson, TLC […]",ebony.com,2026-03-12,Beauty,,https://www.ebony.com/alternative-black-female-artists-changing-music/
"The State of US: Target Boycott Ends, Obama Presidential Center Set to Open and Iran Conflict Rattles Markets","What You Need to Know: This week, Pastor Jamal Bryant declared victory as a yearlong boycott of Target ended. Obama Presidential Center announced it will open its doors over Juneteenth weekend. Meanwhile, tensions tied to the Iran conflict continue to ripple globally, from warnings about potential retaliatory attacks to a historic international release of oil […]",ebony.com,2026-03-12,News &Amp; Politics,,https://www.ebony.com/state-of-us-obama-presidential-center-target-boycott-iran-conflict/
"Despite Meeting Overnight, the WNBA and WNBPA Fail to Reach Deal — But Negotiations Continue","Since the end of the 2025 WNBA season, March 10 has felt like a slow march toward what many feared could become another tense moment in the league’s labor history. Last night, the extended deadline passed, but the good news is that negotiations between the WNBA and the Women’s National Basketball Players Association (WNBPA) are […]",ebony.com,2026-03-11,News &Amp; Politics,,https://www.ebony.com/wnba-cba-negotiations-2026/
GRWM Videos Are the New Interview,"Total media convergence has made way for many a digital trend, but none as pervasive or enduring as the “Get Ready With Me” (GRWM) video format. It’s a simple concept that has outlasted fleeting beauty trends, major platform shifts, and the entire life cycle of some apps (RIP Vine). And now these videos are all […]",ebony.com,2026-03-11,Beauty,,https://www.ebony.com/grwm-videos-celebrity-interviews-media/
Choosing Stillness: What Stepping Away From the Grind Taught Me About Rest,"I am a workaholic. For years, I wore busyness like armor, layering deadlines over social obligations and professional ambition over personal stillness. I convinced myself that as long as I stayed in motion, as long as my calendar remained full and my inbox constantly refreshed, I would never have to interrogate the quiet exhaustion humming […]",ebony.com,2026-03-11,Travel,,https://www.ebony.com/black-creatives-rest-hustle-culture-essay/
"Bam Adebayo Scores 83, Passing Kobe Bryant for the Second-Highest Game In NBA History","Bam is already a first name that sounds made for impact. But when paired with Adebayo — a Yoruba name often understood to mean “the crown meets joy” or “royalty arrives with happiness” — Tuesday night’s historic performance felt like something even bigger. Not just an explosion, but a coronation. In the Miami Heat’s 150-129 […]",ebony.com,2026-03-11,Sports,,https://www.ebony.com/bam-adebayo-83-points-nba-history/
The Black Wellness Edit: Daylight Saving Time is the Time to Lock in on Heart Health for Families,"Heart disease has always been part of my family’s story. high blood pressure, diabetes, and heart attacks. It’s one of those things that stays in the back of your mind, tucked away like a mental Post-it note reminding you to pay attention to this. You might’ve grown up hearing, “It runs in the family,” without […]",ebony.com,2026-03-11,Health,,https://www.ebony.com/heart-disease-black-communities-health/
Here Are the Major Awards ‘Sinners’ Has Won This Season,"After dominating the box office, Ryan Coogler’s Sinners has spent the 2026 awards season doing something just as impressive: sweeping trophies across Hollywood and beyond. The film has collected more than 60 awards across critics groups, guilds and major award ceremonies, with Michael B. Jordan, Wunmi Mosaku and breakout star Miles Caton earning major recognition […]",ebony.com,2026-03-11,Entertainment,,https://www.ebony.com/sinners-awards-season-2026/
What’s Next For Stefon Diggs After New England Patriots Exit,"After a whirlwind first season with the New England Patriots, Stefon Diggs’ tenure in Foxborough is already over. The move may come as a surprise to some, considering the four-time Pro Bowl receiver signed a three-year deal with the team in 2025. But ultimately, it appears the Patriots decided the juice wasn’t worth the squeeze. […]",ebony.com,2026-03-10,Sports,,https://www.ebony.com/stefon-diggs-released-patriots/
Jazz in the Gardens 2026 Brings the Community Together Through Music and Nostalgia,"Over the weekend, Jazz in the Gardens’ 19th annual festival brought the community together for a weekend of feel-good music, food, and memory-making as we welcomed the upcoming spring season. For those coming to Miami for the first time, Jazz in the Gardens is a great way to get a taste of the city’s culture […]",ebony.com,2026-03-10,Travel,,https://www.ebony.com/jazz-in-the-gardens-2026-miami-festival-recap/
Unlocking Insights: DonYé Taylor’s Individuality Isn’t an Aesthetic—It’s Her Strategy,"The landscape of content creation and how digital creators navigate the continually evolving demands of algorithms is often fleeting. As new trends frequently emerge, capturing the attention and creative direction of consumers as well as those who drive them, it’s sometimes difficult to notice where each shift originates. DonYé Taylor is a creator, writer, strategist […]",ebony.com,2026-03-10,Wealth,,https://www.ebony.com/donye-taylor-creator-strategist-digital-culture/
Dr. Marian Croak Won’t Let AI Leave Black People Behind,"Artificial intelligence is quickly becoming embedded in everyday life. But for Black users, the technology hasn’t always worked in our favor. Viral examples and research have shown that AI doesn’t always get us, with documented cases of AI systems that can’t read darker skin tones, give less-than-ideal medical advice to the community, or reproduce stereotypes […]",ebony.com,2026-03-10,Culture,,https://www.ebony.com/marian-croak-responsible-ai-interview/
Raphael Saadiq Reveals His Decades-Deep Oakland Connection to Ryan Coogler — Long Before ‘Sinners’,"The connection between Raphael Saadiq and Ryan Coogler was established long before Coogler picked up a camera. “He’s from the Bay Area; he’s Oakland. His father’s an Oakland native,” Saadiq, who was also born in the California city, told EBONY in our one-on-one interview. “It holds a special place, because my brother and my late […]",ebony.com,2026-03-10,Entertainment,,https://www.ebony.com/raphael-saadiq-sinners-ryan-coogler-interview/
‘The Perfect Neighbor’ Explores the Systematic Racism Behind Ajike Owens’ Senseless Murder,"When news of Ajike Owens’ killing by her neighbor reached Geeta Ghandbhir, the filmmaker knew this was a story that needed to be told not just in Florida, but around the nation. That’s part of the story of how her latest documentary, The Perfect Neighbor, now streaming on Netflix, came to be. “It felt painfully […]",ebony.com,2026-03-10,Tv &Amp; Film,,https://www.ebony.com/netflix-the-perfect-neighbor-ajike-owens-documentary/
Op-Ed: From the Salon Chair to the Policy Table: Fighting for Black Women’s Health,"For so many of us Black girls, Saturdays were spent in salon chairs, the heavy scent of relaxer in the air, the slow burn on our scalps, and the quiet understanding that pain was simply part of the process. It was just what we did. A rite of passage. A shared experience passed from one […]",ebony.com,2026-03-10,Beauty,,https://www.ebony.com/healthy-hair-act-formaldehyde-ban-op-ed/
Black Women-Owned Lifestyle Brands to Celebrate National Women’s History Month,"March is Women’s History Month, a time to honor, uplift, and celebrate women we revere in our lives and beyond. This month, we are dedicated to showcasing the impactful Black women-owned lifestyle brands that level up our lives. Black women often need a soft place to land without judgment and with care – that’s where […]",ebony.com,2026-03-09,Life,,https://www.ebony.com/black-women-owned-lifestyle-brands-womens-history-month/
Weekend Shooting At Rihanna’s Home Is Not The First Time She’s Been Targeted,"Rihanna had a scary afternoon on March 8. Police say multiple gunshots were fired at the singer’s home in Beverly Hills, California, on Sunday afternoon while the singer was reportedly inside. Police responded to reports of gunfire at her residence in Beverly Hills, California, around 1:20 p.m. PT, according to local reports. Investigators say a […]",ebony.com,2026-03-09,Entertainment,,https://www.ebony.com/rihanna-beverly-hills-home-shooting-suspect/
Michael Elliot Movies That Show Why Love Is His Lifelong Theme,"With a June wedding on the horizon after reconnecting with his lost love, screenwriter Michael Elliot is reflecting on the common theme that runs through much of his work. On the 57th NAACP Image Awards carpet, he made it clear to EBONY that it centers on the many forms love can take. View this post […]",ebony.com,2026-03-09,Entertainment,,https://www.ebony.com/michael-elliot-films/
Here’s Why A Trip to Baltimore Emphasized Why Every City Must Amplify Its Black History,"In an era where history and stories are constantly being erased, it’s more important than ever to preserve the essence of where you come from. As a person with roots in the DMV, this was my first trip to Baltimore, Maryland, and I had no idea what to expect, but that worked in my favor because what […]",ebony.com,2026-03-09,Travel,,https://www.ebony.com/baltimore-ciaa-weekend-black-history-travel/
From Autographs to Selfies: New Tech Launches Are No Longer About Specs — It’s About Culture,"There was a time when the moment between an athlete and a fan was simple… and mostly private. A side hug. A signed autograph. Maybe — if you were lucky — you’d snag a sweaty wristband or towel tossed into the crowd. Today, that moment is something else entirely. Yes, the nine-year-old in all of […]",ebony.com,2026-03-09,Sports,,https://www.ebony.com/smartphones-sports-fandom-creator-economy-samsung/
"Jalen Williams and Kahleah Copper on Style, Tunnel Fits and Adidas’ New Climacool Laced Sneaker","The modern sneaker no longer lives in just one lane. It performs on the court, sure, but it also has to show up in the tunnel, at dinner, and on the street like it knows exactly what it’s doing. With the release of the new CLIMACOOL LACED, Adidas leans fully into that reality, merging advanced […]",ebony.com,2026-03-09,Fashion,,https://www.ebony.com/adidas-climacool-laced-sneaker-jalen-williams/
Meet the Man Behind Lucia: The Luxury LA Caribbean Restaurant Celebs Flock to When They Want to Be Fed,"Walking into Lucia, one of the first things you notice is the bar’s curved architecture, backlit and bottle-lined, humming with a low-key energy that signals you’ve arrived somewhere special. Then you see the banquet seating, similar in shape, beckoning bodies to get comfortable and enjoy the experience. Taking a deeper look at the banquettes, you […]",ebony.com,2026-03-06,Dining,,https://www.ebony.com/lucia-los-angeles-caribbean-restaurant-sam-jordan/
Ryan Trey Opens Up About His Transition from R&B to Faith-Based Music This New Era,"Music entered Ryan Trey’s world long before he ever stepped into a studio. Growing up in a home where his dad played “all the rap you could think of” and his mom kept R&B on repeat, he was surrounded by sound. His grandfather was a drummer, and long car rides with his family was where […]",ebony.com,2026-03-06,Music,,https://www.ebony.com/ryan-trey-faith-based-music-interview/
"The First Week of March Bring us new Beauty Launches From ONE/SIZE, MAC Cosmetics and More!","March is already shaping up to be a good month for the beauty lovers who treat their routines like a playground. The first week alone delivered a fresh wave of launches across skincare, fragrance, makeup and body care, each promising to upgrade the everyday ritual. From glow-boosting serums and skin-blurring concealers to new fragrances and […]",ebony.com,2026-03-06,Beauty,,https://www.ebony.com/march-beauty-launches-2026/
"The State of US: Henrietta Lacks Settlement, Iran Conflict Escalates, and Gas Prices Surge","What you need to know: This week, the family of Henrietta Lacks reached another landmark settlement over the use of her groundbreaking HeLa cells, bringing renewed attention to a story that reshaped medical ethics. Tensions in the Middle East escalated after a U.S. backed operation targeted Iran’s leadership, sending global energy markets into turmoil and […]",ebony.com,2026-03-06,News &Amp; Politics,,https://www.ebony.com/the-state-of-us-henrietta-lacks-settlement-iran-conflict-gas-prices/
Shooters Gonna Shoot: Former NBA Player CJ Miles Next Shot Is Behind The Camera,"After 15 seasons as one of the NBA’s reliable shooters, CJ Miles is still chasing the perfect look. Only now it happens from behind the camera lens. A Dallas native who jumped straight from high school to the NBA when the Utah Jazz selected him in the 2005 draft, Miles built a reputation over more […]",ebony.com,2026-03-06,Photos,,https://www.ebony.com/cj-miles-nba-photography-second-career/
Fan-Favorite Toccara Jones Explains Why She’s Missing from the Explosive ‘ANTM’ Documentary,"Tocarra Jones says there’s a simple reason she isn’t in the Reality Check: Inside America’s Next Top Model documentary that has everyone talking. “I think it was very one-sided. And I think that’s the reason why I wasn’t on the documentary, because I didn’t have anything bad to say,” she declared to EBONY. “I guess it […]",ebony.com,2026-03-05,Entertainment,,https://www.ebony.com/fan-favorite-toccara-jones-interview-missing-from-antm-documentary/
Etsy is Bridging the Gap for Black Artists,"When it comes to shopping on Etsy, it’s more than just buying trinkets and knick-knacks; it’s truly a personal connection with those who express themselves creatively. For artist Loveis Wise, feedback from their community inspired them to start their Etsy shop. “I started receiving requests to make prints of my work, and it naturally snowballed […]",ebony.com,2026-03-05,Wealth,,https://www.ebony.com/etsy-bridging-the-gap-for-black-artists/
Transforming Beauty: How Black Women Owned and Founded Brands Redefined Inclusivity in Makeup Industry,"For decades, the beauty industry treated Black women as an afterthought, serving up foundation shades that left us looking ashy, gray or just plain nonexistent. If you were a deeper shade in the ‘90s, your choices were slim—either mix a few drugstore foundations and hope for the best or spend money on department store brands […]",ebony.com,2026-03-05,Beauty,,https://www.ebony.com/transforming-beauty-how-black-women-owned-and-founded-brands-redefined-inclusivity-in-makeup-industry/
Homemaking and Curating Sacred Spaces Has Always Been for Black People,"The women who came before Ajiri Aki—specifically her mother, aunt, and grandmother—set the tone for her in homemaking and hosting. “Our house was always full of fellowship and joy,” said Aki, founder of the lifestyle brand Madame de la Maison. “I didn’t realize how much it meant to me until my mom passed away when […]",ebony.com,2026-03-05,Entertaining,,https://www.ebony.com/homemaking-and-curating-sacred-spaces-has-always-been-for-black-people/
8 Anti-Aging Serums That’ll Keep you Aging Gracefully,"Getting older is a blessing. Some people don’t have the opportunity to get older in life, so signs of aging in the face and body are signs of good fortune. Think of how Angela Bassett, Halle Berry and Regina King, Black women who are 50+, are aging gracefully. Being blessed with good genes, staying hydrated […]",ebony.com,2026-03-04,Beauty,,https://www.ebony.com/8-anti-aging-serums-thatll-keep-you-aging-gracefully/
The Schomburg Center Announces Honorees for Its Centennial Gala — EBONY Exclusive,"Angela Bassett and Solange Knowles are among the names to be honored at the Centennial Gala Celebration for the Schomburg Center for Research in Black Culture, a leading institution dedicated to preserving Black history, which recently celebrated its 100th anniversary. The Center will honor Bassett, a groundbreaking actor and producer; renowned novelist and short-story writer […]",ebony.com,2026-03-04,Culture,,https://www.ebony.com/schomburg-center-centennial-gala-angela-bassett-solange/
Black Wellness Edit: The Health Conversation We’re Not Having About Menopause,"The natural phase of life, typically occurring between the ages of 45 and 55, brings a variety of physical and emotional changes that can affect women’s lives. You got it: today we’re talking about menopause. For many Black women, the silence surrounding menopause is surrounded by cultural stigma, lack of resources and marginalization in healthcare […]",ebony.com,2026-03-04,Health,,https://www.ebony.com/black-women-menopause-healthcare-disparities/
"Jennifer Hudson Talks Finance,Tour and the Importance of Credit","March is known for its Women’s History Month celebration, but it’s also Credit Education Month, which is something we need to get into. That’s why award-winning multihyphenate Jennifer Hudson has teamed up with Credit One Bank to raise awareness about the importance of financial education. Discussing finances can feel awkward, but with the help of […]",ebony.com,2026-03-04,Wealth,,https://www.ebony.com/jennifer-hudson-credit-education-month-financial-literacy/
"‘Cross’ Star Aldis Hodge Talks Family, Friendship, and the Power of Love","In Cross, Alex’s love life has got us talking. We all thought that Elle was his next (and final) great love. But when the relationship hit a bump in the road, he found himself drawn to his partner, Kayla, leaving us wondering: what???? Of course, Aldis Hodge, who plays the complex detective, broke it down […]",ebony.com,2026-03-04,Entertainment,,https://www.ebony.com/aldis-hodge-cross-alex-cross-love-life-elle-kayla/
Inside The AAFCA Special Achievement Awards Luncheon Where Black Excellence Took Center Stage,"At the 9th annual AAFCA Special Achievement Awards Luncheon, powerhouse talent agent and honoree Lorrie Bartlett emphasized the vital role that Black storytelling plays in shaping Hollywood and society as a whole. “This collective group reminds me that excellence is not just about achievement, but endurance,” Bartlett said while accepting the Salute to Excellence Award. […]",ebony.com,2026-03-03,Culture,,https://www.ebony.com/aafca-special-achievement-awards/
Unlocking Insights: Inside the Forced Founder in This Economy,"The term “quiet dismissal” was the corporate buzzword of 2025, and for the Black women who are part of the 300,000 unemployed, it led to a new era of female founders. As AI-driven automation began to optimize middle management and DEI initiatives were quietly folded into the shadows, a demographic that has always been the backbone […]",ebony.com,2026-03-03,Wealth,,https://www.ebony.com/quiet-dismissal-black-women-founders/
Did Zendaya and Tom Holland Have a Secret Wedding? Gen Z’s Rise of the Private “I Do”,"After Zendaya’s longtime stylist Law Roach casually hinted during The Actor Awards red carpet that she and her rumored fiancé Tom Holland had already gotten married, and we all “missed it,” the internet did what it does best — spiral with theories. While there’s no confirmation of the truth of his statement — neither actor […]",ebony.com,2026-03-03,Entertainment,,https://www.ebony.com/zendaya-tom-holland-secret-wedding-rumors/
"Hanifa Shipping Controversy Sparks Debate on Accountability, Grace and Supporting Black-Owned Brands","There is something vulnerable about a founder saying, “We’re pressing pause.” Especially after 15 years in the game. When Anifa Mvuemba, the woman behind Hanifa, shared her public statement announcing a halt on restocks with no clear timeline for what’s next, it didn’t read like a corporate memo drafted between investor calls. It read like […]",ebony.com,2026-03-03,Fashion,,https://www.ebony.com/anifa-mvuemba-hanifa-pause-customer-conversation/
What Does Marriage Look Like for This New Generation?,"Marriage is no longer one-size-fits-all, and it hasn’t been for a while. Over the years, we’ve seen many depictions of Black love—from our favorite sitcom couples to those in our innermost circles. Yet, despite all the representation, we can all agree that there is no single blueprint for what Black love and marriage are supposed […]",ebony.com,2026-03-03,Relationships,,https://www.ebony.com/black-couples-redefining-modern-marriage/
CVS Beauty Aisle Secrets: Top Drugstore Picks to Shop During the Spring Epic Beauty Event,"If you know me, you know I love a luxury serum and a backstage-only blush moment. But you also know I love a drugstore aisle. Especially when the math is mathing. Right now, the CVS Spring Epic Beauty Event is giving $10 off $30 on beauty and skincare, which means your cart can work harder […]",ebony.com,2026-03-03,Beauty,,https://www.ebony.com/cvs-spring-epic-beauty-event/
"Michael B. Jordan, Delroy Lindo, and the Cast of ‘Sinners’ Brought Black Joy to the 2026 Actor Awards","The stars have spoken. Michael B. Jordan is the Actor Awards’ leading man. On March 1 at the 2026 Actor Awards in Los Angeles, Jordan took home the award for Best Performance by a Male Actor in a Leading Role, for his dual portrayal of twin brothers Smoke and Stack in Ryan Coogler’s blockbuster hit, […]",ebony.com,2026-03-02,Entertainment,,https://www.ebony.com/michael-b-jordan-sinners-actor-awards-2026/
Here’s What to Expect at the 2026 Jazz in the Gardens Music Festival,"Jazz in the Gardens Music Festival is set to return to Hard Rock Stadium March 7-8, 2026. As it kicks off its 19th year, JITG Music Fest is here to celebrate the spirit of Black music and culture, curating dynamic sets and unexpected reunions for our favorite icons. Hosted by the City of Miami Gardens […]",ebony.com,2026-03-02,Music,,https://www.ebony.com/jazz-in-the-gardens-2026-miami-gardens/
‘Beauty In Black’ Returns and the Best TV Shows to Watch This March,"March TV is coming in strong, and your watchlist is about to be stacked. It’s a month filled with buzzy thrillers, enormous adventures and some Truman Show-esque vibes to boot. The star power is on high tilt with Kerry Washington diving into dark secrets on her new Apple TV+ drama, and Tyler Perry finally gives […]",ebony.com,2026-03-02,Tv &Amp; Film,,https://www.ebony.com/beauty-in-black-returns-best-tv-shows-march-netflix-apple-tv-prime-video/
‘Real Housewives of Potomac’ Karen Huger Doesn’t Use the “A” Word to Describe Her Sobriety Journey,"Karen Huger refuses to be labeled as an alcoholic. The reality TV alum took a hot seat at the third and final reunion installment of Real Housewives of the Potomac — season 10, to tackle tough moments with her former co-stars. Host Andy Cohen questioned whether the Grand Dame of the Potomac finally considers herself […]",ebony.com,2026-03-02,Entertainment,,https://www.ebony.com/karen-huger-rhop-reunion-sobriety-journey/
Add Spring Accents to Your Home with These Temi Coker Decor Items,"As the seasons change, it’s the perfect time to refresh your home with subtle yet colorful touches. The transition from winter to spring invites a brighter atmosphere, encouraging us to create a fun and inviting space. Start with the colors: consider adding soft pastel tones with throw pillows or blankets that evoke the hues of […]",ebony.com,2026-03-02,Home,,https://www.ebony.com/temi-coker-walmart-home-collection/
The Best Red Carpet Looks From the Actor Awards,"The 2026 Actor Awards red carpet was a masterclass in presence, polish and personality. Against the warm gold backdrop of SAG-AFTRA and Netflix signage, Black excellence showed up in silhouettes that felt intentional, tailored and deeply self-aware. This was not a trend chase. This was control. Below are a few standout looks. Wunmi Mosaku delivered […]",ebony.com,2026-03-01,Fashion,,https://www.ebony.com/the-best-red-carpet-looks-from-the-actor-awards/
57th NAACP Image Awards: Winners and Best Moments Live,"From the moment host Deon Cole walked on stage and asked for a blessing to keep Teyana Taylor single for regular men — and even regular women — to get their shot, we knew it was gonna be a good time to be in the room at the 57th NAACP Image Awards. Live from the […]",ebony.com,2026-02-28,Entertainment,,https://www.ebony.com/57th-naacp-image-awards-winners-standout-moments/
The Best Red Carpet Looks From the 2026 NAACP Image Awards,"The 2026 NAACP Image Awards blue carpet felt like Black Hollywood dressing with its shoulders back and its chin high. From the first step onto that powder-blue carpet, there was a clarity in the air. This was not a night for gimmicks or shock value. The tone leaned toward elevated confidence. Sculptural gowns, elongated trains, […]",ebony.com,2026-02-28,Fashion,,https://www.ebony.com/the-best-red-carpet-looks-from-the-2026-naacp-image-awards/
EBONY Edit: Black History Month,"Black History Month is not just about reflection. It is about intention. It is about where we spend, who we celebrate, and how we choose to adorn ourselves and our homes. The EBONY Edit for Black History Month is a curated love letter to Black designers, founders and visionaries who understand that culture is not […]",ebony.com,2026-02-28,Shopping,,https://www.ebony.com/ebony-edit-black-history-month/
Black Style at Sea: An Insider’s Front Row Seat During Transatlantic Fashion Week,"EBONY magazine’s origin story is rooted in luxury. During the post-World War II business boom, Chicago entrepreneurs John H. and Eunice Johnson launched the magazine on November 1, 1945. Their mission was to chronicle the success and style of beautiful, bourgeois Black Americans, countering the ugliness of racism and forced segregation. Black celebrities of the […]",ebony.com,2026-02-27,Culture,,https://www.ebony.com/ebony-transatlantic-fashion-week-queen-mary-2/
Here’s Everything to Know About Heart Health Disparities for Black Women,"February is American Heart Month, and when it comes to heart disease, Black people, especially women, are severely impacted in the United States. There are a few reasons, such as a lack of education, limited access to equitable care, lifestyle choices, failing systems, and more. TikTok star, entrepreneur, mother, and grandmother Shanta Quilette D Carter-Williams, PhD, […]",ebony.com,2026-02-27,Health,,https://www.ebony.com/black-women-heart-disease-risks/
Meet the Creators Whose Viral Love Stories Have Turned into the Gateway to Relatable Content,"In the age of social media, Black women are not just observers; they are transforming their personal stories into content that resonates with audiences and allows them to curate another stream of income. One particularly captivating realm is dating. By sharing their stories through platforms like TikTok, these women are cracking the code to monetization […]",ebony.com,2026-02-27,Relationships,,https://www.ebony.com/black-women-dating-tiktok-creators/
Get Lit Book Picks: Ben Crump Talks New Thriller and More Reads for the Season,"The month brought us blizzards—a blizzard of books that were the reads of the season. One of the biggest is Worse Than a Lie, the debut thriller novel from civil rights attorney Ben Crump. In its pages, attorney Beau Lee Cooper takes on a case to prove a Black man shot by police has been […]",ebony.com,2026-02-27,Books,,https://www.ebony.com/get-lit-book-picks-ben-crump-law-thriller-more-black-author-reads/
Deon Cole On Hosting the NAACP Image Awards and Why the Night Is Bigger Than Trophies,"Deon Cole doesn’t have an elaborate hosting pre-show ritual to settle his nerves. Instead, the actor and comedian is relying on practice and stage rehearsals to host the 57th NAACP Image Awards. It’s his second time at the mic. “I do as many reps as possible by getting on the stage, working out the material […]",ebony.com,2026-02-27,Entertainment,,https://www.ebony.com/deon-cole-on-hosting-the-naacp-image-awards-and-why-the-night-is-bigger-than-trophies/
The Best Beauty Launches This February,"February may be the shortest month of the year, but the beauty girls did not come to play. From skin that looks like you drink water and mind your business to fragrances that linger like a soft flex, this month’s launches understand the assignment. We’re talking formulas that melt in, grip on and glow up […]",ebony.com,2026-02-27,Beauty,,https://www.ebony.com/february-beauty-launches-2026/
"The State of US: Jesse Jackson Denied Capitol Honor, SCOTUS Blocks Tariffs, and Record-Long State of the Union Exposes Divides","What you need to know: This week, the House speaker denied Rev. Jesse Jackson the chance to lie in honor at the Capitol, reigniting questions about who America chooses to memorialize. The Supreme Court struck down the president’s sweeping tariffs in a 6-3 decision, rebuking executive power. And Trump delivered the longest State of the […]",ebony.com,2026-02-27,News &Amp; Politics,,https://www.ebony.com/the-state-of-us-jesse-jackson-capitol-rotunda-scotus-trump-tariffs-state-of-the-union/
"Durand Bernarr Reflects on GRAMMY Win, Family and Celebrating Authenticity","In a world where true artistry yearns for raw storytelling, Durand Bernarr stands out as a reminder that authenticity can be an inspiration. Fresh off his GRAMMY win, he’s been on a roll, continuing to do the work and be the change he wants to see. From the stage to partnering with Smirnoff, who touched […]",ebony.com,2026-02-27,Music,,https://www.ebony.com/durand-bernarr-grammy-bloom-lgbtq-advocacy-interview/
Monitoring Spirit or a Friend? How Social Media Is Changing Friendship,"If you’re anything like me, you’re probably chronically online and hyperaware of the term ‘monitoring spirit” as it relates to social media interactions with friends. According to the many TikTok, YouTube, and Instagram videos, a monitoring spirit symbolizes a person who is perceived to be disguised as a friend offline, but intensely observes and gathers information about your life, online, […]",ebony.com,2026-02-26,Relationships,,https://www.ebony.com/monitoring-spirit-social-media-friendships-digital-age/
The Little‑Known Baton Rouge Bus Boycott That Inspired a National Civil Rights Movement,"Long before Montgomery made headlines, Baton Rouge staged the nation’s first bus boycott in 1953—an overlooked chapter in Civil Rights history that still echoes through the city’s streets today. The search to find new kernels of American history can lead you to the most unexpected places. In my case, it led to Baton Rouge, Louisiana. […]",ebony.com,2026-02-26,Culture,,https://www.ebony.com/1953-baton-rouge-bus-boycott-pearl-george-civil-rights/
Gabrielle Union and Dwyane Wade Are Adapting a Novel for Television,"We’ve said it for years: if you want the good stories, read the books. The books we’ve devoured in an evening and dissected in our group chats are leaping off the page as optioned, developed, and fast-tracked projects for television. Real-life power couple Gabrielle Union and Dwyane Wade have signed on to executive produce “The Education […]",ebony.com,2026-02-26,Entertainment,,https://www.ebony.com/gabrielle-union-dwyane-wade-adapting-novel-television/
How These Influencers Practice Advocacy in the Digital Age,"In the age of influencing, Black women fashion influencers are dominant forces in the $24 billion industry. It’s not easy to navigate public life, especially one that relies heavily on aesthetics. Black influencers are often disproportionately affected by biases, algorithms, and lower pay than their white counterparts. There’s also fascism, and the cancellation of diversity, […]",ebony.com,2026-02-26,Education,,https://www.ebony.com/black-fashion-influencers-style-activism/
The Fabric of Freedom: How Black Style Has Always Been a Political Statement,"There has never been a moment when Black style was just about getting dressed. For us, fabric has always been strategy. A look is never just a look. It is a memo. It is a sermon. It is a side-eye to systems that tried it. Before there were runways and resale apps, there was Sunday […]",ebony.com,2026-02-26,Fashion,,https://www.ebony.com/black-style-history-fashion-strategy-resistance-dandyism/
NAACP Image Award Winner Emmai Alaquiva Says ‘The Ebony Canal’ Is a Mission to Spotlight Black Maternal Health,"What inspires a director to get behind the lens and bring a story to the screen? Often, it’s a personal mission to shed light on something that hasn’t fully received its due. That was the drive for Emmai Alaquiva, director of The Ebony Canal, to follow four Black women during their birthing journeys and expose […]",ebony.com,2026-02-26,Culture,,https://www.ebony.com/the-ebony-canal-black-maternal-health-disparities/
Notes on Gratitude: It’s Time to Slow Down and Check In,"It takes time for everyone to appreciate their bodies. There are no ways around it. If you live on Earth, at some point you’ve been forced to adjust to these forever-evolving physical landscapes. From unique muscular builds to facial hair and cycles to get in tune with — these are all things we must adjust […]",ebony.com,2026-02-26,Health,,https://www.ebony.com/body-awareness-breast-cancer-prevention-kisqali/
"Resilience, Power And Sisterhood: Karen Jackson and the EBONY SHE IS Brunch","In an era defined by scientific breakthroughs and cultural shifts, Karen Eubanks Jackson doesn’t just adapt; she leads. A pioneering voice in the fight against breast cancer, she has transformed personal purpose into a national movement. Her appearance at the EBONY SHE IS Brunch wasn’t just a moment of recognition; it was a masterclass of […]",ebony.com,2026-02-26,Culture,,https://www.ebony.com/karen-eubanks-jackson-ebony-she-is-brunch-sisters-network/
Beyond the Podium: The Black Athletes Who Redefined The 2026 Winter Olympics,"As the Milano Cortina 2026 Winter Olympics wrapped, the loudest stories weren’t just about who topped the medal table. They were also about expanding the picture of what winter sports look like now. Across ice and sliding tracks, slopes and powdery banks, Black athletes delivered defining moments that blended history, visibility, and heart-stopping performances. A […]",ebony.com,2026-02-25,Sports,,https://www.ebony.com/black-athletes-2026-winter-olympics-milano-cortina/
"Storm Reid Fronts Coach’s Spring 2026 “Explore Your Story” Campaign That Celebrates Gen Z, Books and the Tabby Bag","Somewhere between TikTok scroll fatigue and the soft launch of everyone’s “reading era,” Coach decided to lean in. Hard. For Spring 2026, the American heritage house introduces “Explore Your Story,” a campaign rooted in global listening sessions with Gen Z and stitched together with community partners from the United States to China. The headline accessory […]",ebony.com,2026-02-25,Fashion,,https://www.ebony.com/coach-explore-your-story-spring-2026-tabby-book-charms/
‘Bridgerton’ Breaks Down When Friendship Becomes Insufferable,"The end of Bridgerton, Season Four, Part One, left us all with a burning question. No, not that one. We’re talking about Lady Danbury’s request to Queen Charlotte. In short, the former member of the queen’s royal court requested, then stated, then requested again that she must leave Mayfair, London, to explore new possibilities, return […]",ebony.com,2026-02-25,Life,,https://www.ebony.com/bridgerton-season-4-queen-charlotte-lady-danbury-friendship-grief/
Inside “Crafting Character: The Costumes of Paul Tazewell” Exhibition,"The first thing you encounter in Paul Tazewell’s exhibit is puppets. Handmade marionettes. Paper mâché. Wood dowels. Scraps of fabric. Objects that feel less like museum artifacts and more like pieces of a private childhood. “I wanted visitors to engage with the work the way I engage with my work,” Tazewell told me. “Up close […]",ebony.com,2026-02-25,Culture,,https://www.ebony.com/paul-tazewell-exhibition-chicago-griffin-msi-crafting-character/
My Black History: How EBONY Has Always Been a Part of My Story,"When you walk into my parents’ house, you’ll quickly find the baby announcements for both my brother and me in the living room. They’re not in a scrapbook or a photo album. Our baby announcements are framed on the wall like a piece of art, perfectly positioned in between numerous photo collages and touches of […]",ebony.com,2026-02-25,Culture,,https://www.ebony.com/my-black-history-how-ebony-has-always-been-a-part-of-my-story/
What Manon Bannerman’s Hiatus Reveals About Anti-Blackness and Survival in Girl Groups,"On Friday, HYBE and Geffen Records announced that KATSEYE member Manon Bannerman would be taking a “temporary hiatus from group activities to focus on her health and wellbeing,” which has opened the floor for a larger conversation that fans and industry peers are rallying around to advocate for her. The 23-year-old joined Daniela Avanzini, Lara […]",ebony.com,2026-02-25,Entertainment,,https://www.ebony.com/manon-bannermans-hiatus-anti-blackness-girl-groups/
From Applause To Outrage: Michael B. Jordan and Delroy Lindo’s BAFTA Triumph Eclipsed By Controversy,"In a night meant to honor cinematic excellence, the 2026 BAFTA Awards took an unexpected and deeply uncomfortable turn when Michael B. Jordan and Delroy Lindo were subjected to a racial slur while presenting onstage. The powerhouse duo — co-stars of the buzzed-about film Sinners — were introducing the award for Best Visual Effects when […]",ebony.com,2026-02-24,Culture,,https://www.ebony.com/michael-b-jordan-delroy-lindo-bafta-controversy/
The Black Wellness Edit: What is Tourette Syndrome?,"With the recent controversy involving Delroy Lindo and Michael B. Jordan at the British Academy Film Awards (BAFTA) being interrupted by Tourette’s advocate John Davidson yelling out the ‘n-word’ during their time speaking onstage, many have questioned Tourette’s Syndrome (TS). As well as the severity of the condition, considering the inappropriate nature of the outburst. […]",ebony.com,2026-02-24,Health,,https://www.ebony.com/the-black-wellness-edit-tourette-syndrome/
Sterling K. Brown Gave Us a Black Love Meet-Cute This Season on ‘Paradise’,"We already know that past EBONY cover star Sterling K. Brown doesn’t play about Black love. Now on Paradise, which kicked off season two on February 23, he’s addressing a fear many Black women have voiced for years. “I feel like there’s this thing where Black women feel like Black men will ascend to a […]",ebony.com,2026-02-24,Entertainment,,https://www.ebony.com/paradise-black-love-meet-cute-sterling-k-brown-interview/
"Celeb Wins of the Week: Mara Brock Akil’s New Novel, Corinne Bailey Rae’s Tour, Danielle Deadwyler’s Latest Role","It’s only Tuesday, but there’s already good news happening for three major voices in television, film, and music. Mara Brock Akil, the acclaimed showrunner behind Girlfriends and Netflix’s hit series Forever, is taking her storytelling genius to the page. Akil’s first novel, The Revelation of Dionne Daphne, is about to drop. Set in the 1990s, […]",ebony.com,2026-02-24,Entertainment,,https://www.ebony.com/mara-brock-akil-new-novel-corinne-bailey-rae-international-tour-danielle-deadwyler-x-files-latest-role/
Dan Sablon’s Appointment at Zadig&Voltaire Marks a Pivotal Shift Toward Black Leadership in French Fashion,"French fashion’s favorite rebel just found a new author and this time, the pen is in Black hands. Zadig&Voltaire has appointed Dan Sablon as its new creative director, a move that feels bigger than a press release and sharper than a front-row photo op. Founded by Thierry Gillier in 1997, the Paris house built its […]",ebony.com,2026-02-24,Fashion,,https://www.ebony.com/dan-sablons-appointment-at-zadig-voltaire/
BODYARMOR Spotlights Newest Partner Flau’jae Johnson to Center Court for March Madness 2026,"BODYARMOR announced its return to the college basketball stage for the 2026 March Madness tournament. The moment is brought to life through their national “Choose Better” spot, featuring their newest partner, LSU senior guard and hip‑hop artist Flau’jae Johnson, alongside NCAA alum and champion Jalen Brunson. “Choosing better is about commitment, every day you [have] choices to […]",ebony.com,2026-02-24,Sports,,https://www.ebony.com/bodyarmor-flaujae-johnson-march-madness-2026/
Exploring Love Languages: Insights from Fashion and Beauty Leaders on Building Fulfilling Relationships,"Black Twitter is always asking the questions no one wants to or starting a crazy thread out of nowhere. Not too long ago, folks were tweeting out their love languages and the importance of knowing what it is. Understanding your love language is essential for nurturing healthy and fulfilling relationships. It helps you communicate your […]",ebony.com,2026-02-24,Beauty,,https://www.ebony.com/black-fashion-beauty-visionaries-share-their-love-languages/
"Loyalty, Love and Legacy: How Consumers Build Deep Connections with Black-Led Brands","These brand origin stories share a similar truth: when needs translate shared cultural codes into products—a scalp oil, a basket, a sauce, a hair trimmer—those objects become wearable declarations. Walmart knows this firsthand and it’s why they’re proud partners with Black founders and designer for the brands Alodia, Capital City Products, The Cut Buddy and […]",ebony.com,2026-02-24,Life,,https://www.ebony.com/loyalty-love-and-legacy-how-consumers-build-deep-connections-with-black-led-brands/
Bubba Wallace Made History As the Second Black Driver Ever to Win a NASCAR Cup,"Bubba Wallace made history as the first Black driver to win a NASCAR Cup race in almost 50 years, ESPN reported. With his win at Talladega, Wallace became the first Black driver to win at the top level of the prominent stock car series since Wendell Scott in 1963. Interestingly, Scott wasn’t declared the winner […]",ebony.com,2026-02-24,Culture,,https://www.ebony.com/bubba-wallace-makes-history-as-the-second-black-driver-ever-to-win-a-nascar-cup/
"The HBCU Love Standard: Power, Purpose and the New Legacy","The HBCU experience is a masterclass in the art of the bond. When you get to college, and specifically on the yard of an HBCU, one of the things that comes to mind is the hope for making meaningful connections. Now, of course, through media and romcoms, the fantasy is always finding a romantic connection, […]",ebony.com,2026-02-23,Love,,https://www.ebony.com/hbcu-love-black-relationships-legacy-wealth/
Jennifer King Becomes the First Black Woman Named a Position Coach in NFL,"Jennifer King was named the running backs coach of the Washington Football Team, making her the first Black woman to become a position coach in the NFL’s history, CNN reports. King was promoted from a coaching intern to the team’s assistant running back coach back in January. After a COVID-19 outbreak made head running backs […]",ebony.com,2026-02-23,Entertainment,,https://www.ebony.com/jennifer-king-becomes-the-first-black-woman-named-a-position-coach-in-nfl/
The Major Role Travel Plays in Preserving Black History,"Travel can be a powerful space for storytelling, allowing people to find themselves in the spaces of Black history. When it comes to visiting major sites and landmarks, it’s more than just a retreat or exploration. These experiences provide better connections that have shaped the world we live in today. According to travel brand Lonely Planet, which […]",ebony.com,2026-02-23,Travel,,https://www.ebony.com/black-history-travel-sites/
"‘Sinners’ Continues to Win Big, But Overshadowed By BAFTA Slurs Incident","Sinners continued its winning streak at the 79th Annual BAFTAs, taking home three awards from the 2026 ceremony. Nigerian-British actress Wunmi Mosaku won the Supporting Actress BAFTA for her role as hoodoo healer Annie in the film. Musaku, who is expecting her second child, thanked her family and mom and delivered a heartfelt message: “To […]",ebony.com,2026-02-23,Entertainment,,https://www.ebony.com/sinners-bafta-2026-wins-onscreen-slur-incident/
"6 Beauty Brands Your Grandma Used That You Can, Too","For many of us growing up, we saw our grandma getting all dolled up for special occasions. Whether she was going out with granddaddy, her friends, or to a family gathering, grandma put the glam on. For some young Black girls, their grandmother’s vanity was their first introduction to all things makeup. Today, many of […]",ebony.com,2026-02-23,Beauty,,https://www.ebony.com/6-beauty-brands-your-grandma-used-you-can-too/
5 Fun Facts About the NAACP Image Awards to Share With Your Group Chat,"The NAACP Image Awards have always celebrated our culture, celebrating Black excellence in film, television, music, and beyond, especially when other mainstream awards weren’t always paying attention. This year’s nominations are giving legacy and several new categories that will make this night feel more like a family reunion than an awards ceremony. Here are five […]",ebony.com,2026-02-23,Culture,,https://www.ebony.com/naacp-image-awards-2026-nominations-special-awards/
"Allyson Felix May Not Be Running the Race Anymore, But She’s Making Space For Those to Follow","Allyson Felix has spent most of her life moving at world-record speed. Now she’s doing something that might be even more disruptive. She’s slowing down long enough to change how the system works. The most decorated track and field athlete in history isn’t trading her spikes for her own peace. She’s trading them for meetings, […]",ebony.com,2026-02-23,Sports,,https://www.ebony.com/allyson-felix-ioc-olympics-la-paris/
After Dark Grooming: The Nighttime Rituals Guaranteed to Enhance Your Sleepy Time,"In the world of beauty and grooming rituals, morning routines often get all of the love. And don’t get us wrong, how you start the day is very important. But the way you wind down? Well, that’s paramount in setting the right tone for the next day. After all, your morning is only as good […]",ebony.com,2026-02-20,Beauty,,https://www.ebony.com/night-routine-self-care-sleep-skin/
Dinner Was the Date: How Food Became the First Language of Black Love,"Have you ever noticed that most films centering the Black experience always include scenes of pure fellowship over food? Films like Soul Food, Moonlight, Crooklyn and even The Princess and the Frog, before the kiss, the conflict, the coming-of-age moment, there is almost always a table. Someone is stirring a pot, and someone is being […]",ebony.com,2026-02-20,Dining,,https://www.ebony.com/dinner-date-first-language-of-black-love/
What Happens to Black Women’s Minds When a Birth Advocate Dies Newly Postpartum?,"When the untimely death of Dr. Janell Green Smith, a 31-year-old midwife in South Carolina, occurred not even a week after giving birth, for many Black women, chances are you remember where you were when you heard the news. According to CNN, Green Smith was admitted to the hospital on Christmas Eve of last year […]",ebony.com,2026-02-20,Health,,https://www.ebony.com/what-happens-to-black-womens-minds-when-a-birth-advocate-dies-newly-postpartum/
MLB is Adding Negro Leagues Stats to its Historic Record. Is That the Best Way to Honor Negro League Players?,"Baseball is the oldest sport in this country – America’s pastime – and as a byproduct, the best and most documented sport as well. Then, New York Clipper sportswriter Henry Chadwick printed one of the earliest iterations of the box score in 1859, documenting runs, hits, outs, assists, and errors of one of his local […]",ebony.com,2026-02-20,Culture,,https://www.ebony.com/mlb-is-adding-negro-leagues-stats-to-its-historic-record-is-that-the-best-way-to-honor-negro-league-players/
"Hoops, Hope, and Hustle: All-Star Weekend’s Best Moments and More","Giannis Antetokounmpo was just one of the ballers on hand at Baby2Baby NBA Cares All Stars Day of Service on February 13 at the LA Convention Center in Los Angeles. He and fellow NBA players and alums, like Tyrese Maxey and Baron Davis, along with celebs like Relationship Goals star Kelly Rowland, Lizzo, Taylour Paige, and […]",ebony.com,2026-02-20,Celebrity,,https://www.ebony.com/all-star-weekend-celebrity-photos-moments-and-more/
‘Is God Is’ — 5 Things We Learned From the Explosive New Trailer,"Revenge, rage, sisterhood, and a sinister Sterling K. Brown. The Is God Is trailer has dropped, and it’s got us all in a chokehold. Two-time Tony winner Kara Young and Mallori Johnson play twin sisters who are on a mission to kill their abusive father. Here are five takeaways we learned from this electrifying drop. […]",ebony.com,2026-02-20,Entertainment,,https://www.ebony.com/takeaways-learned-is-god-is-trailer/
These Gen-Z Content Creators Put Black History in the Algorithm,"In a sea of misinformation, heated cultural arguments, and active erasure of historical information on different communities online, Black Gen Z content creators are working to show how Black History can always stay on the algorithm. Take, for example, Taylor Cassidy. who has been creating content since 2020, when she was just 17. Talking with […]",ebony.com,2026-02-19,Culture,,https://www.ebony.com/black-gen-z-creators-black-history/
Who Is the Black Incel? ‘The Beauty’ Examines the Man Behind the Screen,"You could scroll past FX’s The Beauty on Hulu, thinking it’s just spectacle, showing a virus that turns ordinary people into an alleged perfected version of themselves. The entire body changes, and the transformations are graphic, excessive, and sometimes grotesque. It plays like satire about filters, injectables, and our obsession with cosmetic shortcuts. But beneath […]",ebony.com,2026-02-19,Entertainment,,https://www.ebony.com/the-beauty-fx-incel-culture-jeremy-pope/
Garcelle Beauvais Channels Old Hollywood Glamour Walking Haitian Designer Jovana Louis at NYFW,"Backstage at Jovana Louis’ NYFW show felt less like a runway call time and more like a film set waiting for its leading lady. Steamers hissed. Dressers whispered. The energy was part atelier, part awards season. And right in the center of it all sat Garcelle Beauvais calm, glowing, and wrapped in a robe with […]",ebony.com,2026-02-19,Fashion,,https://www.ebony.com/garcelle-beauvais-jovana-louis-nyfw-runway/
Should Black People Date Like Other Races?,"There are many unspoken rules in today’s dating scene, but somewhere along the way, we may have gotten it all wrong. For instance, most Black daters prioritize secrecy over visibility and caution over clarity. Oftentimes, these habits can skew our perception of dating as a whole. However, Amber Cooper, Head of Brand at BLK, says […]",ebony.com,2026-02-19,Love,,https://www.ebony.com/black-daters-modern-love-clarity-commitment/
‘Black Photojournalism’ Brings Joy Alive — in Black and White,"If a picture is worth a thousand words, Black Photojournalism, the latest exhibition at the Carnegie Museum of Art in Pittsburgh, Pennsylvania, teeters somewhere towards infinity. Featuring the work of nearly 60 Black photographers who captured images from 1945 — the year EBONY first published — through Jesse Jackson’s 1984 presidential campaign, it stunningly (and maybe, […]",ebony.com,2026-02-19,Culture,,https://www.ebony.com/black-photojournalism-carnegie-museum-of-art-exhibition/
A Call to Action: Now Is Not the Time for Black Athletes to Get Comfortable,"When it comes to Black History Month and sports, there’s this “rinse, recycle, repeat” feel about it. Every year around this time, we are reminded of the sacrifices made by Tommie Smith and John Carlos at the 1968 Olympics as they stood, heads bowed and black-gloved fists raised high, on the winner’s podium. Track and […]",ebony.com,2026-02-19,Culture,,https://www.ebony.com/black-athletes-pursuit-of-change/
Beyond ‘Cool Runnings’: The Global Infrastructure of Black Winter Sport,"Nearly 40 years since the Jamaican bobsled team’s iconic debut at the 1988 Winter Olympic Games, a new era of diversity is emerging on the global stage. Trailblazers like Team USA’s Vonetta Flowers—the first Black gold medalist in 2002—and most-decorated American Winter Olympians Shani Davis and Elana Meyers Taylor paved the way for a more […]",ebony.com,2026-02-18,Sports,,https://www.ebony.com/black-winter-olympians-diaspora-training-milano-cortina/
"Before TikTok Activism, There Was Barbara Rose Johns","If participation trophies are often blamed for dulling a generation’s understanding of accountability and consequence, then Confederate monuments may be the most elaborate version America ever produced. Many were not erected to record history, but to reassure those unwilling to accept its outcome. The statues raised long after the Civil War were to preserve pride, […]",ebony.com,2026-02-18,Culture,,https://www.ebony.com/barbara-rose-johns-statue-replaces-robert-e-lee-capitol/
Keke Palmer’s ‘The Burbs’ Asks if Suburbia Was Built for Black Women,"For generations, Black families have equated suburban life with upward mobility: more space, better schools, and a sense of homegrown safety. But scan social media, and you’ll see Black homeowners being questioned as they enter their own homes, while babysitting their children, and in one horrific incident, killed by a vengeful neighbor (chronicled in the […]",ebony.com,2026-02-18,Tv &Amp; Film,,https://www.ebony.com/the-burbs-keke-palmer-suburbia-black-families/
The Best Street Style From the F/W 26 Shows,"New York Fashion Week Fall/Winter 26 arrived with a chill that felt personal. The kind of cold that makes you question your RSVP choices. The kind that seeps through wool, through denim, through even your best intentions. By day three, editors were speedwalking not for cardio but for survival. And yet, the Black street style […]",ebony.com,2026-02-18,Fashion,,https://www.ebony.com/the-best-street-style-from-the-f-w-26-shows/
How the Latest “Wuthering Heights” Interpretation Is More Than Just Whitewashing; It’s a Pattern,"Another adaptation of Wuthering Heights has arrived…and once again, it misses the point. Director Emerald Fennell recently explained that she isn’t making “Wuthering Heights,” quotes on her part, but rather “a version of it.” Yes, all adaptations are interpretations. But interpretation does not grant permission to erase racially coded characters. Emily Brontë’s 1847 novel is […]",ebony.com,2026-02-18,Culture,,https://www.ebony.com/emerald-fennell-wuthering-heights-whitewash-heathcliff/
Here’s How You Can Love Your Heart In 2026 — Beyond the Gym,"In addition to Valentine’s Day and Black History Month, February is American Heart Month, a time to focus on cardiovascular health, as heart disease remains the leading cause of death in the United States. The month-long observance aims to raise awareness of how to prevent cardiovascular disease through healthy lifestyle changes, including a nutritious diet, managing blood […]",ebony.com,2026-02-18,Health,,https://www.ebony.com/american-heart-month-black-heart-health-prevention/
"The State of US: Jesse Jackson Remembered, Don Lemon Faces Rare Federal Case, and Obama Slams Trump’s Racist AI Video","What You Need to Know: This week, America lost a giant: tributes flooded in for Rev. Jesse Jackson, the movement architect who made Black presidential ambition undeniable. Don Lemon pleaded not guilty to federal charges tied to his protest coverage under a law critics say has never been used like this. And Barack Obama swatted […]",ebony.com,2026-02-18,News &Amp; Politics,,https://www.ebony.com/the-state-of-us-jesse-jackson-don-lemon-face-act-obama-trump-racist-ai-video/
‘America’s Next Top Model’ Opened Doors for Black Talent … But At What Price?,"I can still remember watching the first season of America’s Next Top Model. Created by Tyra Banks, who had broken through the color barrier to become the first Black woman on the cover of Sports Illustrated, it was designed to reveal what it takes to become a queen of the catwalk, something I could never dream […]",ebony.com,2026-02-17,Entertainment,,https://www.ebony.com/americas-next-top-model-reality-check-documentary/
NYFW FW26: A Return to Wearable Elegance and Cultural Narrative,"After seasons of conceptual theater and streetwear dominance, FW26 felt like a recalibration. Designers returned to the fundamental question: Will this live in someone’s closet? The oversized irony, logo-heavy posturing, and hyper-avant-garde experiments that once ruled the algorithm gave way to tailoring you can sit in, coats you can actually button, and denim that moves […]",ebony.com,2026-02-17,Fashion,,https://www.ebony.com/nyfw-fall-winter-2026-standout-designers/
Return of the Space Cowboy: ADVISRY’s Emotional Journey Through Nostalgia and Transformation for Fall/Winter 2026,"There is something deeply Black about the idea of return. Not regression. Not revival for nostalgia’s sake. But return as reclamation. As remembering who you were before the world asked you to be something else. For Fall/Winter 2026, ADVISRY titled its collection “Return of the Space Cowboy,” and before a single look stepped out, the […]",ebony.com,2026-02-17,Fashion,,https://www.ebony.com/nyfw-advisry-fall-2026-collection/
Sergio Hudson’s Fall/Winter 2026 Collection: A Decade of Black Excellence and Timeless Glamour at the New York Public Library,"There are fashion shows, and then there are declarations. For Fall/Winter 2026, staged inside the storied halls of the New York Public Library, Sergio Hudson delivered the latter. Ten years in business. Ten years of discipline. Ten years of glamour sharpened into a blade. The collection opened with the confidence of a soprano warming up […]",ebony.com,2026-02-17,Fashion,,https://www.ebony.com/sergio-hudson-nyfw-fall-2026-10-years/
“I Am Somebody:” How Jesse Jackson Built Black Political Power,"The great unifier, the man who brought Black America into a new identity and collective political force, has died at the age of 84. Reverend Jesse Louis Jackson’s mission was about elevation, dignity, and self-respect. He fought for the rights of Black people whose civil rights continued to be trampled upon. He saw beyond the […]",ebony.com,2026-02-17,Culture,,https://www.ebony.com/rev-jesse-jackson-dies-84-civil-rights-legacy/
Hey Slam Dunk Contest Fan: Your Ex Has Moved On…So Should You,"The NBA’s Slam Dunk Contest has become the ex we can’t stop texting. Every All-Star Weekend, fans and talking heads alike cue up the Jordan, Kobe and Vince Carter clips like they’re scrolling a former love’s Instagram at 1:12 a.m., not to check in, but to chase a feeling we refuse to stop craving. And […]",ebony.com,2026-02-17,Opinion Articles,,https://www.ebony.com/2026-nba-slam-dunk-contest-op-ed/
Literary Legacy Is One Way Rev. Jesse Jackson Plans to Keep Hope Alive,The civil rights titan has a new book that includes six of his most soul-stirring sermons and 19 fiery speeches delivered in countries across the globe.,ebony.com,2026-02-17,Culture,,https://www.ebony.com/literary-legacy-is-one-way-rev-jesse-jackson-plans-to-keep-hope-alive/
"Love, Hustle, and Compromise: How Da Brat and Judy Navigate Partnership and Enterprise","Da Brat’s love is strong, but she’s the first to admit she almost lost it. “When we first started dating, I wasn’t fully truthful about some previous situations I had going on, and it almost cost me the relationship,” she admitted, almost matter-of-factly. “When you meet someone, and you think, or know, that they might […]",ebony.com,2026-02-16,Books,,https://www.ebony.com/da-brat-and-judy-book-interview-love-relationships/
The History Behind the Great Migration Revisited Through Food,"For many, The Great Migration is a significant period in Black American history between 1916 and 1970, which witnessed the relocation of over six million African Americans from the rural South to urban centers in the North and West. This monumental movement reshaped demographics, cultures, and most importantly, food, which played a key role in […]",ebony.com,2026-02-16,Dining,,https://www.ebony.com/great-migration-black-food-culture-american-cuisine/
"What Black Male Athletes Are Teaching Us About Love, Commitment, and Romance","Black men are about this love thing. With Valentine’s Day approaching this weekend, the holiday has traditionally been viewed from the perspective of women. However, 2026 marks a new shift toward a more reciprocal celebration of partnership centered on love and romance. Black men should embrace February 14th with as much enthusiasm as women, not […]",ebony.com,2026-02-14,Love,,https://www.ebony.com/black-male-athletes-valentines-day-romance-engagements-2026/
"The State of US: SAVE Act Advanced, Climate Finding Repealed, and Philadelphia Sues Over Exhibit Removal","What you need to know: This week, the House pushed a voting bill critics say could lock millions out of the ballot box, while the Trump administration moved to dismantle the legal backbone of federal climate rules. Philadelphia is also taking the White House to court after a slavery exhibit was removed from a national […]",ebony.com,2026-02-14,News &Amp; Politics,,https://www.ebony.com/the-state-of-us-save-act-epa-philadelphia-exhibit-lawsuit/
Ruth E. Carter: What She Touches Turns to Oscars Gold,"Ruth E. Carter: An imaginative and visionary voice whose name commands instant prestige beyond measure while developing a reputation for fashioning threads that boost films to breaking billion-dollar grossing status. More than this, our community has fallen in love with the person whose dexterity weaves definitive stories through sartorial threads and time-honored bodies of work […]",ebony.com,2026-02-13,Entertainment,,https://www.ebony.com/ruth-e-carter-interview-oscars-gold/
Public School’s Triumphant Return: Redefining New York Fashion Through Black Urban Intellectualism,"For seven years, Public School New York existed in memory. In archived street style photos. In that era of New York Fashion Week when downtown grit still met uptown precision without apology. And if you were outside in those years, you felt the absence. NYFW kept moving, sure. The lights stayed on. The sponsors rotated. […]",ebony.com,2026-02-13,Fashion,,https://www.ebony.com/public-school-returns-nyfw-fall-2026/
GOAT Star Gabrielle Union Isn’t Here to Be Comfortable — Even In A Kid’s Movie,"Gabrielle Union isn’t pulling back to make anyone feel comfortable, not for the internet or Hollywood’s views on aging. She says what’s on her mind, even if it does cause her publicity team to down a bottle of Maalox. “I don’t know if it’s a problem or a gift, but I tend to speak unedited […]",ebony.com,2026-02-13,Entertainment,,https://www.ebony.com/gabrielle-union-goat-aging-menopause-interview/
The Rise Of The Phantom Post Could Replace the Hard Launch Trend,"Over the last few years, there has been a salient uptick in Black people posting their significant others on social media. However, it’s not in the manner that one would think. Instead of transparent images and visuals, many have opted to conceal their partners’ identities with the contemporary magic of AI technology or to remove […]",ebony.com,2026-02-13,Love,,https://www.ebony.com/phantom-post-trend-black-couples-social-media/
Luxury Sleepwear That Proves Sexy and Comfortable Can Coexist,"You know how the saying goes: look good, feel good. The same rule applies to your sleep. After all, looking good and being well rested are not mutually exclusive. They do not call it beauty rest for nothing. For years, frilly panties, boned corsets and lifting bras have been positioned as the blueprint for feeling […]",ebony.com,2026-02-13,Fashion,,https://www.ebony.com/luxury-sleepwear-comfort-sexy-beauty-rest/
‘Bridgerton’s Queen Charlotte’ Showcases Black Hair Artistry as Cultural Legacy and Empowerment,"As the number one Bridgerton fan, I’ve been enamored by Queen Charlotte: A Bridgerton Story’s stunning wigs throughout each season, and Season 4 has delivered the exceptional artistry we’ve come to yearn for and expect. Yet what’s proven equally impressive are the head-turning braided hairstyles Queen Charlotte, portrayed by actor Golda Rosheuvel, has served during […]",ebony.com,2026-02-13,Beauty,,https://www.ebony.com/golda-rosheuvel-bridgerton-season-braids/
All-Star Weekend Needed A Pulse: So The NBA Invented A Rivalry,"This weekend, the NBA’s finest will all congregate in Los Angeles for its All-Star events. And yes, the league’s best will be there in person, but let’s be honest: for years now, All-Star Weekend has been less than stellar. The Slam Dunk Contest rarely attracts the league’s top flyers. The league keeps rolling out new […]",ebony.com,2026-02-13,Sports,,https://www.ebony.com/nba-all-star-2026-usa-vs-world-format-los-angeles-intuit-dome/
Coach Fall 2026: Redefining American Style Through Shared Heritage and Sustainable Fashion,"There is something deeply American about the idea of sharing clothes. Not borrowing. Not trend-chasing. Sharing. At Stuart Vevers’ Fall 2026 show for Coach, that distinction wasn’t sentimental. It was strategic. Titled What We Share, the collection positioned American fashion as mindset, not map. Seventh Avenue sportswear met honest, salt-of-the-earth workwear. Youth counterculture brushed shoulders […]",ebony.com,2026-02-12,Fashion,,https://www.ebony.com/coach-fall-2026-what-we-share-review/
J.Cole’s Final Album ‘The Fall-Off’ Helped This Father Realize His Son Was Ready for Life’s Next Stage,"My son had already gone back to college when J. Cole released The Fall-Off. He left two days early because of a winter storm in Atlanta — the kind that shuts a city down and quietly reminds you how little control you actually have. At this stage of fatherhood, our communication has shifted. We don’t talk every day anymore. We check in. […]",ebony.com,2026-02-12,Family,,https://www.ebony.com/j-cole-final-album-the-fall-off-op-ed/
The Best Valentine’s Day Gifts for Bae,"Just because Christmas is over doesn’t mean the gift-giving season has concluded. It’s just that the gifts are now more lovey-dovey and less merry and jolly. Unlike Christmas, where you’re expected to get gifts for everyone in your life, Valentine’s Day is focused on celebrating that special someone. Shopping for one person is infinitely easier […]",ebony.com,2026-02-12,Beauty,,https://www.ebony.com/best-non-cliche-valentines-day-gifts/
Candiace Dillard Bassett Reveals Why She Took the High Road On ‘The Traitors’,"I’m dialing into my interview with Candiace Dillard Bassett from an airport between flights. With the chaos that can happen inside a terminal, it feels like the perfect setting to talk about her season on The Traitors. “This is the first time I’m watching The Traitors,” I exclaimed, confessing that I turned in to watch […]",ebony.com,2026-02-12,Entertainment,,https://www.ebony.com/candiace-dillard-bassett-traitors-interview/
The Black Wellness Edit: Where We Are Today With 40 Years With HIV and AIDS,"The first reported case of AIDS, as reported by the Center for Disease Control and Prevention (CDC) in 1981, was the catalyst of a movement that we now see having prevalence today. With advances in research and medical care, those affected can be reassured that resources are available to them or their loved ones. The […]",ebony.com,2026-02-12,Health,,https://www.ebony.com/the-black-wellness-edit-hiv-aids-conversation/
Solange Knowles Announces Saint Heron Digital Library,"In September 2025, Solange Knowles’ Saint Heron unveiled a digital library that serves as an archive preserving rare works by Black and brown artists and authors for future generations. In an era where digital consumption often overshadows tangible forms of media, Solange Knowles is took a bold step to preserve and elevate those archives through […]",ebony.com,2026-02-12,Culture,,https://www.ebony.com/solange-saint-heron-digital-archive-library/
And the Winner Is Black Joy: Inside the Oscars Nominees Luncheon,"At the 98th Oscars® Nominees Luncheon, Delroy Lindo had the best excuse for turning down an interview. As A-list actors and celebrated filmmakers surrounded the Sinners star, he warmly welcomed every hug, handshake, and congratulation for his first nomination. In a split-second break in the Delroy Love Train, this reporter asked for a question on […]",ebony.com,2026-02-11,Entertainment,,https://www.ebony.com/98th-oscars-nominees-luncheon/
11 Black Directors Who Have Turned Black History Into Cinematic Experiences Worth Watching,"Films on Black history have been extensive, but I often find myself fatigued by many of them. The films in the hands of some directors left me feeling angry or bitter about the past, or left me questioning, “But what happened before they were a historical figure?” When it comes to Black history, films about […]",ebony.com,2026-02-11,Culture,,https://www.ebony.com/black-directors-who-reclaimed-black-history-films/
"Sex Before The Game: The Myth, The Mood, And The Morning After","Picture this: somewhere, an Olympic athlete is getting ready for bed before their event. She’s trained tirelessly, worked with countless specialists, and invested in every type of innovation to increase her performance. Her pre-game routine is down to a science. She’s eaten a nutritious meal, stretched for recovery, and mentally prepared through visualizations. But before […]",ebony.com,2026-02-11,Relationships,,https://www.ebony.com/sex-before-competition-myth-athletes-recovery-sleep-olympics/
7 Best Lubes to Celebrate Love This Valentine’s Day,"Black love has always been about listening. To history. To intuition. To each other’s bodies. On Valentine’s Day, when romance gets dressed up in roses and expectation, the real flex is knowing how to take care of one another slowly, safely and with intention. Because intimacy isn’t just about heat. It’s about comfort. It’s about […]",ebony.com,2026-02-11,Health,,https://www.ebony.com/best-lubricants-sensitive-skin-valentines-day/
7 Wigs Under $150 We’re Obsessed With for Valentine’s Weekend,"Valentine’s Day is just around the corner, and there is no better way to say “I love you” — to yourself — than with a hairstyle change. Whether you’re planning to spend the day with that significant someone who can adore what you’re rocking, or you just want to sit around the house in your favorite […]",ebony.com,2026-02-10,Beauty,,https://www.ebony.com/valentines-day-wigs/
U.S. Hockey’s Laila Edwards is More than a Symbol: She’s Human,"Laila Edwards has been training for this moment for most of her life. The tricky part now isn’t whether she’s ready for Olympic ice—it’s learning how to stay herself while the expectations around her get bigger. In the Edwards family, hockey wasn’t an extracurricular. It was life. She started skating at three, and as far […]",ebony.com,2026-02-10,Sports,,https://www.ebony.com/laila-edwards-team-usa-olympic-hockey-keeping-score/
Jasmine Guy Reflects on ‘A Different World’ Reboot’s Diverse Casting and Her Nostalgia-Fueled Super Bowl Cameo,"Chatter has swirled that the upcoming A Different World reboot hasn’t cast enough fundamentally Black Americans (FBAs) for the new Hillman College class, a sentiment that seems to be happening across TV shows. But Jasmine Guy—forever etched into TV history as Whitley Gilbert Wayne—is here to remind us that A Different World casting has always been diverse. […]",ebony.com,2026-02-10,Entertainment,,https://www.ebony.com/jasmine-guy-a-different-world-reboot-casting-diversity/
Gen V’s Jaz Sinclair on Embracing Self-Love and Inner Confidence,"Jaz Sinclair is in her moment, and she’s letting it glow. Between commanding the screen as one of the standout forces in Gen V and first capturing hearts as a breakout star on Chilling Adventures of Sabrina, Sinclair has built a career rooted in presence, intuition and quiet power. At a time when Black women […]",ebony.com,2026-02-10,Beauty,,https://www.ebony.com/jaz-sinclair-sol-de-janeiro-inner-monologue-rewritten/
Content Creator Dash López Takes EBONY Inside the Fifteen Percent Pledge Gala Honoring Tina Knowles and Black Entrepreneurs,"Under the Saturday night sky in Los Angeles, and just a few hours after day one of the 15th Street Block Party weekend, stars gathered on the backlot of Paramount Studios to celebrate the work of and raise funds for the Fifteen Percent Pledge. It was hard to miss the message on a nearby marquee: “Black Joy is an Act of Resistance: Community Over Complacency.“ No truer words, right? The […]",ebony.com,2026-02-10,Culture,,https://www.ebony.com/fifteen-percent-pledge-gala-tina-knowles-los-angeles/
How Couples Redefine Romance After The Spark — Sustaining Love Is Work,"When love begins, it presents itself as a designer garment tailored for you. It is what makes finding comfort in newness so enticing. But nothing as intricate as love and matters of the heart exist without tribulations. As the dust of novelty settles, love evolves to demand commitment in various forms, often requiring adjustments to […]",ebony.com,2026-02-10,Relationships,,https://www.ebony.com/what-it-takes-to-sustain-love-long-term/
Unlocking Insights: Canva Reveals New Study on the Influx of the 5-to-9 Influencer,"Jade Walters, founder of The Ninth Semester, started her career in advertising sales at TikTok and on the side, helping young professionals navigate creative industries. As a first-generation graduate from Howard University, figuring out her career path wasn’t always easy, but she knew she needed to create something to share her professional development knowledge. Like many […]",ebony.com,2026-02-10,Education,,https://www.ebony.com/unlocking-insights-canva-influencer-side-hustle/
"Super Bowl LX: The Best Parties, Events and Moments Across the Bay Area","A weekend of sports, music and style collided to celebrate Super Bowl LX. Here are some of the best parties and events of the celeb-studded weekend. Seattle Seahawks running back Kenneth Walker III was all smiles as he held the Lombardi trophy and was named Super Bowl LX MVP at Super Bowl LX in Santa […]",ebony.com,2026-02-09,Celebrity,,https://www.ebony.com/super-bowl-lx-parties-events-black-celebrities/
Bad Bunny’s 2026 Super Bowl Halftime Show: Symbolism & Hidden Easter Eggs,"Before the lights cut on and the bass rattled living rooms across the country, something bigger was already in motion. When Bad Bunny took the stage at the Super Bowl halftime show, it wasn’t immediately clear what kind of moment we were about to witness — only that it felt intentional. The Puerto Rican superstar, […]",ebony.com,2026-02-09,Music,,https://www.ebony.com/bad-bunny-super-bowl-halftime-easter-eggs/
Bozoma Saint John On Why Her Upcoming Weddings Put Her In Her ‘Soft-Girl Era’,"With wedding plans just months away to Keely Watson, Bozoma Saint John is expressing the importance of Black love and joy every chance she gets. “​For powerful, successful, driven and ambitious women, it is hard to be seen by your partner,” the Real Housewives of Beverly Hills star told EBONY on the red carpet of […]",ebony.com,2026-02-09,Culture,,https://www.ebony.com/bozoma-saint-john-black-love-soft-girl-era/
TikTok Set to Settle a Landmark Social Media Addiction Lawsuit,"A lot is going on in the world of social media that could finally force tech giants to make some major changes to curb addiction in children. The biggest thing happening is a landmark social media addiction lawsuit that’s now underway. Google and Meta’s Instagram are named in the suit, moving forward. Before those two, […]",ebony.com,2026-02-09,Life,,https://www.ebony.com/tiktok-set-to-settle-a-landmark-social-media-addiction-lawsuit/
Why Kes Is the Heartbeat of Soca,"Last month, on a below-freezing night in New York City, Kees Dieffenthaller was kneeling down on the stage of the Unity Festival at Jazz at Lincoln Center. In a sharply fitted tux, with his now signature locks pulled back, he appeared to be taking a brief reprieve from his headlining set, singing his soca hits […]",ebony.com,2026-02-09,Entertainment,,https://www.ebony.com/why-kes-is-the-heartbeat-of-soca/
"Get the Look: Coco Jones’ Super Bowl Glam Was Quiet, Polished and Powerful","Coco Jones’ look of the night carried a quiet nod to history. The simplicity and restraint paid subtle homage to Whitney Houston’s iconic Super Bowl national anthem moment, echoing that same understanding that sometimes the most powerful choice is elegance. Less recreation, more reverence. Beauty that knows when to step back and let the voice […]",ebony.com,2026-02-08,Beauty,,https://www.ebony.com/coco-jones-super-bowl/
Bad Bunny Wears Unreleased adidas BadBo 1.0 During Super Bowl Halftime,"When Bad Bunny stepped onto the Super Bowl LIX halftime stage, the performance was never going to be just about the music. Ut was culture showing‹ up dressed for the moment. Somewhere between the opening beat and the final note, Bad Bunny quietly made sneaker history, debuting his unreleased adidas Originals BadBo 1.0 in a […]",ebony.com,2026-02-08,Fashion,,https://www.ebony.com/bad-bunny-wears-unreleased-adidas-badbo-1-0-during-super-bowl-halftime/
"Before the Super Bowl, We Always Had Sundays","This Super Bowl Sunday eve, I can’t help but reflect on the full spectrum of emotions this postseason I’ve experienced as a fan. I saw my Chicago Bears defeat their division rivals, the Green Bay Packers, and then lose in overtime the very next week to the Los Angeles Rams in one of the greatest […]",ebony.com,2026-02-07,Sports,,https://www.ebony.com/super-bowl-sunday-fandom-family-legacy-black-traditions/
2025 Was the Hardest Year of ‘Be Happy’ Director Gabourey Sidibe’s Life — Here’s How She Got Through It,"“I just could not wait for 2025 to end.” Around this time last year, actress Gabourey Sidibe was gearing up for her twins’ first birthday, her wedding anniversary to husband Brandon Frankel, and the release of Apple TV’s Number One on the Call Sheet documentary, in which she was featured. A few weeks later, the unforeseen happened: her mother, […]",ebony.com,2026-02-07,Entertainment,,https://www.ebony.com/gabby-sidibe-interview-be-happy-lifetime/
San Francisco: Culture By the Coast,"The big game is officially upon us, and it’s all about the Bay Area this weekend as Super Bowl LX hits Levi’s Stadium in Santa Clara on Feb. 8, 2026. If you’re building your trip around San Francisco and Oakland, California, and are looking for a few non-football activities while you’re in town, here’s a […]",ebony.com,2026-02-06,Dining,,https://www.ebony.com/black-travel-guide-bay-area/
Halle Berry Says Yes! She and Boyfriend Van Hunt Are Engaged,"When EBONY spoke with Van Hunt at the 2023 BUTTER Art Fair, hosted by GANGGANG in Indianapolis, the artist said he and his then-girlfriend, Oscar-winning actress Halle Berry, would get engaged as soon as she was ready. And that day has finally come to fruition. On The Tonight Show Starring Jimmy Fallon, where Berry was […]",ebony.com,2026-02-06,Celebrity,,https://www.ebony.com/halle-berry-boyfriend-van-hunt-engaged/
"The Legacy of LaMonte McLemore, Jet and EBONY Photographer and Singer","LaMonte McLemore—photographer and co-founding vocalist of the psychedelic soul group The 5th Dimension—passed away from natural causes at his home near Las Vegas on Tuesday. He was 90 years old. Most celebrated for their Grammy-winning, number one 1969 smash “Aquarius/Let the Sunshine In (The Flesh Failures),” The 5th Dimension scored six platinum singles and seven platinum albums throughout their […]",ebony.com,2026-02-06,Culture,,https://www.ebony.com/the-legacy-of-lamonte-mclemore-jet-and-ebony-photographer-and-singer/
‘Relationship Goals’ Stars Kelly Rowland and Method Man Share the Marriage Rules They Actually Live By,"In Relationship Goals – now airing on Prime Video – Kelly Rowland and Clifford “Method Man” Smith play singles seeking the right rules to make love last. But in real life, these two are clocking decades of commitment. Both happily married, they’ve mastered the rules to make unions last. For Rowland, it’s all about communication. […]",ebony.com,2026-02-06,Entertainment,,https://www.ebony.com/kelly-rowland-method-man-marriage-advice-relationship-goals/
"The State of US: Judge Blocks Haitian TPS Rollback, Minnesota Agents Pull Back (Slightly), and KamalaHQ Rebrands for Gen Z","What You Need to Know: This week, a federal judge hit pause on the White House’s attempt to end TPS protections for Haitians—just hours before hundreds of thousands could have lost legal status. In Minnesota, officials announced a partial drawdown of federal immigration agents, even as the broader enforcement push continues. And Kamala Harris’ digital […]",ebony.com,2026-02-06,News &Amp; Politics,,https://www.ebony.com/the-state-of-us-haitian-tps-blocked-minnesota-kamalahq/
Georgia Fort Reflects on the Attack on Journalism: “I Wanted the Public to Know the Facts About My Arrest”,"Journalism has been a major topic of conversation over the past week, but the major talking point right now focuses on the federal arrests of Georgia Fort and Don Lemon for covering an anti-ICE protest in Minnesota that saw protesters take over a local church in the middle of its service. The two journalists were […]",ebony.com,2026-02-06,News &Amp; Politics,,https://www.ebony.com/georgia-fort-arrest-ice-protest-press-freedom/
Bobby Wagner: Ten Pro Bowls Tell You He’s Elite. The Walter Payton Honor Tells You Who He Is,"The NFL is a numbers league. Numbers tell the story. Numbers make the case. Numbers build the legend. Bobby Wagner’s numbers: 10 Pro Bowls, six first-team All-Pros, and a Super Bowl title are undeniable. But this moment isn’t really about the totals. It’s about the part of his story that numbers don’t tell. It’s the […]",ebony.com,2026-02-06,Sports,,https://www.ebony.com/bobby-wagner-walter-payton-man-of-the-year-2025/
"Haiti’s 2026 Olympic Uniform Sparks Controversy Over History, Fashion and “Neutrality”","They call it the Parade of Nations, but it’s really the Olympics’ most reliable runway: a few minutes of where even the smallest delegation gets to shine. For countries that don’t come from Europe or North America — places where “winter” is a concept you encounter in the movies — the Opening Ceremony fit is […]",ebony.com,2026-02-06,Sports,,https://www.ebony.com/haiti-2026-olympics-uniform-controversy/
"How To Survive a Super Bowl Hosting, If You’re Just Here For Snacks","As the Super Bowl approaches this weekend, plans begin. Let’s face it, the game isn’t truly the main character. We save all that excitement for the halftime show, commercials and of course the spread. For many of us, a Super Bowl party sounds fun, but for those hosting or attending who aren’t big football fans, […]",ebony.com,2026-02-05,Dining,,https://www.ebony.com/super-bowl-party-hosting-tips-not-football-fan/
From Michael Jackson to Bad Bunny: How The Super Bowl Halftime Became America’s Cultural Battleground,"There are performances, and then there are cultural interventions. The Super Bowl halftime show has long functioned as America’s most paradoxical ritual: a corporate spectacle wrapped in the language of unity, yet consistently shaped by artists who typically refuse to shrink themselves for comfort. The upcoming Super Bowl LX performance by Puerto Rican global icon […]",ebony.com,2026-02-05,Politics,,https://www.ebony.com/bad-bunny-super-bowl-lx-halftime-politics-language-identity/
These Super Bowl LX Ads Put Black Celebrities Front and Center,"If you’re anything like me, you’ll be tuning in to Super Bowl LX for more than just the final score between the Seattle Seahawks and New England Patriots — it’s all about the commercials. And many debuting during the big game, Sunday, February 8, will highlight how major brands continue to prioritize diverse casting in high-profile […]",ebony.com,2026-02-05,Entertainment,,https://www.ebony.com/best-super-bowl-lx-commercials-black-celebrities-2026/
Draymond Green’s Ethiopian-Dominican Fusion Restaurant: “The Seasoning Hit Home With Me Right Away”,"Back in 2010 during an interview with the Queen — Latifah that is — we bonded about me being a first-generation Ethiopian, which led her to ask: “Where can I find the best Ethiopian food in New York City?” It was a question I was too familiar with — and one I never had an […]",ebony.com,2026-02-04,Dining,,https://www.ebony.com/draymond-green-meski-ethiopian-dominican-restaurant/
Old Hillside Bourbon Launches Harlem Hellfighters Limited Edition Bourbon,"Old Hillside Bourbon Company is launching a new limited-edition bourbon in honor of Black History Month, dedicated to the 369th Infantry Regiment, the first African American infantry unit to serve in World War I. In celebration of these stories, a special Harlem Hellfighters Bourbon has been released. The drink is made from blended bourbon aged […]",ebony.com,2026-02-04,Dining,,https://www.ebony.com/old-hillside-harlem-hellfighters-bourbon-369th-infantry-black-history-month/
"‘Joe’s College Road Trip’ and the Best TV Shows This February On Netflix, Prime Video, Hulu and More","February is the time for love, and we’re head over heels for these TV and streaming shows coming to our screens this month. From a wild family road trip to the return of Detective Alex Cross and his biceps, this month’s dramas and comedies explore Black family dynamics across generations, the search for community, and […]",ebony.com,2026-02-04,Entertainment,,https://www.ebony.com/february2026-tv-streaming-premieres/
‘Black In Paris’ —This Is the Exhibit Shedding Light On How Our Legends Lived Abroad,"Walking into Paris in Black, a familiar feeling settled over me: a sense of stepping into a story I somehow knew in my bones, despite knowing it was never even taught to me. Tracing the footsteps of Black Americans who crossed the ocean—sometimes for opportunity, sometimes for oxygen—into a Paris that promised possibility, not perfection, the […]",ebony.com,2026-02-04,Culture,,https://www.ebony.com/paris-in-black-dusable-museum-black-history-exhibition/
What NYFW Fall/Winter 2026 Reveals About Black Designers and Fashion’s Investment Gap,"After an especially busy few weeks on the global fashion calendar, the industry has barely had time to exhale. Menswear Week delivered new collections from Martine Rose and Saul Nash, Jaden Smith unveiled his debut collection for Christian Louboutin, and Pharrell continued to expand his vision at Louis Vuitton Men’s. That momentum rolled seamlessly into […]",ebony.com,2026-02-04,Fashion,,https://www.ebony.com/black-designers-nyfw-fall-winter-2026/
History of The Black National Anthem and Why it Belongs On The Super Bowl Stage,"There are a few iron laws of Super Bowl Sunday. Someone will show up “just for the commercials,” then immediately talk through all the commercials. And in recent years, there’s that moment when the broadcaster announces, “Ladies and gentlemen, please rise for the Black National Anthem.” If you’re in an all-Black space, you’re good. There’s […]",ebony.com,2026-02-03,Culture,,https://www.ebony.com/lift-every-voice-and-sing-super-bowl-lx-coco-jones/
Pastor Mike Todd Addresses a “Distraction of Focus” In Your Relationships,"Druski’s recent viral skit about the theatrics of modern megachurch culture stirred the internet into a frenzy. Everyone had an opinion — from those who agreed with Druski’s skewing to those who felt it was an attack on religion itself. For pastors behind the pulpit, a decision had to be made: ignore the event’s significance […]",ebony.com,2026-02-03,Entertainment,,https://www.ebony.com/pastor-mike-todd-druski-relationship-goals-interview/
Sherri Shepherd’s Talk Show Cancellation Is Proof That Black Women Must Own Our Narrative,"On February 2, it was announced that Sherri, the daytime talk show hosted by comedienne and actress Sherri Shepherd, was being cancelled after four seasons. Lionsgate, which produces the series, said the decision was driven by the evolving daytime landscape, and “does not reflect on the strength of the show, its production – which has […]",ebony.com,2026-02-03,Entertainment,,https://www.ebony.com/sherri-cancellation-black-women-media-voices/
Author Darnell Walker Wants You to Know Death Is Coming and So Is Care,"Death is coming. That sentence is not meant to terrify. It is meant to be honest. For Black families, honesty about death has never been optional. It has been necessary. We have always lived close to loss. Not because we invite it, but because history has insisted on it. And so, alongside that closeness, we […]",ebony.com,2026-02-03,Family,,https://www.ebony.com/author-darnell-walker-never-say-goodbye/
Here’s How Gen Z’ers are Embracing their Kinks — From Roleplay to Curiosity,"Let’s be honest, when the word “kink” enters the chat, you automatically feel the hairs stand up on your neck because you don’t know where the conversation is going. For generations in the Black community, the conversation surrounding sexuality and pleasure was often weighed down by the pressure to be modest or perform to counter […]",ebony.com,2026-02-03,Relationships,,https://www.ebony.com/black-gen-z-kink-compatibility-dating/
Erin Jackson Named Team USA Flag Bearer For 2026 Winter Games,"The U.S. Olympic and Paralympic Committee has officially named speed skater Erin Jackson as one of the two flag bearers for Team USA at the 2026 Milan-Cortina Winter Olympics. The ceremony will mark the official start to the highly anticipated Olympic Winter Games. Jackson, who made history in 2022 as the first Black woman to […]",ebony.com,2026-02-03,Sports,,https://www.ebony.com/erin-jackson-team-usa-flag-bearer-milano-cortina-2026/
A Century at the Table: The Power and Purpose of Black History Month,"The house always told the story before anyone sat down to eat. Imagine it: You’re in the kitchen, pots clanking, grease popping, and a wooden spoon is scraping the bottom of a pan that’s been used long enough to know exactly how much heat it could handle. The air is thick with smells you learned […]",ebony.com,2026-02-02,Culture,,https://www.ebony.com/black-history-month-100-years-power-purpose/
The Best Advice Behind This Sundance Comedy Came From Their Mom,"“Trust a Black woman.” If that lesson isn’t already hardwired into the culture, it’s certainly been cemented for brothers Julien and Justen Turner. The filmmaking siblings credit their mother, Dr. Cynthia Turner, a college administrator, with pushing them to stop waiting for permission and bet on themselves. They followed that advice. And the result? FreeLANCE, […]",ebony.com,2026-02-02,Entertainment,,https://www.ebony.com/freelance-sundance-2026-black-filmmakers-series/
"Inside the Recording Academy Honors: Pharrell, Brandy and GRAMMY Week’s Most Meaningful Celebration","In a sea of GRAMMY week events in Los Angeles, the Recording Academy Honors continues to distinguish itself as one of the most meaningful rooms of the week. Presented by The Black Music Collective, the annual event brings together some of the most influential figures in Black music to celebrate their peers ahead of Sunday’s […]",ebony.com,2026-02-02,Entertainment,,https://www.ebony.com/recording-academy-honors-2026-pharrell-brandy/
Time to Pull Out the White Studded Gloves—A New ‘Michael’ Trailer Dropped,"Almost two decades after his death, the legacy of Michael Jackson continues: his nephew, Jaafar Jackson, has been cast as him in this biopic alongside a star-studded cast. Other celebrities cast in the movie include Kendrick Sampson, starring as Quincy Jones, Nia Long as Katherine Jackson, Colman Domingo as Joe Jackson, and Larenz Tate as […]",ebony.com,2026-02-02,Entertainment,,https://www.ebony.com/michael-jackson-biopic-trailer-jaafar-jackson/
"Nine Kings and a Queen: Inside the New Edition, Boyz II Men and Toni Braxton Concert","GRAMMY weekend in Los Angeles is a time. It’s a marathon, in fact. From Thursday through Sunday, there are parties and brunches and celebrations all over town, but on Saturday night, the Kia Forum was the place to be for the third stop of the 30-city New Edition Way Tour. Ronnie, Bobby, Ricky, Mike, Ralph […]",ebony.com,2026-02-02,Entertainment,,https://www.ebony.com/new-edition-way-tour-grammy-weekend-los-angeles-review/
"Paul George’s Suspension, Mental Health, And The Policy Landmines Athletes Navigate","Philadelphia Sixer’s Paul George just got hit with a 25-game suspension, and then he immediately dropped a statement to ESPN’s Shams Charania that felt like it was written by his publicist’s therapist’s publicist. “Over the past few years, I’ve discussed the importance of mental health, and in the course of recently seeking treatment for an […]",ebony.com,2026-02-01,Sports,,https://www.ebony.com/paul-george-improper-medication-25-game-suspension-nba/
Inside the 68th GRAMMY Awards Parties: From the Luxest Lounges to Best Black-Tie Galas,"Olivia Dean brought the house down on January 31 as she performed at Clive Davis’ Pre-GRAMMY® Gala and Grammy Salute to Industry Icons, one of the biggest GRAMMY parties of the year. The British singer-songwriter, who’s up for her first GRAMMY in the Best New Artist category, crooned “Man I Need” to the star-studded crowd, […]",ebony.com,2026-02-01,Celebrity,,https://www.ebony.com/inside-68th-grammy-awards-parties/
2026 GRAMMYS Red Carpet: The Best Dressed Celebrities and Standout Looks,"The 2026 GRAMMY Awards red carpet did not chase spectacle for spectacle’s sake. Instead, Black style showed up grounded, intentional and quietly confident. The throughline of the night was polished with personality. Tailoring led the conversation, but it was softened, reworked and styled with ease rather than stiffness. This was not about shouting for attention. […]",ebony.com,2026-02-01,Fashion,,https://www.ebony.com/2026-grammys-red-carpet-the-best-dressed-celebrities-and-standout-looks/
68th GRAMMY Awards Winners: Celebrating Major Black Artists in 2026,"It was a good night for Kendrick Lamar. Taking home four awards at the 68th Annual GRAMMY Awards, the “Not Like us” singer is now the he most-awarded rapper in history, with 26 awards. Bad Bunny scored the night’s biggest award, Album of the Year, for DeBÍ TiRAR MáS FOToS. Even with a Cher-gaffe, nothing […]",ebony.com,2026-02-01,Music,,https://www.ebony.com/68th-annual-grammy-awards-wins-black-artists/
Here’s the Top Moments You Missed at the 68th GRAMMY Awards,"The 68th GRAMMY Awards were a night for the books. Whether it was Kendrick Lamar winning Best Rap Album or Sinners taking home Best Original Score, it featured a heavy lineup and electrifying performances. From the moment the stars hit the red carpet, anticipation filled the air as fans, both in person and online, eagerly awaited seeing their faves […]",ebony.com,2026-02-01,Music,,https://www.ebony.com/top-moments-you-missed-68th-grammy-awards/
The TikTok Glitch Means It’s Time to Pivot for Creators,"TikTok’s future has been in a constant state of limbo since talks of a ban first started in 2025. The app was temporarily banned and reinstated in January of last year, but it has been anything but smooth sailing for users in the time since. This rings especially true for creators on the app who […]",ebony.com,2026-01-30,Style,,https://www.ebony.com/tiktok-instability-creators-own-content/
Independent Journalists Don Lemon and Georgia Fort Arrested By Federal Agents,"Former CNN anchor and independent journalist Don Lemon was arrested by federal agents Thursday night in Los Angeles in connection with a January protest that disrupted a church service in St. Paul, Minnesota, his attorney said in a statement, “Don Lemon has been a journalist for 30 years, and his constitutionally protected work in Minneapolis […]",ebony.com,2026-01-30,News &Amp; Politics,,https://www.ebony.com/don-lemon-arrest-federal-agents-ice-protest-press-freedom/
Winter Sports are Having a Moment: 6 Icy Ways You Can Have One Too,"Whether you’re bundled up watching snow fall in Chicago or laughing at Atlanta’s one-inch shutdown, one thing’s clear: winter snow-sport season is here. And it belongs to the athletes (and weekend warriors) who live for cold air, sharp edges, and speed. From Black athletes breaking barriers on ice and snow to the low-stakes joy of […]",ebony.com,2026-01-30,Sports,,https://www.ebony.com/icy-winter-snow-sports/
Get Lit Book Picks: Best Self‑Care and 1990s Nostalgia Reads You’ll Love,"It’s been one of the coldest Januaries on record, but we’ve found the silver lining to sub-degree temperatures. And that’s to stay inside with a good book on hand. A new year means a new focus on self-care for a clearer sense of identity, and 2026 is giving us plenty of titles to choose from. […]",ebony.com,2026-01-30,Books,,https://www.ebony.com/best-black-books-january-2026-self-care-fiction/
Amy DuBois Barnett Revisits Hip-Hop’s Most Powerful Era in New Novel ‘If I Ruled the World’,"Flooding our social media feeds and the court of public opinion, nostalgia of the 90s and Y2K nostalgia is remembered as the height of hip-hop’s cultural dominance and a turning point for Black culture in mainstream media. Its reach spanned industries across fashion, television, and publishing, demonstrating hip-hop’s influence and financial contributions in ways never […]",ebony.com,2026-01-30,Books,,https://www.ebony.com/amy-dubois-barnett-novel-i-ruled-the-world-interview/
Jemele Hill Dives into How Sports Betting Is Rewiring Sports Culture,"There is a sports betting boom happening right now in our culture, and VICE TV’s Out of Bounds series is taking a more detailed look at it this week. The latest episode, “The Sports Betting Boom,” features renowned sports and cultural commentator Jemele Hill, who takes the temperature on the state of sports betting as […]",ebony.com,2026-01-30,Gaming Articles,,https://www.ebony.com/ice-out-of-bounds-sports-betting-boom-jemele-hill/
The Black Wellness Edit: Black Men Are Dying by Suicide at Alarming Rates,"On December 29, 2025, the body of the founding editor and writer of The Source, James Bernard, was discovered after disappearing for 17 months. He died at 58, and his sister Emily Bernard, who confirmed the death, said he died by suicide. According to the U.S. Department of Health and Human Services Office of Minority […]",ebony.com,2026-01-29,Health,,https://www.ebony.com/black-men-mental-health-suicide-crisis/
"The State of US: Nicki Minaj Joins Trump, ICE Violence Shakes Minneapolis, and FBI Raids Georgia Elections Office","What You Need to Know: This week, pop culture, politics, and power collided. Nicki Minaj took the stage with President Trump to promote a new investment program, turning fandom into policy theater. In Minneapolis, immigration enforcement turned deadly again, prompting condemnation from the Obamas and a physical attack on Rep. Ilhan Omar. And in Georgia, […]",ebony.com,2026-01-29,News &Amp; Politics,,https://www.ebony.com/the-state-of-us-nicki-minaj-trump-ice-minneapolis-fbi-fulton-county/
From Lauryn Hill to Leon Thomas: The Performances You Won’t Want to Miss at the 68th GRAMMY Awards,"The 68th Annual GRAMMY Awards is shaping up to be a celebration of music’s past and its future. The upcoming evening of triumph and tribute will feature legacy artists reclaiming their spotlight and a new generation of music, seamlessly blurring the line between what was, what is, and what’s to come. Lauryn Hill will make […]",ebony.com,2026-01-29,Entertainment,,https://www.ebony.com/black-music-performances-at-68th-grammy-awards/
Unrivaled Basketball is Rewriting Basketball’s Off-Season Economy,"When you think of 3-on-3 women’s basketball, there’s a good chance a bourbon brand based out of Kentucky isn’t the first connection you’d make. However, Maker’s Mark and the Unrivaled Basketball League feel less like a business partnership and more like a perfectly timed lob—an alley-oop that goes down smooth: clean setup, easy finish. Unrivaled’s […]",ebony.com,2026-01-29,Sports,,https://www.ebony.com/unrivaled-makers-mark-womens-basketball-offseason-economy/
An ICE Meltdown: The Crisis in Minneapolis Exposed Amid Loss and Violent Immigration Tactics,"There comes a moment in every nation’s life when denial becomes indefensible. Minneapolis is that moment. What has unfolded in Minnesota over the past several weeks is not an immigration debate nor a policy disagreement. It is a moral crisis with a body count. Two U.S. citizens, Renee Nicole Good and Alex Pretti, were killed […]",ebony.com,2026-01-28,News &Amp; Politics,,https://www.ebony.com/minneapolis-ice-raids-civilian-deaths-moral-crisis/
‘Wonder Man’ and TV’s New Vision of Black Male Vulnerability,"For decades, television trained viewers to expect one version of the Black male action hero. He was stoic, indestructible … and emotionally sealed off. Pain was part of the deal, absorbed without an outlet. Feelings were liabilities, and showing them was a hard pass. Unfortunately, this wasn’t just a TV trope; for many, this was […]",ebony.com,2026-01-28,Entertainment,,https://www.ebony.com/tv-new-vision-black-male-vulnerability/
"From ‘The ‘Burbs’ to ‘Boosters’ Keke Palmer is Everywhere, All At Once","Take a quick scroll through your feed, and it’s clear: Keke Palmer is everywhere, all at once. Already dubbed one of the hardest working women in Hollywood, she’s making sure she keeps that moniker with a full slate of projects about to drop. First up? The resurrection of a cult classic. Palmer is headlining The […]",ebony.com,2026-01-28,Entertainment,,https://www.ebony.com/keke-palmer-latest-projects/
"The Play ‘Liberation’ Sparks a Needed Talk on Black Women, White Feminism, and Getting It Right","Surrounded by the Broadway cast of Liberation and founding members of The Meteor, a feminist outlet that centers the lives of women, girls, and nonbinary people, cultural critic Rebecca Carroll asked: “Why is it so hard for us to get it right, specifically with Black women and white women in this movement?” The question is centered on […]",ebony.com,2026-01-27,Entertainment,,https://www.ebony.com/liberation-broadway-black-women-feminism-theater-opinion/
Meet the Black Women Running for Senate Seats in 2026,"2026’s election season is heating up as Black women across numerous states seek to carry the mantle of leadership and representation in their communities. This surge of campaigns has the potential to make history and set a new record, considering that only five Black women have ever served in a Senate capacity in its history. […]",ebony.com,2026-01-27,News &Amp; Politics,,https://www.ebony.com/meet-the-black-women-running-for-senate-seats-in-2026/
Kanye West Has Apologized to the Black Community. But Is It Enough to Be Forgiven?,"Kanye West is making headlines again, not for some crazy, radically insensitive commentary on society. This time, West issued an apology. The rapper, who officially changed his name to Ye, took out a full-page ad in the Wall Street Journal to address years of unhinged behavior. Asking for “patience and understanding,” in his plea, he […]",ebony.com,2026-01-27,Entertainment,,https://www.ebony.com/kanye-west-apology-black-community-accountability-op-ed/
These Vacation Movies Will Remind You What Warm Weather Feels Like,"If you’ve been on your phone all morning asking Google, “Just how much snow did New York City and Dallas get?” you’re not alone. Across America, people are snowed and iced in, wondering if the roads are drivable and when we’ll ever dig out from this frigid weather. It’s enough to make you wish you […]",ebony.com,2026-01-26,Entertainment,,https://www.ebony.com/vacation-movies-streaming/
Here’s What To Know About New Check Garnishing Policy For Student Loan Borrowers,"The Department of Education has decided to pause its initial motion of wage garnishment for student loan borrowers whose account status was in default. In an official announcement last Friday, it was noted that the temporary pause will allow borrowers more options to rectify their loan balances, and the Department of Education to coordinate more […]",ebony.com,2026-01-26,Education,,https://www.ebony.com/student-loan-wage-garnishment-pause-education-department/
Guest Host Teyana Taylor Helped ‘Saturday Night Live’ Get Its Mojo “Black”,"It didn’t take a lot to realize that Teyana Taylor’s episode of Saturday Night Live would hit differently. Days before she made her hosting debut on the long-running late-night comedy sketch series, we were gifted a promo featuring the triple threat in an Waiting to Exhale homage. Riding hard for Ashley Padilla, who mentioned her […]",ebony.com,2026-01-26,Entertainment,,https://www.ebony.com/teyana-taylor-snl-debut-black-women-comedy/
Big Brothers Big Sisters Reveal New Report on Mentorship as Economic Infrastructure,"When someone, especially a young person, gains a mentor, the benefits are beyond surface level. Families grow stronger as kids become more engaged and hopeful for the future. In a recent report from Big Brothers Big Sisters of America, called A Future Built on Mentorship, 1 in 3 young people lack a mentor, with the largest gaps […]",ebony.com,2026-01-26,Education,,https://www.ebony.com/black-brother-big-sisters-mentorship-economic/
The Quiet Sport Played Loudly: Why Tennis Still Struggles With Expression,"Tennis has long marketed itself as a sport of decorum. White attire, restrained applause, and respectful quiet between points are often treated as important as the win itself. These customs are often framed as tradition, but they have also been used to quietly police who gets to express how emotion is expressed on the court. […]",ebony.com,2026-01-26,Sports,,https://www.ebony.com/tennis-expression-naomi-osaka-black-women/
Canvas Beauty x La La Anthony: Redefining Talent Partnerships with Authenticity and Legacy,"Canvas Beauty has never been shy about doing things its own way. Built live, loud and in real time, the culture-first beauty brand founded by Stormi Steele has turned community-driven commerce into both an art form and a business model. Now, the brand is entering a new chapter with its first-ever talent partnership collection, teaming […]",ebony.com,2026-01-24,Beauty,,https://www.ebony.com/la-la-anthony-x-canvas-beauty/
Meet Kendra Mays: The Woman Helping to Rebuild Altadena,"Not all heroes wear capes. Some, like Kendra Mays, rock sneakers, sweats, and leggings. Her superpowers are designing and building, and she’s using those powers to help rebuild Altadena after last year’s firestorm destroyed over 9,000 buildings and claimed at least 19 lives. Mays is an interior designer and general contractor with over 30 years […]",ebony.com,2026-01-24,Life,,https://www.ebony.com/kendra-mays-rebuild-altadena/
De La Soul Set to Lead Good Health Summit at Morehouse College,"The movement of wellness and mindfulness is headed to a new level, especially in the college space, focusing on youth. On February 19, 2025, the inaugural Good Health: Mind, Body & Soul Summit will be held at Morehouse College in Atlanta. Inspired by the music, legacy, and experiences of De La Soul, this invitation-only event […]",ebony.com,2026-01-23,Health,,https://www.ebony.com/de-la-soul-good-health-summit-morehouse/
11 Delroy Lindo Movies That Define His Legendary Career,"For more than five decades, Delroy Lindo has been one of the most beloved Black actors. With work spanning film, television, and stage, he is known for his commanding presence, versatile range, and artistic brilliance. With nearly 50 film roles to his credit, he has portrayed a wide array of characters, leaving an indelible imprint […]",ebony.com,2026-01-23,Entertainment,,https://www.ebony.com/delroy-lindo-best-film-performances/
Trump Directive Leads to Removal of Slavery Displays At Philadelphia’s President’s House,"Several signs depicting images from slavery were removed from the President’s House in Old City Philadelphia, a historic site operated by the National Park Service. Located at 6th and Market Streets, the President’s House was once the home of Presidents George Washington and John Adams before the construction of the White House was completed. The […]",ebony.com,2026-01-23,News &Amp; Politics,,https://www.ebony.com/philadelphia-slavery-exhibit-presidents-house-parks-service-removed-trump-order/
Oscar Nominee Wunmi Mosaku On Her Support System and How ‘Sinners’ Role ‘Brought Me Back to Who I Am’,"Wunmi Mosaku wasn’t held back by family or cultural tradition when she decided to pursue an acting career. “I had a Nigerian mom who believed in me going off to drama school when most parents were like, absolutely not, go do math and economics. My mom, she let me be free and take the risk.” […]",ebony.com,2026-01-23,Entertainment,,https://www.ebony.com/oscar-nominee-wunmi-mosaku-interview-oscar-2026/
"Ayo Edebiri, Billy Porter, Tessa Thompson: The Definitive List of Black-Led Broadway Productions That Can’t Be Missed","“It feels more like a return,” Ayo Edebiri declared on the red carpet at the 83rd Golden Globes ceremony in Beverly Hills. The Bear star was speaking about her upcoming starring role in Proof, which is set to begin a Broadway revival on March 31. But the role actually marks the Emmy award-winning actress’ Broadway […]",ebony.com,2026-01-23,Culture,,https://www.ebony.com/black-broadway-shows-to-see-this-season/
‘Sinners’ Dominates the 98th Oscars With Multiple Award Nominations,"Sinners continued its nomination domination reign with this morning’s announcements for the 98th Academy Awards. Ryan Coogler’s vampire masterpiece scored 16 nominations, the most of any film this year, and broke the record once held by La La Land with 14. Coogler received nominations in three of the Academy’s biggest categories: Original Screenplay, Directing, and Best Picture. Sinners stars […]",ebony.com,2026-01-22,Entertainment,,https://www.ebony.com/sinners-dominates-2026-oscar-nominations-multiple-awards/
"A Winter Escape to Park City, Utah: Sipping Après Cocktails and Defying Expectations","There is something quietly transformative about choosing joy on your own terms, especially during a season that expects you to pour into everyone else. This year, instead of sprinting through December on empty, I booked a flight, packed my cold-weather looks, and decided to take up space somewhere unexpected. Utah. I landed in Salt Lake […]",ebony.com,2026-01-22,Travel,,https://www.ebony.com/park-city-utah-luxury-winter-getaway/
7 Sundance 2026 Films Every Black Film Fan Should Know,"The snow may be falling heavily across the U.S. this week, but it won’t stop the celebration of film excellence at Sundance 2026. Starting today in Park City, Utah — its last hurrah in the region before the film festival settles into its new home in Boulder, Colorado — Black filmmakers, new and seasoned, will […]",ebony.com,2026-01-22,Entertainment,,https://www.ebony.com/black-filmmakers-to-watch-sundance-2026/
Michael B. Jordan Talks First Oscar Nomination and the Impact of ‘Sinners’ on Black Filmmaking — EBONY EXCLUSIVE,"The first person Michael B. Jordan called when he learned of his Oscar nomination for Best Actor in a Leading Role for his dual work in Sinners? “I opened my eyes, and I talked to my mom. She held back the tears for as long as she could,” the actor shared with EBONY about his mom […]",ebony.com,2026-01-22,Entertainment,,https://www.ebony.com/michael-b-jordan-interview-oscar-nomination-who-he-called-first/
Valentino Garavani: The Fashion Legend Who Redefined Elegance and Elevated Black Beauty in Haute Couture,"Valentino Garavani, the legendary Italian couturier whose work defined modern glamour, died Monday, January 19, at age 93. His legacy—long associated with romance, refinement, and fantasy—also holds particular meaning within Black fashion history. In an industry that has historically excluded Black people from its most rarefied spaces, Valentino made room for Black women to be […]",ebony.com,2026-01-21,Fashion,,https://www.ebony.com/valentino-garavani-legacy-black-fashion-history/
Aoki Lee Simmons Has Made Bali Her Home. Here’s Why It’s So Alluring,"Aoki Lee Simmons wants you to know she’s more than content with her current, permanent address. The model and daughter of Kimora Lee Simmons, who relocated to Bali, Indonesia, after graduating from Harvard University in 2023, took to social media over the weekend to share that she’s very happy in her new chosen country. Capturing […]",ebony.com,2026-01-21,Life,,https://www.ebony.com/bali-boasts-full-moon-beach-parties-more-323/
"The State of US: Bernice King Sounds the Alarm, Don Lemon Faces Online Attacks, and Power Shifts Across Black Institutions","What You Need to Know: This week, Dr. Bernice King warned that America is facing a moral crossroads as leaders debate the meaning of civil rights itself. A media firestorm erupted after Don Lemon clashed with Nicki Minaj over protest coverage and press freedom. And from Washington, D.C. to Atlanta, Black institutions—from city halls to […]",ebony.com,2026-01-21,News &Amp; Politics,,https://www.ebony.com/the-state-of-us-mlk-day-bernice-king-don-lemon-black-leadership/
8 Music Artists Who Will Breakout This Year,"When it comes to the new year, one of the best parts of starting fresh is finding new people to add to your playlist that can set the tone for your future hype songs, breakup anthems, or feel-good tunes from new artists. In 2026, music might take a more fun turn as we see artists […]",ebony.com,2026-01-21,Music,,https://www.ebony.com/rising-music-artists-to-watch-2026/
Anthony Ramos and Jeremy Pope of ‘The Beauty’ Open Up About Real-Life Insecurities — and How to Move Past Them,"In Hollywood, looking good is often part of the job. That sentiment is amplified on the new series The Beauty, where a simple prick (and yes, we mean that on many levels) transforms ordinary people into hauntingly beautiful beings. With Jeremy Pope and Anthony Ramos on the “perfection” side of the program, it’s hard to believe […]",ebony.com,2026-01-21,Entertainment,,https://www.ebony.com/jeremy-pope-anthony-ramos-the-beauty-insecurity/
New Colon Cancer Findings May Reveal Root Causes for Rise in Young Adults,"When the world was impacted by the unexpected loss of Chadwick Boseman to colon cancer in 2020, at the young age of 43, his death shed a spotlight on the rise of colon cancer in younger people, meaning those under 45 and some as young as their 20s. Over the past few years, this cancer […]",ebony.com,2026-01-20,Health,,https://www.ebony.com/early-onset-colon-cancer-black-community-research/
Why Movies Like ‘Moses the Black’ and ‘Sinners’ Have Become a Mirror for Faith,"As a child, my mother introduced me to spirituality, starting with organized religion. I went to Christian and Lutheran schools and later graduated from a Catholic high school rooted in the fundamentals of the Bible. I memorized scripture and sat through hellfire-and-brimstone sermons and mass meant to keep young people on the path of righteousness. […]",ebony.com,2026-01-20,Entertainment,,https://www.ebony.com/moses-the-black-sinners-black-faith-based-films/
Miami Didn’t Win the Title — But It Won the Night,"Under the lights at Hard Rock Stadium, the smells of South Beach, fresh-cut grass, and anticipation filled the air. Miami didn’t just host the national college football championship; it put itself on display. Bass rattled the concrete. Gold chains caught the stadium light. The ghosts of alumni paced the sidelines. The stadium was humming hours […]",ebony.com,2026-01-20,Sports,,https://www.ebony.com/miami-hurricanes-national-championship-culture-return/
"Prada Fall/Winter 2026 Menswear is a Masterclass in Memory, Modernity, and Black Cultural Influence","At Prada, evolution has never meant amnesia. For Fall/Winter 2026, Miuccia Prada and Raf Simons offer a collection that understands something Black culture has long practiced: you move forward by honoring what came before. The show’s thesis, “Before and Next,” lands like a quiet manifesto. Progress doesn’t require erasure. It requires memory, intention, and respect. […]",ebony.com,2026-01-20,Fashion,,https://www.ebony.com/prada-fall-winter-2026-collection-review/
The Black Wellness Edit: Essential Health Finds to Start 2026 Right,"New year, new you? How about a healthier you first? Instead of diving headfirst into the new year, consider easing into 2026 by evaluating your health goals and discovering products that can help you progressively achieve them. Our community has a unique set of health challenges, like chronic stress due to unjust societal treatment, hormonal […]",ebony.com,2026-01-19,Health,,https://www.ebony.com/wellness-essentials-2026-black-health-self-care/
3 Must-Read Books on Dr. King’s Legacy,"The Rev. Dr. Martin Luther King Jr. made an everlasting impact during the Civil Rights Movement and on our nation, inspiring an extensive collection of works devoted to the iconic civil rights hero who accomplished so much in his short 39 years. From children’s literature to a comprehensive biography told through his own words, King’s […]",ebony.com,2026-01-19,Books,,https://www.ebony.com/3-must-read-books-on-dr-kings-legacy/
On This Day: We Celebrate the Life of Dr. Martin Luther King Jr.,"Today, we celebrate Dr. Martin Luther King Jr. for his nonviolent resistance to racial prejudice.",ebony.com,2026-01-19,Culture,,https://www.ebony.com/on-this-day-we-celebrate-the-life-of-dr-martin-luther-king-jr/
A Reflection on Martin Luther King Jr.’s Best EBONY and JET Covers,"A man of service, nonviolence, and quintessential leadership, Dr. Martin Luther King Jr.’s fight for equality has embossed a permanent message of liberation and freedom into the framework of the Black community. In the decades since his death, the sacrifice and efforts toward justice and freedom have continued to prevail, and we are collectively better […]",ebony.com,2026-01-19,Culture,,https://www.ebony.com/martin-luther-king-jr-s-best-ebony-and-jet-covers/
"‘Hoops, Hopes and Dreams’ Is the Latest Powerful Film About Dr. Martin Luther King","The life of Dr. Martin Luther King Jr. has been extensively documented on screen since his untimely death, each offering an unearthed layer of this great civil rights leader and complicated man. The latest film to join the fold is Hoops, Hopes & Dreams. This powerful short documentary explores how Reverend Dr. Martin Luther King Jr. and President […]",ebony.com,2026-01-17,Culture,,https://www.ebony.com/films-martin-luther-king-jr-weekend/
"The State of US: Trump Attacks the Civil Rights Act, ICE Shooting Sparks Outrage, and U.S. Freezes Visas for African Nations","What You Need to Know: This week, President Trump reframed the Civil Rights Act as a burden on white Americans, reviving a familiar—and dangerous—argument about “reverse discrimination.” In Minneapolis, the family of Renee Good hired the same law firm that represented George Floyd’s family after she was killed by an ICE agent, reigniting national protests. […]",ebony.com,2026-01-16,News &Amp; Politics,,https://www.ebony.com/the-state-of-us-trump-civil-rights-act-ice-shooting-visa-freeze/
Chase Infiniti at Golden Globes & National Board Review Awards: Embracing Her Breakthrough Moment,"Chase Infiniti is becoming a pro at the awards season marathon. The breakout actress received another spotlight moment this week at the National Board of Review Awards Gala. Just days after the 83rd Golden Globe Awards, she shined at the annual New York event, accepting the Breakthrough Performance honor for her debut film role as […]",ebony.com,2026-01-16,Entertainment,,https://www.ebony.com/chase-infiniti-national-board-of-review-breakthrough-award/
January 2026 Begins with Exciting New Beauty Launches from Dior Tom Ford Moroccanoil and More,"January clearly has somewhere to be, because the month is flying and the beauty launches are keeping pace. This week’s newest drops prove brands wasted no time easing into the year, delivering formulas, finishes and fragrances that feel intentional and ready for real life. From skincare-first makeup to scent moments that linger, these launches signal […]",ebony.com,2026-01-16,Beauty,,https://www.ebony.com/best-new-beauty-launches-january-2026/
Gen Z Leading the Charge: Embracing Dry January and Shaping a Sober Future,"For those who don’t know, Dry January is lowkey a New Year’s rite of passage. It’s a subtle kickoff to many wellness journeys that may become a new lifestyle practice or a test to know you have the discipline to conquer the rest of the year. Gen Z is no different as they are the […]",ebony.com,2026-01-16,Health,,https://www.ebony.com/gen-z-dry-january-sober/
Here’s Why This City in Brazil Should Be Your 2026 Destination,"Salvador de Bahia is a city in northeastern Brazil that is brimming with art, culture, and culinary offerings. It boasts 17th-century architecture, is fringed by powdery beaches, palm trees, and turquoise waters, and is laden with street parties and festivals throughout the year. Founded as the first capital of Brazil, Salvador is known as the heartbeat of Black […]",ebony.com,2026-01-15,Travel,,https://www.ebony.com/salvador-de-bahia-black-culture-travel-guide/
SNAP Food Purchase Restrictions Begin In Several States As Trial For “Make America Healthy Again” Policy,"On January 1st, five new states were added to the list of restricted states, where residents can no longer purchase specific items under federal food assistance. Foods deemed as “unhealthy,” such as candy, soda, and other foods, can no longer be purchased at local retailers by Supplemental Nutrition Assistance Program (SNAP) beneficiaries. Local residents, along […]",ebony.com,2026-01-15,News &Amp; Politics,,https://www.ebony.com/snap-food-restrictions-usda-states-2026/
Chic and Cozy: The Essential Winter Hats That Define Your Style This Season,"Winter accessories are where personality gets to speak first. Before the coat lands. Before the boots make contact with the sidewalk. A good hat is the difference between simply being warm and being seen. This season, winter hats are doing the heavy lifting, blending function, nostalgia and quiet luxury in a way that feels intentional […]",ebony.com,2026-01-15,Fashion,,https://www.ebony.com/best-winter-hats-style-guide/
Tichina Arnold and Brian Austin Green Secretly Dated. Here’s Why Going Public Wasn’t An Option,"Back in the nineties, Tichina Arnold and Brian Austin Green had a secret. The Martin and Beverly Hills 90210 alums had a brief love affair, one that ultimately ended over perception, nuance and the state of the times. Both recently sat down on Funny Knowing You host Deon Cole’s couch and revealed their part in […]",ebony.com,2026-01-15,Entertainment,,https://www.ebony.com/tichina-arnold-brian-austin-green-90s-romance/
"Farewell, Claudette Colvin: The Youthful Defiance that Sparked the Montgomery Buscott","Before Rosa Parks became a symbol of civil rights, Claudette Colvin was a 15-year-old who refused to move. Her death at 86 shows the life of a girl whose courage, intellect and defiance changed American history. Claudette Colvin , at 15 years of age, was the first person arrested for refusing to surrender her seat in Montgomery, […]",ebony.com,2026-01-14,Culture,,https://www.ebony.com/claudette-colvin-teen-civil-rights-activist-dies-86/
What’s Behind the Awards Problem with ‘Sinners’,"Teyana Taylor took the stage at the Golden Globes to accept the Best Supporting Actress award for her standout performance in One Battle After Another and made a bold statement: “To my brown sisters and little brown girls watching tonight, our softness is not a liability; our voices matter and our dreams deserve space,” she declared. […]",ebony.com,2026-01-14,Culture,,https://www.ebony.com/awards-season-black-films-sinners-recognition-divide/
Everything to Know About the New Guidelines That Approve Home HPV Tests & Cervical Cancer Screening,"New federal guidelines are expanding options for cervical cancer screenings. People with uteruses usually have to undergo pap smears in a medical provider’s office. Pap smears screen for HPV, which causes cervical cancer, and anyone who has ever had a Pap smear knows how invasive and uncomfortable they can be. It’s not something to look […]",ebony.com,2026-01-14,Health,,https://www.ebony.com/at-home-hpv-test-cervical-cancer-screening-guidelines/
"Coco Gauff on Power, Scent and Soft Strength as a U.S. Ambassador of Miu Miu Beauty","There’s a stillness to Coco Gauff that reads before the serve, before the swing, before the win. It’s the kind of quiet confidence you can’t manufacture and definitely can’t rush. On court, she’s all precision and power. Off it, she’s building a language around beauty, femininity, and self-definition that feels just as disciplined, just as […]",ebony.com,2026-01-14,Beauty,,https://www.ebony.com/coco-gauff-miu-miu-beauty-fragrance-interview/
The Biggest Movies of 2026 That Are Worth Your Watch,"Movies coming out of Hollywood in 2026 serve up nostalgia, Black joy and psychological thrills, all with a twist that speaks to us. Acclaimed creatives like Boots Riley (Sorry to Bother You) and Antoine Fuqua (Training Day) both return to the big screen with releases this spring. Romantic comedies and personal dramas abound, while laughs […]",ebony.com,2026-01-14,Entertainment,,https://www.ebony.com/biggest-movies-of-2026/
Recent Measles Outbreaks: What You Need to Know About Rising Cases in the U.S.,"Measles cases are on the rise in the United States. Ongoing outbreaks, especially in the upstate region of South Carolina and along the border between Arizona and Utah, have been threatening the United States’ measles eradication status since 2000. Last year, the U.S. reported more than 2,000 cases, according to data pulled by Johns Hopkins. […]",ebony.com,2026-01-13,Health,,https://www.ebony.com/measles-cases-rising-us-vaccination-rates/
Stephen A. Smith and the Sellout Debate. You Decide,"Stephen A. Smith has never pretended to stay in one lane, which makes him an easy target. He talks loud. He talks often. And lately, he’s been talking about things that have nothing to do with box scores, trade deadlines, or who’s the GOAT. It’s these recent tirades that have gotten him in the most […]",ebony.com,2026-01-13,Culture,,https://www.ebony.com/stephen-a-smith-don-lemon-sellout-debate-black-voices/
"Megan Thee Stallion’s Gym Rules: No Makeup, Protein Fuel and ‘Act 3’ on the Playlist","Wellness has officially entered its intentional era, and Megan Thee Stallion is meeting it with clarity, confidence, and a mango-flavored moment that actually makes sense. Her new collaboration with Dunkin’ feels less like a traditional brand deal and more like a reflection of how she fuels herself while moving at full speed. For Megan, the […]",ebony.com,2026-01-13,Style,,https://www.ebony.com/megan-thee-stallion-dunkin-wellness-collaboration/
How to Tackle Job Hunting Fatigue in 2026,"In 2025, fatigue was the official word of the year regarding job hunting and has become a pressing concern for many workers, leading them to seek innovative ways to regain control over their careers. With the new year in full effect, it’s time to tackle how job seekers can avoid job fatigue. Traditional approaches to […]",ebony.com,2026-01-13,Education,,https://www.ebony.com/how-to-avoid-job-search-fatigue-2026/
"Wunmi Mosaku Is Ready to Unveil Iyadé, a Maternity Line Rooted in Culture and Comfort","Wunmi Mosaku hates maternity clothing. Yes, she looked like sunshine at the 83rd Golden Globes, her second pregnancy fully on display in a yellow-hued dress by Matthew Reisman. Even so, the Sinners actress couldn’t help but lament about the state of most maternity pieces. “They’re disgusting, they’re ugly, they’re gross,” she cried on the red carpet […]",ebony.com,2026-01-13,Entertainment,,https://www.ebony.com/wunmi-mosaku-maternity-fashion-iyade-brand/
Unlocking Insights: 15 Black-Owned Brands to Watch in 2026,"A new year calls for new momentum and being open to new products or experiences beyond your typical go-tos. In an era where many Black business owners are being stripped of their typical resources, and DEI isn’t a trending topic, these companies are still managing to make a name for themselves amidst the noise. Spanning […]",ebony.com,2026-01-12,Wealth,,https://www.ebony.com/unlocking-insights-black-owned-brands-without-dei/
How to Fireproof Your Home: Practical Steps to Prepare for Wildfires,"When the Eaton Fire tore through Altadena last year, it didn’t just destroy homes—it forced an entire community to rethink safety, legacy, and survival. As we remember the anniversary of the devastation, a new series, EBONY Voices, returned to Altadena to center the people most affected. Alongside this documentary, we’re breaking down what homeowners can realistically consider […]",ebony.com,2026-01-12,Education,,https://www.ebony.com/how-to-fireproof-your-home/
57th Annual NAACP Image Awards: Complete Nominations List,"The nominees for the 57th NAACP Image Awards have been announced, with Cynthia Erivo, Doechii, Kendrick Lamar, Michael B. Jordan, and Teyana Taylor earning nods for Entertainer of the Year. This year’s Image Awards theme, “We See You,” recognizes and honors Black voices and talent that shape culture beyond our community. “The NAACP Image Awards […]",ebony.com,2026-01-12,Entertainment,,https://www.ebony.com/57th-annual-naacp-image-awards-complete-nominations-list/
The Best Red Carpet Looks From the 2026 Golden Globes,"Award show season didn’t tiptoe back into our lives this year, it kicked the door in wearing satin, tailoring, and a level of intention that made it clear: we’re back outside, and we’re dressing like it matters. The 2026 Golden Globes red carpet felt less like a parade of trends and more like a quiet […]",ebony.com,2026-01-11,Fashion,,https://www.ebony.com/the-best-red-carpet-looks-from-the-2026-golden-globes/
‘Sinners’ Wins Cinematic and Box Office Achievement Award at 83rd Annual Golden Globes,"Sinners took home another impressive statue for the 2026 awards season. The film scored the third-ever Cinematic and Box Office Achievement Award at the 83rd Annual Golden Globes, held at The Beverly Hilton hotel in Beverly Hills, California. The category recognizes a film’s massive box-office success; Sinners grossed nearly $400 million worldwide. “We didn’t know […]",ebony.com,2026-01-11,Entertainment,,https://www.ebony.com/sinners-cinematic-and-box-office-achievement-award-83rd-annual-golden-globes/
‘Use Your Mouth’ Sex Expert Shares Tips for Maximum Pleasure and Safety in 2026,"It’s the start of a new year, and you know the routine for January: kickstarting resolutions. Still, outside of the typical fitness and routine fixes, you know what else needs to be included? Sexual health. Whether you’re single, in a long-term relationship, or starting a new situationship, making sure that you have some agency in […]",ebony.com,2026-01-09,Health,,https://www.ebony.com/sexual-health-2026-reset/
How to Make Sustainable Travel Your New Go-To for 2026,"For those who are looking to check off more destinations on their bucket list, there’s something to keep in mind: sustainable tourism. This is the new way to explore the dreamiest places while being socially conscious of the environment. According to National Geographic, sustainable tourism is the practice of traveling in a way that’s sensitive […]",ebony.com,2026-01-09,Travel,,https://www.ebony.com/sustainable-tourism-2026-travel-tips/
"The Wrap-Up: Teyana Taylor and Chase Infiniti Reunited, Idris Elba In Transit, Angela Bassett Honored and More","It’s reunion vibes for Teyana Taylor and Chase Infiniti. Both first-time nominees at the upcoming 83rd Annual Golden Globes ceremony — they hugged it out onscreen mother-daughter style at the Louis Vuitton and W Magazine’s Intimate Awards Season Dinner, held in Beverly Hills, California, to celebrate their accolades. A Starfleet Star is Born At the […]",ebony.com,2026-01-09,Entertainment,,https://www.ebony.com/awards-season-sightings-golden-globes-star-trek-abff-honors/
"The Biggest Beauty Launches of 2026 So Far From Dior Homme, Fenty Beauty and More","2026 snuck up on us the way it always does, quietly, confidently, and already fully dressed. One minute we’re wrapping up last year’s routines, the next we’re being handed a fresh crop of beauty launches that understand the assignment with high performance, real results and no wasted steps. These are the newest drops setting the […]",ebony.com,2026-01-09,Beauty,,https://www.ebony.com/beauty-launches-setting-the-tone-for-2026/
14 Must-Have Grooming Products for Men: Skin Care Isn’t Just for Women,"The importance of Black men having a daily skincare routine cannot be overstated. With the explosion of social media apps and the rise of short-form beauty content, the conversation around skincare and grooming has expanded. Yet, it often overlooks the unique needs of men. Adopting a consistent skin care regimen is not only about appearance […]",ebony.com,2026-01-08,Grooming,,https://www.ebony.com/14-black-male-skin-care-grooming-products/
Faith Enters This Year’s Rom-Com Era With ‘Relationship Goals’,"Rom-coms are getting their groove back in 2026. Black love stories are the main character this year, with long-awaited reunions (Love Jones‘ alum Nia Long and Larenz Tate in Don’t Ever Wonder), globe-trotting romance (You, Me & Tuscany) and renewed vows (Why Did I Get Married Again? with a dose of Taraji P. Henson). In […]",ebony.com,2026-01-08,Entertainment,,https://www.ebony.com/kelly-rowland-method-man-relationship-goals-prime-video/
Words Don’t Pull Triggers But They Do Decide Who’s To Blame,"Here’s what I won’t pretend to know. I don’t know why, on January 7, 2026, Renée Nicole Good was blocking the road. I don’t know what was said between her and the ICE agents before the situation escalated. I don’t know whether the agent who fired three shots believed his life was in danger in […]",ebony.com,2026-01-08,Opinion Articles,,https://www.ebony.com/language-power-rene-nicole-good-ice-op-ed/
Is 2026 the Year Gen Z’ers Crack the Code on Intentional Dating?,"When it comes to dating, there’s a particular anxiety that builds as you ask yourself a stream of questions: Should I have fun? Am I dating to marry? How should I approach dating this new year? While there’s no concrete answer on dating for Gen Z, the new mantra hitting the timeline is “dating intentionally.” […]",ebony.com,2026-01-08,Relationships,,https://www.ebony.com/gen-z-dating-intentionally-2026/
The Reality of Being An Adult Orphan and Navigating Ongoing Grief,"Despite popular belief, grief is a feeling that doesn’t fully end but more so lessens over time. Adults who have lost one or both parents would be considered adult orphans, considering the lasting impact in adulthood that grief can have, and the lack of guidance from a parental figure. In a study published by Cambridge […]",ebony.com,2026-01-08,Family,,https://www.ebony.com/adult-orphan-grief-black-community/
Why ‘Soft Launching’ Your Job Is the Smartest Career Move in 2026,"In 2026, the soft launch has officially left the group chat and entered the workplace. Once upon a time, soft launching was reserved for relationships. A hand on a thigh cropped just enough to spark speculation. A dinner plate across the table that was clearly not solo. Never a tag. Never a name. Just vibes […]",ebony.com,2026-01-07,Life,,https://www.ebony.com/why-soft-launching-your-job-2026/
Myha’la Announcing Her Year-Long Marriage As ‘Industry’ Returns Is Genius Level Promotion,"How do you get everyone to talk about the return of your dramatic banking series as it returns for its fourth make-or-break-it season? How about with a wedding announcement? Industry star Myha’la started the week by announcing that she got married, and has been hitched for the better part of a year. View this post […]",ebony.com,2026-01-07,Entertainment,,https://www.ebony.com/myhala-secret-marriage-industry-season-4/
Playtime Is Over: How to Ease Your Kids Into Their Back-to-School Routine After Break,"When kids go on break, so do the parents. For the last two weeks of 2025, you don’t have to do any pickups from school, and you don’t have to do any drop-offs and pickups from after-school activities like tennis, taekwondo or occupational therapy. It’s a much-needed break because being a parent and constantly on […]",ebony.com,2026-01-07,Education,,https://www.ebony.com/reset-kids-sleep-schedule-after-holiday-break/
Usher Chats About Parenthood in the Digital Age in ‘Carversations’,"Car rides can be a great opportunity for parents and teens to engage in open, honest conversations about challenging topics. Through its new series, Carversations, Instagram is spotlighting the meaningful discussions families have about technology, social media and navigating the complexities of growing up as a “Screenager.” With Usher kicking off the series, it emphasizes protective […]",ebony.com,2026-01-07,Family,,https://www.ebony.com/usher-instagram-carversations-parenting-teens-social-media/
"Miles Caton, Michael B. Jordan, and Wunmi Mosaku Nominated for 32nd Annual Actor Awards for ‘Sinners’","An actor who plays not only twins, but the eternal version of one of these brothers. A woman grapples with the loss of a child and uses hoodoo to heal others — often at her own expense. A child who emerges a man after the most harrowing night of his life. These are the characters embodied […]",ebony.com,2026-01-07,Entertainment,,https://www.ebony.com/sinners-the-actors-awards-nominations-2026/
The Flames That Took More Than Just Homes: Black Generational Wealth in Peril,"Having grown up in California and now living in New York, I know that the unthinkable can happen anywhere. Still, I never imagined I’d wake up to a disaster in Southern California surmountable to the devastation experienced by Hurricane Katrina. On Tuesday, January 7, I started my day like any other. It was my last […]",ebony.com,2026-01-07,Black,,https://www.ebony.com/the-flames-that-took-more-than-just-homes-black-generational-wealth-in-peril/
Black Male Beauty Creators Deserve More Than Proximity to the Spotlight,"The beauty industry loves to talk about growth. About how far it’s come since the early 2010s, when YouTube tutorials cracked open an industry that once felt inaccessible. Instagram refined the visuals. TikTok accelerated discovery. But for all this talk of evolution, one truth remains stubbornly intact: Black male beauty creators are still rarely granted […]",ebony.com,2026-01-06,Beauty,,https://www.ebony.com/black-male-beauty-creators-industry-equity/
How College Rankings Misrepresent HBCUs and Long-Term Success,"Every few years, a new list emerges claiming to identify the colleges that best prepare students for “long-term career success.” These rankings are presented as neutral, data-driven, and authoritative. Still, when you look closely at who is consistently included and who is routinely left out, the question is no longer whether these lists are incomplete. The question is whether […]",ebony.com,2026-01-06,Education,,https://www.ebony.com/college-rankings-hbcus-long-term-success/
‘They Will Kill You’ Puts a Black Woman at the Center of Survival Horror — Again,"It’s all in the title: They Will Kill You. The horror film dropped its trailer with Zazie Beetz starring as a newly hired maid who scores a job at The Virgil — a creepy old building, one that would make any New Yorker rush past its heavily gilded doors. And then there’s that pesky pentagram […]",ebony.com,2026-01-06,Entertainment,,https://www.ebony.com/they-will-kill-you-black-women-survival-horror/
"Phillis Wheatley, a Foundational Voice in American Literature, Gets a USPS Stamp","Hearing that the Corporation for Public Broadcasting — the federal arm of public media — has voted to close due to government defunding felt like a gut punch. PBS has been home to programming centered on Black Americana, from Finding Your Roots with Louis Henry Gates Jr. to documentaries that have brought our history to […]",ebony.com,2026-01-06,Culture,,https://www.ebony.com/phillis-wheatley-black-heritage-stamp-usps/
The Best TV and Streaming Shows Worth the Watch This January,"Cold winter weather may have you spending more time indoors this time of year, but that doesn’t mean things still won’t get heated. This January’s TV and streaming slate is ushering in a new era of power, reinvention and chaos. And for those who like to ring in the new year with a whisper, not […]",ebony.com,2026-01-05,Entertainment,,https://www.ebony.com/january-2026-tv-streaming-premieres/
What a Chicago School Attack Reveals About Bullying Today,"When a video of a mother, Corshawnda Hatter, and her 9-year-old son being beaten by a group of children outside a Chicago elementary school began circulating online, it forced a difficult question into public view: What does bullying look like now and why does it feel more violent, more public and harder to stop than […]",ebony.com,2026-01-05,Family,,https://www.ebony.com/chicago-school-attack-bullying-today-the-black-wellness-edit/
The Best Red Carpet Looks From the 2026 Critics Choice Awards,"The Critics Choice Awards red carpet in 2026 didn’t scream for attention. It didn’t need to. Instead, it spoke in full sentences with clarity, restraint and a level of confidence that comes from knowing exactly who you are and where you stand in culture. This year’s carpet felt less about virality and more about permanence. […]",ebony.com,2026-01-05,Fashion,,https://www.ebony.com/the-best-red-carpet-looks-from-the-2026-critics-choice-awards/
Ryan Coogler’s ‘Sinners’ Scores a Casting Win First at Critics Choice Awards,"Ryan Coogler’s Sinners made history at the 31st Annual Critics Choice Awards, becoming the first film to win the Critics Choice Award for Best Casting. Accepting on behalf of the cast, Delroy Lindo urged the room to pause and fully recognize what Coogler and star Michael B. Jordan have accomplished together. “What they’ve shared with […]",ebony.com,2026-01-04,Entertainment,,https://www.ebony.com/sinners-critic-choice-awards-wins/
Beyond Black Friday: Why Retail Boycotts Are Becoming a Long Game,"What began as a “mass blackout” — Black Friday spending pause — is quietly stretching into something longer. For many consumers, the boycott of major retailers is no longer tied to a single shopping holiday, but to a broader reckoning about where their money goes and what it supports. As companies roll back diversity commitments, […]",ebony.com,2026-01-02,Wealth,,https://www.ebony.com/beyond-black-friday-retail-boycotts/
Best Winter Coats for Men to Keep You Warm and Stylish This Season,"Winter coats are the great equalizer. You can have the cleanest layers, the sharpest boots, the most intentional fit, but once the temperature drops, the coat is the look. It’s the first thing people see and the last thing you take off, which means it has to do double duty: deliver real warmth and real […]",ebony.com,2026-01-02,Fashion,,https://www.ebony.com/best-winter-coats-for-men-style-warmth/
"Skye P. Marshall On Caregiving, Career and Controlling Her Narrative","“My mother’s been telling me since the beginning that I was excellent,” Skye P. Marshall shared with EBONY at the 8th Annual Celebration for Black Cinema & TV red carpet last month. “This is confirmation that my work has caught up with who I always was.” The 44-year-old actress wrapped up a dream year in […]",ebony.com,2026-01-02,Entertainment,,https://www.ebony.com/skye-p-marshall-matlock-caregiving-career/
How to Actually Stick to Your Fitness Resolutions in 2026,"The author, a certified personal trainer, shares her advice for following through on New Year’s fitness resolutions in this reposted 2014 article.",ebony.com,2026-01-01,Life,,https://www.ebony.com/4-fitness-resolution-tips/
Six New Year’s Traditions From The African Diaspora Around The World,"The new year is a chance for people to reflect on how far they’ve come and to reset and refocus for the upcoming year. When it comes to the African diaspora, we do it big, even if it’s just a chill kickback. There’s something about preparing for the new year that brings out festive traditions […]",ebony.com,2026-01-01,Life,,https://www.ebony.com/new-year-traditions-african-diaspora/
"The Best Spas of 2025 That Actually Deliver on Glow, Gut Health and Recovery","EBONY is rounding up some of the best spas of 2025 that delivered real results and memorable experiences, leaving us booking return visits before our robes were even back on the hangers. From skin-saving facials to lymphatic work that actually moves the needle, these are the places that defined modern wellness this year. Whether you’re […]",ebony.com,2025-12-31,Beauty,,https://www.ebony.com/best-spas-2025/
Damson Idris’ Life Lesson Gems to Carry You Into the New Year,"It’s been a challenging 365, but when the bell rings at midnight, it’s a chance to start again. Taking time to cherish family and friends, as well as to pursue goals and priorities that enrich our lives, is how we should all move forward. As we leave 2025 behind and step into the new year, […]",ebony.com,2025-12-31,Celebrity,,https://www.ebony.com/damson-idris-inspirational-quotes-2026/
Gone Too Soon: The People We’ve Lost in 2025,"All year long, we’ve been met with both celebration and grief as we’ve said goodbye to some of our favorite artists, innovators and cultural changemakers. Although their time with us was brief, we do not take the impact they have had and the difference they will make for generations to come for granted. Each person […]",ebony.com,2025-12-31,Culture,,https://www.ebony.com/gone-too-soon-celebrities-lost-this-year/
Dive Deep Into the Top Wellness Trends of 2025,"The hefty demands of simply just existing can often leave little to no room to slow down and prioritize our well-being. Though this year, things felt a little different. It seemed like almost everyone was doing something to improve their physical, mental, and emotional health—whether by joining a community-driven fitness group or indulging in diet […]",ebony.com,2025-12-31,Health,,https://www.ebony.com/wellness-trends-2025-rest-recovery-functional-health/
"From Matriarchs To Presidential Hopefuls, These Memoirs Defined 2025","From matriarchs to presidential hopefuls, the memoirs this year were ones that we couldn’t put down — even if they only covered 107 of the most important days in former Vice President Kamala Harris‘ life. They took us from humble beginnings through searing rises and what could have been deafening defeats. They showed us that when […]",ebony.com,2025-12-30,Books,,https://www.ebony.com/best-black-celebrity-memoirs-2025/
The Destinations That Changed How We Traveled in 2025,"In 2025, travel wasn’t about collecting stamps or chasing viral moments. It was about slowing down long enough to hear yourself think. Across EBONY’s travel reporting this year, one theme kept surfacing: the desire for rest, recovery, and reconnection: to culture, to community and to self. Whether that meant a wellness retreat, a solo journey, […]",ebony.com,2025-12-30,Travel,,https://www.ebony.com/best-travel-destinations-of-2025/
From Plantations to Pollution: How Environmental Racism Still Shapes the South,"When we talk about legacy, most people think of inheritance, focusing on family homes, heirlooms, or perhaps a recipe passed down through generations. Still, across the South, another kind of inheritance is shaping lives: polluted air, poisoned water, and communities fighting for the right to breathe clean air on the same land where their ancestors […]",ebony.com,2025-12-30,Education,,https://www.ebony.com/plantations-to-pollution-environmental-racism-south/
From Rolls-Royce to Lexus: The Best Luxury Car Releases of 2025,"Luxury in 2025 wasn’t about who shouted the loudest or hit zero to sixty the fastest. It was about intention, restraint, and knowing exactly who you are the moment you pull off the lot. From legacy marques doubling down on craftsmanship to forward-thinking brands redefining what modern luxury looks and feels like, this year’s standout […]",ebony.com,2025-12-30,Cars,,https://www.ebony.com/best-luxury-cars-2025/
TV Stars On Their Best NYE Ever — and Their 2026 Glow‑Up Plans,"We’re only a few days away from ringing in 2026, which means kicking off a whole new lineup of main character goals. So, what’s on the docket for some of your favorite celebs? We talked with these stars for the drop on their New Year’s glow-up plans and a rundown of their on-screen character wants […]",ebony.com,2025-12-29,Entertainment,,https://www.ebony.com/celebrity-2026-new-year-goals-tv-characters/
Top 10 Sports Moments of 2025,"As we watched standout performances across the field, the court, and even the racetrack, sports in 2025 were about more than wins and losses. The year was defined by athletes who shifted expectations, changed conversations, and forced the sports world to take notice in new ways. From historic dominance and overdue recognition to moments that […]",ebony.com,2025-12-29,Sports,,https://www.ebony.com/sports-moments-that-defined-2025/
Best Celebrity Engagements & Announcements of 2025,"Many celebrity couples announced their engagements in 2025, including the latest, listed below. We’re looking back at some of our favorite about-to-be-wed announcements from the past 12 months, which just goes to show that Black love reigns always. Jordyn Woods and Karl-Anthony Towns​ View this post on Instagram A post shared by HEIR JORDYN (@jordynwoods) […]",ebony.com,2025-12-29,Celebrity,,https://www.ebony.com/black-celebrity-engagements-2025-roundup/
The Best Hotels of 2025,"These standout stays have earned their place as some of the Best Hotels of 2025, according to EBONY, because they do more than offer a room; they deliver unforgettable experiences. From the serene luxury of Little Kulala and the dreamlike comfort of L’Auberge de Sedona, to the Southern sophistication of The Dewberry Charleston, these hotels […]",ebony.com,2025-12-29,Travel,,https://www.ebony.com/best-hotels-of-2025/
Zoie Brogdon Is Riding Toward a Future She Doesn’t Feel Rushed to Name,"Zoie Noelle Brogdon (aka ZoZo Noelle) doesn’t talk about the Olympics the way people expect her to. When the question comes up, she doesn’t lean forward or lower her voice. She laughs, shrugs slightly, and reframes it. Not because the dream feels out of reach, but because it’s not immediate. “I tend to give myself […]",ebony.com,2025-12-27,Sports,,https://www.ebony.com/zoie-brogdon-equestrian-compton-cowboys-ucla/
Beyond the Holiday Rush: Creating Space for Kwanzaa,"African American culture carries a wealth of memory, artistry and tradition—roots that run deep and wide. Across the vastness of the African diaspora, it holds fast to the idea of family, turning strangers into kin and neighbors into brothers and sisters bound by the shared rhythm of challenge, triumph and joy. People of African descent […]",ebony.com,2025-12-26,Culture,,https://www.ebony.com/kwanzaa-and-christmas-the-importance-of-cultural-tradition-333/
"Dave Chappelle, Free Speech and the Long Tradition of Black Comic Truth-Tellers","Netflix recently surprise-dropped Dave Chappelle: The Unstoppable, the comedian’s first stand-up special in two years. By the end of its 75 minutes, the intention behind the release becomes clear: the special closes with an extended, humorous history lesson on Jack Johnson, the first Black heavyweight boxing champion, and the cultural cost of speaking freely in […]",ebony.com,2025-12-26,Culture,,https://www.ebony.com/dave-chappelle-netflix-special-free-speech/
21 Savage’s Movement Calls For Less Negativity In Hip-Hop,"Rapper 21 Savage made a call to action on X when he posted a message calling for reconciliation between Young Thug and Gunna. The latter two had fallen out over a prevalent belief that Gunna had snitched during the YSL RICO trial. 21 Savage, whose new album is titled What Happened to the Streets?, wrote, […]",ebony.com,2025-12-26,Music,,https://www.ebony.com/21-savage-streets-rap-responsibility-debate/
"I Thought My Hair Was Thinning. Four Months Later, Cécred Told A Different Story","Two things run aggressively on my dad’s side of the family: big bellies and baldness. And not to call out my cousins by name, but a few of them bowed out early, clippers buzzing by high school, peace made with genetics long before adulthood really kicked in. My mom’s side held me down a little […]",ebony.com,2025-12-26,Grooming,,https://www.ebony.com/cecred-edge-drops-review-hair-density-black-hair/
‘Dear Future Wifey’ Podcast’s Laterras R. Whitfield On How To Become A ‘Student Of Love’,"In just five years, Laterras R. Whitfield, playwright, Emmy-nominated producer, host, and entrepreneur, has turned his Dear Future Wifey podcast into a brand that boasts 640,000 YouTube subscribers, constantly ranks in the top 10 relationship podcasts on iTunes, and has 200,000+ monthly subscribers. Whitfield started the podcast five years ago, in the throes of the […]",ebony.com,2025-12-26,Relationships,,https://www.ebony.com/laterras-whitfield-dear-future-wifey-student-of-love/
Five Family-Friendly Christmas Movies to Keep Everyone Entertained,"It’s time to check out for a week or so to spend time with family and friends and indulge in the magic of the holiday season. There will be food, laughs and a variety of activities that will allow you to tap into holiday cheer, but if you’re a parent, you may get exhausted constantly […]",ebony.com,2025-12-25,Family,,https://www.ebony.com/family-friendly-christmas-movies/
Dr. Suga-T Sprinkles Game Through Music and Community Support,"Dr. Tenina ‘Suga-T’ Stevens is Bay Area royalty, when she entered the hip-hop history-sphere in the early 1980s but really kicked off in the mid-90s, as part of The Click with her brothers E-40, D-Shot, and her cousin, B-Legit. On “Sprinkle Me,” one of the lead singles from their pivotal album, Down and Dirty. The 1995 single became a […]",ebony.com,2025-12-25,Music,,https://www.ebony.com/dr-suga-t-hip-hop-legacy-healing-community/
Debbi Morgan Brings Holiday Mischief to ‘Beauty in Black’,"If there’s one person who topped Santa’s naughty list this year, it’s Olivia Bellarie on Tyler Perry’s Beauty In Black. Over the past two seasons, Mother Deadliest has done unthinkable: forcing a man into his death bag, enabling a trafficking ring, tricking a woman into slapping her, and then calling it elder abuse, just to name […]",ebony.com,2025-12-25,Entertainment,,https://www.ebony.com/debbi-morgan-beauty-in-black-olivia-bellarie/
The Best Beauty and Fashion Trends of 2025,"A lot has gone down in 2025. We’ve loved, we’ve lost and, arguably, most importantly, we’ve gotten fly. 2025 has been filled with many ups and downs, with the ratio shifting depending on the season. Such is life. Through it all, though, our fits have carried us and given us something to look forward to […]",ebony.com,2025-12-24,Beauty,,https://www.ebony.com/the-best-beauty-and-fashion-trends-of-2025/
"The ‘Baddies’ Blueprint: Chaos, Capital and Cultural Power","From Flavor of Love to Bad Girls Club, Black reality television has always understood something America pretends to debate every few years: conflict is the point, spectacle is the currency, and everyone knows they’re watching a performance—even when it claims to be real. That’s why the backlash surrounding Zeus Network’s Baddies reads less like genuine concern and more like a […]",ebony.com,2025-12-24,Culture,,https://www.ebony.com/baddies-zeus-network-black-reality-tv-spectacle/
The Best Movies of 2025 You Shouldn’t Miss,"The year 2025 brought us vampires. Lots of vampires. Sinners dominated the box office and our feeds, and the film is taking a big bite out of the 2025-26 awards season, with major accolades and recognition. On other screens, we laughed and cried over a day gone sideways (because we’ve all been there), defied gravity […]",ebony.com,2025-12-24,Entertainment,,https://www.ebony.com/best-films-of-2025-that-defined-the-year/
Venus Williams’ Multi-Day Wedding Celebration Is Our Perfect Entry Into 2026,"Venus Williams, who’s been known for keeping her personal life private, has let us all in on one of the biggest occasions of her life (right up there with her Grand Slams and Olympic Gold!). She and her newlywed husband, Andrea Petri, just had a second fairy-tale wedding celebration in Florida. View this post on […]",ebony.com,2025-12-24,Life,,https://www.ebony.com/venus-williams-andrea-preti-relationship-timeline/
From Sheet Masks to Eye Patches: The Best Beauty Products for an At-Home NYE Party,"Thirty years ago, Waiting to Exhale hit theaters and gave Black women and the rest of us watching closely permission to feel everything out loud. Desire. Disappointment. Friendship. Release. It was a film about starting over, but it was also about sitting in the moment with your people, pouring a drink, pressing play on the […]",ebony.com,2025-12-23,Shopping,,https://www.ebony.com/waiting-to-exhale-at-home-nye-beauty-ritual/
‘Avatar: Fire and Ash’ Is a Story Only Women Could Tell,"When it comes to the vast library of sci-fi movies, Zoe Saldana has embodied some of the fiercest, strongest women across the universe: Marvel’s Guardians of the Galaxy’s Gamora, Avatar’s Neytiri, and let’s not forget Star Trek‘s Lt. Uhura. On her press tour leading up to the release of Avatar: Fire and Ash, I asked […]",ebony.com,2025-12-23,Tv &Amp; Film,,https://www.ebony.com/avatar-fire-and-ash-zoe-saldana-story/
"Tyler, The Creator’s Top Films of All Time May Actually Surprise You","“My favorite is Napoleon Dynamite. That movie has my heart. I didn’t see it in theaters, but my mother got it for me on DVD. I would always watch it on my sister’s Hello Kitty television.” Okonma — also known as Tyler, The Creator — openly stanned the 2004 feature on an episode of A24 […]",ebony.com,2025-12-23,Entertainment,,https://www.ebony.com/tyler-the-creator-favorite-films-napoleon-dynamite/
"For Many, the Holiday Table Is Shifting. Found Family Is Filling the Seats.","For many of us, the holidays are a season of return. A return to childhood homes, to long-standing traditions, to the people who raised us in church pews, ball fields, and in the kitchen. Core memories thick with laughter and love. But the holidays can also be a season of disruption. Distance, grief, identity, non-traditional […]",ebony.com,2025-12-23,Family,,https://www.ebony.com/found-family-friendsgiving-holiday-traditions/
“Boo-Yah!” Wasn’t Just a Catchphrase: It Was a Moment,"In Black America, there’s a mantra that feels stitched into our DNA: We have to work twice as hard to get half as much. It’s a familiar phrase, passed down in Black households like Big Mama’s mac and cheese recipe. But coming from Stuart Scott’s daughters, Taelor and Sydni Scott, daughters of the late Stuart Scott, that […]",ebony.com,2025-12-22,Sports,,https://www.ebony.com/stuart-scott-espn-boo-yah-30-for-30-legacy/
Nicki Minaj Makes Surprise Appearance at Turning Point USA AmericaFest,"Nicki Minaj has quietly become an outspoken figure in American politics, using high-profile platforms in recent months to weigh in on U.S. leadership, religious freedom and global security issues. On Dec. 21, Minaj made a surprise appearance at conservative gathering Turning Point USA’s AmericaFest, a major conservative gathering in Phoenix, to affirm her support for […]",ebony.com,2025-12-22,News &Amp; Politics,,https://www.ebony.com/nicki-minaj-americafest-trump-vance-politics/
Last-Minute Christmas Gifts That Don’t Feel Last-Minute at All,"Last-minute gifting doesn’t have to scream panic. In fact, some of the best gifts are the ones that feel considered, intuitive, and rooted in how people actually live, dress and unwind. The sweet spot is finding pieces that hit culture, style and usefulness all at once. For the fashion-forward, gifts and guys that make a […]",ebony.com,2025-12-22,Shopping,,https://www.ebony.com/last-minute-gift-ideas-fashion-beauty-lifestyle/
How Plant Based Chefs are Reinventing Holiday Traditions,"When we think of holiday meals, we often don’t take into consideration how more people are looking for plant-based options. A trend among chefs is transforming traditional meals into vibrant, plant-based experiences. “For me, plant-based [meals] has offered a lot more than I could have imagined and brought my loved ones even closer through food,” […]",ebony.com,2025-12-22,Dining,,https://www.ebony.com/plant-based-holiday-meals-chefs-ebony/
3 Takeaways from the TikTok Awards That Made It Worth Our Time,"The TikTok Awards, its first full-live scale ceremony here in the U.S., was clearly a meta experience: a ceremony celebrating the creators we spend hours scrolling, only for them to generate even more scrolls in return. Airing live from the Hollywood Palladium in Los Angeles on December 18, it was a chance to look beyond […]",ebony.com,2025-12-22,Entertainment,,https://www.ebony.com/takeaways-tiktok-awards-us-2025/
Get Lit! December Reads You Can Gift to the Last Minute,"You started the holiday season with the best advice. You made your list early and then checked it twice. You promised you’d get it done, with plenty of time to spare. But here it is, December 22, and half of your gifts, well, they just aren’t there. We get it. When life gets life-ing, the […]",ebony.com,2025-12-22,Culture,,https://www.ebony.com/last-minute-holiday-book-gifts-black-authors/
"Savor the Season: Embracing Presence, Connection and Joy with EBONY and Coca-Cola","The holidays love to sell us a fantasy. Perfect tables. Perfect outfits. Perfect timing. But the truth is, this season often arrives loud, fast, and already asking too much of us. Calendars stack. Obligations multiply. Joy gets penciled in between errands instead of living in real time. And yet, there is always that familiar pull […]",ebony.com,2025-12-22,Entertaining,,https://www.ebony.com/ebony-coca-cola-holiday-nostalgia-traditions/
Here’s the One Gift Ice Spice Really Wants This Christmas,"Ice Spice isn’t asking for much this Christmas. Just one thing really: a big, beautiful bag. “I would love a cream or an off-white colored Birkin,” the rapper declared to EBONY. Because of course (it’s on our Christmas list too). Even if it doesn’t make it under the tree this year, Ice Spice — who’s […]",ebony.com,2025-12-19,Entertainment,,https://www.ebony.com/ice-spice-christmas-birkin-spongebob-interview/
12 Thoughtful Amazon Gifts Under $200 That Feel Expensive and Actually Get Used,"Holiday gifting does not have to feel like a financial negotiation with your savings account. Some of the most thoughtful, most used and most appreciated gifts are the ones that quietly upgrade everyday life. The kind that says I saw this and thought of you without screaming luxury for luxury’s sake. Amazon’s under $200 universe […]",ebony.com,2025-12-19,Shopping,,https://www.ebony.com/best-amazon-gifts-under-200/
Get Your Holiday Playlist Together with These Hits for Any Gathering,"As holiday party invites start to roll in, one of the best ways to capture that festive spirit is through music. Whether it’s the sound of laughter filling the living room or the smell of freshly baked cookies wafting through the house, the right playlist can transform any gathering into a joyful celebration. Imagine cozying […]",ebony.com,2025-12-19,Music,,https://www.ebony.com/best-black-holiday-christmas-playlist/
"The Wrap-Up: Kendrick Lamar & SZA’s Surprise, Flava Flav Gives and DIALLO Cooks","‘Tis the season of giving! Surprise concerts, bike giveaways and dinner by the next chef generation. Here’s how your fave celebs are making merry for the holidays. Kendrick Lamar and SZA Flavor Flav It’s Kendrick Lamar and SZA’s world, and we’re happy living in it. They just completed their Grand National Tour but made one […]",ebony.com,2025-12-19,Entertainment,,https://www.ebony.com/the-wrap-up-celebrities-giving-back-holiday-season-2025/
DIALLO & Friends’ Chef’s Table Reminds Us of the Power in Gathering Around Food For the Holidays,"The end of the year is here, which means two things: circle back season and holiday gatherings. This time of season is an opportunity to reflect on the year overall, take stock of big wins and see loved ones who we may not have seen in some time. It is in this spirit that DIALLO—founded […]",ebony.com,2025-12-19,Events,,https://www.ebony.com/diallo-hbcu-chefs-table-sprite-2025/
"More Than a Cover: Mielle and EBONY Unite to Celebrate HBCUs, Community and Black Excellence","For over 10 years, Mielle has proven to be more than just a beauty brand. In fact, it’s served as a community staple that’s championed textured hair and moved the culture forward. Now, in partnership with EBONY, this historic cover story shines a light on the brilliance of HBCU campus stylists — further affirming that […]",ebony.com,2025-12-19,News &Amp; Politics,,https://www.ebony.com/mielle-and-ebony-unite-to-celebrate-hbcus-community-and-black-excellence/
Why Pat McGrath Labs’ Asset Sale Raises Bigger Questions About Black Beauty Ownership,"When news began circulating that Pat McGrath Labs’ assets were being put up for sale, it landed with a familiar thud. Not shock exactly, more like recognition. Another Black-founded beauty brand that once represented the ceiling is suddenly staring at the floor. Another reminder that visibility, virality, and cultural dominance don’t always translate into protection […]",ebony.com,2025-12-19,Beauty,,https://www.ebony.com/black-beauty-brands-pat-mcgrath-ami-cole-industry-crisis/
FatherWorks Shows What It Means to Celebrate Black Men Without Lowering the Bar,"There are moments when a community decides to pause, breathe, and tell the truth about the people who hold so much together. Father Figures: A Celebration of Men Who Matter was that kind of moment. Hosted during National Men’s Health Month at The Gathering Spot in Atlanta, the event created a rare space where men […]",ebony.com,2025-12-19,Family,,https://www.ebony.com/father-figures-black-fatherhood-mens-health-atlanta/
"What I Wore in Africa: Style, Survival and Packing Light Across the Desert","There are trips where you overpack, and then there are trips where overpacking simply is not an option. Africa was the latter. Going from plane to plane to plane, hopping between South Africa and Namibia, meant suitcases with wheels were not invited. A duffle bag was the assignment. As a fashion editor who lives for […]",ebony.com,2025-12-18,Shopping,,https://www.ebony.com/packing-light-africa-fashion-editor-travel-style/
The Black Wellness Edit: Entertainment Is Breaking the Stigma Around Black Men’s Mental Health,"Television and film have begun to break the mold of mental health in Black men being overlooked. In the past, fair depictions of Black men in therapy or having emotional collapses were few and far between or used as a brief diversion to the main storyline. Notable Black-focused entertainment projects have done what they can […]",ebony.com,2025-12-18,Health,,https://www.ebony.com/black-men-depression-film-tv-magazine-dreams-demascus/
"Holiday Dishing, Bahamian Style: Celebrity Chefs Share Their Seasonal Favorites","You’re in the kitchen again, about to prepare the holiday feast, and you realize, “Gosh, this year, it would be nice to try something different.” These three celebrity chefs have heard your pleas and, just in time for a Christmas/Kwanzaa miracle, are sharing the dishes they love to make and savor this season. For Chef […]",ebony.com,2025-12-18,Life,,https://www.ebony.com/celebrity-chefs-holiday-favorites-christmas-kwanza/
Naturi Naughton-Lewis Steps Into Her Executive Era With Latest Starz Series — Exclusive Interview,"When EBONY ran into Naturi Naughton-Lewis at the Martha’s Vineyard African American Film Festival this past August, the entertainment powerhouse, who’s played everything from Lil’ Kim to a perfectionist OBGYN, hinted at a big project she’d be dropping in the next year. And boy, is this one about to shake up the 2026 TV lineup. […]",ebony.com,2025-12-18,Entertainment,,https://www.ebony.com/naturi-naughton-lewis-the-nowhere-man-starz-2026/
‘The Color Purple’ Movie Is Celebrating 40 Years. Here’s a Look at All Its Forms,"When Alice Walker published The Color Purple in 1982, she may have known how this groundbreaking novel would become an anthem for Black women’s empowerment. Chronicling the life of a young woman in the early 20th century, Walker detailed how her protagonist’s experiences and choices enabled her to finally find her voice and stand up for herself. Walker’s […]",ebony.com,2025-12-18,Culture,,https://www.ebony.com/the-color-purple-legacy-40-years-later/
Why Nashville Might Be The Perfect Holiday Gift,"“Play Bruno Mars!” The shout came from inside the bar during a singer-songwriter’s set at Aldean’s on Broadway Street. The man yelling out the request was most likely a confident tourist who had sauced up enough to believe the night was about him. On stage, a woman far too talented to be interrupted smirked and, […]",ebony.com,2025-12-18,Travel,,https://www.ebony.com/nashville-solo-holiday-travel-gift/
Unlocking Insights: How to Heal Money Wounds with These Fast Financial Fixes,"Money holds a lot of weight that affects all our lives, and sometimes it can carry a traumatic weight, whether from childhood or unexpectedly in adulthood. Many of us have emotional baggage around money, and these wounds can show up as anxiety, stress, and feelings of inadequacy, often stemming from past financial mistakes or societal […]",ebony.com,2025-12-17,Life,,https://www.ebony.com/fast-financial-fixes-lower-bills-ease-money-stress/
"Tika Sumpter Talks Cash, Career and Clarity at ABFF Pop Up Los Angeles","In honor of its upcoming 30th year, the American Black Film Festival (ABFF) — the platform connecting filmmakers with industry, exposure and careers — expanded beyond its home base of Miami Beach, Florida, with its Pop Up series, officially kicking off in New York City this past October, with stops in Atlanta and Dallas, and […]",ebony.com,2025-12-17,Entertainment,,https://www.ebony.com/abff-pop-up-los-angeles-black-filmmakers-30th-anniversary/
"The State of US: Maryland Advances Reparations, CBC Pushes Breonna Taylor Act, and Black Unemployment Rises","What You Need To Know: This week, Maryland lawmakers overrode the governor to push forward a slavery reparations study, reopening a national debate over how the U.S. confronts its past. The Congressional Black Caucus renewed its call to pass the Justice for Breonna Taylor Act, keeping police reform squarely on the agenda. And new data […]",ebony.com,2025-12-17,News &Amp; Politics,,https://www.ebony.com/the-state-of-us-maryland-reparations-breonna-taylor-act-black-unemployment/
Did Tyra Banks Just Rebrand Santa and Ice Cream…Forever?,"From the moment Tyra Banks stepped on stage at the Sydney Opera House in a yellow wig and Santa hat—yelling about Santa Claus stealing her milk-and-cookie idea—the internet started buzzing. Had the former Victoria’s Secret model and TV personality lost it? And more importantly, had she landed on Santa’s naughty list? Banks knows you’ve been […]",ebony.com,2025-12-17,Celebrity,,https://www.ebony.com/tyra-banks-santa-smize-viral-sydney-ice-cream-storytelling/
"New Year’s Eve Dressing, Solved: The Chicest Party Dresses to Wear This Year","New Year’s Eve has never been about playing it safe. It’s the one night on the calendar where dressing up isn’t optional, it’s expected. Whether the plan is a black-tie party, an intimate dinner with friends, a last-minute house hop, or a dance floor that doesn’t empty until well after midnight, the dress is doing […]",ebony.com,2025-12-17,Style,,https://www.ebony.com/best-new-years-eve-dresses-2025/
How a Healing Retreat in Mexico Helped Me Finally Put Myself First During the Holidays,"I haven’t been in the holiday spirit since my father died in 2013, and the lack of enthusiasm increased when my mother died in 2023 from glioblastoma, an aggressive brain cancer. As an only child, my mother and I were extremely close and often spent holidays together, but since her passing, I’ve felt confused and lost on how to […]",ebony.com,2025-12-17,Travel,,https://www.ebony.com/grief-holidays-wellness-retreat-rancho-la-puerta/
Hosting for the Holidays? Try These 10 Tips for a Home Reset,"You’re probably wondering while simultaneously checking your calendar, thinking: how is Christmas already next week? As the holiday season’s festivities come sooner than you think, now is the time to finally do that home reset you’ve been putting off. Whether you have relatives coming over or just a few friends, it’s the perfect time to […]",ebony.com,2025-12-16,Life,,https://www.ebony.com/holiday-home-reset-tips-before-christmas/
Stars and Leaders Remember Rob Reiner,"As tragic details of Rob Reiner’s death unfold, celebrities and leaders from our community are remembering the actor, director and activist’s talent, kind heart and devotion to his family. Best known for directing classic films like A Few Good Men, starring Cuba Gooding Jr., The Princess Bride and When Harry Met Sally, and for appearing on […]",ebony.com,2025-12-16,Culture,,https://www.ebony.com/rob-reiner-death-tributes-hollywood-community-reacts/
Get to Know the Community-Owned Grocery Store Bringing Hope for the Holidays,"A new community grocery store opened in Flint, Michigan, in November, addressing a years-long food desert in that part of the city. The North Flint Food Market is finally open, after a decade-long journey to get its doors open. Moving forward, residents will no longer have to go out of their way to get groceries, […]",ebony.com,2025-12-16,Life,,https://www.ebony.com/north-flint-food-market-community-owned-grocery/
"Chic Stocking Stuffer Gifts That Feel Thoughtful, Not Last-Minute","Stocking stuffers are where taste really shows. Anyone can go big, but it takes intention to get small gifts right. The best ones feel thoughtful, useful and a little indulgent, the kind of items that slide into everyday life without feeling like filler. This year’s lineup proves that stocking stuffers can still carry personality, culture […]",ebony.com,2025-12-16,Shopping,,https://www.ebony.com/best-stocking-stuffers-fashion-beauty-holiday-gifts/
Here’s Everything You Need to Know About Teen Social Media Addiction,"Teenagers face a lot of temptations in the world, and as parents, it’s our job to be vigilant of the potential dangers that lurk. One of those potential dangers is substance abuse, but according to new data, the landscape of addiction is changing, with the new addiction crisis shifting toward tech. You read that correctly. […]",ebony.com,2025-12-15,Family,,https://www.ebony.com/teen-tech-addiction-social-media-mental-health/
Why Tramell Tillman Is Our Man of the Hour,"Tramell Tillman was counting his blessings right before the Thanksgiving holiday, sharing in an Instagram post on November 21: “What a year…” And that momentum will continue into 2026, with more awards, nominations, and accolades than his on-screen Seth Milchick ego could have ever dreamed of receiving in his Confidential Employee Assessment File. View this […]",ebony.com,2025-12-15,Entertainment,,https://www.ebony.com/tramell-tillman-awards-severance-golden-globes-2026/
I Thought Diamonds Came From Showrooms: Inside De Beers’ Namibia Off-Shore Operations,"When De Beers invited me to Namibia to see how its diamonds are sourced, I assumed I knew what I was signing up for. I imagined dusty land mines, heavy machinery, maybe a safety vest and hard hat moment for the photo archive somewhere between Snow White and a National Geographic spread. What I did […]",ebony.com,2025-12-15,Fashion,,https://www.ebony.com/de-beers-diamond-sourcing-namibia/
Glassdoor Reveals ‘Fatigue’ is the Word of the Year,"As we close 2025, one of the conversations we’re seeing more of is transparency surrounding how we work. Whether remote or in-office, we’re all feeling the effects. This brings in the irony as Glassdoor revealed “fatigue” as the word of the year. The term “fatigue” saw a 41% spike in mentions across Glassdoor Community, capturing […]",ebony.com,2025-12-15,Life,,https://www.ebony.com/glassdoor-fatigue-word-of-the-year-2025-workplace-burnout/
"From Spike Lee to Ryan Coogler, Black Storytelling Is Owning This Awards Season","As Black Hollywood’s finest gathered at the Fairmount Century Plaza in Los Angeles for the Critics Choice Association’s 8th Annual Celebration of Black Cinema and TV, one thing rang clear: the 2026 upcoming award season is about to be a master class in the power of elevated Black storytelling. Two-time host Jay Pharoah set the […]",ebony.com,2025-12-15,Entertainment,,https://www.ebony.com/critics-choice-celebration-black-cinema-tv-2026-awards-preview/
WNBA Collective Bargaining Agreement Negotiations Update,"As eventful as last season was for the WNBA, it may ultimately serve as a prelude to an even more consequential offseason. The league and its players have agreed to extended negotiations into January to avoid a work stoppage on a new collective bargaining agreement (CBA). This process will shape not just salaries but also […]",ebony.com,2025-12-15,Sports,,https://www.ebony.com/wnba-cba-negotiations-player-pay-league-growth/
19 of the Blackest Christmas Songs Ever – Plus Three More That Understood the Assignment,"EBONY first published its list of the 19 Blackest Christmas songs ever in 2015. Ten years have passed, and the list hasn’t changed much, just grown over the last decade. Some fit the tradition, while others detour just a little bit, but they’ve all been major players in sleighing (yup, pun intended!) the Christmas spirit. […]",ebony.com,2025-12-12,Entertainment,,https://www.ebony.com/blackest-christmas-songs-ever-ebony-2025/
"The Wrap-Up Art Basel Edition: A$AP Rocky and Rihanna, Damson Idris, Justine Skye and More","An event so exclusive that it was almost impossible to get in, but for good reason. A$AP Rocky and Rihanna were on the scene at the Ray-Ban Clubhouse by A$AP Rocky, hosted in the historic Carl Fisher Clubhouse on Miami Beach, for an immersive installation. As Ray-Ban’s first-ever Creative Director, A$AP Rocky easily slipped into his new […]",ebony.com,2025-12-12,Entertainment,,https://www.ebony.com/miami-art-week-2025-celebrity-events-ebony/
The Best At-Home Facial Devices to Protect Your Winter Skin,"Every day, it seems like there is a new techy gadget being pushed onto the market promising the moon, the stars, and of course, perfect skin. The hype cycles move fast, and the marketing is always glossy. One minute you are minding your business, the next you are being told that your life will not […]",ebony.com,2025-12-12,Shopping,,https://www.ebony.com/best-at-home-facial-tools-winter-glow/
"The State of US: Jasmine Crockett Enters the Senate Race, Upcoming Vote on Obamacare Subsidies Extension, Biden’s SAVE Plan Ends, & More News","What You Need To Know: In Texas, Rep. Jasmine Crockett is making her own move, jumping into the Senate race and shaking up a political map long overdue for change. Washington rewrites the fine print on America’s future. Congress prepares to vote on whether Obamacare’s subsidies live or die, while the Education Department quietly pulls […]",ebony.com,2025-12-11,News &Amp; Politics,,https://www.ebony.com/the-state-of-us-obamacare-vote-save-plan-ends-jasmine-crockett-senate/
The Role That Reconnected ‘Sinners’ Wunmi Mosaku to Her Roots,"Although Wunmi Mosaku’s searing portrayal of Annie in Sinners has propelled her into the Oscars race, when she talks about how the role transformed her life, it becomes clear that the greatest impact on the Nigerian-British actress was personal, not professional. “This year, being a part of Sinners, (writer-director) Ryan Coogler gave me one of the greatest gifts of […]",ebony.com,2025-12-11,Entertainment,,https://www.ebony.com/wunmi-mosaku-sinners-san-francisco-film-awards-oscar-race/
"Cowboy Boots, Collard Greens and Culture — ‘High Horse’ Brunch Celebrated Our Reclamation of Black Cowboy Legacy","Cowboys, cowgirls and creators alike gathered at the scenic Los Angeles Equestrian Center in their radiant all-white attire this week to celebrate the release of High Horse: The Black Cowboy. The three-part Peacock documentary, executive produced by Jordan Peele through his Monkeypaw Productions banner, rides straight into the untold history and enduring legacy of the […]",ebony.com,2025-12-11,Tv &Amp; Film,,https://www.ebony.com/high-horse-the-black-cowboy-documentary/
"Beyond the Glitz: A Miami Art Week Experience Steeped in Black Creativity, History and Connection","Growing up in South Florida, I thought of Miami Art Week just as the time when traffic is delayed for what feels like (and can literally be) hours, celebrities take over the town, and more events are happening than humanly possible to attend. I saw only the glamour and saturation of what it was supposed […]",ebony.com,2025-12-11,Culture,,https://www.ebony.com/black-creativity-miami-art-week-2025/
The Best Foundations for the Red Undertone Girlies,"Like any other aspect of makeup, foundation is not a one-size-fits-all venture. But where experimental eyeliners and daring lip shades have considerable room for error, ill-fated foundations are way less forgiving. As the name suggests, foundations are the base layer of any virtuous beat, and a shaky foundation is a recipe for aesthetic disaster. Though […]",ebony.com,2025-12-10,Shopping,,https://www.ebony.com/best-foundations-for-red-undertones/
The Black Wellness Edit: How Caregivers Are Navigating Under The Trump Administration,"After introducing the possibility of a tax credit for caregivers to have financial relief in 2024, the Trump administration has since been brought under scrutiny by caregivers and those who are considered low income after threats arose to take away Medicaid and Medicare benefits. According to the American Medical Association, cuts to Medicaid benefits were introduced […]",ebony.com,2025-12-10,Health,,https://www.ebony.com/black-caregivers-medicaid-cuts-credit-for-caring-act/
Chris Paul Wanted to Come Home. The Problem? Home Wasn’t What it Used To Be.,"Last week, the NBA world woke up to an Instagram story that immediately got checked to see if was AI-generated: 12-time NBA All-Star Chris Paul posted saying, “Just Found Out I’m Being Sent Home.” The issue was, the version of ‘home’ Paul imagined was not the one the Clippers were offering. The “Point God” signed […]",ebony.com,2025-12-09,Sports,,https://www.ebony.com/chris-paul-clippers-release-retirement-future-nba-2025/
Why Singapore Should Be on Your 2026 Travel List,"If you’re currently planning your 2026 travels and the idea of visiting an Asian country keeps coming to mind, consider adding Singapore to your list. Over the last few years, Asian destinations like Japan have seen a surge in visitors, becoming popular travel destinations for a range of American tourists. According to the Japan National Tourism […]",ebony.com,2025-12-09,Life,,https://www.ebony.com/singapore-travel-guide-2026-black-travelers/
Olly Sholotan Reflects on ‘Bel-Air’ Finale and Carlton Banks’ Most Epic Scene,"There’s one scene Bel-Air‘s Olly Sholotan, who played Carlton Banks, will never forget. It happened in Season Two, when Carlton admitted his drug addiction. “That’s the best scene that I’ve ever done,” he exclaimed as he recalled pulling it off on set. “It was one of those days where I was like, ‘I don’t know […]",ebony.com,2025-12-09,Entertainment,,https://www.ebony.com/olly-sholotan-bel-air-finale-interview/
RFK Jr’s Vaccine Panel Votes To Change Schedule Of Hepatitis B Shot For Infants,"RFK Jr’s vaccine committee voted, 8 to 3, to do away with the long-standing universal recommendation that babies receive a hepatitis B shot at birth. This group, called the Advisory Committee on Immunization Practices (ACIP), and handpicked by RFK Jr, recommended that parents use individual decision-making in consultation with a health-care provider to determine when […]",ebony.com,2025-12-08,Health,,https://www.ebony.com/rfk-jr-hepatitis-b-vaccine-recommendation-controversy/
"‘Sean Combs: The Reckoning’ Doesn’t Reveal New Truths, But It Exposes the Myth We Helped Create","There is a moment in most true-crime docuseries when a revelation knocks the air out of the room. The new Netflix documentary, Sean Combs: The Reckoning, never finds that moment. From unsettling disclosures in Leaving Neverland to the long-overdue clarity in Surviving R. Kelly to the real-time hot-mic confession that closed The Jinx, the best of the genre delivers […]",ebony.com,2025-12-08,Celebrity,,https://www.ebony.com/sean-combs-the-reckoning-review-netflix-diddy-docuseries/
Kai Cenat Reveals His Fashion Designer Dreams and EBONY Thinks He Can Pull It Off,"Kai Cenat has never been shy about announcing his next chapter, but his latest reveal hits a little different. During a speech at the 2025 Streamer Awards this weekend, the internet’s most magnetic troublemaker shared that becoming a fashion designer is on his long-term career list. He did not specify whether he wants to debut […]",ebony.com,2025-12-08,Current Culture News,,https://www.ebony.com/kai-cenat-fashion-designer-streamer-awards-2025/
"For the 2026 Golden Globes, Black-Led Projects Are Critically and Commericially Recognized","We thrive when we make it on our terms. That’s the takeaway from the 83rd Golden Globes nominations, which were announced on December 8. Ryan Coogler’s epic Sinners earned multiple nominations, including Best Picture (Drama) and Cinematic & Box Office Achievement: the only film this year to be nominated in both categories. With the movie […]",ebony.com,2025-12-08,Entertainment,,https://www.ebony.com/2026-golden-globes-black-led-nominations/
This Diana Ross Performance at Miami Art Week Ignited My Soul,"Art Miami Week can be a test of endurance. The city of Miami becomes a never-ending artistic playground, with a creative experience at every turn. An almost impossible goal is to see, do and feel everything, everywhere, all at once, but where to start? You start with the one and only Diana Ross. An Icon […]",ebony.com,2025-12-08,Culture,,https://www.ebony.com/diana-ross-mirage-factory-alex-prager-capital-one-performance/
The Know Now: ‘Sinners’ Is a AAFCA Winner,"The African American Film Critics Association has named Sinners the Best Film of 2025, along with nine other films, making the prestigious organization’s Top Ten movies of 2025. Sinners will celebrate multiple wins at the 17th annual AAFCA Awards, which recognize outstanding contributions to cinema and include selections for the year’s top 10 films. Ryan […]",ebony.com,2025-12-05,Entertainment,,https://www.ebony.com/the-know-now-december-2025/
"The Wrap-Up: Cynthia Erivo Honored, Al Sharpton For Sean Bell, Inside Late Checkout","Cynthia Erivo is flying high this film season. The Wicked star took home the 18th Annual Kirk Douglas Award for Excellence in Film at the 2026 Santa Barbara International Film Festival, held at The Ritz-Carlton Bacara, in Santa Barbara, California. Said actor Michael Douglas, “[Her] depth, range and fearless commitment to her craft embody the […]",ebony.com,2025-12-05,Entertainment,,https://www.ebony.com/the-wrap-up-cynthia-erivo-al-sharpton-ritz-carlton/
"25 Years After Its Release, ‘Love & Basketball’ Is Still Setting the Standard","Twenty-five years later, and Love & Basketball is still shaping the culture. Case in point? Streetwear sports brand, Playa Society’s in collaboration with Gina Prince-Bythewood, the film’s director, has created a capsule collection inspired by the beloved sports romance. First released in 2000, Love & Basketball sits comfortably on the Mount Rushmore of iconic Black […]",ebony.com,2025-12-05,Fashion,,https://www.ebony.com/love-and-basketball-playa-society-25th-anniversary-capsule/
Try These Traditions to Bring to Your First Christmas Hosting,"Hosting your first Christmas dinner is an exciting moment to create memories with your loved ones and show off your skills as the hostess with the mostest. It’s a time to reflect on staple traditions while adding your touch to the festivities. As you get ready for the holiday season, consider how you want to […]",ebony.com,2025-12-05,Dining,,https://www.ebony.com/first-time-christmas-hosting-new-traditions/
"With Foot Locker Closing Stores, Are We Watching the Last Mall Generation Disappear?","Foot Locker’s latest wave of store closures feels less like a business update and more like an obituary for mall culture. Every few months, another retailer pulls the plug, and the dominoes keep falling: Express shuttered a hundred stores; Forever 21 filed for bankruptcy — again — and closed its doors for good. Brands that […]",ebony.com,2025-12-04,Culture,,https://www.ebony.com/foot-locker-store-closures-end-of-mall-culture/
Unlock Your Inner Confidence: A Personal Journey to Radiant Hair,"In a world where confidence is a requirement for survival, finding the right tools to express your true self is essential. As the climate and political landscapes shift, so does our approach to self-care and personal expression. For many, especially Black women, hair is more than just a style—it’s a statement, a cherished adornment that […]",ebony.com,2025-12-04,Beauty,,https://www.ebony.com/natural-hair-confidence-routine-beauty-products/
Here’s the Best Travel-Friendly Gifts For Every Budget This Holiday Season,"The perfect gift for the globe-trotter in your life doesn’t always have to break the bank. In fact, there are plenty of meaningful options available across a range of price points. While the National Retail Federation reports that Americans plan to spend an average of $890.49 on holiday gifts and items, we value budgeting over […]",ebony.com,2025-12-04,Life,,https://www.ebony.com/best-holiday-gifts-for-every-type-of-traveler/
The Best Holiday Gifts for Black Men From Fathers to Bae to the Friends Who Hold You Down,"It’s no secret that shopping for men isn’t the easiest thing in the world. It’s as if all male-centered gift guides are stuck in some sort of purgatory where all men care about is whiskey and dried meat. No shade to those pastimes; they sound great, but this gift guide isn’t for that. If it’s […]",ebony.com,2025-12-04,Style,,https://www.ebony.com/holiday-gift-guide-men-best-gifts-2025/
72 Hours in Saint Martin: A Micro-Travel Escape for the Soul,"There are places that hold you, spirit, body, soul and creativity. For me, that place is Saint Martin. This tiny island is uniquely split between Dutch and French rule, yet it moves as one seamless, sun-kissed paradise. I’m partial to the French side, where the food, the charm, and the coastal beauty speak to me, […]",ebony.com,2025-12-03,Life,,https://www.ebony.com/saint-martin-micro-travel-guide/
Black Yacht Weekend Launches New Foundation,"Black Yacht Weekend is setting sail into a new and exciting chapter with the launch of its philanthropic venture, focused on community and wellness. “We heard you, and we’ve been working hard behind the scenes to build something bigger in 2026,” the statement reads. “We’re proud to unveil the philanthropic arm of Black Yacht Weekend. […]",ebony.com,2025-12-03,Life,,https://www.ebony.com/black-yacht-weekend-foundation-water-access/
"The State of US: National Guard Deployed to New Orleans, AT&T Ditches DEI, and Costco Takes the Trump Administration to Court","What You Need To Know: This week, the government flexed, corporations flinched, and one senator finally said, “I do.” National Guard troops are headed to New Orleans in yet another domestic deployment, while AT&T pulled the plug on all DEI programs—proof that corporate courage may be in shorter supply than broadband. Costco, meanwhile, is taking […]",ebony.com,2025-12-03,News &Amp; Politics,,https://www.ebony.com/the-state-of-us-national-guard-new-orleans-att-dei-costco-lawsuit/
The Best Fashion and Beauty Gifts for the Friend Who Keeps the Girls Styled and Polished,"What’s harder than shopping for the person who has everything? Shopping for the person who knows just what to get everyone else. The beauty baddies and fashion enthusiasts who have a seemingly never-ending list in their notes app of all the best niche brands, GOATed beauty products, and they also track sales in their Google […]",ebony.com,2025-12-03,Shopping,,https://www.ebony.com/holiday-gift-guide-fashionista-beauty-lovers/
The Black Wellness Edit: The Voice of The Next Generation of Caregivers,"With 60% of Gen Z and Millennials reported as first-time caregivers in 2021, this number has not only grown but also fostered new conversations about what the next generation of caregivers looks like. In recent years, the face of caregiving has shifted from older adults to Gen Z and Millennials. Beyond societal factors and cultural shifts, […]",ebony.com,2025-12-03,Family,,https://www.ebony.com/millennial-gen-z-caregivers-black-families/
Six Black Owned Holiday Markets To Shop This Holiday Season,"The holiday season is here, and it’s time to find the perfect gifts for loved ones. Many of us are also more discerning about where we shop, and if this resonates with you, consider shopping at small Black-owned businesses. The best way to do that is by checking out the many holiday markets popping up […]",ebony.com,2025-12-02,Family,,https://www.ebony.com/black-holiday-markets-guide/
"Glo’Rilla Talks Style Secrets, Love Partners and Keeping the Drama at Bay","Glo’Rilla has been spending a lot of time courtside, thanks to her relationship with presumed boyfriend, Toronto Raptors forward Brandon Ingram. And while the two haven’t officially confirmed they’re an item, her courtside looks have been doing all the talking — and cheering. It started with a necklace. Back in October, the “Yeah, Glo” rapper, who […]",ebony.com,2025-12-02,Celebrity,,https://www.ebony.com/glorilla-courtside-style-interview/
Black Cinema Honors at the Gotham Awards Sets Stage for a Diverse and Inclusive Awards Season,"Stars descended upon Cipriani Wall Street for the 35th annual Gotham Awards on December 1 to honor the best in film for 2025. But it was Black cinema that dominated the evening, with big wins for Black actors and filmmakers, setting the tone for a potentially more diverse award season ahead. With wins for Black-helmed […]",ebony.com,2025-12-02,Entertainment,,https://www.ebony.com/black-cinema-wins-gotham-awards-diverse-award-season-ahead/
A Donation From Shonda Rhimes Will Help Continue Education About Emmit Till’s Story,"The barn where Emmett Till was tortured and killed will be open to the public as a sacred memorial site by 2030, according to the new owners. Take this as another sign that resistance to efforts to erase Black history from the American lexicon is fierce. Till’s harrowing murder became a symbol for the horrors of […]",ebony.com,2025-12-01,News &Amp; Politics,,https://www.ebony.com/emmett-till-barn-public-memorial-shonda-rhimes/
The Boy Is Mine Tour Is Officially a Fashion Show Thanks to Brandy and Monica,"Brandy and Monica reaffirm their status, proving once again why they are cultural touchstones, vocal architects, and now unshakeable style powerhouses on The Boy Is Mine Tour. The looks alone could sell out an arena. What they are doing on that stage feels like two decades of R&B fashion history colliding with the confidence of […]",ebony.com,2025-12-01,Fashion,,https://www.ebony.com/brandy-monica-the-boy-is-mine-tour-fashion/
Artists Activating Change at Miami Art Week 2025,"It’s Miami Art Week, the time when curators, collectors, and art lovers descend to take in the exhibitions, lectures, and parties throughout the Magic City. For many artists, it’s more than showcasing their work; it’s about making a statement about the state of the world. They use their canvases and exhibits to take a stance […]",ebony.com,2025-12-01,Culture,,https://www.ebony.com/black-artists-miami-art-week-2025/
"The Wrap-Up: Olandria Carthen Stuns, Gunna Runs, Dulé and Jazmyn Serve and More","EBONY Power 100 honoree Olandria Carthen was absolutely stunning at the Femme It Forward’s 4th Annual Give Her FlowHERS Awards Gala in Beverly Hills, California. Along with the Love Island USA alum and media personality, the night honored and celebrated the achievements of some of the brightest Black women in entertainment, including Ciara, Jhene Aiko, Mariah The […]",ebony.com,2025-11-28,Celebrity,,https://www.ebony.com/the-wrap-up-olandria-carthen-stuns-gunna-runs-dule-and-jazmyn-serve-and-more/
Black Pain Is Not Entertainment: The Data Exposing How Crime Shows Get Us Wrong,"Every time a new crime drama premieres, Hollywood promises “realism.” Streets that look gritty, police who always know best, and neighborhoods that somehow only feel dangerous when Black folks live there. And each time, I watch it like, who told y’all this is us? Here is the complicated truth: some of the stories these shows […]",ebony.com,2025-11-28,Entertainment,,https://www.ebony.com/black-pain-not-entertainment-data-exposing-crime-shows-get-us-wrong/
From Mouse Ears to Martinis: Adulting on Disney Destiny,"Rich Auntie is back! Did you miss me? I’ve been spending some quality time being my best self. And one of the easiest ways to glow up? Reconnecting with childhood joy. So when Disney Cruise Line invited me on board for the christening of its newest ship, the Disney Destiny — with its “Heroes and […]",ebony.com,2025-11-28,Travel,,https://www.ebony.com/mouse-ears-to-martinis-adulting-disney-destiny/
H&M x Maison Black: A New Era of Putting Black Designers Front and Center,"H&M is stepping into the holiday season with something the culture has been asking for: real, visible, intentional support for Black designers. The retailer is rolling out The Style Shop, Curated by Maison Black, a month-long in-store experience spotlighting the talent, craftsmanship and entrepreneurial spirit driving Black fashion today. It is not just a pop-up. […]",ebony.com,2025-11-28,Fashion,,https://www.ebony.com/hm-x-maison-black-a-new-era-of-putting-black-designers-front-and-center/
3 Low-Impact Workouts To Keep Us Fit This Holiday Season,"The holiday season is a time to celebrate and break bread with family, friends and loved ones. But this can also mean putting on extra pounds as we indulge in our favorite dishes and holiday beverages. Although we don’t count calories during Thanksgiving and Christmas, adding low-impact workouts to your routine is an easy way […]",ebony.com,2025-11-28,Health,,https://www.ebony.com/3-low-impact-workouts-to-keep-us-fit-this-holiday-season/
Thanksgiving Throwback: Family Gathering Looks by Way of Our Favorite ’90s Stars,"We’re excited for Thanksgiving. Now we know how our people can be. We tend to want to dress up for the holidays, especially around family and especially after not being around one another for so long. If you don’t know where to start, don’t worry. For a little style inspiration, we went down memory lane […]",ebony.com,2025-11-27,Fashion,,https://www.ebony.com/thanksgiving-throwback-see-how-our-favorite-90s-stars-served-up-holiday-looks/
8 Funny Thanksgiving Episodes From Black Sitcoms to Watch this Thanksgiving Day,"Thanksgiving is a time when we celebrate life with family and friends. Traditionally, we gather from near and far to give thanks collectively for all the blessings we have and expect to receive. Besides watching the Macy’s Thanksgiving Day Parade and NFL games, there are some classic Thanksgiving-themed episodes from Black sitcoms that are guaranteed […]",ebony.com,2025-11-27,Entertainment,,https://www.ebony.com/8-funny-thanksgiving-episodes-from-black-sitcoms-to-watch-on-thanksgiving-day/
Should Black People Celebrate Thanksgiving?,"In this November 2015 EBONY magazine article, the author explains why he won’t be missing Turkey Day this year—or ever.",ebony.com,2025-11-27,Culture,,https://www.ebony.com/should-black-people-celebrate-thanksgiving/
The Man Who Made Black Beautiful: New Doc Tells Kwame Brathwaite’s Untold Story,Not since the Oscar-winning Summer of Soul has a documentary shed light on untold Black history quite like Black Is Beautiful: The Kwame Brathwaite Story. The true origin of “Black Is Beautiful”—the 1960s sociocultural slogan and self-love movement that encouraged appreciation of African-American features and hair textures—eluded many at first. The National Museum of African […],ebony.com,2025-11-26,Culture,,https://www.ebony.com/kwame-brathwaite-untold-story-documentary-interview/
The Best Tech Amazon Black Friday and Cyber Monday Deals to Shop Right Now,"Amazon Black Friday and Cyber Monday are the moments when everyone becomes a strategist. This is not casual shopping; it’s precision, it’s intention, it’s knowing exactly what upgrades your life needs and grabbing them while the universe finally cooperates. This year’s lineup isn’t just about deals, it’s about essentials that make your day move smoother, […]",ebony.com,2025-11-26,Home,,https://www.ebony.com/best-tech-amazon-black-friday-cyber-monday-deals-shop-right-now/
"The State of US: Charges Against Letitia James Dropped, Coast Guard Repeals Hate Symbol Designations and More",What You Need To Know: Letitia James receives an update on the federal charges she faces alongside James Comey. Two viscerally recognized hate symbols are re-classified by the Coast Guard. Mayor Muriel Bowser informs constituents on the status of her plans to seek re-election. These are your weekly highlights from “The State of US.” Letitia […],ebony.com,2025-11-26,News &Amp; Politics,,https://www.ebony.com/the-state-of-us-charges-against-letitia-james-dropped-coast-guard-repeals-hate-symbol-designations-and-more/
4 Tips for Creating a Memorable Thanksgiving Tablescape Presented by DoorDash,"There’s nothing I love more than hosting for the holidays! Thanksgiving is such a wonderful time to come together with family and friends to continue family traditions, enjoy good food and create lasting memories. And if you’re hosting, it’s also the perfect time to add a few special touches to your decor. Whether you are […]",ebony.com,2025-11-26,Entertaining,,https://www.ebony.com/4-tips-for-creating-a-memorable-thanksgiving-tablescape-presented-by-doordash/
Losing Recipes: Why Black Millennials Are Setting Boundaries with Family This Holiday Season,"As Black children, many of us grew up under the rule that we were to be seen and not heard. We were taught to respect our elders without question, often at the cost of our own voices, boundaries and sometimes even our self-worth. Defending ourselves, no matter how respectful, was often labeled as “talking back” […]",ebony.com,2025-11-26,Black,,https://www.ebony.com/losing-recipes-black-millennials-setting-boundaries-family-holiday-season/
Viola Fletcher Lived 111 Years and Never Let the World Bury Her Story,"At 111, a divine number often associated with alignment and blessings, Viola Ford Fletcher—known around the world as “Mother Fletcher”—took her final rest. She lived long enough to see the country finally confront the truths she carried for over a century. Last year, EBONY covered the Supreme Court case tied to the Tulsa survivors’ fight […]",ebony.com,2025-11-25,Culture,,https://www.ebony.com/viola-fletcher-111-years-never-let-world-bury-her-story/
"‘Bel-Air’ Returns for Its Final Season with Dramatic Exits, Unresolved Trauma And Moments of Unexpected Joy","Bel-Air has returned for its fourth and final season, and it’s not afraid to sit in an uncomfortable intersection of privilege, trauma and the complicated realities of Black excellence. Every member of the Banks’ extended family is facing circumstances that have altered the course of their lives, and each is navigating next steps in their […]",ebony.com,2025-11-25,Entertainment,,https://www.ebony.com/bel-air-final-season-dramatic-exits-unresolved-trauma-moments-unexpected-joy/
When Honesty Meets Harm In God’s House: A Call For The Church To Reclaim Justice And Care,"It started like a familiar moment during a Sunday morning service during the holiday season: children stood before the congregation, ready to share what they were thankful for. But a now-viral social media clip from a Dallas church did not unfold as a comforting moment of communal joy. Instead, it exposed something tender and unsettling […]",ebony.com,2025-11-25,Culture,,https://www.ebony.com/honesty-meets-harm-in-gods-house-a-call-for-the-church-to-reclaim-justice-and-care/
The Know Now: Curtis ’50 Cent’ Jackson Follows Through: Diddy Doc Premieres on Netflix This December,"In May 2024, Curtis “50 Cent” Jackson announced that he was making a documentary about the rise and fall of rapper-mogul-inmate Sean “Diddy” Combs. And now that has come to fruition. Sean Combs: The Reckoning premieres on Netflix on December 2. According to a release, the doc is a “staggering examination of the media mogul, […]",ebony.com,2025-11-25,Entertainment,,https://www.ebony.com/the-know-now-celebrity-news-november-2025/
Vivica A. Fox’s Must-Haves for Her Mr. Right (And Who Should Not Apply),"When it comes to love, Vivicia A. Fox has standards, and she’s not afraid to spell them out. Her dream man is — sorry, not sorry — not a creative artist. “I’m looking for a partner, a good man. Love to be honest with you: I would never date anyone who’s in show business,” she […]",ebony.com,2025-11-25,Entertainment,,https://www.ebony.com/vivica-a-fox-must-haves-for-mr-right-who-should-not-apply/
"Donald Glover Reveals Why He Cancelled His 2024 Tour—’The Doctor was like, ‘You Had a Stroke’","Over the weekend, Donald Glover opened up to his fans at Tyler, The Creator’s 2025 Camp Flog Gnaw festival in Los Angeles. While performing as his stage persona, Childish Gambino, he shared the health scare that led him to cancel his tour last year. “You guys voted for a ‘where have I been monologue,’” Glover […]",ebony.com,2025-11-24,Health,,https://www.ebony.com/donald-glover-stroke-heart-surgery-camp-flog-gnaw/
Trans Influencer Girlalala’s Death Exposes the Cost of America’s War on Trans People,"Last Friday, the killing of 21-year-old Black trans influencer Girlalala in Florida became another devastating reminder of how vulnerable trans women remain in moments when systems should protect them. According to NBC News, officers found her with multiple gunshot wounds in a car outside a suburban Fort Lauderdale home after an argument with her 25-year-old boyfriend, […]",ebony.com,2025-11-24,Culture,,https://www.ebony.com/remembering-girlalala-black-trans-women-violence/
The Crowned Touch: Inside the EBONY Power 100 Glamsuite Powered by Mielle,"In a room filled with legacy, lineage and luminous energy, Mielle became the secret ingredient behind the glow. This year’s EBONY Power 100 Gala was more than a celebration of achievement; it was a testament to the power of presentation, how we show up, how we shine and how we honor the beauty that’s always […]",ebony.com,2025-11-24,Beauty,,https://www.ebony.com/ebony-power-100-glamsuite-mielle/
The EBONY 2025 Holiday Gift Guide: Curated Gems for Thoughtful Gifting with Black Holiday Magic,"EBONY’s 2025 Holiday Gift Guide is officially live, and it arrives with the kind of care, taste and Black holiday magic that turns seasonal shopping into a full experience. The holidays always sneak up on us, and every year we promise ourselves we will not let the stress win. This time, we came prepared. Our […]",ebony.com,2025-11-24,Fashion,,https://www.ebony.com/ebony-2025-holiday-gift-guide/
Kandi Burruss and Todd Tucker Reunite For Daughter’s Birthday — EBONY Exclusive,"Kandi Burruss and Todd Tucker announced they will divorce after 11 years of marriage, but the two remain united in co-parenting duties. View this post on Instagram A post shared by EBONY (@ebonymagazine) The two came together in Atlanta to host their daughter Blaze’s 6th birthday, a joyful moment surrounded by family, friends and their village. […]",ebony.com,2025-11-23,Family,,https://www.ebony.com/kandi-burruss-todd-tucker-reunite-daughter-riley-birthday-ebony-exclusive/
"The Wrap-Up: Michael B. Jordan Honored, Shaboozey Wins, Denée Benton Dressed and ‘Wicked: For Good’","We’re starting the weekend right with Michael B. Jordan in a tux. The Sinners‘ star looked oh-so-dapper as he accepted the American Cinematheque Award at the 39th Annual American Cinematheque Awards fundraising gala. Sinners‘ co-star and EBONY Power 100 awardee Miles Caton, along with Ludwig Göransson and Raphael Saadiq, gave a special musical performance of “I Lied to […]",ebony.com,2025-11-21,Entertainment,,https://www.ebony.com/the-wrap-up-michael-b-jordan-shaboozey-denee-benton-paul-tazewell/
HBCU AWAREFEST Has a Noble Goal: Eliminate College Debt and Build Generational Wealth for HBCU Students,"With Black college graduates averaging nearly $53,000 in loans for their educational endeavors, there is a need to find ways to increase access to education without crippling and overwhelming debt. Since 2020, the Student Freedom Initiative (SFI) has been singularly focused on providing students attending HBCUs and Minority Serving Institutions (MSIs) with greater freedom after […]",ebony.com,2025-11-21,Education,,https://www.ebony.com/student-freedom-initiative-live-nation-hbcu-awarefest/
Unlocking Insights: How Kayla Rowe is Bridging the Gap in Women’s Health Through Her Fantasy Box,"In a world where wellness and self-care are taking center stage, Her Fantasy Box founder Kayla Rowe is determined to change the narrative for women—especially women of color. The story behind the brand is rooted deeply in personal experience and a mission to create meaningful change. Rowe, who grew up in Sarasota, Florida, and learned […]",ebony.com,2025-11-21,Health,,https://www.ebony.com/kayla-rowe-her-fantasy-box-black-women-wellness/
The Know Now: Pras Sentenced to 14 Years In Political Influence and Money-Laundering Scheme,"Prakazrel “Pras” Samuel Michel, a founding member of the Fugees, has been sentenced to 14 years in federal prison after being convicted in 2023 on 10 counts tied to a political influence and money-laundering scheme. Prosecutors said that Michel funneled millions into foreign money through a Malaysian financier into former president Barack Obama’s 2012 campaign […]",ebony.com,2025-11-21,Entertainment,,https://www.ebony.com/the-know-now-celebrity-news-2025/
How One Mom Helps Black Independent School Students Thrive In Community,"Diversity, equity, and inclusion remain under attack in the current political environment, but that’s not stopping people from finding community where it’s needed the most. Lisa Johnson, the California-based mother and founder of Private School Village, aims to address social isolation amongst Black students and families at independent schools. According to the National Center for Education […]",ebony.com,2025-11-20,Education,,https://www.ebony.com/private-school-village-black-families-community/
Carbi B is Deep in Her Love Bubble: First Baby Pics Spark Engagement Rumors,"Cardi B has given us the first look at the newborn son she and her partner, Stefon Diggs, welcomed earlier this month. And while the baby is thoroughly adorable wrapped in a custom swaddling blanket emblazoned with his father’s NFL team, the New England Patriots, and his surname, it’s the large diamond ring on Cardi’s […]",ebony.com,2025-11-20,Celebrity,,https://www.ebony.com/cardi-b-baby-brim-engagement-rumors-stefon-diggs/
Olympic Medalist Erin Jackson’s Winter Skin Secrets,"If there’s anyone who knows how to keep skin soft, smooth and itch-free in the colder months, it’s Erin Jackson. The two-time Olympian and speed skater, and first Black woman to win an individual gold medal at the Winter Olympics, spends a lot of time on the ice. She also suffers from eczema, an inflammatory […]",ebony.com,2025-11-20,Health,,https://www.ebony.com/erin-jackson-eczema-tips-winter-skin-care/
‘Love Island USA’ Alum Chelley Bissainthe Is Ready For Her Ring Era,"Chelley Bissainthe may have walked the carpet dressed in green at the premiere of Wicked: For Good in New York City. But this reality star-turned-media personality is ready to prep another color and strut down another aisle in the very near future. “Loading, loading’” she replied when hit with the ultimate question: “When’s the wedding, […]",ebony.com,2025-11-19,Entertainment,,https://www.ebony.com/chelley-bissainthe-love-island-usa-wedding-interview/
‘NYSMNYD’ Star Morgan Freeman Only Wants to Do This Once When Working With New Actors,"Morgan Freeman has been in the business for a minute. The Academy Award-winning actor has shaken many hands throughout his illustrious six-decade career. So, for any young actors working with him now, he’s got one simple rule. “Never touch me again,” he exclaimed. Okay, that does need further explanation. “That’s just for shaking hands—you meet […]",ebony.com,2025-11-19,Entertainment,,https://www.ebony.com/morgan-freeman-now-you-see-me-now-you-dont-interview/
How Christin Marie Turned Handmade Pieces Into a Cult Jewelry Brand Loved for Its Inclusivity,"Christin Marie didn’t set out to start a jewelry brand. She simply followed the creative instinct that had always been there, stringing beads and shaping wire for herself, posting her experiments online, letting the process speak for itself. But the internet had other plans. Requests started rolling in, then multiplying, until it became clear that […]",ebony.com,2025-11-19,Style,,https://www.ebony.com/christin-marie-studio-black-owned-jewelry-brand/
"The State of US: Ahmaud Arbery’s Killers Lose Appeal, Border Control Arrive in North Carolina, and MacKenzie Scott Donation Lifts Winston-Salem State","What You Need To Know: This week, in Georgia, justice held firm as a federal court upheld the hate-crime convictions of the men who murdered Ahmaud Arbery, while fear swept through Charlotte as Border Patrol’s “Operation Charlotte’s Web” left families terrified and classrooms half-empty. In Georgia, justice held firm as a federal court upheld the […]",ebony.com,2025-11-19,News &Amp; Politics,,https://www.ebony.com/the-state-of-us-charlotte-immigration-arbery-appeal-mackenzie-scott-wssu/
The Black Wellness Edit: It’s Time to Debunk These Botox Myths,"Over the years, wellness conversations have been shifting, and, of course, everything isn’t picture-perfect, but what we can appreciate is the transparency we’re seeing in beauty. Whether it’s our favorite celebrities diving into what keeps their skin glowing or influencers letting us into their world and showing us behind-the-scenes of cosmetic surgeries, we’re in a […]",ebony.com,2025-11-19,Health,,https://www.ebony.com/black-wellness-edit-botox-myths-reena-gray/
Cynthia Erivo and Ava DuVernay Join Big Brothers Big Sisters of America’s Game Changers Initiative for 120th Anniversary — EBONY Exclusive,"Big Brothers Big Sisters of America (BBBSA) is a well-known youth mentoring organization with a mission to create and support one-to-one mentoring relationships for the next generation. To celebrate the milestone of 120 years, they are announcing two new Game Changers: Cynthia Erivo and Ava DuVernay. “Every young person deserves a champion that can see the good in […]",ebony.com,2025-11-18,Education,,https://www.ebony.com/cynthia-erivo-big-brothers-big-sisters-of-america-game-changers/
‘Doc’ Star Amirah Vann Talks Dual Heritage and the Responsibility of Afro-Latina Representation on TV,"From the complex medical drama DOC to the animated world of Arcane, Amirah Vann commands attention. As brilliant neuropsychiatrist Dr. Gina Walker, she delivers a nuanced portrayal of an Afro-Latino professional in the medical field, and the actress takes her representation seriously. “To be able to represent the small population of neuropsychiatrists of color is […]",ebony.com,2025-11-18,Celebrity,,https://www.ebony.com/amirah-vann-doc-interview-afro-latino-representation/
The NBA’s Biggest Gamble: Betting It All on Fans’ Trust,"This past October, the FBI arrested over 30 people in connection with two separate cases of illegal gambling conduct involving current and former NBA personnel. The FBI’s probe not only seemed inevitable — it’s now a reality — and something that league Commissioner Adam Silver and his cohorts need to get a handle on. If […]",ebony.com,2025-11-18,News &Amp; Politics,,https://www.ebony.com/fbi-nba-gambling-investigation-chauncey-billups-terry-rozier/
Reimagining A Classic: ‘Purple Rain’ Is Now a Musical,"This month at the Marquee State Theatre in downtown Minneapolis, an adaptation of Prince’s 1984 star-turn blockbuster film Purple Rain raised its curtain as a stage musical. Full of hits from the movie’s multiplatinum soundtrack (“Let’s Go Crazy,” “Take Me With U”), some anachronistic add-ons (“Kiss,” “Partyman”) and fan-favorite deep cuts (“Empty Room,” “Electric Intercourse”), […]",ebony.com,2025-11-18,Entertainment,,https://www.ebony.com/reimagining-a-classic-purple-rain-is-now-a-musical/
"Early Cannabis Use Linked To Higher Health Risks In Teens, Study Finds","Teens who start using cannabis before they turn 15 are more likely to develop mental and physical health problems in young adulthood compared to their peers who don’t use the drug as teenagers. These findings were published in a new study in JAMA Open Network, a peer-reviewed source of health-related information. “This further builds the case […]",ebony.com,2025-11-17,Family,,https://www.ebony.com/teen-cannabis-use-mental-health-jama-study/
Can Will Packer Ignite a Wave of Black Rom-Coms?,"Insecure alum Yvonne Orji got us all thinking when she posted about wanting to star in a romantic comedy, and she’s not alone. Lupita Nyong’o, Survival of the Thickest’s Alecsys Proctor-Turner, Ayo Edibiri (who’s set to star in Apple TV+’s upcoming romantic comedy series, The Prodigies) and more have spoken about their desire to make […]",ebony.com,2025-11-17,Entertainment,,https://www.ebony.com/halle-bailey-rege-jean-page-you-me-and-tuscany-romcom/
Tips for First-Time Hosting a Thanksgiving Meal Without Breaking the Bank,"As an older Gen Zer, I’m sure my age group and Millennials feel the sense that we are the new adults now, which means adding more responsibility to our plates for the holidays, including hosting. Now, before you start to stress about Thanksgiving being around the corner and not knowing where to start, don’t worry. […]",ebony.com,2025-11-17,Dining,,https://www.ebony.com/first-time-thanksgiving-hosting-budget-tips/
Kickstarter and Tubi Team Up to Support Indie Filmmakers,"Kickstarter and Tubi have launched the FilmStream Collective, a partnership that provides independent filmmakers with funding and guaranteed distribution. This collection highlights dozens of Kickstarter-backed projects, ranging from horror to compelling documentaries. It highlights the diversity of independent filmmaking, focusing on the importance of independent filmmaking, featuring women, Black creators, LGBTQ+ storytellers, and first-time directors […]",ebony.com,2025-11-14,Culture,,https://www.ebony.com/kickstarter-tubi-filmstream-collective-independent-filmmakers/
Cardi B and Stefon Diggs Welcome First Child,"Just call her proud momma of four! Cardi B and her partner Stefon Diggs have welcomed their first child. On November 13, the “Hello” singer posted a welcome to the world message on Instagram: “I brought new music and a new album to the world! A new baby into my world,” she wrote next to […]",ebony.com,2025-11-14,Celebrity,,https://www.ebony.com/cardi-b-pregnant-stefon-diggs-am-i-the-drama/
‘Kiss My Grass’ Documentary Highlights the Struggle for Black Women in the Cannabis Industry,"Nowadays, you can purchase weed anywhere in New York. The man behind the bodega counter has an eighth, I can rely on a shady-looking smoke shop for a preroll, and there’s always someone at Washington Square Park or Jacob Riis Beach with weed for sale. In most cases, the person selling me this isn’t Black. […]",ebony.com,2025-11-14,Education,,https://www.ebony.com/kiss-my-grass-documentary-black-women-cannabis/
Get to Know Brian Henry: The Mind Behind EBONY’s Power 100 Gala Music Direction,"For Brian Henry, music has always been an integral part of his life. He realized just how deep his passion ran when, after snapping at his dad for accidentally popping his Janet Jackson cassette tape, he understood that his love for music went far beyond surface-level admiration. It was something he needed to be a […]",ebony.com,2025-11-14,Entertainment,,https://www.ebony.com/brian-henry-ebony-power-100/
"Mia X on Her No Limit Legacy, Verzuz Moment, and What’s Next","To fans who have been around since day one, Mia X (née Mia Young) will always be the “Biggest Mama Mia” and “Unlady-Like Diva” of No Limit Records. The first female emcee to sign with the New Orleans-based label under the helm of Master P in the early 1990s, she’s still reminding us how special […]",ebony.com,2025-11-14,Entertainment,,https://www.ebony.com/mia-x-no-limit-interview-verzuz-new-orleans-2025/
"The Wrap-Up: SAINt JHN On Food Insecurity, Kawhi Leonard Is Zen, Naturi Naughton Feels Love and More","In these trying times, SAINt JHN doesn’t want anyone to go hungry. That’s why the Guyanese-American artist joined forces with WhyHunger at a pop-up dinner in New York City’s Phoenix Palace in support of the global nonprofit’s Hungerthon. This educational and fundraising campaign addresses the root causes of hunger in America and rallies to advance everyone’s right to nutritious food. You can […]",ebony.com,2025-11-14,Celebrity,,https://www.ebony.com/the-wrap-up-saint-jhn-kawhi-leonard-joakim-noah-naturi-naughton/
The Art of Solo Travel: Finding Connections in the Dominican Republic,"“You came alone?” Juan Francisco, my driver, asked suspiciously as the Suburban curved through the sleepy streets of the Dominican Republic. It’s the kind of question that used to bother me, not because of its judgmental tone, but because it pokes at that quiet expectation that, as a Black man of a certain age, you […]",ebony.com,2025-11-14,Life,,https://www.ebony.com/solo-travel-punta-cana-dominican-republic/
Chadwick Boseman Set to Receive Posthumous Hollywood Walk of Fame Star,"Actor Chadwick Boseman will be posthumously honored with a star on the Hollywood Walk of Fame on November 20, 2025. Ryan Coogler, the director of Boseman’s most significant film, Black Panther, and Viola Davis, the co-star of his final movie, Ma Rainey’s Black Bottom, are set to speak at the ceremony. Boseman’s widow, Simone Ledward-Boseman, […]",ebony.com,2025-11-13,Culture,,https://www.ebony.com/chadwick-boseman-hollywood-walk-of-fame-star-2025/
The State of US: The Longest Government Shutdown Has Finally Ended… For Now,"Senators reached a provisional agreement to reopen the federal government after a 43-day shutdown, but it is only the first step in ending the impasse. A provisional agreement indicates that both parties have agreed in principle on a short-term funding measure, typically a continuing resolution (CR), that will temporarily restore government funding while detailed negotiations […]",ebony.com,2025-11-13,News &Amp; Politics,,https://www.ebony.com/senate-deal-government-shutdown-2025-resolution-the-state-of-us/
Will Eddie Murphy Ever Return to Stand-Up? Here’s His Answer,"I was given 12 precious minutes to sit down and talk with Eddie Murphy, an artist who has dominated late-night TV, blockbuster movies, chart-topping music, and sold-out stand-up shows. For days, I pondered what I would ask, knowing how many life-defining moments he reveals in Being Eddie, the candid and intimate documentary chronicling his life, now […]",ebony.com,2025-11-13,Entertainment,,https://www.ebony.com/eddie-murphy-being-eddie-netflix-documentary-interview/
When Clout Becomes Currency: Netflix’s “Bad Influencer” Puts the Digital Illusion on Trial,"Netflix’s Bad Influencer doesn’t just expose the chaos of online fame; it holds up a mirror to the illusion itself. The show pulls viewers deep into the world of digital aspiration, where status is built on aesthetics, followers are currency and authenticity is negotiable. At its core, it’s less about influencer culture and more about […]",ebony.com,2025-11-12,Culture,,https://www.ebony.com/netflix-bad-influencer-review-social-media-culture/
Here’s What We Know About This Emergency Contraception’s Growing Lawsuit,"After being hit with a multi-district litigation in early October, medicinal drug manufacturer Pfizer has been fighting to maintain its stance in legitimacy. Stories from a wide range of women have come to the surface after having contracted meningioma which has had historic ties, based on previously conducted research, to adverse effects with progesterone. Many […]",ebony.com,2025-11-12,Health,,https://www.ebony.com/pfizer-lawsuit-depo-provera-brain-tumor-black-women/
Marsai Martin x Round21 x WNBA: A Capsule Made for Movement,"When Jasmine Maietta talks about Round21, she doesn’t talk about sportswear or merch. She talks about identity. About art. About community. For her, the brand she built from the ground up isn’t about jerseys or logos, it’s about the people who wear them and the stories they carry. A former athlete who played professionally overseas, […]",ebony.com,2025-11-12,Fashion,,https://www.ebony.com/marsai-martin-round21-wnba-capsule-collection/
How to Combat Seasonal Depression This Upcoming Winter,"Let’s face it, once daylight saving time ends, things begin to feel slow-paced, and it can be hard on our mental health. Seasonal depression, also known as Seasonal Affective Disorder (SAD), is a type of depression that occurs at specific times of the year, typically in the fall and winter months when daylight hours are […]",ebony.com,2025-11-12,Health,,https://www.ebony.com/seasonal-depression-tips-daylight-saving-mental-health/
Maya Rudolph On What Character She’d Bring to ‘Saturday Night Live’ Next,"With the dearth of Black female voices on Saturday Night Live this season, could this be the right time for a Maya Rudolph return? The SNL alum has been starring as Molly Wells on her Apple TV+ series Loot, currently streaming its third season. As one of the richest women in the world, with billions upon billions, […]",ebony.com,2025-11-12,Entertainment,,https://www.ebony.com/maya-rudolph-loot-saturday-night-live-return/
‘Sarah’s Oil’ Revisits America’s Forgotten Black Millionaire Story,"When centering big-budget films on historical events, directors typically take one of three approaches. Directors either tell the event’s story by using it as the movie’s central backdrop, like the Million Man March in Spike Lee’s Get on the Bus; or they take the biopic route by focusing on a central figure, like Michael B. Jordan’s […]",ebony.com,2025-11-11,Tv &Amp; Film,,https://www.ebony.com/sarahs-oil-movie-review-black-millionaire-oklahoma/
From ‘Barbershop’ to ‘Beauty Shop’: Black Hair Movies to Stream This Holiday,"There’s something sacred about Saturday mornings in the Black community. The sound of clippers buzzing in the back, somebody hollering “who got next?” and the smell of pressing oil mixing with gossip, laughter and love. Before we even knew what self-care was, the barbershop and beauty salon were our sanctuaries, the places where confidence got […]",ebony.com,2025-11-11,Beauty,,https://www.ebony.com/barbershop-beauty-shop-classic-black-films/
"On Veterans Day, We Honor the Legacy of Black Soldiers","On November 11th, 1918, at 11 a.m., World War I concluded after four years of brutal combat across the globe. Many memorial tributes were held in honor of the soldiers who gave their lives for the cause of freedom. This universal recognition of the end of the war and celebrating the soldiers who were lost […]",ebony.com,2025-11-11,Culture,,https://www.ebony.com/veterans-day-legacy-black-soldiers/
Get Lit! Cynthia Erivo’s Life-Lessons Memoir and More Books by Black Authors This November,"Her book title says it all: Academy Award nominee Cynthia Erivo is serving “best life ever” realness with her new memoir, Simply More: A Book for Anyone Who Has Been Told They’re Too Much, out this month. In its pages, the Wicked star shares many lessons she has gleaned from her personal experience to help […]",ebony.com,2025-11-11,Books,,https://www.ebony.com/get-lit-cynthia-erivo-memoir-black-authors-this-november/
The Black Wellness Edit: Dr. Donna Adams-Pickett Addresses How to Stay Informed Through an Era of Misinformation,"As we kick off November, we’re diving headfirst into an essential discussion about navigating the sea of misinformation surrounding health. We kick off the Black Wellness Edit with an Augusta, Georgia-based expert who addresses patient concerns and explains how to keep patients informed and educated through science and research. Dr. Donna Adams-Pickett is a physician […]",ebony.com,2025-11-10,Health,,https://www.ebony.com/the-black-wellness-edit-dr-donna-adams-pickett-misinformation/
Unwrap Luxury: The Ultimate Guide to This Year’s Most Glamorous Beauty Advent Calendars,"The holidays are officially in full swing, which means it’s beauty advent calendar season, the most glamorous countdown of the year. For those who treat skincare like self-care and fragrance like fashion, these 24-day treasures are more than just gifts, they’re rituals wrapped in ribbon, designed to make every morning feel like a little luxury. […]",ebony.com,2025-11-10,Shopping,,https://www.ebony.com/unwrap-luxury-the-ultimate-guide-to-this-years-most-glamorous-beauty-advent-calendars/
How Dark Showering is Your New Wellness Trend to Try,"In a space of constantly seeing new wellness trends, dark showering is becoming both intriguing and beneficial. You’re probably wondering: How am I supposed to see? Well, this unconventional approach turns the traditional shower experience on its head, focusing on sensory deprivation and mindfulness. By showering in the dark, you can deepen your awareness of […]",ebony.com,2025-11-10,Health,,https://www.ebony.com/how-dark-showering-is-your-new-wellness-trend-to-try/
‘Crutch’ Star Tracy Morgan Has Got an Everyday Routine That’s Keeping Him Healthier Than Ever,"Tracy Morgan is starring on his new series, Crutch, a spin-off of the ever-popular The Neighborhood (which is in its eighth and final season). He’s also prepping for his upcoming comedy tour, starting in February 2026. So, the Saturday Night Live and 30 Rock alum is making sure he stays in peak condition. “I work […]",ebony.com,2025-11-10,Entertainment,,https://www.ebony.com/tracy-morgan-everyday-ftiness-routine-healthy/
The Trailer for the Upcoming Biopic ‘Michael’ Has Dropped. Will the Film Tells Us the Whole Story?,"The trailer for Michael, the upcoming biopic chronicling the life of Michael Jackson, dropped on November 7. And just like the King of Pop entertained more than half a million fans over his seven-show 1988 Bad World Tour stop at Wembley Stadium in London, this trailer pulled numbers: over 30 million views in its first […]",ebony.com,2025-11-10,Entertainment,,https://www.ebony.com/michael-jackson-biopic-trailer-analysis/
Hurricane Melissa Took My Family’s Home in Jamaica,"Hurricane Melissa took my family’s home. Our ancestral home is near Tombstone, a Maroon burial ground in Santa Cruz, St. Elizabeth, one of Jamaica’s largest parishes, situated on the southwest coast of the island. 90% of the homes in Black River, the capital of St. Elizabeth, are completely destroyed. The Category 5 hurricane pushed through […]",ebony.com,2025-11-10,Family,,https://www.ebony.com/hurricane-melissa-took-my-familys-home-in-jamaica/
Get a Glimpse Into the EBONY Power 100 Photo Studio,"When it comes to EBONY Power 100, everyone understands the assignment of putting on your Sunday’s best. As the brightest and most innovative creatives came together to celebrate a night of coming home and celebrating EBONY’s 80th Birthday, we have an inside look into our show-stopping portrait studio. With special looks from Sterling K. Brown, […]",ebony.com,2025-11-10,Entertainment,,https://www.ebony.com/get-a-glimpse-into-the-ebony-power-100-photo-studio/
"Regina King, Tessa Thompson and Mara Brock Akil Shine at the 2025 WIF Honors","On Thursday night, WIF (formerly known as Women in Film) kicked off their annual gala to raise funds for education, career development and advocacy programs. Among the night’s honorees were Mara Brock Akil and Regina King, who brought Judy Blume’s novel, Forever, to the small screen, and Tessa Thompson, whose latest film, Hedda, is the […]",ebony.com,2025-11-08,Entertainment,,https://www.ebony.com/regina-king-tessa-thompson-mara-brock-akil-2025-wif-honors/
How New Age Stan Culture is Destroying the Fun of Pop Culture,"In the vibrant era of pop culture and the digital age, there has always been a communal spirit that we’ve all loved, whether it was a shared enjoyment of music or TV; those moments brought people together. Still, in recent years, the rise of new-age stan culture has dramatically transformed what it means to be […]",ebony.com,2025-11-07,Culture,,https://www.ebony.com/new-age-stan-culture-destroying-the-fun-of-pop-culture/
"The Wrap-Up: Yvonne Orji’s Pixie Power Style; Mowry Twins Ready for the Holidays, ‘Nawi’ Celebrated and More","Yvonne Orji was tapping platinum pixie vibes for this year’s EBONY Power 100 Gala, held at The Beverly Hilton in Beverly Hills, California. It’s a look that would inspire any rom-com writer to put pen to paper, and as The Chosen One star recently said in a social media post, she just needs “a script […]",ebony.com,2025-11-07,Celebrity,,https://www.ebony.com/the-wrap-up-yvonne-orji-mowry-twins-holiday-nawi-film-and-rise-organization/
Lenny Kravitz Performed His First Official Concert in the Bahamas and It Was a Moment,"“I’m like freaking out; this is the first time we’re really playing on home turf,” Lenny Kravitz exclaimed halfway through his epic concert at the 4th Annual Bahamas Culinary & Arts Festival, held at the Baha Mar Resort in Nassau, Bahamas, on October 24. “This means so much to me. I don’t know if […]",ebony.com,2025-11-07,Culture,,https://www.ebony.com/lenny-kravitz-bahamas-culinary-arts-festival/
"Kendrick Lamar, Leon Thomas Lead Grammy Nominations; The Weeknd Snubbed Again","Kendrick Lamar is returning to his throne as king of the Grammys, scoring nine nominations at the 2026 show, followed by Leon Thomas, who has six bids. Doechii, SZA, Clipse and Tyler, the Creator, are each up for five honors. At the same time, The Weeknd — who ended his four-year-long boycott of the awards […]",ebony.com,2025-11-07,Music,,https://www.ebony.com/kendrick-lamar-leon-thomas-lead-grammy-nominations-the-weeknd-snubbed-again/
EBONY Power 100 Awardee Sterling K. Brown Is ‘Dad-on-Duty’ As Wife Shoots New Film,"Sterling K. Brown wasn’t about to let that left Achilles tendon tear stop him from attending this year’s EBONY Power 100 Gala at The Beverly Hilton in Los Angeles on November 4. Chosen as one of our 2025 Entertainment Powerhouses awardees, Brown’s been crushing it on screen with his television series Washington Black and Paradise, […]",ebony.com,2025-11-06,Celebrity,,https://www.ebony.com/ebony-power-100-awardee-sterling-k-brown-dad-on-duty-ryan-michelle-bathe-wife-new-film/
EBONY Turns 80: The Eight Most Influential Covers of EBONY Magazine,"After the end of World War II, EBONY launched as the lighter, more beautiful and engaging counterpart to its sister publication Negro Digest. When EBONY was published in 1945, it was designed to show Black people what the promise of plenty might look like. For eight decades, EBONY has been the trusted outlet for Black […]",ebony.com,2025-11-06,Culture,,https://www.ebony.com/ebony-80-years-legacy/
‘Reasonable Doubt’ to Return for Season 4 as Season 3’s Kyle Bary Drops a Track — Listen Here,"Reasonable Doubt has won a major verdict: The fan-favorite legal drama series from Onyx Collective and 20th Television has been officially renewed for Season 4, EBONY has learned. Created by Raamla Mohamed, the Hulu series centers around Jax, a legal wizard played by Emayatzy Corinealdi, who gets embroiled in the most tangled cases. This season, […]",ebony.com,2025-11-06,Entertainment,,https://www.ebony.com/reasonable-doubt-season-four-plus-kyle-bary-interview/
"The State of US: Election Victories, Government Shutdown Continues, Massive Layoffs and More","What You Need to Know: This week, off-season election results set a new forecast for the upcoming 2026 midterms. Sonya Massey receives some justice. The government shutdown continues, and layoffs largely affect Black and Brown employees. It’s “The State of US.” Democrats Sweep Municipal Election Races On November 4 Voters across the U.S. cast ballots on […]",ebony.com,2025-11-06,News &Amp; Politics,,https://www.ebony.com/the-state-of-us-election-victories-government-shutdown-continues-massive-layoffs-and-more/
Spirited Away: Hennessy’s Legacy Beyond the Bottle,"When Linda Johnson Rice recalls what her father, EBONY’s founder John H. Johnson, taught her about the publishing business, she remembers very clearly this: “You can’t have editorial without having advertising.” For the 71 years her family would publish EBONY magazine, securing advertisers had its share of systemic challenges. When companies repudiated the value of […]",ebony.com,2025-11-05,Culture,,https://www.ebony.com/ebony-hennessy-legacy/
The Power of Style: The Best Red Carpet Looks From EBONY’s 2025 Power 100 Gala,"The EBONY Power 100 Gala red carpet is more than a fashion moment. It’s a living celebration of culture, confidence and community for the past 80 years. Every look tells a story, and every step radiates pride. The night moves with rhythm and intention, blending glamour with purpose as guests embody the beauty and brilliance […]",ebony.com,2025-11-05,Fashion,,https://www.ebony.com/ebony-power-100-2025-red-carpet/
The 2025 EBONY Power 100 Gala Was a Symbol of Community and New Beginnings,"Reflecting on 80 years of EBONY, one thinks about its innovation and history. The Power 100 Gala highlighted a moment of new beginnings. The evening was a celebration of the new era of talent and tastemakers leading change within the community. The night brought together notable honorees to commemorate the achievements and contributions of those […]",ebony.com,2025-11-05,Entertainment,,https://www.ebony.com/ebony-power-100-2025-gala-recap/
Misa Hylton Launches the 4th All Star Mentorship Program to Empower Future Fashion Leaders,"In an industry where access often determines opportunity, fashion visionary Misa Hylton continues to build bridges for the next generation. The stylist and creative force behind some of the most iconic looks in hip-hop and pop culture, including Mary J. Blige, Missy Elliott and Dru Hill, has announced the launch of the 4th All Star Mentorship Program through the Misa […]",ebony.com,2025-11-04,Culture,,https://www.ebony.com/misa-hylton-all-star-mentorship-program-2025/
HBCU First Look Film Fest Returns to Howard With Lynn Whitfield and Ryan Coogler,"The HBCU First Look Film Festival returns to Howard University this year, November 6 through 8. The yearly fest will once again bring together industry luminaries for cultural dialogues, screenings, and interactive workshops, amplifying this year’s theme, “Elevate Future Storytellers,” for the third time. This year’s HBCU First Look Film Festival celebrates actress Lynn Whitfield, […]",ebony.com,2025-11-04,Culture,,https://www.ebony.com/hbcufirst-look-film-festival-ryan-coogler-lynn-whitfield/
"Angela Bassett, Doja Cat, Kerry Washington and More Shine at Event Honoring Ryan Coogler","Angela Bassett was the queen mother in two of Ryan Coogler’s biggest films, Black Panther and Wakanda Forever, so it was fitting that she was chosen to pay loving tribute to the director as he was honored at the Los Angeles County Museum of Art’s star-studded Art and Film gala. The LACMA event, which also […]",ebony.com,2025-11-03,Entertainment,,https://www.ebony.com/angela-bassett-ryan-coogler-lacma-art-and-film-gala/
It’s Not Too Early! 7 New Films to Watch This Holiday Season,"We wait for it every year: that time where we can warm up the hot chocolate (with marshmallows), find the softest spot on the couch, and settle in for a marathon of holiday film realness. They are the blueprint for seasonal joy, with tinsel-tinged love stories, chaotic family reunions, and miracle-of-the-season endings. Holiday movies bring […]",ebony.com,2025-11-03,Entertainment,,https://www.ebony.com/2025-holiday-movie-guide/
Unlocking Insights: How CNN Correspondent Eva McKend Preps for Election Night,"As the anticipation builds for the upcoming election night, Eva McKend, CNN’s dedicated political correspondent, is already in full swing, preparing for the high-energy evening. Known for her insightful analysis and engaging reporting style, she understands that election night is not just about broadcasting results; it’s about shaping the narrative that will inform viewers across […]",ebony.com,2025-11-03,Education,,https://www.ebony.com/eva-mckend-cnn-election-night-preparation-coverage/
Here’s What To Expect In This Fall’s Election Season,"With Election Day officially being tomorrow, many voters are continuing their research on candidate stances in the final few hours as candidates continue campaigning to reel in additional voters. On the local level, tax allocations, education system shifts, and abortion rights are just some of the things at stake when it comes to the election.. […]",ebony.com,2025-11-03,News &Amp; Politics,,https://www.ebony.com/election-day-2025-key-races-states-to-watch/
Nia DaCosta and Tessa Thompson Redefine Black Female Creativity in ‘Hedda’,"In Amazon Prime’s new romantic drama Hedda, Tessa Thompson and Nia DaCosta flaunt synergy like great actor-director partnerships: Denzel Washington and Spike Lee; Ryan Coogler and Michael B. Jordan. But the Thompson-DaCosta team-up marks practically the first of its kind for Black female creatives in Hollywood: from DaCosta’s debut feature starring Thompson, Little Woods, to […]",ebony.com,2025-11-03,Entertainment,,https://www.ebony.com/tessa-thompson-nia-dacosta-hedda-prime-video/
Caught in the Eye of the Storm: A Firsthand Account of the Resilience of Jamaica After Hurricane Melissa,"I think rain on your wedding day is good luck,” I mused, as the first drops began to fall on my friend’s nuptials in Jamaica. Little did I know, this was the harbinger of Hurricane Melissa, the strongest storm on record to hit the island, according to the National Hurricane Center. The celebration was a […]",ebony.com,2025-11-03,News &Amp; Politics,,https://www.ebony.com/hurricane-melissa-jamaica-survival-story/
Come Through Costume! Celebs Share Their Best Halloween Looks,"Another Halloween has passed, and let’s be real: celebs across the board ate with their costumes this year. Many of our favorite stars transformed themselves into icons of the past and present, making Halloween 2025 one where they didn’t just dress up — they worshipped at the altar of legacy. Whether it was Haile Bailey’s […]",ebony.com,2025-11-02,Celebrity,,https://www.ebony.com/black-celebs-halloween-looks/
If Coffee Tables Could Speak: Celebrating 80 Years of EBONY,"This summer, I mailed off a treasure trove of old family photographs for digitization to make them easily shareable between my parents, brothers and cousins. Only a precious few snapshots displayed time stamps on the back; most did not. When appreciating all these priceless memories in the cloud, a slight pattern emerged. Present in the […]",ebony.com,2025-11-01,Culture,,https://www.ebony.com/celebrating-80-years-ebony-anniversary/
Toni Braxton’s ‘He Wasn’t Man Enough’ First Look and Premiere Date — EBONY Exclusive,"EBONY has the first look at the debut film from the partnership between Toni Braxton and Lifetime Network. The GRAMMY Award winner stars in and executive produces the new film, He Wasn’t Man Enough, a dramedy where women take the respect they deserve. Braxton plays author Mel Montgomery, who seems to have everything in life. […]",ebony.com,2025-11-01,Entertainment,,https://www.ebony.com/toni-braxton-lifetime-he-wasnt-man-enough/
Resources and Updates to Support Jamaica and the Caribbean During the Aftermath of Hurricane Melissa,"Hurricane Melissa made landfall on Tuesday, October 28, 2025, as a Category 5 storm — the strongest ever to hit Jamaica — leaving behind catastrophic destruction. Homes were destroyed, roads washed away, and power grids shattered. As of Friday, October 31, the death toll across the Northern Caribbean has risen to fifty, according to USA […]",ebony.com,2025-10-31,News &Amp; Politics,,https://www.ebony.com/hurricane-melissa-caribbean-relief-efforts/
"The Wrap-Up: Taye Diggs, Whitney White, Lady London and More","Cozying up on Harriet’s Rooftop in West Hollywood, California, for “Love of a Lifetime,” Taye Diggs and Lesley-Ann Brandt celebrated their new film His, Hers & Ours. They play Kelly and Darius, single parents whose children are dating. But their connection extends beyond their offspring duties as they find themselves falling for each other. His, […]",ebony.com,2025-10-31,Celebrity,,https://www.ebony.com/the-wrap-up-taye-diggs-whitney-white-lady-london-brian-moreland/
Claim It! A$AP Rocky Says He’s Rihanna Husband,"A$AP Rocky and Rihanna love dropping nuggets about their life like it’s golden. And now we’re getting the most enticing news yet: A$AP Rocky says he’s Rihanna’s husband! In a candid interview with Perfect Magazine, A$AP Rocky shared what brings him the greatest satisfaction and happiness. “Being a father and a partner and a loving […]",ebony.com,2025-10-31,Entertainment,,https://www.ebony.com/rihanna-asap-rocky-daughter-rocki-irish-mayers/
A Gayle King Departure From CBS News Would Be Further Erosion of Culture Centric Journalism,"The sweeping downsizing underway at new Paramount Skydance—the combined venture now running CBS News—is raising serious concerns about equity and representation. Its cuts of nearly 2,000 jobs seem to be disproportionately affecting Black, brown and female employees, according to internal sources, and that runs through the highest echelons. According to a new report in Variety, […]",ebony.com,2025-10-31,News &Amp; Politics,,https://www.ebony.com/paramount-skydance-layoffs-gayle-king-diversity-representation/
Lip Service: Sorority Shades and Legacy Colors,"The eyes might be the window to the soul, but the lips tell their own special story. This makes the shades we wear all the more important. It’s not just about the way we look; it’s about the connective power of certain hues and shades, passed down from generation to generation. No one observes this […]",ebony.com,2025-10-31,Beauty,,https://www.ebony.com/divine-9-lip-colors-beauty-guide/
"He Painted This Collection for Us—Guy Stanley Philoche on Art Basel, Wealth and Protecting the Next Generation","“I painted this collection for us,” Guy Stanley Philoche told me inside his Harlem studio, conviction in his eyes and empathy in his voice. “It’s important for us to see ourselves celebrated—to receive our flowers while we’re here.” Philoche’s story begins in Haiti. He came to the United States at five, speaking no English but […]",ebony.com,2025-10-31,Culture,,https://www.ebony.com/guy-stanley-philoche-higher-learning-art-basel/
Jamaica Looks to Rebuild After Hurricane Melissa Leaves Trail of Devastation,"Jamaica is taking steps to rebuild as a nation after Hurricane Melissa ripped through the island and left at least five people dead. The Category 5 storm made landfall on Tuesday, carrying strong winds of up to 185 mph, destroying homes and flooding neighborhoods. Roughly 6000 people are now in shelters. It’s one of the […]",ebony.com,2025-10-30,Life,,https://www.ebony.com/jamaica-hurricane-melissa-recovery-efforts/
"EBONY Stands With Olandria: If You Can Send Her PR, You Can Stand Up for Her","The influencer economy has always been fluent in aesthetics, but rarely in ethics. Brands know how to curate diversity for the feed, but when it’s time to defend the very people who make their marketing look inclusive, the captions go quiet. After Huda Mustafa’s livestream, where a caller called EBONY Power 100 honoree Olandria Carthen […]",ebony.com,2025-10-30,Black,,https://www.ebony.com/influencer-economy-silence-racism-olandria-carthen/
‘Black In The Garden’: The Podcast That Is Helping Us Find Our Way Back to the Land,"By the time fall arrives, you may be swapping iced lattes for pumpkin spice or scrolling through your friends’ apple-picking photos. But for Colah B. Tawkin, the Atlanta-based host of the Black in the Garden Podcast and founder of Underground Arborist, harvest season means something far deeper. It’s not about hayrides or décor; it’s about […]",ebony.com,2025-10-30,Culture,,https://www.ebony.com/colah-b-tawkin-black-in-the-garden-podcast/
Path to Power: ‘Artist In Residence’ Kara Young Gives Praise to Her Fellow Awardees,"She’s broken Broadway records, won numerous awards, and is one of the 2025 EBONY Power 100 recipients in the “Artist In Residence” category. But the unstoppable Kara Young is all about giving her fellow awardees their accolades. “To be with my colleagues: there’s Whitney White, who I not only admire but who I’m also absolutely […]",ebony.com,2025-10-30,Culture,,https://www.ebony.com/kara-young-ebony-power-100-2025/
Fall Transition: How to Easily Switch to Quick Halloween Decor,"It’s that time of year when holidays come quicker than ever, and Halloween is the kickoff to a fast-paced season. For those who love entertaining and decorating, it can seem overwhelming to repeatedly revamp your home, but no need to stress. Transitioning your decor from fall to Halloween doesn’t have to be a complete overhaul; […]",ebony.com,2025-10-30,Entertaining,,https://www.ebony.com/fall-to-halloween-decor-transition-ideas/
Scented Connections: Capturing the Essence of the Divine Nine Fraternities and Sororities,"Scents are one of life’s greatest connecting forces. In an instant, a simple scent can transport you back to previous eras of your life. A hint of bergamot instantly brings you back to your graduation brunch, surrounded by friends and family as you brace for the next phase of life. Syupry gourmands transport us back […]",ebony.com,2025-10-30,Beauty,,https://www.ebony.com/divine-9-fragrance-guide/
Press Freedom Under Fire: How Government Restrictions and Diversity Cuts Threaten Journalism,"A free and independent press is fundamental to holding those in power accountable and ensuring an informed public. However, in recent weeks, U.S. journalists have faced mounting challenges as governmental influence on reporting has raised concerns about the ability of the media to provide comprehensive and diverse coverage. The Pentagon, under Defense Secretary Pete Hegseth, […]",ebony.com,2025-10-30,News &Amp; Politics,,https://www.ebony.com/press-freedom-threats-trump-administration-pentagon-media-layoffs/
How To Tell Your Kids About Your Cancer Diagnosis,"As we observe Breast Cancer Awareness Month, it’s a time to reflect on the impact of this disease, not just on those diagnosed, but also on their families, especially children. Navigating a cancer diagnosis can be overwhelming, and one of the most challenging conversations may be how to tell your children about the situation. It’s […]",ebony.com,2025-10-30,Family,,https://www.ebony.com/how-to-talk-to-children-about-cancer-diagnosis/
These Five HBCU Alumni Innovators Are Taking The Media Industry By Storm,"As Homecoming season persists throughout this month, it goes without saying that HBCUs breed greatness and success. For many students and alumni of these schools, the reminder is just how much can take place beyond the school walls. From videography and filmmaking to technology innovation, HBCU creators are setting a new pace by redefining what […]",ebony.com,2025-10-29,Entertainment,,https://www.ebony.com/hbcu-creators-homecoming-success-beyond-the-yard/
Family-Friendly Movies Guaranteed to Deliver a Few Screams — and Laughs — This Halloween,EBONY’s round-up of must-see family-friendly — all PG-13 — movies that your entire crew will love to watch for the Halloween season.,ebony.com,2025-10-29,Entertainment,,https://www.ebony.com/family-friendly-halloween-movies-2025/
Justice for Sonya Massey: Former Deputy Found Guilty of Second-Degree Murder,"Sonya Massey has received another round of justice. A jury found former Sangamon County deputy Sean Grayson guilty of second-degree murder on October 29. While this isn’t the original count of first-degree murder sought by prosecutors, which carries a 45-year-to-life sentence, it still recognizes that Grayson is accountable for his deadly actions. It is important […]",ebony.com,2025-10-29,News &Amp; Politics,,https://www.ebony.com/guilty-verdict-sonya-massey-police-shooting-death/
‘The Gilded Age’ Director Salli Richardson-Whitfield Is Black Women Film Network’s ‘Woman of the Year’,"Salli Richardson-Whitfield will be the first to tell you she doesn’t get emotional, joking that she didn’t even shed a tear while giving birth to her two kids. But Richardson-Whitfield, who continues to cement her A-list status in Hollywood behind the scenes as a prolific producer and director, got teary-eyed as she was honored as […]",ebony.com,2025-10-29,Celebrity,,https://www.ebony.com/salli-richardson-whitfield-black-women-film-network/
"The State of US: Hurricane Melissa Devastates Jamaica, SNAP Benefits Frozen, and Hakeem Jeffries Threatened by Pardoned Rioter","What You Need to Know: This week, the winds blew hard and the headlines hit harder. Hurricane Melissa tore through Jamaica, leaving destruction in its wake and testing regional resilience. At home, millions of Americans brace for empty plates as SNAP benefits are frozen by the ongoing shutdown. And on Capitol Hill, a pardoned January […]",ebony.com,2025-10-29,News &Amp; Politics,,https://www.ebony.com/the-state-of-us-hurricane-melissa-snap-shutdown-hakeem-jeffries-threat/
"Stephen A. Smith, Jasmine Crockett, and the Politics of Public Critique","Stephen A. Smith has built an empire on volume. From his booming cadence that fills ESPN’s First Take to his gleeful delight whenever the Dallas Cowboys lose, Smith’s voice, part sermon, part spectacle, has become the soundtrack to modern sports debate. For years, he’s thrived on the court of the hot take where he has […]",ebony.com,2025-10-29,Current Culture News,,https://www.ebony.com/stephen-a-smith-jasmine-crockett-controversy-backlash/
Black and Missing: New Documentary Shed Lights on the Disappearance of Relisha Rudd,"Relisha Rudd was just 8 years old when she was last seen, chillingly walking into a hotel room with Kahlil Tatum on March 1, 2014. The young, bright-faced girl had been living in a homeless shelter in Washington, D.C., where Tatum, a janitor at the shelter, had befriended her family. An official report of her […]",ebony.com,2025-10-29,Tv &Amp; Film,,https://www.ebony.com/the-vanishing-of-relisha-rudd-black-and-missing-foundation/
SNAP Benefits Halt for November 2025: How Communities Can Step Up as Millions Face Food Insecurity,"Due to the government shutdown, the U.S. Department of Agriculture (USDA) announced that the Supplemental Nutrition Assistance Program (SNAP) will not be distributed to recipients on November 1, 2025. This move is projected to negatively impact 42 million Americans, with the most vulnerable of recipients being children, the elderly, and the disabled. Anyone paying even […]",ebony.com,2025-10-29,Health,,https://www.ebony.com/snap-benefits-paused-government-shutdown-usda-2025/
Breast Cancer and Black Women: Survivors Need Survivors,"According to the ACS’s Cancer Statistics for African American and Black People, 2025, approximately 34% of all new cancer cases among Black women in 2025 will have been breast cancer diagnoses. And the American Cancer Society (ACS) reports that more than 4.3 million women are living in the U.S. with a history of breast cancer—a number projected […]",ebony.com,2025-10-28,Health,,https://www.ebony.com/breast-cancer-black-women-survivors-need-survivors-987/
Spooky Halloween Cocktails That Are Scaringly Delicious,"For the adults in the room, Halloween is less about candy and more about parties. And what’s a good party without a few great drinks? Check out these ghoulish cocktails and delight your Fright Night guests! The best Halloween drinks are all about a spooky spectacle. You want cocktails that deliver a visual trick as […]",ebony.com,2025-10-28,Dining,,https://www.ebony.com/halloween-themed-cocktails-122/
Unlocking Insights: What the Future of Creatives Means to Shavone Charles,"Shavone Charles has always recognized her journey as a multi-hyphenate. Growing up, she nurtured a passion for creativity, understanding that her purpose extended beyond self-expression, but making a lasting impact in the communities around her. This commitment to creativity and service shaped her path, leading her to pivotal roles in the corporate world, most notably […]",ebony.com,2025-10-28,Education,,https://www.ebony.com/unlocking-insights-shavone-charles-future-of-creatives-black-entrepreneurs/
Ari Lennox and Lucky Daye to Perform at EBONY’s 2025 Power 100 Gala; Robin Thede to Host,"As the EBONY Power 100, one of the most vital award ceremonies in Black culture, approaches, everything is on the line. This year marks a historic moment as EBONY celebrates 80 years of legacy, uplifting Black voices, experiences, and successes that have long persisted as the core of our mission. That said, we’re pleased to […]",ebony.com,2025-10-28,Culture,,https://www.ebony.com/robin-thede-lucky-daye-ari-lennox-ebony-power-100-2025/
Mississippi Declares Public Health Emergency as Infant Mortality Rises,"The United States faces critical challenges in maternal health, but with awareness, action, and resources, the outcomes for mothers and newborns can improve. The Mississippi State Department of Health (MSDH) recently declared a public health emergency due to rising infant mortality rates across the state. According to an MSDH press release, 2024 data show that […]",ebony.com,2025-10-27,Family,,https://www.ebony.com/mississippi-infant-mortality-public-health-emergency/
What the Attempted Mass Shooting in Atlanta Says About the State of Mental Health,"Monday, Oct. 21, could have ended very differently for many families in Atlanta. Thanks to a call from the relatives of 49-year-old Billy Cagle of Cartersville, Georgia—who had posted threats on social media expressing his intent to kill people at the airport—Atlanta law enforcement was able to intervene, preventing a potential mass shooting and arresting Cagle […]",ebony.com,2025-10-27,News &Amp; Politics,,https://www.ebony.com/atlanta-airport-tragedy-prevented-mental-health-gun-crisis/
Wizkid’s ‘MORAYO’ Album Is Dominating the Music Charts For a Second Round. Here’s Why,"Wizkid is definitely popping bottles this week. MORAYO, his sixth studio album, has returned to the Top 10 on the Apple Music Nigeria Top Albums chart, 11 months after its original debut. And the listening public couldn’t be happier. View this post on Instagram A post shared by Wizkid.tv (@wizkid.tv) “Morayo is billed for the […]",ebony.com,2025-10-27,Entertainment,,https://www.ebony.com/wizkid-morayo-apple-music-top-10/
The Real Monster in ‘It: Welcome to Derry’ Is Systematic Racism,"It: Welcome to Derry premiered last night on HBO. And while everyone can’t stop talking about that shocking ending scene, the real monster in this prequel series isn’t that killer clown who preys on children. It’s racism. Set in 1962, this chilling expansion of the It universe introduces us to Leroy and Charlotte Hanlon, a […]",ebony.com,2025-10-27,Entertainment,,https://www.ebony.com/it-welcome-to-derry-hbo-racism/
Beauty That Lasts as Long as the Yard Party,"“No sleep, bus, club, another club, nother club, plane, next place, no sleep.” This digitally revered Lady Gaga quote is essentially the proverbial itinerary for most HBCU homecomings. You have the yard, the tailgates, the pregame, and the pregame for the pregame. Not to mention the dimly lit dinners and alumni association brunches to make […]",ebony.com,2025-10-27,Beauty,,https://www.ebony.com/hbcu-homecoming-makeup-essentials/
ONE Musicfest: The South’s Cultural Homecoming Returns for 16th Annual Celebration,"The 16th celebration of One Music Fest unfolded in Atlanta like a grand southern homecoming, uniting generations through the rich and generational sound of Black music. The lineup was nothing short of legendary, featuring a star-studded cast that included the sultry sounds of Kehlani, the powerhouse vocals of Jazmine Sullivan, and the smooth melodies of […]",ebony.com,2025-10-27,Events,,https://www.ebony.com/one-music-fest-2025-atlanta-homecoming/
"Model and TV Personality Jessica White is Officially Engaged, EBONY Exclusive","Jessica White is ready to walk down her best runway yet: the wedding aisle. Engaged to Nathan Wong, the stunning model, known for her runway work with Victoria’s Secret and her campaigns for companies such as Maybelline and CoverGirl, the couple gave EBONY the first look of their beachside impromptu engagement photos. The series of […]",ebony.com,2025-10-24,Life,,https://www.ebony.com/model-and-tv-personality-jessica-white-is-engaged-ebony-exclusive/
"October Is Flying By, But We Have New Beauty Launches From Louis Vuitton, Pattern Beauty, And More!","Somehow, October is already slipping through our fingers, and before we know it, we’ll be swapping pumpkin spice for peppermint. But before the year sprints into holiday chaos, a new wave of beauty launches has landed to keep your glow intact. From Louis Vuitton’s artful take on vanilla to Tracee Ellis Ross’ next PATTERN breakthrough, […]",ebony.com,2025-10-24,Beauty,,https://www.ebony.com/tyla-pandora-tyger-charm-collection-2/
Everything to Know to Brings Awareness Around Black Mental Health and Schizophrenia,"Gucci Mane has become a powerful voice in raising awareness about mental health, particularly surrounding bipolar disorder and schizophrenia. His journey through struggles with mental health has contributed to a conversation about the often-stigmatized issue. By sharing his vulnerability, Gucci Mane plays a crucial role in breaking down the barriers surrounding mental health discussions, encouraging […]",ebony.com,2025-10-24,Health,,https://www.ebony.com/gucci-mane-schizophrenia-mental-health-awareness/
"The Wrap-Up: 21 Savage Turns 33, Simone Biles Connects, Swizz Beatz & Family and More","British artist 21 Savage has hit adulting peak time: the “A lot” rapper turned 33 on October 22. He celebrated his special day with a ’90s “Showtime at the Apollo” themed event in Atlanta, complete with performances by R&B legends including Keith Sweat, Keyshia Cole, Xscape, and more. No Mr. Sandman shuffling anyone off at this fete. […]",ebony.com,2025-10-24,Celebrity,,https://www.ebony.com/the-wrap-up-21-savage-simone-biles-alicia-keys-tara-wallace/
How Student Stylists at HBCUs Are Changing the Game,"Black hair has always been more than style — its, story, history, and inheritance run deep. From the press and curls that defined our grandmothers’ Saturdays to the afros that shaped a movement, every generation has left its mark on the crown we wear today. Now, on campuses like the illustrious North Carolina A&T, a new […]",ebony.com,2025-10-24,Style,,https://www.ebony.com/how-student-stylists-at-hbcus-are-changing-the-game/
Defying Gravity: These Black Actresses Are Forging New Paths on Broadway,"Watching the ’80s cult classic Heathers or the movie musical Mamma Mia! doesn’t conjure up images of casts filled with Black and brown faces. While the movie Wicked features a Black woman in one of its leading roles, it’s hard to believe that the first African American woman to play Elphaba on Broadway full-time wasn’t cast until […]",ebony.com,2025-10-24,Culture,,https://www.ebony.com/black-women-broadway-wicked-heathers-mamma-mia/
"Tyla and Pandora Release a New, Limited-Edition Charm Rooted in Cultural Connection","​​Tyla isn’t just in her era — she’s building it, one charm at a time. The global sensation, whose blend of sensuality and strength has become her signature, continues her ascent with a new chapter in her collaboration with Pandora. Earlier this year, the South African artist was named global ambassador for the world’s largest […]",ebony.com,2025-10-23,Beauty,,https://www.ebony.com/tyla-pandora-tyger-charm-collection/
"The Culture They Can’t Erase: Get to Know Kevin Getem, the Instagram Visionary Documenting Our Global Influence","From the rhythm in our speech to the power in our art, from the flavor in our food to the soul in our sound, Black America has never participated in culture; we have defined it. Our influence has shaped music, fashion, language, film, politics, and education worldwide. And yet, at a time when some are […]",ebony.com,2025-10-23,Black Photography,,https://www.ebony.com/kevin-getem-digital-museum-black-culture-eras/
Misty Copeland’s Final American Ballet Theatre Performance Is Also a New Beginning with the Company,"Inside the David H. Koch Theater in New York City, the lights dimmed and the orchestra began to play. A spotlight hit a staircase, and a beaming Misty Copeland stepped out on the balcony, her pale pink costume skimming her petite but muscular frame. Gliding down the staircase in gold pointe shoes — the first […]",ebony.com,2025-10-23,Culture,,https://www.ebony.com/misty-copeland-final-performance-american-ballet-theatre/
These Movies and Shows Were Our First Crash Course in HBCU Life,"Before TikTok tours and college influencer vlogs, we had School Daze, Love & Basketball, Drumline, and The Great Debaters. For many of us, those movies weren’t just entertainment; they were our first unofficial campus visits into the world of Black collegiate living. They gave us the soundtrack, the style, and the swagger of young Black […]",ebony.com,2025-10-23,Culture,,https://www.ebony.com/black-college-movies-school-daze-drumline-love-and-basketball/
"The State of US: King III and Mi Familia Vota Unite Voters, “No Kings” Protests Sweep the Nation, and Millions Face Food Stamp Cuts","What You Need to Know: This week, the fight for democracy hit the streets and those most vulnerable. Martin Luther King III and Mi Familia Vota teamed up to launch a new “Black Brown” campaign to build multiracial voting power ahead of 2026. Millions of Americans poured into the streets for “No Kings” protests as […]",ebony.com,2025-10-22,News &Amp; Politics,,https://www.ebony.com/the-state-of-us-king-iii-black-brown-campaign-no-kings-protests-snap-shutdown/
Adidas Honors Heritage and Skate Culture with “Nuestra Cultura Al Mundo”,"Every trick, turn and grind tells a story, and this year, adidas is letting those stories speak for themselves. With the 2025 launch of Nuestra Cultura Al Mundo, the brand’s annual platform celebrating Hispanic and Latino/a/e voices shaping sport and culture, adidas is centering community and creativity where it’s always lived: in the streets, on […]",ebony.com,2025-10-22,Fashion,,https://www.ebony.com/adidas-nuestra-cultura-al-mundo-latino-skateboarding-2025/
A$AP Rocky Named CFDA’s 2025 Fashion Icon,"The Council of Fashion Designers of America (CFDA) has crowned Harlem’s very own A$AP Rocky as its 2025 Fashion Icon, solidifying what the culture has known for years: he’s not just wearing the clothes, he’s shaping the conversation and letting men from urban communities know that they can wear whatever they want, no matter where […]",ebony.com,2025-10-22,Fashion,,https://www.ebony.com/asap-rocky-2025-cfda-fashion-icon/
7 HBCU Alumni Turned Digital Creators Redefining Black Influence,"There’s a certain type of magic that happens on the HBCU yard — it’s laughter between classes, last-minute cram sessions and a unity that’s got everyone saying, “You good,” in every dormitory. It’s that same vibe that’s gone from campus quad to our timelines with a new generation of HBCU alumni who have turned their […]",ebony.com,2025-10-22,Entertainment,,https://www.ebony.com/hbcu-alumni-digital-creators-black-influence/
5 Ways To Strategize Bringing Your Child To An HBCU Homecoming,"Fall is a great time for HBCU grads because it’s homecoming season. Every year, Aggies, Bison, Rattlers, Pirates, and more return to their respective alma maters for what can be likened to an annual family reunion, but it’s chosen family. Homecoming is a time for people to catch up with friends, reminisce, and kick back […]",ebony.com,2025-10-22,Family,,https://www.ebony.com/hbcu-parents-homecoming-with-kids-guide/
The NBA On NBC Is Back! And So Is Michael Jordan?,"On an NBA tip-off night that had everything from nostalgia to overtime chaos, the NBA returned in full force. The Oklahoma City Thunder edged out Kevin Durant and the Houston Rockets in a gritty overtime finish, while Steph Curry’s Golden State Warriors handled business against a LeBron-less Los Angeles Lakers. But beyond the box scores, […]",ebony.com,2025-10-22,Sports,,https://www.ebony.com/michael-jordan-nbc-return-nba-tipoff/
Megan Thee Stallion Set to Drop New Single Taking Her Into Her ‘Lover Girl’ Era,"They say love makes you want to sing from the rafters. And that certainly seems to be true for Megan Thee Stallion. The “Savage” singer has just announced her latest single, “Lover Girl,” which will hit airwaves on October 24. LOVER GIRL 💋 FRIDAY pic.twitter.com/dlh2zu5s8Q — TINA SNOW (@theestallion) October 22, 2025 Megan Thee Stallion […]",ebony.com,2025-10-22,Entertainment,,https://www.ebony.com/megan-thee-stallion-lover-girl-new-single/
"Sterling K. Brown, Spike Lee and More To Be Honored at 8th Annual Celebration of Black Cinema & Television","It will be a night of shining stars as the 8th Annual Celebration of Black Cinema & Television, with several of Hollywood’s biggest names set to be honored by the Critics’ Choice Association this year. Legendary director Spike Lee will receive the “Career Achievement Award” in recognition of his extraordinary body of work that has […]",ebony.com,2025-10-21,Culture,,https://www.ebony.com/sterling-k-brown-spike-lee-and-more-to-be-honored-at-8th-annual-celebration-of-black-cinema-television/
Colman Domingo and These Actors Are Voicing Iconic Roles This Fall,"It’s official: Colman Domingo is the voice behind the cowardly lion in Wicked: For Good, the second installment of the musical movie version. The news dropped on the “Wicked” Instagram account on October 20, with the Oscar, Tony and Emmy-nominated performer popping out from behind a bunch of stuffed lion plushies to announce, “See you […]",ebony.com,2025-10-21,Entertainment,,https://www.ebony.com/colman-domingo-wicked-for-good-cowardly-lion/
Grace Wales Bonner Is Taking the Helm at Hermès Menswear,"When Hermès announced that Grace Wales Bonner would take over as Creative Director of Menswear, it felt like more than another game of fashion musical chairs. It was confirmation of what many of us at EBONY have been saying for years. The world of luxury menswear has been orbiting around Grace’s gravity for a while […]",ebony.com,2025-10-21,Fashion,,https://www.ebony.com/grace-wales-bonner-hermes-menswear-director/
Interscope Geffen A&M Records Releases ‘Homecoming SZN Compilation Vol. 2’,"Interscope Geffen A&M Records announced the next phase of its HBCU-focused initiative following a successful launch in 2024 with partnerships at Howard University, Tennessee State University, and Texas Southern University. This year, the label released Homecoming SZN Compilation Vol. 2, the next installment of the vinyl-exclusive album series. The campaign will partner with Hampton University, […]",ebony.com,2025-10-21,Culture,,https://www.ebony.com/interscope-hbcu-homecoming-szn-vol-2/
"Beauty, Brains and Bars: How Lady London Went From HBCU Life to Rap Queen","Lady London, a.k.a. Zaire Miylaun Stewart, is ready to turn up the yard. She’ll be in attendance at Howard University’s Homecoming this year. The rapper still vividly remembers her freshman homecoming experience as a student at her alma mater, Howard University. “It was Drake, Meek Mill and Two Chainz. Everybody performed at my yard fest […]",ebony.com,2025-10-21,Entertainment,,https://www.ebony.com/lady-london-howard-homecoming-docuseries/
Cardi B Teams Up With Bobbie as Chief Confidence Officer,"Cardi B brings the drama to motherhood, too. The GRAMMY Award-winning artist, who is expecting her fourth child, has partnered with Bobbie formula as Chief Confidence Officer to discuss the realities of motherhood, particularly for working moms. One of the key truths she highlights is that not every woman can or wants to breastfeed. For […]",ebony.com,2025-10-21,Family,,https://www.ebony.com/cardi-b-bobbie-formula-chief-confidence-officer/
"Ryan Coogler On What ‘Sinners’ Taught Him About Faith, Fame and Black Joy","Six months after its release, the world is still obsessed with Ryan Coogler’s Sinners. Go to a costume shop this Halloween, and you can get a Smoke/Stack costume; viral memes of the sometimes saucy dialogue still pop up in our algorithms, and it keeps getting more accolades as it heads into Oscar season. While the love […]",ebony.com,2025-10-21,Celebrity,,https://www.ebony.com/ryan-coogler-sinners-six-months-later/
SP5DER and The Bill Pickett Invitational Rodeo Highlight Fashion and History at the Sweet Tooth Rodeo,"Over the past few years, the rise of questioning country music’s diversity has been significantly influenced by artists like Beyoncé through her groundbreaking work with Cowboy Carter. This chapter in her career has not only showcased her versatility as an artist but has also amplified the visibility of Black culture within a genre historically dominated […]",ebony.com,2025-10-20,Culture,,https://www.ebony.com/sp5der-bill-pickett-sweet-tooth-rodeo-black-cowboys/
Heritage on the Road: Sergio Hudson’s Soulful Collaboration with Volvo in Charleston,"When I got the email from Sergio Hudson’s team about his new collaboration with Volvo and an invitation to Charleston, South Carolina, to experience it firsthand, I didn’t hesitate for a second. My grandparents were part of the Great Migration, leaving the South for Los Angeles many moons ago, so any opportunity to return feels […]",ebony.com,2025-10-20,Cars,,https://www.ebony.com/sergio-hudson-volvo-charleston-collaboration/
"Ayo Edebiri, Quinta Brunson, LaKeith Stanfield and More Lit Up the Academy Museum Gala","“I don’t need to tell you how lucky we are to be making art in this time.” When Viola Davis said those words during Saturday’s fifth annual Academy Museum Gala, the star-studded room let out an effusive round of cheers that felt more like a collective moment of gratitude than obligatory applause. The awards ceremony […]",ebony.com,2025-10-20,Celebrity,,https://www.ebony.com/ayo-edebiri-quinta-brunson-academy-museum-gala/
Brandy Shares Health Update After Leaving Her Tour Performance Early,"Brandy recently addressed her decision to leave the stage early during a performance on her tour with Monica, expressing her deep concern for her health. In a heartfelt statement, she revealed that after weeks of relentless rehearsals and performances, she found herself facing extreme dehydration and faintness. “I sincerely apologize for the abrupt end to […]",ebony.com,2025-10-20,Health,,https://www.ebony.com/brandy-health-scare-tour-with-monica/
‘Real Housewives of Potomac’ Wendy Osefo Speaks Out on Arrest,"The Real Housewives of Potomac star Wendy Osefo has finally addressed the world about her recent legal woes. She and her husband, Eddie Osefo, were arrested in their home in Finksburg, Maryland, on October 9 after being indicted on fraud charges. View this post on Instagram A post shared by Dr. Wendy Osefo, PhD (@wendyosefo) […]",ebony.com,2025-10-20,Entertainment,,https://www.ebony.com/real-housewives-of-potomac-wendy-osefo-arrest-timeline/
"From Ayo Edebiri to Kerry Washington, Celebrities Took to the Streets For ‘No Kings’ Rallies","Some of Hollywood’s biggest voices let their voices be heard during the “No Kings’’ rallies held across the nation on October 18. The coordinated series of demonstrations was in protest to policies of a growing authoritarianism and democracy under the Trump administration, according to the organizers, who were made up of a coalition of 200 […]",ebony.com,2025-10-20,Entertainment,,https://www.ebony.com/ayo-to-washington-celebrities-for-no-kings-day-rallies/
Air Jordan Turns 40: From Banned Sneaker to Global Icon,"It’s wild to think it’s been 40 years since Air Jordans first took flight. Back when Michael Jordan laced up those black-and-red 1s in 1984, the NBA wasn’t impressed. Mostly, only white sneakers were allowed, and the league banned the Jordans outright. However, MJ continued to wear them, and each time the league fined him. […]",ebony.com,2025-10-20,Books,,https://www.ebony.com/air-jordan-40th-anniversary-assouline-book/
"Allen Iverson’s ‘Misunderstood’ May Not Be “The Answer” You’re Looking For, But The One You Need","The year 1993 was, in every sense, unforgettable. It was the year Mighty Morphin Power Rangers debuted and Beanie Babies sparked a nationwide craze; the year of the World Trade Center bombing and the 51-day standoff in Waco, Texas. Intel launched the Pentium chip, changing personal tech forever, while Whitney Houston’s “I Will Always Love […]",ebony.com,2025-10-20,Books,,https://www.ebony.com/allen-iverson-misunderstood-memoir-book-tour-atlanta/
"The Wrap-Up: Chaka Khan Gets Beautiful, Mara Brock Akil Gets Iconic, Tembi Locke Gets Nested and More","Beauty was the subject at the Bronner Bros. Inaugural Beauty Icon Awards, which celebrated Black Beauty’s legacy and future with awards to the likes of Chaka Khan (Legend of Style & Soul Award), Derek J (Fearless Award), Danessa Myricks (Beauty Innovator Award) and more. The celeb carpet was lit at the Bronner Center of Performing […]",ebony.com,2025-10-17,Celebrity,,https://www.ebony.com/the-wrap-up-bronner-bros-beauty-icon-awards-mara-brock-akil-shoniqua-shandai/
"From ‘A Different World’ to a Barbie Tribute Doll, Debbie Allen Is Unstoppable","Debbie Allen has done it all-and then some. In the eighties, she became a household name, dancing and choreographing on the hit series Fame, forever defining our love for the arts. She then revitalized the beloved HBCU comedy A Different World in the nineties, a series she’s currently rebooting for Netflix. She founded the Debbie […]",ebony.com,2025-10-17,Celebrity,,https://www.ebony.com/debbie-allen-barbie-a-different-world-reboot/
Ghana Secures Kente’s Legacy: A Cultural Triumph in Textile Protection and Recognition,"For centuries, Kente has been more than a textile. It’s been a language of lineage, a symbol of pride, a piece of living history that moves like rhythm and breath. Every thread tells a story; every pattern holds a prayer. And now Ghana has made sure that story stays in the hands of its rightful […]",ebony.com,2025-10-17,Fashion,,https://www.ebony.com/ghana-kente-geographical-indication-protection/
"Author Krystal Marquis’ Talks About ‘The Davenports’ Novels, Which Are About To Become a TV Series","Krystal Marquis’ debut YA novel series The Davenports has it all: romance, heartbreak, courage… and bustles! Told through the eyes of four young women living in Chicago in the early 20th century, Olivia, Helen, Amy Rose and Ruby navigate the intricacies of life and love. And now, it’s becoming a live series. The Gilded Age co-showrunner Sonja Warfield has joined forces with And […]",ebony.com,2025-10-17,Books,,https://www.ebony.com/krystal-marquis-the-davenports-book-black-high-society-1900s/
Thousands of Government Workers Face Working Without Pay and Unemployment— Hear From Those Affected,"A little over a week into the government shutdown, employees across numerous federal agencies are facing significant lifestyle changes as their departments are furloughed or closed. These agencies include the Department of Defense, the Department of Labor, the State Department, the Department of Energy, the Social Security Administration, and the Department of Education, among others. […]",ebony.com,2025-10-17,News &Amp; Politics,,https://www.ebony.com/2025-government-shutdown-federal-workers-impact/
Everything to Know About Pancreatic Cancer,"When the news broke that GRAMMY-winning R&B singer D’Angelo passed away at 51 after a private battle with pancreatic cancer, many fans were shocked. The singer had kept his diagnosis from the public, but his passing has drawn attention to a disease that remains one of the most aggressive and hardest to find early. His […]",ebony.com,2025-10-17,Health,,https://www.ebony.com/dangelo-pancreatic-cancer-awareness-black-health/
Savoring Stillness: Candace Marie’s Intimate Insights from Paris Fashion Week,"Paris Fashion Week always moves like a dream on fast-forward. It’s a blur of runways, fittings, and late-night calls that roll straight into morning glam sessions. But for Candace Marie, the real rhythm of the week unfolds away from the shows. It’s found at the table, in the chair and in those rare pauses that […]",ebony.com,2025-10-16,Fashion,,https://www.ebony.com/candace-marie-paris-fashion-week-style-rituals/
This Eighties Masterpiece Is a Reason to Return to Theaters,"In an age when a good film night means maxing out on the couch with the remote in hand, it’s reassuring to know that some films are best seen on the big screen. The iconic martial arts flick Berry Gordy’s The Last Dragon has taken that sentiment to heart. The film, which premiered in theaters […]",ebony.com,2025-10-16,Culture,,https://www.ebony.com/the-last-dragon-40th-anniversary-re-release/
FlightStory and UK Black Business Show Launch Legacy Black,"FlightStory, a global media and investment company founded by entrepreneur and host of The Diary of a CEO, Steven Bartlett, has announced a significant joint venture in collaboration with the UK Black Business Show. This partnership aims to establish Legacy Black, a dedicated media brand focused on Black entrepreneurship, business, and wealth, aiming to become […]",ebony.com,2025-10-16,Life,,https://www.ebony.com/legacy-black-flightstory-uk-black-business-show/
A Quick Guide on How to Spend 48 Hours In Paris,"Paris is a big city with lots to do, and it may feel like a huge undertaking to figure out what you’ll do when you visit, but it’s possible. Admittedly, I’m a New Yorker, so I’m used to city chaos, but I promise you can do it. If you’re on the East Coast, a quick […]",ebony.com,2025-10-16,Life,,https://www.ebony.com/48-hours-in-paris-travel-guide/
Solange Knowles Adds First Scholar in Residence at USC to Her Resume,"Solange Knowles is having a busy fourth quarter, following her recent announcement of an archival library. She was also appointed as the first Scholar in Residence at the USC Thornton School of Music, marking a significant milestone for the institution. She will begin her three-year residency in the program this week, where she will contribute […]",ebony.com,2025-10-16,Education,,https://www.ebony.com/solange-knowles-usc-scholar-in-residence/
Victoria’s Secret Fashion Show 2025: Angels Who Are More Down to Earth,"The Victoria’s Secret Fashion Show was back in action on October 15, celebrating its one-year anniversary return to the stage after a six-year hiatus. In 2024, it proved that the angel-winged annual runway show could level up to a diverse and size-inclusive lineup. Would it top itself in 2025? As an entertainment journalist and a […]",ebony.com,2025-10-16,Entertainment,,https://www.ebony.com/victorias-secret-fashion-show-2025-diversity-missy-elliott/
"Get Lit! Allen Iverson’s Memoir, Michael Jordan Flies With ‘Air Jordan’ and More Black Authors to Read this October",What goes perfectly with pumpkin spice lattes and the autumnal leaves falling? A good book stacked under your sweater-covered arm. This October is serving up a whole host of books to get cozy with for those cool fall days and nights. NBA legends Michael Jordan and Allen Iverson have both released books that break down […],ebony.com,2025-10-16,Books,,https://www.ebony.com/get-lit-october-2025-new-books-black-authors/
Karen Pittman and Nicole Beharie Confront the ‘Black Superwoman’ Myth on ‘The Morning Show’,"The writers’ room for The Morning Show has never shied away from tackling big issues: media ethics, power dynamics, and racial politics, just to name a few. But its latest episode brought those themes home in a deeply personal way. For Black women especially, episode 5, titled “Amari,” felt all too real. Warning: spoilers ahead. […]",ebony.com,2025-10-16,Entertainment,,https://www.ebony.com/karen-pittman-nicole-beharie-the-morning-show-season-4-episode-5-amari/
"The State of US: Letitia James Indicted, Chicago Guard Blocked, and the NMAAHC Goes Dark Amid Shutdown","What You Need to Know: This week, the walls of power are shaking. New York’s Attorney General Letitia James was indicted on bank-fraud charges she says are pure politics. A federal judge stopped Trump’s plan to send the National Guard into Chicago, ruling there’s no “imminent rebellion” to fight. And the shutdown just dimmed one […]",ebony.com,2025-10-15,News &Amp; Politics,,https://www.ebony.com/the-state-of-us-letitia-james-indictment-chicago-guard-shutdown-museum/
"How to Reset and Get Back on Track in 30 Days, According to Celebrity Trainer Rob Thompson","When it comes to hitting reset and getting back on track in 30 days, celebrity trainer Rob Thompson believes it starts with three simple steps: take an audit of your current habits, understand that minor adjustments can have a bigger impact, and set one specific goal, like consistency—and prioritize it. EBONY sat down with Thompson, […]",ebony.com,2025-10-15,Health,,https://www.ebony.com/rob-thompson-30-day-reset-fitness-plan/
Remembering D’Angelo: The Artist Who Defined the Neo-Soul Era,"On September 14, 1995, the Jazz Café in London was abuzz with electric anticipation. Chaka Khan, Lenny Kravitz, Soul II Soul’s Jazzie B, this writer, and others all crowded the upstairs tier’s VIP section. D’Angelo’s Brown Sugar had hit stores two months prior, but the whole world wanted a live taste of America’s new 21-year-old […]",ebony.com,2025-10-15,Celebrity,,https://www.ebony.com/remembering-dangelo-neo-soul-legacy/
Inside the Empowering Summit for Black Women Execs that Focuses on Renewal and Resilience,"Leadership conferences promising to take your career to the next level are commonplace, as are those designed for women who are looking to break the glass ceiling, so when Stephanie Tavares-Rance, the co-founder of the renowned Martha’s Vineyard African American Film Festival, set out to create her C-Suite Summit for Black women executives and entrepreneurs, […]",ebony.com,2025-10-15,Events,,https://www.ebony.com/c-suite-summit-black-women-leaders-california/
Styling the Yard: The Next Wave of HBCU Leaders in Beauty,"Historically Black Colleges & Universities (HBCUs) are safe havens. For many Black scholars, it’s the first and only space they’ll occupy where consistently showing up as their authentic self is the standard. In most instances, that expectation spills over into how they choose to style their hair. Stigmas around rocking natural coils disappear, braids and […]",ebony.com,2025-10-15,Style,,https://www.ebony.com/class-in-session/
"Beyoncé, Missy Elliott, Nile Rodgers and More Pay Tribute to D’Angelo","The world continues to mourn the artist famously known as D’Angelo, and celebrate his legacy after news of his passing at 51. Touted as a breath of fresh air and birthing neo-soul with his debut album Brown Sugar in 1995, which birthed hits “Lady,” “Cruisin’,” and “Brown Sugar.” The project achieved critical acclaim and commercial […]",ebony.com,2025-10-14,Celebrity,,https://www.ebony.com/dangelo-death-neo-soul-pioneer-dies-at-51/
A Night with Martell: Celebrating Legacy and Women Who Defy Expectations,"When you are asked if you can hop on a plane for Paris tomorrow, during Paris Fashion Week, to attend a Maison Martell Cognac brand dinner, you go. That’s exactly what I did, and the next 48 hours after that were a lesson in why Martell has been around since 1715. It’s a brand that embraces […]",ebony.com,2025-10-14,Life,,https://www.ebony.com/martell-paris-fashion-week-women-dinner/
‘Black Is Beautiful: The Kwame Brathwaite Story’ Documentary Honors a Visionary Who Redefined Beauty,"Kwame Brathwaite, the trailblazing photographer who helped usher in the “Black Is Beautiful” movement, is being remembered in a new film, aptly titled Black Is Beautiful: The Kwame Brathwaite Story. The documentary made its world premiere at the BFI London Film Festival on October 9. The documentary originated from Braithwaite Jr.’s commitment to honor his father’s […]",ebony.com,2025-10-14,Culture,,https://www.ebony.com/black-is-beautiful-kwame-brathwaite-documentary/
Roxanne Shanté Isn’t Mad at Cardi and Nicki’s Online Feuds: “Hip-Hop Is a Sport”,"The rap beef has gone from wax to Wifi over its past 50-plus years, but Roxanne Shanté isn’t fazed. While the barbs slung between Cardi B and Nicki Minaj over the past couple of weeks might leave some clutching their pearls, Shanté’s getting hers polished for the next round. “As long as it stays on […]",ebony.com,2025-10-14,Entertainment,,https://www.ebony.com/roxanne-shante-cardi-b-nicki-minaj-hip-hop-grandmaster-awards/
Unlocking Insights: How Current HBCU Students Should Budget for Homecoming,"It’s no secret that as soon as you get on campus, one of the biggest events that gets you through the finish line of classes is homecoming week. Whether you’re trying to push through midterms or just need something to look forward to, homecoming is that moment. The moment the marching band’s horns start blasting […]",ebony.com,2025-10-14,Education,,https://www.ebony.com/hbcu-homecoming-on-a-budget-tips/
HBCU to Haute Couture: Fashion and Beauty Powerhouses Who Got Their Start at HBCUs,"You can’t step into a fashion or beauty event in New York City, Los Angeles, Dallas or Atlanta without encountering someone who proudly reps their HBCU roots. They’re everywhere, influencing the culture, setting trends and breaking barriers. This homecoming season, EBONY celebrates those who not only attended an HBCU but also took the fashion and […]",ebony.com,2025-10-14,Fashion,,https://www.ebony.com/hbcu-alumni-fashion-beauty-trailblazers/
How to Avoid Overtourism as You Plan Your Holiday Travel Itinerary,"In recent years, travel has become more accessible than ever—flights are cheaper, social media makes every destination look irresistible, and the idea of being “well-traveled” has become a status symbol. But behind the glossy Instagram photos lies a growing problem: overtourism. Overtourism occurs when too many visitors flood a destination, straining local resources and diminishing […]",ebony.com,2025-10-13,Life,,https://www.ebony.com/overtourism-responsible-travel-sustainability/
From Whisper to Roar: Encouraging Honest Talks About Breast Cancer for Better Healing,"I’m declaring the viral trend “We listen but don’t judge” to be considered a universal law! Seriously. Living in a time where we are all bombarded with images and videos of people “living their best life” (…maybe?), we are, as a society, only expecting to give and receive one’s highlight reel versus allowing people to […]",ebony.com,2025-10-13,Culture,,https://www.ebony.com/black-women-breast-cancer-conversations/
Booked for Success: Tony Weaver Jr.’s 5-Star Reading Lineup for Future HBCU Grads,"Getting prepped for an HBCU is an experience: packing that first campus wardrobe, gathering essentials for a dorm room, and mapping out all the important places on campus—especially the cafeteria. There’s another way to get ready that a student may not have thought of, and it starts at their local library. “Literature is such an […]",ebony.com,2025-10-13,Books,,https://www.ebony.com/tony-weaver-jr-nerds-for-literacy-books-for-kids/
"Influencer Income: Examining Envy, Capitalism and the New Age of Success","Scroll through TikTok long enough and you’ll find the latest cultural debate disguised as moral outrage: “Do influencers make too much money?” It’s a question that comes up every 4-6 months on the platform. The car rants, stitched takedowns and pseudo-think pieces all orbit the same truth. This isn’t about justice. It’s about jealousy dressed […]",ebony.com,2025-10-13,Culture,,https://www.ebony.com/do-influencers-make-too-much-money-tiktok-debate/
You Do Not Have Native American Up In Your Family!,"While the United States designates just one day each year, the second Monday in October, is designated to celebrate the undeniable impact of Indigenous Peoples throughout history. Here are a few important things to know about the layered history and somewhat complicated relationship between Blacks and Native Americans. How We First Hooked Up The earliest […]",ebony.com,2025-10-13,Culture,,https://www.ebony.com/black-native-american-history-indigenous-peoples-day/
"The Wrap-Up: Idris Elba Leads, Aldis Hodge Teases, Mychal Threets Reads and More","Idris Elba was on proud papa duty at the 63rd New York Film Festival. He brought his daughter, Isan Elba, to the A House Of Dynamite party and screening at Alice Tully Hall in New York City. In this mind-bending thriller, he plays the President of the United States, who’s grappling with a threat to America of […]",ebony.com,2025-10-10,Celebrity,,https://www.ebony.com/the-wrap-up-idris-elba-aldis-hodge-mychal-threets-malik-hassan-sayeed/
New York Attorney General Lettitia James Has Been Indicted After Ongoing Investigation,"New York’s Attorney General, Letitia James, has been indicted after claims arose of her misappropriating funds for a home purchase in Virginia. She is now being charged with presenting false statements to a financial institution and bank fraud by the Department of Justice leading to investigations on her property purchases in Norfolk, Virginia during 2020 […]",ebony.com,2025-10-10,News &Amp; Politics,,https://www.ebony.com/letitia-james-federal-indictment-virginia-fraud-case/
Lebron James Made Sure “We’re All Witnesses”— But of What Exactly?,"If we’re keeping score up to this point and you asked who my favorite NBA team is, my answer would probably be: “Whoever James LeBron plays for.” And yes, that includes his time on Space Jam: A New Legacy’s Toon Squad, which says more about me than it does about the movie. But this week, I questioned my […]",ebony.com,2025-10-10,Celebrity,,https://www.ebony.com/lebron-james-second-decision-hennessy-fandom/
The Trevor Project Honors Megan Thee Stallion with Mental Health Champion of the Year Award,"In recognition of World Mental Health Day, The Trevor Project, the leading suicide prevention and crisis intervention organization for LGBTQ+ young people, proudly honors Megan Thee Stallion with the 2025 Mental Health Champion of the Year Award. The annual award celebrates influential public figures who use their voice to challenge stigma, shift culture, and advocate […]",ebony.com,2025-10-10,Health,,https://www.ebony.com/megan-thee-stallion-trevor-project-mental-health-champion-2025/
EBONY Power 100 People’s Choice Honoree Olandria Carthen Is in the Green,"It’s more than just five minutes of fame for Olandria Carthen. The Love Island alum, who’s shown us what it looks like when a Black Barbie comes to life, was announced as a Power 100 special honoree on October 9, 2025. She won the People’s Choice, the only category selected by fans for EBONY’s annual […]",ebony.com,2025-10-10,Entertainment,,https://www.ebony.com/olandria-carthen-ebony-power-100-peoples-choice-award/
How Chance The Rapper Fights Fascism Through Realizing The Power of Words,"Giving the world an authentic lens into Black Chicago culture on Star Line was critical for Chance The Rapper. The theme and messages behind Star Line were influenced by Chance’s travels across Ghana and Jamaica, witnessing universal Black struggles. The album pays homage to his multigenerational influences with the inclusion of Chicago hip-hop legends Do […]",ebony.com,2025-10-10,Music,,https://www.ebony.com/chance-the-rapper-star-line-album-interview/
"October’s Autumn Beauty Include Drops From la Mer, Fenty Beauty and More!","October came in hot, and so did the beauty launches. From bold new scents and next-level skincare to makeup that refuses to play subtle, this month’s drops are serving full transformation energy. It’s your fall refresh filled with rich textures, moody tones and formulas made to keep you glowing all season long. La Mer La […]",ebony.com,2025-10-10,Beauty,,https://www.ebony.com/october-beauty-launches-fall-skincare-makeup/
10 Banned Books by Black Authors That Should Still Be On Your Bookshelf,"Banned Book Week is in full effect. The annual campaign challenges efforts to ban certain books in libraries, schools and bookstores, drawing national attention to censorship and the silencing of open access to information, while promoting the freedom to read without provocation or persecution. This year’s theme is “Censorship Is So 1984. Read for Your […]",ebony.com,2025-10-10,Books,,https://www.ebony.com/banned-books-week-black-authors-2025/
The Audacity of BLEXIT: When Anti-Blackness Crashes Homecoming,"Homecoming at an HBCU is not just an event; it is the expression and language of Black students’ love for their beloved institution. It is the smell of fried fish plates, the rhythm of the drumline, and the alumni putting together their best fits who return to say, “This is our yard.” It is tradition, […]",ebony.com,2025-10-10,News &Amp; Politics,,https://www.ebony.com/blexit-hbcu-homecoming-2025-political-outreach/
Ciara Shares How This Life Check Impacted Her Wellness Goal for the Fall,"Singer-songwriter Ciara has embarked on a profound journey of self-discovery that signals a new era in her life and career. After being on the CultureCon 2025 stage, presented by Chase Ink, she took the time to engage in an intimate conversation with EBONY, reflecting on her artistic legacy and celebrating her latest album, CiCi. This […]",ebony.com,2025-10-10,Family,,https://www.ebony.com/ciara-culturecon-2025-wellness-self-care/
EBONY POWER 100 Honoree Dr. Sharon Malone Launches Podcast with Michelle & Barack Obama’s Higher Ground Media,"Double congratulations are in order for Dr. Sharon Malone. Not only is she one of this year’s EBONY Power 100 Community Crusaders honorees, she’s launched a new podcast, Second Opinion, through Michelle & Barack Obama’s Higher Ground Media production company. A chief medical advisor for Alloy Health and respected author, Dr. Malone is widely regarded […]",ebony.com,2025-10-09,Culture,,https://www.ebony.com/dr-sharon-malone-second-opinion-podcast-power-100/
Equal Justice Initiative Announces Elevation Convening Center and Hotel,"The Equal Justice Initiative (EJI) announced the opening of Phase One of Elevation in Montgomery on October 8, 2025. Elevation is a research center, a convening space, an art gallery and a theater that also offers overnight accommodations. The EJI offers legal assistance to low-income individuals and those who have been wrongfully convicted or unfairly […]",ebony.com,2025-10-09,Culture,,https://www.ebony.com/equal-justice-initiative-elevation-opening-montgomery/
EBONY Announces Special Honorees for 2025 Power 100,"The 2025 EBONY Power 100 unveils its special honorees, saluting the champions who drive change, inspire others, and shape culture with their extraordinary contributions across art, film, philanthropy, and business. Teyana Taylor will be crowned Entertainer of the Year for being a multi-hyphenate force, and Lonnie G. Bunch III will be named the Humanitarian of […]",ebony.com,2025-10-09,Entertainment,,https://www.ebony.com/ebony-power-100-2025-special-honorees/
Odell Beckham Jr. Suspended Six Games for PED Violation,"Odell Beckham Jr. has been hit with a six-game suspension by the NFL for failing a drug test for performance-enhancing drugs last season when he was on the Miami Dolphins. Because he is a free agent, he is ineligible to sign with a team until the entire suspension is served in Week 12 of the […]",ebony.com,2025-10-09,Sports,,https://www.ebony.com/odell-beckham-jr-nfl-suspension-ped-test/
SCAD Honors André Leon Talley with Global Exhibition ‘Style Is Forever’,"The Savannah College of Art and Design is paying homage to one of fashion’s most formidable figures with André Leon Talley: Style Is Forever, a landmark exhibition that stretches across SCAD’s museums in Savannah, Atlanta and Lacoste, France. Opening October 15 in Atlanta,GA, the show not only celebrates the 10th anniversary of SCAD FASH Museum […]",ebony.com,2025-10-09,Fashion,,https://www.ebony.com/scad-style-is-forever-andre-leon-talley-exhibition/
Ayo Edebiri Talks to Truth in ‘After the Hunt’ — It Isn’t Always In Black and White,"Sitting in a movie where a Black college student accuses her white male professor of a sexual assault is already an uncomfortable position. Add in a that it’s laced in contradiction, it becomes a discomfort that makes you question where your own moral compass lies. That’s the situation we’re up against in After the Hunt. […]",ebony.com,2025-10-09,Entertainment,,https://www.ebony.com/ayo-edebiri-roberts-garfield-after-the-hunt-interview/
Sloane Stephens Shares What it Means to Shift to Entrepreneurship with Wellness Brand Doc & Glo,"Sloane Stephens is stepping confidently into a vibrant new chapter of her life, one that extends far beyond the tennis court. While the world knows her as a Grand Slam champion, her latest endeavor, Doc & Glo, signals an exciting pivot toward entrepreneurship, showcasing her passion for wellness and her commitment to being the best […]",ebony.com,2025-10-09,Beauty,,https://www.ebony.com/sloane-stephens-doc-and-glo-wellness-entrepreneurship/
New Study Shares How ‘Digital Masculinity’ is Impacting Young Boys,"A recent study from Common Sense Media sheds light on the concept of digital masculinity and its impact on the upbringing of the next generation of boys. As children navigate a predominantly digital landscape, the content they consume continues to shape their perspectives on masculinity, identity and relationships. The study revealed that nearly three-quarters of […]",ebony.com,2025-10-08,Family,,https://www.ebony.com/digital-masculinity-common-sense-media-study/
"The State of US: Bad Bunny Sparks ICE Confusion, Lisa Cook Keeps Her Seat, and the Congressional Black Caucus Unites in DC","What You Need to Know: We’re only four weeks into the NFL season, and the Super Bowl is already making headlines. Lisa Cook scored another win at the Supreme Court, holding onto her seat at the Fed—for now. And in D.C., the Congressional Black Caucus gathered to strategize, legislate, and remind America who still shows […]",ebony.com,2025-10-08,News &Amp; Politics,,https://www.ebony.com/the-state-of-us-bad-bunny-super-bowl-ice-lisa-cook-cbc-conference/
How Karonda Cook is Driving the Future of Textured Hair at KISS Colors & Care,"Karonda Cook’s journey into the beauty industry began in an unexpected way when she started as a shampooing assistant in a local salon in Chicago. At that time, she had no idea that this initial role would set the stage for a remarkable two-decade career in the beauty industry. It was a formative experience that […]",ebony.com,2025-10-08,Education,,https://www.ebony.com/karonda-cook-kiss-colors-and-care-textured-haircare/
Must-Have Tech Gems for Amazon Prime Day 2025,"Amazon Prime Day isn’t just another sale; it’s the Super Bowl for smart shoppers and the Met Gala for your cart. This year, the real wins aren’t the flashy gadgets you’ll forget about in two months, but the everyday tech flexes that quietly upgrade your space, your routine, and your vibe. Whether you’re buying for […]",ebony.com,2025-10-08,Home,,https://www.ebony.com/prime-day-tech-deals-style-routine/
Silence After Ego: Why ‘Saturday Night Live’ Feels Different Without a Black Woman,"As I sat watching the 51st season opener of Saturday Night Live this past weekend, there was something woefully amiss. While the late-night sketch series was entertaining enough with host Bad Bunny, musical performances by Doja Cat and the soft introduction of its newest cast members, the exit of Ego Nwodim, who announced she would […]",ebony.com,2025-10-08,Culture,,https://www.ebony.com/saturday-night-live-different-without-black-woman-opinion/
New Study Reveals The True Thoughts of Black Women Voters As They Navigate Economic Changes and Cultural Shifts,"A new study released by The Highland Project sheds light on the perspective of Black women voters stemming from Fall 2025 insights. In its fifth year, the annual poll of Black Women Voters in America has remained consistent year over year in Black women’s perspective of having a care-centered agenda that will not only improve […]",ebony.com,2025-10-08,News &Amp; Politics,,https://www.ebony.com/black-women-voters-2025-highland-project-study/
"EBONY Power 100 Honoree, Kudzi Chikumbu: Setting The New Rules of Black Success","Kudzi Chikumbu has never been just one thing. Not as a kid in South Africa, balancing choir rehearsals with math competitions. Not as a Deloitte accountant running a YouTube channel back home on the continent. And certainly not during his eight years as a TikTok executive, where he was quietly building a fragrance platform on […]",ebony.com,2025-10-07,Life,,https://www.ebony.com/black-professionals-multi-hyphenate-careers/
Beyond The Return: One Ghanaian’s Mission To Invest In a Nation,"The afternoon air in Accra is crisp and still, but at one of Richard Nii Armah Quaye’s Food Bank sites, the energy is electric. A line of children, bowls in hand, snakes toward a steaming row of metal pots. Volunteers ladle out Ghanaian-style jollof rice, smoked chicken, spaghetti noodles, and hard-boiled eggs, moving with the […]",ebony.com,2025-10-07,Life,,https://www.ebony.com/richard-nii-armah-quaye-ghana-entrepreneurship/
Amazon Prime Day Bags Under $99 You’ll Actually Want to Carry,"Amazon Prime Day is the kind of shopping holiday that makes even the most disciplined fashion lover hit “add to cart.” And when it comes to handbags under $99 that look like they strutted straight out of a luxury boutique, these picks are the real deal. Whether you’re into croc-embossed textures, soft slouchy silhouettes or […]",ebony.com,2025-10-07,Fashion,,https://www.ebony.com/prime-day-handbag-deals-under-99/
Must-Have Cosplaying Inspiration from Blerds for Comic Con,"There have been a ton of comic conventions taking place this year, and with October finally here, we’re gearing up for New York Comic Con, where yet again, cosplay enthusiasts will show up and show out, especially when it comes to the Black nerds, also known as blerds. There was once a time when people, […]",ebony.com,2025-10-07,Entertaining,,https://www.ebony.com/black-cosplayers-new-york-comic-con-2025/
Unmissable Amazon Prime Day Deals: Refresh Your Beauty and Grooming Routine,"Prime Day isn’t just for tech lovers and home organizers. It’s a full-on beauty and grooming event, too. From hydrating body washes to luxury fragrances, Amazon’s biggest sale is stacked with essentials that make looking and smelling good an everyday ritual. These prices reflect Prime Day discounts and may return to full price once the […]",ebony.com,2025-10-07,Beauty,,https://www.ebony.com/prime-day-beauty-deals-glow-scent-style/
Tyler Perry’s ‘Finding Joy’ Takes Us on a Holiday Adventure — EBONY First Photos Exclusive,"Break out the hot chocolate and marshmallows. Shannon Thornton is on the hunt for holiday cheer and merriment in Finding Joy, a new holiday film written, produced and directed by Tyler Perry. The P-Valley actress plays Joy, a New York-based fashion designer who has been unlucky in work and love. “Joy is a dreamer,” Thornton […]",ebony.com,2025-10-07,Entertainment,,https://www.ebony.com/tyler-perry-finding-joy-first-photos-exclusive/
EBONY POWER 100 2025: Submit Your Pick for the 2025 People’s Choice Award,"It’s a celebration! EBONY is in its eighth decade as the heartbeat of Black culture, but as we step into this milestone, we are also reimagining what that looks like in a changing world. Part of building our platform, telling stories, and highlighting opportunities to move Black Culture globally involves our highly anticipated EBONY Power […]",ebony.com,2025-10-06,Events,,https://www.ebony.com/ebony-power-100-2025-peoples-choice-award/
Misty Copeland Opens New Doors as She Preps for Retirement from the American Ballet Theater,"Misty Copeland will take her final bow with the American Ballet Theater in a once-in-a-lifetime celebration at the company’s Fall Gala in New York City on October 22, where she’s also receiving recognition. “Being honored by ABT feels like coming full circle,” the prima ballerina exclaimed to EBONY. “This company gave me a home and a […]",ebony.com,2025-10-06,Books,,https://www.ebony.com/misty-copeland-new-doors-final-bow-american-ballet-theatre-interview/
CultureCon 2025 Was a Runway: Here’s Who Understood the Assignment,"CultureCon has never been just about panels or photo ops. It’s the intersection where conversation meets culture, and this year proved that once again. Set against the Brooklyn Navy Yard’s creative hum, CultureCon 2025 turned into a live runway. From creators to celebs, everyone pulled up ready to make a statement, and trust, the fits […]",ebony.com,2025-10-06,Fashion,,https://www.ebony.com/culturecon-2025-black-creativity-style-brooklyn/
Unlocking Insights: What CultureCon is Really Like for a First Time Attendee,"When it comes to conventions and networking events, it can be really nerve-racking and anxiety-inducing. You could have a stream of thoughts take over: What should I wear? Should I go alone? Am I going to find a job here? How crisp should my content be? This year, I got to see what’s behind the […]",ebony.com,2025-10-06,Education,,https://www.ebony.com/unlocking-insights-culturecon-2025-new-york-first-time-attendee/
Meet the Executives Who Literally Run the World With a Purpose,"Mamie Coleman and Towalame Austin are entertainment industry executives who built a sisterhood through running across the world. In August, they ran their seventh World Major, the TCS Sydney Marathon in Australia, which puts them in an elite club. Very few people have earned that distinction, but Coleman and Austin have. At the same time, […]",ebony.com,2025-10-03,Health,,https://www.ebony.com/executives-running-enthusiasts-purpose/
Michelle Williams and Andra Day Offer Hope With Gripping Performance at the U.N. — EBONY First Look,"A holy spirit covered Michelle Williams and past EBONY cover star Andra Day as they walked through the halls of the United Nations ahead of the 80th General Assembly. Wrapped in prayer, the Grammy-winning songstresses joined forces for a special performance of Day’s “Rise Up” in front of global leaders and dignitaries. EBONY has the […]",ebony.com,2025-10-03,Culture,,https://www.ebony.com/michelle-williams-andra-day-un-video-performance-ebony-first-look/
"The Wrap-Up: Kerry Washington’s Double Duty, Tyler James Williams’ Candid Collab, BTU & BAFTA Celebrate and More","Kerry Washington was New York City #outside — with outfits to boot — to kick off Culture Con weekend. She was mad for plaid for the launch party of The Prophecy Season 2 at Harlem Parish, hosted by Audible, a Culture Con partner. She then worked a silky necktie blouse for the Reasonable Doubt Panel + “Reasonably […]",ebony.com,2025-10-03,Celebrity,,https://www.ebony.com/the-wrap-up-kerry-washington-tyler-james-williams-bafta-btu-karli-redd-albie-awards/
Yesenia Moises’ Children’s Books Lets Afro Latino Kids See Themselves Fully Reflected,"There’s something about seeing yourself on the page: a story that captures your hue and speaks to your existence can change your life, especially during those influential childhood years. But what if those images don’t readily exist for your Brown skin? Latino youth make up nearly 30% of U.S. public school students, but Latino authors […]",ebony.com,2025-10-03,Books,,https://www.ebony.com/yesenia-moises-afro-latino-childrens-books/
The Weeknd Submits Latest Album to Grammys; Drake on Ballot for ‘Some Sexy Songs 4 U’ — EBONY Exclusive,"Former Grammy boycotters could be up for major accolades in 2026 from the 68th GRAMMY Awards: The Weeknd has submitted his latest album, while Drake is on the ballot for his collaborative project with PartyNextDoor. Sources tell EBONY that The Weeknd submitted Hurry Up Tomorrow for more than a dozen honors, including the major three […]",ebony.com,2025-10-03,Entertainment,,https://www.ebony.com/grrammy-submissions-2026-the-weeknd-album-drake-some-sexy-songs-4-u-ebony-exclusive/
The Ultimate HBCU Homecoming Travel Guide,"October is here, and while it’s a time for pumpkin spice anything and cozy fragrances, it’s also another important occasion: HBCU homecoming season. If you ask anyone who attended an HBCU, they’ll tell you that this is their Super Bowl, whether you’re a freshman or a seasoned alum who is celebrating your 10th anniversary. This is […]",ebony.com,2025-10-03,Life,,https://www.ebony.com/ultimate-hbcu-homecoming-travel-guide/
Sean “Diddy” Combs Sentenced,"Sean “Diddy” Combs has been sentenced. Judge Arun Subramanian handed down a sentence of 50 months, just over four years, in his New York City court on October 3. The sentence includes time already served, which amounts to 12 months, meaning Combs is expected to remain in prison for the next three years. Combs also […]",ebony.com,2025-10-03,News &Amp; Politics,,https://www.ebony.com/diddy-convicted-sex-trafficking-trial-verdict/
Are Men America’s Greatest Threat? The Radicalization Behind Gun Violence,"Every weekend now we watch America unravel in bullets and breaking news alerts. A church in Michigan set ablaze by a veteran with a rifle. A waterfront bar in North Carolina turned into a shooting gallery. A 16-year-old in Colorado walking into school with enough ammo for a small war. And recently, the assassination of […]",ebony.com,2025-10-03,Opinion Articles,,https://www.ebony.com/radicalization-of-men-gun-violence-america/
ICE Raids Take Chicago by Storm as Enforced by the Trump Administration,"In the latest installment of the Trump Administration’s campaign of domestic invasion of U.S. cities, Chicago is the latest target. The Chicago Sun-Times reported that various federal agencies including Immigration and Customs Enforcement (ICE), the Federal Bureau of Investigation (FBI), the Department of Homeland Security (DHS), Border Patrol, and the Bureau of Alcohol, Tobacco, Firearms, […]",ebony.com,2025-10-03,News &Amp; Politics,,https://www.ebony.com/ice-raids-chicago-as-enforced-by-the-trump-administration/
From the Stage to the Screen: Woody McClain Defines His Career On His Own Terms,"It’s hard to describe Woody McClain, one of Hollywood’s brightest talents, with just one role: he’s a leading man, an online sketch comedy sensation and a pro dancer, to name a few. No matter how he’s made his way to your screen, it’s clear that the multi-talented star is not slowing down any time soon, […]",ebony.com,2025-10-02,Entertainment,,https://www.ebony.com/woody-mcclain-career-moments/
Woody McClain is Calling for Community as He Campaigns for His New Romantic Comedy,"In an era where content is king and social media reigns supreme, Woody McClain stands out not just as an entertainer but as an example of self-advocacy for young creatives. This October, we celebrate the multi-talented star on the cover of EBONY, delving into his HBCU roots, Hollywood journey and an ambitious new project: a […]",ebony.com,2025-10-02,Entertainment,,https://www.ebony.com/woody-mcclain-kickstarter-romantic-comedy/
Air Max 95 Meets the Yard: When Sneakers Carry Legacy,"Some sneakers are about hype. Others are about heritage. The Nike Air Max 95 “Yardrunners HBCU Pack” lands firmly in the latter. This is not just another retro drop dressed up for resale. It is a cultural postcard stamped from the yard, laced in history, pride and memory. Spelman, Morehouse, Florida A&M and Norfolk State […]",ebony.com,2025-10-02,Fashion,,https://www.ebony.com/air-max-95-meets-the-yard-when-sneakers-carry-legacy/
Taraji P. Henson Joins Tyler Perry’s ‘Why Did I Get Married Again?’ A Refresher on the First Two Films,"Taraji P. Henson, who gave a searing performance in Perry’s film Straw earlier this year, is joining one of his long-running franchises, the Why Did I Get Married? world. The Academy Award-nominated actress is joining the cast of Why Did I Get Married Again?, the third installment of the film series. The film will feature her […]",ebony.com,2025-10-02,Entertainment,,https://www.ebony.com/taraji-p-henson-tyler-perry-why-did-i-get-married-again-first-two-films-explained/
"The State of US: Government Shutdown, Kamala Harris Book Tour and Mayor Eric Adams Ends Re-election Bid","What you Need to Know: The U.S. government entered a shutdown early Wednesday after the Senate failed to overcome a filibuster and pass a stopgap funding bill. The chamber rejected a GOP-backed continuing resolution, 55–45, well short of the 60 votes needed. Senate Democrats withheld their support, demanding an extension of Affordable Care Act subsidies […]",ebony.com,2025-10-01,News &Amp; Politics,,https://www.ebony.com/state-of-us-government-shutdown-kamala-harris-book-tour-nyc-mayor-drops-out/
Here’s Everything to Know About the Government Shutdown,"The US government officially shut down at midnight after Congress and the White House failed to reach an agreement on extending federal funding. This is the first government shutdown since 2018, during Trump’s first term, which lasted 35 days and extended into early 2019, becoming the longest shutdown in history. Currently, there is no clear […]",ebony.com,2025-10-01,News &Amp; Politics,,https://www.ebony.com/everything-to-know-government-shutdown/
Intimacy as Luxury: Louis Vuitton’s Spring Summer 2026 Collection Celebrates the Art of Dressing for Oneself,"Louis Vuitton staged its Spring Summer 2026 show in the summer apartments of Anne of Austria, and the collection felt like a love letter to the private rituals of dressing. Instead of chasing spectacle, Nicolas Ghesquière leaned into intimacy, exploring what it means to dress when no one else is watching. The result was a […]",ebony.com,2025-10-01,Fashion,,https://www.ebony.com/intimacy-as-luxury-louis-vuittons-spring-summer-2026-collection-art-of-dressing-for-oneself/
From Puerto Rico to the Super Bowl: Bad Bunny May Confront America on Its Biggest Stage,"Benito Antonio Martínez Ocasio has built his career like a masterclass in disruption. He is a cultural architect and a man who refused to play by the rules of the mainstream music industry, yet still became the most-streamed artist in the world for three consecutive years, according to Spotify. He is equal parts pop star and […]",ebony.com,2025-10-01,Culture,,https://www.ebony.com/bad-bunnysuper-bowl-lx-will-he-confront-america-biggest-stage/
The Watch List: TV Shows You Can’t Miss This October,"The air feels nippy, and we’re ordering our lattes sans ice. Fall is here with a crisp lineup of dramas, comedies, thought-provoking documentaries and can’t-miss specials across TV and streaming. Grab your remote and a cozy blanket and settle in for these shows you won’t want to miss. Abbott Elementary, October 1 (ABC): School is […]",ebony.com,2025-10-01,Entertainment,,https://www.ebony.com/tv-shows-to-watch-october/
"Why ‘Reading Rainbow’ Is More Than just a Series Reboot, It’s a Cultural Reset","You remember it: turning on the television and seeing host LeVar Burton’s brighter-than-life smile as we were instructed to, “Take a look, it’s in a book… a Reading Rainbow!” Reading Rainbow brought stories to life that helped us see ourselves in their pages. The series taught us to be curious and cherish the diversity and […]",ebony.com,2025-09-30,Entertainment,,https://www.ebony.com/reading-rainbow-digital-series-return-cultural-reset/
Meet Two Artists Transforming Lives with Scalp Micropigmentation,"There’s nothing more devastating than losing your hair strands; it’s a debilitating experience. While there are options to try to fix the situation, from topical/oral solutions and surgery, to becoming a beautiful baldie, they don’t work for everyone. As a person who personally suffers from alopecia and has tried just about everything, I’ve always said I […]",ebony.com,2025-09-30,Health,,https://www.ebony.com/scalp-micropigmentation-women-of-color/
Weaving Legacy: Louise Trotter’s Harmonious Debut at Bottega Veneta’s 60th Anniversary,"On the eve of its 60th anniversary, Bottega Veneta took the stage with a collection that was less about spectacle and more about rhythm—the steady pulse of craft, culture and connectivity. Louise Trotter’s debut was both reverent and daring, a meditation on what happens when Italian rigour collides with New York energy: Milanese essentialism and […]",ebony.com,2025-09-30,Fashion,,https://www.ebony.com/louise-trotter-harmonious-debut-bottega-venetas-60th-anniversary/
The Oxford English Dictionary Added These New Caribbean Words,"The Oxford English Dictionary recently added 12 new Caribbean words, which not only acknowledge the significance of Caribbean lexicon but also emphasize the ongoing influence of Caribbean culture on global English. The Caribbean is a melting pot of languages, histories and traditions. Among the new entries, words like “bobolee” and “pholourie” showcase the cultural practices […]",ebony.com,2025-09-30,Education,,https://www.ebony.com/oxford-dictionary-caribbean-words/
Latest Sexual Assault Case Reopening At HBCU Sparks Conversations Of Accountability On Campuses,"The 2019 sexual assault case initially filed by Hampton Alumna, Nupol Kiazolu, made headlines earlier this month after being reopened, and has since sparked a new conversation surrounding how these types of cases are handled on HBCU campuses. As a survivor and activist, Kiazolu has made it a point to be very vocal on her […]",ebony.com,2025-09-30,News &Amp; Politics,,https://www.ebony.com/nupol-kiazolu-sexual-assault-case-hbcu-reopens/
Elevated Normalcy: MM6 Maison Margiela’s Spring/Summer 2026 Redefines Everyday Fashion on the Runway,"Fashion loves to pretend it’s above the street, but MM6 Maison Margiela knows the street has always been the runway. For Spring/Summer 2026, they literally painted the pavement white and let the models stride through, in what looked like elevated normalcy. Only, as always with Margiela, the normal is never quite what it seems. The […]",ebony.com,2025-09-30,Fashion,,https://www.ebony.com/elevated-normalcy-mm6-maison-margielas-spring-summer-2026-redefines-everyday-fashion/
Jil Sander Spring/Summer 2026: Minimalism Redefined with Precision and Control,"Jil Sander’s Spring/Summer 2026 show was quiet on the surface but cut like a knife underneath. Minimalism is back in the chat, but not the sleepy kind. This was minimalism with teeth. Simone Bellotti staged it in the brand’s Milan headquarters, once a cinema, now stripped bare with a single black arc slicing across the […]",ebony.com,2025-09-29,Fashion,,https://www.ebony.com/jil-sander-ss26-milan-fashion-week/
Could LaKeith Stanfield Be the Next James Bond?,"LaKeith Stanfield, who’s starring in the upcoming new Prime Video series Play Dirty, already knows what he’d like his next role to be. Asked if he’d ever take on James Bond, a part rumored to be going to the likes of Henry Cavill or Aaron Taylor-Johnson, the past EBONY cover star paused, then smiled: “Yes. […]",ebony.com,2025-09-29,Entertainment,,https://www.ebony.com/lakeith-stanfield-play-dirty-james-bond/
"Passing Down Style: Heirlooms, Vintage and Family Fashion Traditions","Growing up, my Aunt Annette was one of my favorite fashionistas in my family. I took any opportunity to raid her closet, whether it was shoes, purses or jewelry; I wanted to leave with something, because she always seemed so put together and stylish that I needed to take a piece of her with me […]",ebony.com,2025-09-29,Family,,https://www.ebony.com/fashion-heirlooms-generational-style/
Versace Spring/Summer 2026: A Bold Reawakening of Elegance and Defiance,"The Versace Spring/Summer 2026 collection arrives not as a whisper but as a charged exhale dripping in the contradictions that have always made the house magnetic. In the intimate chambers of Milan’s Pinacoteca Ambrosiana the show set the tone, an encounter between nobility and irreverence between polished Italian classicism and the streetwise spirit that Gianni […]",ebony.com,2025-09-29,Fashion,,https://www.ebony.com/versace-ss26-milan-fashion-week/
The ASU Honey Beez Give the Perfect Reaction to FAMU Controversy,"The Honey​ Beez, Alabama State University’s plus-sized dance troupe, are known for tearing it up the field while performing their intricate routines and receiving raucous reactions from the crowds. They effortlessly rep body positively as they drop into dips, splits and spins. It’s no surprise, then, how this HBCU-based team has reacted to a recent […]",ebony.com,2025-09-29,Culture,,https://www.ebony.com/asu-honey-beez-respond-famu-comment/
Prada Spring/Summer 2026: Body of Composition,"At Prada, a dress is never just a dress. For Spring/Summer 2026, Miuccia and Raf staged a meditation on clothing as composition, cutting through the noise of modern culture to ask what remains when all is stripped back. The show was titled “Body of Composition,” and true to its name, it played with how garments […]",ebony.com,2025-09-26,Fashion,,https://www.ebony.com/prada-ss26-milan-fashion-week/
Assata Shakur — the Legacy of a Defiant Freedom Fighter,"Freedom Fighter. Fugitive. Assata Shakur. Shakur, an American rebel whose activism and identity polarized a nation, has died. A fearless advocate and revolutionary whose life was devoted to the fight for Black liberation and social justice, through her writing and actions, she challenged systems of oppression and inspired generations to demand freedom, truth and dignity. […]",ebony.com,2025-09-26,Culture,,https://www.ebony.com/assata-shakur-dead-dies-cuba-exile-78/
Cuffing Season Just Got a Playlist – Editor’s Picks,"Fall marks not just a change in the weather but also an exciting season for music lovers looking to add new cozy hits to their playlists. With a bunch of new releases, this time of year is the perfect opportunity to refresh your playlist with some new bops. From Mariah Carey, who just dropped her […]",ebony.com,2025-09-26,Entertainment,,https://www.ebony.com/fall-2025-new-music-releases/
"The Wrap-Up: Mariah Carey and PartyOf2’s Bring the Beats, LaQuan Smith Styles, Tamar Braxton Leans In and More","She’s back! Mariah Carey’s new album “Here For It All” is out for the world to hear on September 26. After taking a few years away, this new project centers on her faith and what fills her cup. In celebration of this release, Apple Music launched its new series “Flowers” this week, where Carey was […]",ebony.com,2025-09-26,Celebrity,,https://www.ebony.com/the-wrap-up-mariah-carey-partyof2-laquan-smith-tamar-braxton/
"September was Full of Beauty Launches From YSL Beauty, Cetaphil and More!","September was a standout month for beauty drops. From skincare game-changers to glow-giving makeup staples, each launch pushed boundaries. Whether it was a multitasking mask that hugs your face, a shimmery glow SPF, or a hybrid gloss that plumps while it shines, these products didn’t just show up; they made you sit up and take […]",ebony.com,2025-09-26,Beauty,,https://www.ebony.com/september-2025-beauty-launches/
How the Founder of TutorD is the Helping Students Find Their Learning Styles,"As a first-generation college student, Brandon Bailey had to navigate the world of education through much trial and error, which most students experience when they go to school and take their education into their own hands. From receiving guidance from family members to witnessing the different educational paths within his family, it showed him the […]",ebony.com,2025-09-26,Education,,https://www.ebony.com/tutord-app-back-to-school-black-students/
Fendi SS26 Turns Summer Into a Pixelated Dream of Color and Craft,"Fendi staged summer like a dream rendered pixel by pixel. Silvia Venturini Fendi called it a study in ease and romantic elegance, though what unfolded on the runway felt more like a kaleidoscope cracked open. Marc Newson set a pulsating field of color that looked half digital glitch, half psychedelic painting—made the perfect backdrop for […]",ebony.com,2025-09-25,Fashion,,https://www.ebony.com/fendi-ss26-milan-fashion-week/
"Poet Tiriq Rashad Explores Grief, Infant Loss And Vulnerability In New Music","Life can be overwhelming, but Tiriq Rashad has learned how to navigate its ebbs and flows by leaning heavily on the power of spoken word and literature. The author and poet recently released “No Regrets,” a single from his recently released EP, when the heArt Speaks, as a tribute to his late brother, mother and […]",ebony.com,2025-09-25,Entertainment,,https://www.ebony.com/tiriq-rashad-when-the-heart-speaks-ep/
Loro Piana SS26 Brings Quiet Luxury Into Full Color,"Loro Piana doesn’t scream. It whispers. But for Spring/Summer 2026, the whisper comes with a little color therapy. This season is less about subtle flex and more about mastering the language of hues the way the house has always mastered its fibers. Think cashmere, silk and Merino wool reimagined in a kaleidoscope of sandy neutrals […]",ebony.com,2025-09-25,Fashion,,https://www.ebony.com/loro-piana-ss26-milan-fashion-week/
Backstage Beauty Secrets for Sensitive Skin from NYFW Makeup Artists,"For many creatives in the fashion and beauty industry, New York Fashion Week is the moment for layering. Whether it’s layering on accessories, garments or fierce makeup looks, you can never do too much at NYFW —if you don’t have sensitive skin, that is. With jam-packed days booked with fashion shows, late-night after parties and […]",ebony.com,2025-09-25,Education,,https://www.ebony.com/nyfw-sensitive-skin-beauty-tips/
Black Theatre United Co-Founder Tamara Tunie Celebrates Five Years With Star-Studded 2025 Gala,"With its inception in 2020—a year of racial reckoning—Black Theatre United (BTU) dedicated itself to increasing access, opportunity, accountability and equity within the American theatre industry. Now, as our liberties and equality seem to be shrinking, the non-profit is not backing down; instead, it is standing even stronger on its advocacy. “BTU exists as a resonating […]",ebony.com,2025-09-25,Culture,,https://www.ebony.com/black-theatre-united-5th-anniversary-gala-2025/
Why Breast Health Should Be Your New Non-Negotiable Routine,"While brushing my teeth every night may not be the secret to saving the world, I know, at the very least, it is helping maintain a degree of health for myself that is invaluable. And while I, more often than not, never feel like doing it—I still do it. We all have those “things” that […]",ebony.com,2025-09-25,Health,,https://www.ebony.com/breast-self-exam-black-women-early-detection/
Diesel’s Urban Egg Hunt: A Playful Revolution Redefining Fashion’s Front Row,"Diesel doesn’t just want you to look at clothes this season—it wants you to play. Glenn Martens staged what might be fashion’s most democratic stunt yet: a citywide egg hunt across Milan. Fifty-five looks, each trapped inside oversized transparent eggs, were scattered like futuristic Easter finds, forcing the city to turn itself into Diesel’s front […]",ebony.com,2025-09-24,Fashion,,https://www.ebony.com/diesel-ss26-milan-egg-hunt/
How Victoria Monét Wound Up in ‘The Melon Patch’ — EBONY Exclusive,"Sounds from The Melon Patch just got a whole lot sweeter: Victoria Monét has officially joined the CoComelon family! The GRAMMY-winning R&B artist has stepped inside its colorful world as the first guest on its latest series, and it’s the perfect way for her to bring more music, education and fun into her 4-year-old’s life. […]",ebony.com,2025-09-24,Entertainment,,https://www.ebony.com/victoria-monet-joins-cocomelon-the-melon-patch/
Tyler Lepley On Being a True Man Like Boaz,"What is the essence of a man in a good relationship? According to Tyler Lepley, who plays Boaz in the new film Ruth & Boaz, it’s being authentic, respectful and capable of unconditional love. “Boaz is the opposite of where we’re at or where I see a lot of people at today. He’s not transactional […]",ebony.com,2025-09-24,Entertainment,,https://www.ebony.com/ruth-and-boaz-tyler-lepley-serayah-mcneill-netflix/
"The State of US: Trey Reed’s Family Demands Answers, Emmett Till’s Cousin Runs for Senate, and Mayors Chart a New Path at Delta Fest","What You Need to Know: This week, questions over the death of Trey Reed have sparked calls for an independent investigation after his family stated they felt misled about his death. Also in Mississippi, Priscilla Williams-Till—cousin of Emmett Till—is entering the Senate race, aiming to transform family legacy into political power. And across the Deep […]",ebony.com,2025-09-24,News &Amp; Politics,,https://www.ebony.com/the-state-of-us-trey-reed-death-priscilla-williams-till-senate-delta-fest/
Emilia Wickstead SS26: Mapplethorpe’s Dark Romance Reimagined,"For Spring/Summer 2026, Emilia Wickstead takes us somewhere unexpected. The designer turned to Robert Mapplethorpe, whose photography has always lived in contradiction—florals as erotic as flesh, portraits as sharp as sculpture. Wickstead doesn’t quote him directly but channels his energy, translating those tensions into a collection that balances elegance with a flicker of danger. Take […]",ebony.com,2025-09-24,Fashion,,https://www.ebony.com/emilia-wickstead-ss26-mapplethorpe/
Unlocking Insights: Meet the Brains Behind Generation Connect,"In the wake of her stepfather’s passing, Candace Walker found herself navigating grief while simultaneously discovering an unexpected source of connection between her mother and preteens. She leaned on her kids to help her with tasks like operating the television remote or learning to use a smartphone, which suddenly became vital bridges to intergenerational bonding. […]",ebony.com,2025-09-24,Education,,https://www.ebony.com/candace-walker-generation-connect-intergenerational-tech/
Keith Lee and Microsoft Help Businesses Beat Burnout with ‘The Reheat’ Season Two,"When it comes to restaurants, the Keith Lee effect is real. When the creator and food critic reviews your spot, the business booms tenfold, from lines around the block to sales soaring. “It’s an honor, man, I always say it’s not me, it’s God. I just be eating the food, and I’m blessed enough to […]",ebony.com,2025-09-24,Dining,,https://www.ebony.com/keith-lee-the-reheat-season-two/
Celebrating ‘A Different World’ 38 Years Later: The Cast on the Show’s Cultural Impact,"It’s been 38 years since A Different World burst onto TV screens on September 24, 1987, giving us all real insight on what it was like to attend the fictional HBCU known as Hillman College. Now that the series is gearing up for its reboot in 2026, in the capable hands of its former producer […]",ebony.com,2025-09-24,Culture,,https://www.ebony.com/the-cast-of-a-different-world-cast-on-the-shows-cultural-impact/
John Richmond SS26 Brings Culture Vulture to Life With Rock-Goth Glam,"For SS26, John Richmond didn’t just show clothes—he staged a rebellion. “Culture Vulture” isn’t a runway, it’s a fever dream. Three nights. Three cities. London, Milan, Paris. The club becomes the catwalk, the crowd the chorus, and the collection a sermon on style’s eternal refusal to sit quietly in the corner. London set the tone […]",ebony.com,2025-09-23,Fashion,,https://www.ebony.com/john-richmond-ss26-culture-vulture/
"Burberry Summer 2026: Daniel Lee’s Festival of Trenches, Suits and Sound","The Burberry Summer 2026 collection lands like a live set you didn’t know you needed but can’t stop replaying. Daniel Lee leans into the marriage of sound and style, reminding us that the UK’s music scene isn’t just about what you hear—it’s about what you wear when the bass drops and the lights cut. Think […]",ebony.com,2025-09-23,Fashion,,https://www.ebony.com/burberry-summer-2026-lfw/
5 Movies to Watch that Are Libra-Coded,"Libra season is here! Symbolized by scales, this seventh sign of the Zodiac is all about harmony, beauty and love, with a little indecision and duality tossed in for good measure. Those qualities are found across Black-led movies, including the latest from Omar Sy, who produced and stars in French Lover, which aptly premieres on […]",ebony.com,2025-09-23,Entertainment,,https://www.ebony.com/libra-season-black-led-movies/
Tabitha Brown’s Comments on Entrepreneurship Spark Controversy on Back Up Plans,"Actress & business owner, Tabitha Brown took to social media earlier this month to provide followers with what she believed was sound advice on seeking other forms of income as an entrepreneur. While well intentioned, her perspective has received major backlash. Many believe her comments were in some way insensitive and discouraging to entrepreneurs while […]",ebony.com,2025-09-23,News &Amp; Politics,,https://www.ebony.com/tabitha-brown-entrepreneurship-hustle-culture/
"Demna’s Gucci Debut Begins With La Famiglia, A Celebration of Pleasure and Power","Demna’s first statement for Gucci doesn’t tiptoe. “La Famiglia” arrives as his unapologetic debut, a collection that’s sexy, extravagant and intentionally unruly. It’s the designer planting a flag, making it clear that this is the beginning of a new Gucci dialect. Gucci has always been a family affair, but “La Famiglia” feels like the brand […]",ebony.com,2025-09-23,Fashion,,https://www.ebony.com/gucci-la-famiglia-demna-debut/
UrbanWorld Film Festival and Black Girls Rock! Join Forces for Powerful New Partnership—EBONY Exclusive,"The Urbanworld ® Film Festival and BLACK GIRLS ROCK! ®, founded by visionaries Stacy Spikes and Beverly Bond, respectively, have come together to forge a new path in representation, creativity and cultural enrichment. The two groups have joined forces for the first time, infusing the 29-year-old film festival with BLACK GIRLS ROCK!’s commitment to nurture, […]",ebony.com,2025-09-23,Culture,,https://www.ebony.com/urbanworld-black-girls-rock-film-festival-partnership/
Federal Reserve’s Lisa Cook Continues To Advocate For Her Job After Trump’s Attempt To Fire Her,"After becoming the first Black woman to sit on the Federal Reserve board, Lisa Cook continues to fight to keep her job after President Trump announced her firing in August of this year, as a result of accusing her of mortgage fraud, which was found to have occurred before her time in the role. Though […]",ebony.com,2025-09-23,News &Amp; Politics,,https://www.ebony.com/lisa-cook-trump-federal-reserve-supreme-court/
Keke Palmer Uses Her Movies To Explain Why She’s Not Ready to Be a Cougar,"Keke Palmer may be single and ready to mingle, but she does have some parameters on the type of man she’s looking for. She’s shared a hilarious explanation of why she’s not ready to be considered a “cougar” in the dating world, and it’s all based on a crafty math-to-movie ratio. Over the weekend, Palmer […]",ebony.com,2025-09-22,Celebrity,,https://www.ebony.com/keke-palmer-not-a-cougar-tiktok/
AI Music Artist Xania Monet’s Multi-Million Dollar Record Deal Creates Controversy,"Xania Monet, an AI music artist backed by Timbaland, signed a $3M deal after Billboard chart success, fueling heated debates from Kehlani, SZA and other artists. Telisha Jones, a woman who used artificial intelligence to create an image with the controversial AI music tool Suno, supported by industry heavyweight Timbaland, has signed a recording deal […]",ebony.com,2025-09-22,Entertainment,,https://www.ebony.com/xania-monet-ai-artist-record-deal/
Stitching Love Into Fashion: Patrick McDowell’s Intimate Tribute in The Lancashire Rose Collection,"Patrick McDowell isn’t just designing clothes anymore. For Spring/Summer 2026, the London-based designer unveiled “The Lancashire Rose,” his most intimate collection yet and a love letter to the grandmother who first taught him to thread a needle on her 1950s sewing machine. Presented inside Battersea Power Station’s restored Control Room A, the setting mirrored McDowell’s […]",ebony.com,2025-09-22,Fashion,,https://www.ebony.com/patrick-mcdowell-ss26-lancashire-rose-lfw/
How to Curate Your New Fall Home Signature Scents This Season,"Fall has officially arrived, and it’s now the time to start sprucing up your home with those warm and cozy tones around the house, including the signature fall aroma. There’s a sense of nostalgia that comes with flavors and fragrances that remind us of evening fire sessions, impromptu visits with family and friends and the […]",ebony.com,2025-09-22,Home,,https://www.ebony.com/best-fall-scents-home-fragrance-ideas/
The Bags That Carried Me Through SS26 Fashion Week – Editor’s Picks,"This NYFW SS26 season pushed me to rethink my accessories game. My style and taste level are evolving, and bags have officially become a focal point of how I show up. On most days, I reached for bigger silhouettes—carryalls that could hold my everyday essentials and, most importantly, my work computer—because as a digital fashion […]",ebony.com,2025-09-22,Fashion,,https://www.ebony.com/fashion-editor-nyfw-ss26-bags/
Sylvia Rhone Ending Prestigious Run at Epic Records,"Sylvia Rhone, who has changed the face of the music industry with career-defining roles, will step down as Chair/CEO of Epic Records, effective at the end of the month, Billboard has revealed. She was promoted to the role in 2019. Rhones has consistently been celebrated for breaking barriers in the music industry and for developing and promoting major […]",ebony.com,2025-09-22,Entertainment,,https://www.ebony.com/sylvia-rhone-named-president-of-epic-records-981/
"Kahlana Barfield Brown’s Line, KBB by Kahlana, Marks a New Era of Ownership","For Kahlana Barfield Brown, fashion has always been about intentionality. The former editor turned entrepreneur has built a reputation for designing pieces that aren’t just stylish but wearable—clothes that make women feel pulled together without trying too hard. With her latest collection, she’s moving with even greater purpose: this time, the line is fully her […]",ebony.com,2025-09-20,Fashion,,https://www.ebony.com/kahlana-barfield-brown-kbb-fashion-launch/
"America, Pay Attention: Jimmy Kimmel’s Suspension Is Just A Dress Rehearsal","Preliminaries won’t serve us well this time; let’s call this what it is: censorship dressed up as corporate decision-making. Jimmy Kimmel didn’t get “suspended” because he went too far. He got shut down because he dared to say out loud what many were already thinking. The Trump administration and its allies flexed their muscle, and […]",ebony.com,2025-09-19,Politics,,https://www.ebony.com/jimmy-kimmel-trump-fcc-censorship-free-speech/
Pentagames: Jacques Agbobly’s Fashion Journey Through Childhood Memory and Resilience,"The designer Jacques Agbobly has a way of turning memory into material. His Spring/Summer collection, “Pentagames,” is stitched together from fragments of a childhood in Lomé, Togo—soccer under flickering streetlights, mancala carved into the earth, the heavy weight of oversized “abloni” clothes passed down, and the mix of joy and grief inside Bar Happy Land, […]",ebony.com,2025-09-19,Fashion,,https://www.ebony.com/jacques-agbobly-ss26-pentagames-nyfw/
"Big Freedia Embarks on a New Chapter of Music, Business and Legacy","In the heart of Nashville at Americana Fest, a familiar vibrancy entered the room as Big Freedia took the stage, captivating the crowd with her unmistakable energy. “I love Nashville because of the music scene,” she said backstage. “Nashville is known for its music and country styles and I’m just happy to be a part […]",ebony.com,2025-09-19,Entertainment,,https://www.ebony.com/big-freedia-americana-fest-nashville-2025/
Unveiling Artistry: Jason Wu’s Spring 2026 Collection Bridges Fashion and Installation,"Jason Wu’s Spring 2026 collection lands like a gallery show disguised as a runway. Teaming with the Robert Rauschenberg Foundation, Wu trades in brushstrokes for fabric scraps, transforming clothes into collaged compositions that walk the fine line between art installation and everyday wear. Rauschenberg’s Hoarfrost and Airport Suite works of the mid-70s were the starting […]",ebony.com,2025-09-19,Fashion,,https://www.ebony.com/jason-wu-ss26-rauschenberg-nyfw/
"Cardi B’s ‘Am I The Drama?’ Is a Raw, Unfiltered Diary of Fame","After seven long years, Cardi B is finally back with her highly anticipated sophomore album, Am I The Drama?, and it’s clear that this isn’t just a collection of songs; it’s a raw and unfiltered diary of her journey to fame. From the exhilarating highs of chart-topping hits ushering in a new era of female […]",ebony.com,2025-09-19,Entertainment,,https://www.ebony.com/cardi-b-am-i-the-drama-album-review/
The Wrap-Up: Stars and Sights of New York Fashion Week,"New York Fashion Week for Spring/Summer 2026 was a whirlwind of celebrity, fashion and innovation. Here are the stars and sights you couldn’t miss. It was a fashion playground for Love Island alum Olandria Carthen, who worked the front row circuit and worked the runway for Sergio Hudson. Timberland took over the Brooklyn Museum to […]",ebony.com,2025-09-19,Celebrity,,https://www.ebony.com/the-wrap-up-nyfw-ss26/
‘HIM’ Reimagines the Gridiron as Altar and the Athlete as Gods,"If you’re heading to the movies this weekend thinking, “Finally, another classic horror thriller like Get Out,”—nope, this ain’t that. HIM, directed by Justin Tipping and produced by Jordan Peele, may flirt with the psychological thriller label, but that barely scratches the surface. Under the stadium lights, the gridiron becomes an altar. Blood and sweat turn ritualistic. […]",ebony.com,2025-09-19,Entertainment,,https://www.ebony.com/him-movie-psychological-thriller-jordan-peele-marlon-wayans/
Sidewalk Runway: The Power of Spring/Summer 2026 Black Street Style at NYFW,"Spring/Summer 2026 Black street style proves once again that the sidewalk is the real runway. Outside the shows, the looks were less about following trends and more about bending them into something sharp, personal and undeniably rooted in culture. The fashion calendar may dictate what’s “in,” but on these streets, the season is whatever you […]",ebony.com,2025-09-19,Fashion,,https://www.ebony.com/black-street-style-ss26-nyfw/
"House of Aama Unveils “Folk Grounds,” A Celebration of Black Heritage and Sustainable Fashion","On sunny Sunday afternoon, House of Aama took over Nineorchard’s rooftop greenhouse for the debut of their Spring/Summer 2026 collection, “Folk Grounds.” Designed by mother-daughter duo Akua Shabaka and Rebecca Henry—storytellers, cultural archivists and designers—the show was soundtracked by ethereal Black folk songs from Minnie Riperton and Aretha Franklin. According to the show notes, “Folk […]",ebony.com,2025-09-19,Fashion,,https://www.ebony.com/house-of-aama-ss26-folk-grounds-nyfw/
Hurricane Katrina 20 Years Later: A Survivor Remembers,"I was in New Orleans for the premiere of Katrina: Come Hell and High Water, and it’s hard to put into words what it felt like to be in that room. Filmmakers, Netflix executives, the people whose faces and voices fill the series and fellow Katrina survivors sat together—laughing, crying and holding space for twenty years […]",ebony.com,2025-09-19,Culture,,https://www.ebony.com/netflix-katrina-come-hell-high-water-premiere/
Sergio Hudson’s Homecoming: A Celebration of Heritage and Glamour in Spring/Summer 2026 Collection,"Sergio Hudson came home this season. The brand’s Spring/Summer 2026 collection was a study in “cultural and artistic homecoming”. “Returning to roots really has a double meaning for me,” the designer explained in the show notes. “There’s African influence in the prints and the fabrications, but it’s also about going back to the bright colors […]",ebony.com,2025-09-18,Fashion,,https://www.ebony.com/sergio-hudson-ss26-homecoming-nyfw/
Christian Siriano Revives Hollywood Glamour with Stunning Spring Summer 2026 Collection at Macy’s Herald Square,"Christian Siriano transformed Macy’s Herald Square into his own couture salon for Spring/Summer 2026, draping satin panels woven throughout the runway to create an atmosphere of old-school glamour. The Project Runway alum—now returning as a mentor for the reboot— presented a collection of what he does best: evening wear. This year alone he’s given us […]",ebony.com,2025-09-18,Fashion,,https://www.ebony.com/christian-siriano-ss26-nyfw-glamour/
Jackson State Student Joel Murchison Builds AI Platform for Disaster Relief,"When Joel Murchison started his freshman year at Jackson State University, the Atlanta native felt that he had found his purpose in leaving a positive impact on others and solving the most complex problems he was facing: natural disasters. Whether it was tornadoes, snowstorms or a water crisis, he felt as though he was tired […]",ebony.com,2025-09-18,Education,,https://www.ebony.com/joel-murchison-rapidrelief-ai-disaster-relief/
Standing Strong for Wellness: Meagan Good to Join Jonathan Majors for an Intimate Conversation on Black Men’s Mental Health,"EBONY cover star Meagan Good is making sure her man is well taken care of body, mind and soul. She and husband Jonathan Majors, who have partnered on several projects to promote mental wellness, especially for Black men, have joined forces with Words of Wisdom to present a special night of healing, brotherhood and hope. View […]",ebony.com,2025-09-18,Celebrity,,https://www.ebony.com/meagan-good-jonathan-majors-black-mens-mental-health/
"Coach Spring 2026: The Grit and Glamour of New York, Bottled in Leather and Tulle","At Pier 36, Coach staged a love letter to New York with a Spring 2026 collection that was equal parts grit and gleam. Stuart Vevers framed it best: “For Spring, I thought about a delicate balance of polish and shine with grit, a pairing I think of as very New York.” The East River backdrop […]",ebony.com,2025-09-18,Fashion,,https://www.ebony.com/coach-ss26-nyfw-grit-gleam-new-york/
How This Gen Z Led Nonprofit is Carving Out Space for Black Women to be Future Leaders,"20-year-old Cherie Animashaun starts every morning juggling homework for her college courses at Cornell University with the responsibilities of leading her nonprofit, Her Rising. For its 5,000 student members and 90 chapters across the United States, Nigeria, Uganda and India, the Gen Z-led leadership organization seeks to provide a step-by-step guide to careers in policy, […]",ebony.com,2025-09-18,Education,,https://www.ebony.com/cherie-animashaun-her-rising-gen-z-leadership/
Head of State’s “If Heaven Could Talk” Collection Bridges Mythology and Modern Fashion,"This past Sunday, Head of State unveiled its latest collection, “If Heaven Could Talk, a body of work that fused mythology, memory and modern uniform into a contemporary language of dress. Designed by Taofeek Abijako, the collection, as the show notes explained, “is about listening to what was silenced. It’s about taking mythology out of […]",ebony.com,2025-09-18,Fashion,,https://www.ebony.com/head-of-state-ss26-if-heaven-could-talk-nyfw/
Remembering Robert Redford’s Must-See Movies from the 2025 Sundance Film Festival,"Robert Redford, the iconic actor and philanthropist, has died. He was 89. Known for his work in Butch Cassidy and the Sundance Kid and The Sting, Redford would go on to create an organization to champion independent voices in film in 1981. Four years later, he took over the U.S. Film & Video Festival, renaming […]",ebony.com,2025-09-17,Entertainment,,https://www.ebony.com/robert-redford-sundance-black-films-legacy/
How To Incorporate Prebiotic Soda Into A Balanced Diet,"Within the past few years, there has been an explosion of prebiotic drinks being advertised as good for the gut. Brands like Poppi, Olipop, Culture Pop and others have been touted as a healthier alternative to soda due to their low sugar profiles, benefits to gut health, high fiber content and good taste. However, let’s […]",ebony.com,2025-09-17,Health,,https://www.ebony.com/prebiotic-sodas-gut-health-truth/
"‘HIM’ Star Marlon Wayans Says, “You Have to Be Willing to Sacrifice” to Succeed","Blood, sweat and tears? Yeah, that’s the price you gotta pay if you want to achieve anything in this life, according to Marlon Wayans. “If you want to be successful, you have to be willing to sacrifice things. A lot of things,” he exclaimed to EBONY in our sit-down interview for his latest film, HIM. […]",ebony.com,2025-09-17,Entertainment,,https://www.ebony.com/marlon-wayans-jordan-peele-him/
Angels in America: Prabal Gurung’s Spring/Summer 2026 Collection as a Liturgy of Hope and Defiance,"Prabal Gurung doesn’t just design clothes, he builds sermons. For Spring/Summer 2026, the designer staged his own meditation on hope as rebellion, turning the runway into a cathedral of quiet defiance. Titled “Angels in America,” the collection drew from Nepal’s angel’s trumpet flower, a blossom that intoxicates with beauty yet warns of danger, blooming against […]",ebony.com,2025-09-17,Fashion,,https://www.ebony.com/prabal-gurung-ss26-angels-in-america-nyfw/
"The State of US: Trump Orders Removal of Slavery Exhibits, National Guard in Memphis, and Joseph McNeil’s Legacy Lives On","What You Need to Know: This week, America continues to attempt to hide its shameful history as President Trump orders slavery exhibits removed from national museums. While in Greensboro, North Carolina, civil rights hero Joseph McNeil was laid to rest, a reminder of the courage that once bent the arc of justice. And Memphis, Tennessee, […]",ebony.com,2025-09-17,News &Amp; Politics,,https://www.ebony.com/the-state-of-us-trump-slavery-exhibits-memphis-guard-joseph-mcneil/
Two Mississippi Deaths By Hanging Raise Alarm; Investigations Underway,"Mississippi authorities are investigating two separate deaths involving men found hanging Monday, incidents that critics say underscore growing concerns about political violence and demand greater transparency. Neither case is confirmed as a lynching, officials say. Early Monday, September 15, at about 7:05 a.m., Demartravion “Trey” Reed, a 21-year-old student at Delta State University, was found […]",ebony.com,2025-09-17,News &Amp; Politics,,https://www.ebony.com/mississippi-hanging-deaths-delta-state-vicksburg/
Lizzo Shares Why “The Golden Age of Music Videos is Over”,"Lizzo took to TikTok to share her thoughts on a shift in the music industry: the era of music videos is dead. She dived into how the traditional music video, once a career milestone for artists, seems to be losing its significance in the current popcorn digital space. “The golden age of the music video […]",ebony.com,2025-09-16,Entertainment,,https://www.ebony.com/lizzo-music-video-era-over-tiktok/
‘Reasonable Doubt’ — These 3 New Cast Members Are Gonna Rattle Jax’s Life in Season 3,"Reasonable Doubt returns this week, and we’re hearing this season is really going to have us hollering in the RD group chat. While storylines are always under tight wraps, what we do know is that Jax Stewart, played by Emayatzy Corinealdi, is dealing with a new client, a former child star who’s now all grown up with issues […]",ebony.com,2025-09-16,Entertainment,,https://www.ebony.com/reasonable-doubt-season-3-cast-premiere-hulu/
Resilience Amidst Ruins: Who Decides War’s Poignant Exploration of Decay and Renewal at NYFW,"Closing out Saturday night at NYFW, Who Decides War unveiled its 11th collection—a meditation on decay, reconstruction, and quiet renewal. Titled “Read the Room,” the collection identifies the quiet beauty that lingers in ruins, imagining new growth from what remains, according to the show notes. The show opened in charred blacks, dusty greys, woodgrain browns […]",ebony.com,2025-09-16,Fashion,,https://www.ebony.com/who-decides-war-fw25-read-the-room-nyfw/
CAMPILLO Spring/Summer 2026 – Repetition as Ritual,"At 180 Maiden Lane, with Manhattan’s skyline serving as its cinematic backdrop, Patricio Campillo unveiled Repetición, a Spring/Summer 2026 collection that stretched his vocabulary of charro tailoring and artisanal craft into new territory. CAMPILLO has always been about honoring Mexico’s traditions while questioning how they live in the present. This season, repetition became both subject […]",ebony.com,2025-09-16,Fashion,,https://www.ebony.com/campillo-ss26-repeticion-nyfw/
Tibi Spring 2026: Function Wears Its Own Elegance,"“Many things can be true at once,” Amy Smilovic said in the show notes. She was talking about life, but she might as well have been sketching the blueprint of her Spring 2026 collection. Tibi staged a conversation in clothes about contradictions that aren’t really contradictions at all. Brutalist edge softened by Bauhaus functionality. Grit […]",ebony.com,2025-09-16,Fashion,,https://www.ebony.com/tibi-spring-2026-brutalism-bauhaus-nyfw/
Off-White SS26: A Celebration of Black New York’s Thriving Culture and Style,"There’s no city that holds Black culture like New York. It’s the birthplace of disco, the amplifier of hip-hop, the spray can for graffiti, the home court for what we now call streetwear. In the 70s, those movements came alive in a city that was broke yet blooming, gritty yet giving, where expression became survival. […]",ebony.com,2025-09-15,Fashion,,https://www.ebony.com/off-white-ss26-nyfw-nyc-black-culture/
COS Autumn Winter 2025: Sharp Lines Meet Quiet Drama in Brooklyn,"By now, COS knows how to command a New York Fashion Week (NYFW) stage. The brand returned for its fourth September showing, taking over the Greenpoint Terminal Warehouse and transforming the raw industrial backdrop into a whitewashed cathedral of light. The set felt monastic yet modern, the kind of space where you’d expect both sermons […]",ebony.com,2025-09-15,Fashion,,https://www.ebony.com/cos-aw-25-nyfw-quiet-power/
Dive into Fantasy: L’Enchanteur’s Aquatic Debut at NYFW Spring/Summer ’26,"To open day one of NYFW Spring/Summer ’26, on a Thursday afternoon in Brooklyn, L’Enchanteur—designed by sister duo Dynasty and Soull Ogun—unveiled its debut ready-to-wear collection. The show was less a runway and more a portal into the mystical, layered world the Ogun sisters have been building. The co-ed collection dove headfirst into the aquatic. […]",ebony.com,2025-09-15,Fashion,,https://www.ebony.com/lenchanteur-nyfw-debut-ready-to-wear-2026/
Advisry’s FW25 Collection: Quiet Tension Loud Presence,"Advisry’s Fall/Winter 2025 collection walks like a whisper but lands like a sermon. Inspired by Éric Rohmer’s Four Moral Tales, it doesn’t shout for attention, it stares you down until you can’t look away. The clothes move with the kind of restraint that feels almost suspicious. Every hemline, every drape, every proportion is a moral […]",ebony.com,2025-09-15,Fashion,,https://www.ebony.com/advisry-fall-winter-2025-collection-nyfw/
What is Job Hugging? Everything to Know About This New Job Market Term,"With so many shifts happening in the job market, whether it’s mass layoffs or an oversaturated freelance market, the job economy is significantly different in an age of AI, company shifts, and a lack of job security. We’re now in the era of job-hugging, a new workplace trend where employees hold onto their current jobs, […]",ebony.com,2025-09-15,Life,,https://www.ebony.com/job-hugging-workplace-trend-2025/
RIDDIM: Theophilio’s Spring/Summer 2026 Collection Celebrates Caribbean Culture Through Fashion and Sound,RIDDIM is more than a collection; it’s a full-body frequency. It moves through you like bass from a dancehall speaker and stretches across memory like a road trip with your best friends. Edvin Thompson built this season out of moments where you leave a piece of yourself behind and carry your culture forward. Every look […],ebony.com,2025-09-15,Fashion,,https://www.ebony.com/theophilio-riddim-collection-nyfw-2026/
‘Surviving Paris’ by Robin Allison Davis: An Excerpt,"Imagine moving to a foreign country to experience an international lifestyle, only to discover that you have cancer. That’s what happened to journalist and television producer Robin Allison Davis when she moved to Paris in 2016. At age 34, she was diagnosed with the disease while living in the country. What followed was a journey […]",ebony.com,2025-09-15,Books,,https://www.ebony.com/robin-allison-davis-surviving-paris-breast-cancer/
Emmys 2025 Red Carpet: A Celebration of Bold Style and Black Hollywood Glamour,"The Emmys red carpet this year was anything but routine. For once it felt less like a parade of safe gowns and tuxedos and more like a living canvas of risk, personality and undeniable glamour. The arrivals came with energy, color and textures that reminded everyone why the red carpet is just as much a […]",ebony.com,2025-09-14,Fashion,,https://www.ebony.com/emmys-2025-red-carpet-a-celebration-of-bold-style-and-black-hollywood-glamour/
Tramell Tillman’s Historic Win and More Best Moments at the 77th Primetime Emmy Awards,"Tramell Tillman makes history, Sterling K. Brown rolls it out and Stephen Graham acknowledges his mixed-race heritage. Here are our best moments from the 77th Primetime Emmy Awards, held at the Peacock Theater in Los Angeles, California. Tramell Tillman Takes Home An Emmy First Tramell Tillman made history as the first Black man to win […]",ebony.com,2025-09-14,Entertainment,,https://www.ebony.com/best-moments-77th-primetime-emmy-awards/
The Shows With Emmy-Nominated Black Stars to Watch This Weekend,"The 77th Emmy Awards, airing live on September 14 on CBS and Paramount+, is serving up pure Black excellence on screen with Black stars nominated in nearly every acting category this year. Whether they were running point in the show’s leading roles, giving major assists in supporting or stealing scenes in the most memorable guest spots […]",ebony.com,2025-09-12,Entertainment,,https://www.ebony.com/emmy-awards-2025-black-nominees/
Harlem’s Fashion Row Turns Cipriani Wall Street Into Fashion’s Most Necessary Table,"Harlem’s Fashion Row isn’t just throwing parties anymore; it’s rewriting history. On September 9, 2025, the organization hosted its 18th Annual Fashion Show and Style Awards inside the storied Cipriani Wall Street, transforming the landmark into a runway, a reunion and a reminder of who really moves culture. The theme “This Is the Table” wasn’t […]",ebony.com,2025-09-12,Celebrity,,https://www.ebony.com/harlems-fashion-row-18th-annual-awards-nyfw/
The Wrap-Up: ‘Zatima’ and ‘The Long Walk’ Celebrate. ‘Kings Court’ Star Honored. Michael K. Williams Remembered.,"The cast of Tyler Perry’s Zatima took over Silverspot Cinema at The Battery Atlanta to celebrate the premiere of the show’s fourth season. BET+ hosted the cast and carpet, featuring series regulars Crystal Renee Hayslett, who plays the titular character Fatima, Devale Ellis, Nzinga Imani, Remington Hoffman, and Guyviaud Joseph, as well as recurring stars Ameer Baraka, Brandon […]",ebony.com,2025-09-12,Celebrity,,https://www.ebony.com/zatima-season-4-premiere-michael-k-williams-carlos-boozer-the-wrap-up/
Music to Close Out Summer Playlist – Editor’s Picks,"As summer draws to a close, the music scene is buzzing with fresh releases that perfectly capture the essence of the season. Artists across genres are dropping tracks that evoke nostalgia, joy, and the euphoric vibes of the last few days of summer. With soothing acoustic riffs and heartfelt lyrics, these tracks provide a soothing […]",ebony.com,2025-09-12,Entertainment,,https://www.ebony.com/new-music-friday-4batz-bia-coi-leray-metro-boomin/
"Walter Mosely’s ‘The Man in My Basement’ Is a Dark Descent Into Race, Heritage and Power","Two decades after its release, Walter Mosley’s The Man in My Basement comes to screen with Corey Hawkins, Willem Dafoe and Anna Diop in a chilling flim adaptation. Bringing The Man in My Basement, the 2004 philosophical novel by celebrated author Walter Mosley, has been two decades in the making. That’s when first-time film director Nadia […]",ebony.com,2025-09-12,Entertainment,,https://www.ebony.com/the-man-in-my-basement-walter-mosley-film/
Will Ego Nwodim’s Exit From ‘SNL’ Leave the Show Without a Black Female Cast Member?,"“Rich Auntie, No Kids” is leaving 30 Rock. Ego Nwodim, who has entertained Saturday Night Live viewers with her comedic prowess over seven seasons, has announced her departure from the late-night series. View this post on Instagram A post shared by Ego Nwodim (@eggyboom) The actress posted the news on her Instagram account. “The hardest […]",ebony.com,2025-09-12,Entertainment,,https://www.ebony.com/ego-nwodim-is-continuing-the-legacy-of-funny-black-female-voices-in-late-night-sketch-comedy/
"Sheryl Lee Ralph On Her Emmy Nomination, Her Future with ‘Abbott Elementary’ and Living the Fullest Life","If you happen to be in a car accident the day before you speak with Sheryl Lee Ralph, this goddess of a woman is going to put you at ease. “Give yourself some grace. I applaud you for even carrying on with this interview. Thank you very much,” she stated so eloquently to this frazzled […]",ebony.com,2025-09-11,Entertainment,,https://www.ebony.com/sheryl-lee-ralph-emmy-abbott-elementary-health/
Girlfriends turns 25: Celebrating the Lasting Impact of a Cultural Touchstone for Black Womanhood,"Twenty-five years ago, Girlfriends walked onto our screens and redefined what it meant to see ourselves messy, stylish complicated, brilliant and flawed on primetime television. Housed on UPN, the same channel that gave us Moesha and One on One, it was the crown jewel in a lineup that made Black primetime feel like home. Mara […]",ebony.com,2025-09-11,Entertainment,,https://www.ebony.com/girlfriends-25th-anniversary-mara-brock-akil/
Al Roker’s ‘Weather Hunters’ Aims To Teach Children How To Understand Climate Change,"Al Roker launched an animated STEM series on PBS Kids on Monday, and it’s adorable. The beloved TV host and weathercaster’s Weather Hunters is all about helping children understand how weather and climate impact people, communities and our global society. Weather Hunters is a new animated STEM series on PBS Kids that premiered on Sept […]",ebony.com,2025-09-11,Entertainment,,https://www.ebony.com/al-roker-pbs-kids-weather-hunters-stem/
Cardi B Announces Meet & Greet Dates to Buy Her Second Album,"It’s been seven years in the making, but Cardi B’s second album, Am I the Drama?, officially drops tomorrow. The woman who has said, “I work hard for my money,” is pulling out every stop to get people to plop down their cold-hard cash (or credit cards or mobile wallet) for her latest collection of […]",ebony.com,2025-09-11,Music,,https://www.ebony.com/cardi-b-am-i-the-drama-album-release-meet-and-greet/
HBCUs Respond to Terroristic Threats with Lockdowns,"Three Historically Black Colleges and Universities (HBCUs) underwent lockdowns in the morning hours of September 11 due to “terroristic threats.” The schools included Virginia State University in Ettrick, Virginia; Hampton University in Hampton, Virginia and Alabama State University in Montgomery, Alabama. Along with the cancellations of classes and non-essential activities, students and staff were instructed to shelter in place or evacuate […]",ebony.com,2025-09-11,News &Amp; Politics,,https://www.ebony.com/hbcu-lockdowns-virginia-alabama-september-11/
Brandon Maxwell SS26: A Decade of Dressing the Dream,"Brandon Maxwell, fashion designer, hit the ten-year mark, and instead of treating it like a coronation, he framed it like a thank-you note. “A decade ago, my mom asked me what it would take for me to consider my brand a success. ‘10 years,’ I told her. And here we are. That was quick.” His […]",ebony.com,2025-09-11,Fashion,,https://www.ebony.com/brandon-maxwell-10-years-nyfw-2025/
38 Black Creatives to Follow Ahead of Fashion Month,"Fashion month, especially the events that happen in September, always feels like back-to-school. The summer is over, and you’re able to reconnect with friends and other creatives you haven’t seen in months. Those who aren’t in the industry can experience the fun from their phones thanks to some of the top Black creatives and social […]",ebony.com,2025-09-11,Fashion,,https://www.ebony.com/38-black-creatives-to-follow-fashion-month/
Everything to Know About the Supreme Court Ruling for ICE,"The Supreme Court lifted restrictions that had banned the Trump administration from carrying out immigration raids in the Los Angeles area based on criteria such as speaking with an accent, speaking Spanish, or gathering in areas where certain people congregate, according to Politico. This ruling comes just on the heels of a previous ruling, earlier […]",ebony.com,2025-09-11,News &Amp; Politics,,https://www.ebony.com/supreme-court-ice-raids-los-angeles/
More Than a Network: Inside Melissa Fenton and CUP’s Mission to Empower Diverse Leaders,"Melissa Fenton believes in the adage, “A rising tide lifts all boats. One person can begin a movement and can galvanize others to shift systemic barriers.” As executive director of the Council of Urban Professionals (CUP), she’s committed to inspiring, elevating and empowering the diverse business and civic leaders of Next Gen. Under her leadership, […]",ebony.com,2025-09-10,Event Coverage,,https://www.ebony.com/melissa-fenton-cup-next-gen-leaders/
"The State of US: RFK Jr. Grilled in Senate, D.C. Takeover Ends, and Tuskegee Pilots Fly Again","What You Need to Know: This week, senators from both parties pressed Health Secretary Robert F. Kennedy Jr. to resign over his handling of vaccine policy and CDC leadership. In Washington, D.C., Trump’s 30-day federal police takeover came to an end amid large protests, while in Chicago, a new DHS operation sparked controversy over immigration […]",ebony.com,2025-09-10,News &Amp; Politics,,https://www.ebony.com/the-state-of-us-rfk-jr-senate-hearing-tuskegee-pilot-trump-dc-takeover/
Celebs With Alopecia Who Are Redefining Beauty,"Losing strands? It may not seem like a major medical crisis. But for many, seeing it coming out in fistfuls is more than just physical; it’s a draining mental toll. Studies show that Black Americans are one of the highest groups to lose their hair to numerous forms of alopecia, including traction, areata and Central […]",ebony.com,2025-09-10,Beauty,,https://www.ebony.com/black-women-alopecia-awareness-beauty/
Celebrating EBONY’S 2025 Power 100 List and Gala,"Uplifting Black voices, experiences, and successes have been at the core of EBONY’s legacy for 80 years. This year, as EBONY celebrates eight decades of dedication to the Black community, the 2025 Power 100 List continues that tradition by honoring Black artists, community crusaders, and leaders across industries. At this year’s gala on November 4, […]",ebony.com,2025-09-10,Culture,,https://www.ebony.com/ebony-2025-power-100-list/
What Roc Nation’s Potential Casino Bid Win Means for the Community of New York – EBONY Exclusive,"Roc Nation, Caesars Palace and SL Green are vying for one of three new gaming licenses in New York. Their goal is to transform the existing office building at 1515 Broadway into a state-of-the-art gaming and entertainment destination. As part of the bid, the collective has committed to donating $250 million over the next decade […]",ebony.com,2025-09-10,Gaming Articles,,https://www.ebony.com/roc-nation-times-square-casino-bid-250m-plan/
Instagram Launches a New Feature to Help College Students Connect,"Instagram has transformed into a pivotal platform for the college experience, from being in the know about campus events to simply making new friends each semester. Students can easily share experiences from various events, such as parties, club meetings, or academic conferences, helping them make core memories throughout the years. Now, Instagram is launching a […]",ebony.com,2025-09-09,Education,,https://www.ebony.com/instagram-college-student-directory/
"Black Fashion Fair’s NYFW Kickoff Panel Was a Lesson in Legacy, Longevity and Living Out Loud","New York Fashion Week (NYFW) always opens with spectacle, but this year Black Fashion Fair made sure the conversation started before the lights even hit the runway. Inside its NYFW kickoff panel, a packed house of designers, beauty founders, and industry editors traded stories that revealed what it really means to build, sustain and protect […]",ebony.com,2025-09-09,Beauty,,https://www.ebony.com/black-fashion-fairs-nyfw-kickoff-panel-was-a-lesson-in-legacy-longevity-and-living-out-loud/
Black Athletic Excellence Will Be On Display At The Toyota HBCUNY Classic,"For the fourth consecutive year, the Toyota HBCUNY Classic will be held at MetLife Stadium. The highly anticipated contest between Howard University and Morehouse College will take place on Saturday, September 13, 2025, where 50,000 fans are expected to attend the game. More than just another football game, “it’s a celebration of culture, excellence, and […]",ebony.com,2025-09-09,Sports,,https://www.ebony.com/black-athletic-excellence-will-be-on-display-at-the-toyota-hbcuny-classic/
Olandria Carthen Speaks On the Highs and Hardships of ‘Love Island’ and What Comes Next,"From Love Island drama to the 2025 VMAs red carpet fashion, Olandria Carthen reflects on resilience, representation and embracing her spotlight with authenticity. Love Island alum Olandria Carathen was glowing as she stunned on the red carpet at the 2025 Video Music Awards and then nestled in the BACARDÍ suite to sip on Moonwalk Mojitos […]",ebony.com,2025-09-09,Celebrity,,https://www.ebony.com/olandria-carthen-love-island-vmas-black-beauty/
Summer Walker Shares That She Isn’t a Fan of the State of R&B,"Summer Walker shared that she isn’t too keen on the current state of R&B. At the 2025 MTV Video Music Awards, the songstress was candid about her thoughts on the genre. “I don’t like it,” she shared with Complex. “Well, it’s no shade. I’m just an old-school girl.” It’s no secret that the state of […]",ebony.com,2025-09-09,Entertainment,,https://www.ebony.com/summer-walker-rnb-vmas-2025-comments/
First Black-Led Cast in ‘Cabaret’ on Broadway Ending Its Run,"The first Black-led cast to star in Cabaret at the Kit Kat Club on Broadway is ending its run early. Originally scheduled to play through October 19, the production has revealed that it will now end on September 21. Billy Porter, who had been playing the role of the emcee in the production, had to […]",ebony.com,2025-09-08,Entertainment,,https://www.ebony.com/black-led-cabaret-billy-porter-marisha-wallace-closes-early/
Support Is a Verb: Dr. Key’s Village Retail Takes Flight at the World’s Busiest Airport,"When the final paperwork was signed, Dr. Lakeysha “Dr. Key” Hallmon didn’t celebrate with champagne or confetti. She sat in her living room, quietly reflecting on the five-year journey of inquiries, rejections and relentless persistence that led to this moment. It was, in her words, a “quiet but profound celebration.” And then she picked up […]",ebony.com,2025-09-08,Life,,https://www.ebony.com/dr-key-hallmon-village-retail-atl-airport/
Unlocking Insights: Add These Founders to Your Career Mood Board,"For many Black professionals, the path to success is no longer confined to climbing the traditional corporate ladder. Increasingly, people are stepping into the role of founder by building businesses, launching brands and reclaiming the power of their ideas. This shift is about more than entrepreneurship; it’s about ownership. When we create our own ventures, […]",ebony.com,2025-09-08,Life,,https://www.ebony.com/black-founders-entrepreneurship-innovation-unlocking-insights/
The State of Black TV: Is Our Golden TV Age Gone For Good?,"It’s a common story among Black TV shows—unfinished endings, rushed attempts to wrap up storylines and cancellations after only a few seasons. The scenario can be traced back to the 1950s with The Nat King Cole Show, which notoriously struggled due to low viewership from white audiences and a lack of sponsors. Over the next […]",ebony.com,2025-09-08,Entertainment,,https://www.ebony.com/black-tv-history-seen-heard-issa-rae/
5 Quick Viral Meals That Will Keep You Prepped for the Week,"September symbolizes routine as the kids are back in school, your work calendars are filling up, and life is picking up speed. Still, eating well doesn’t have to mean burning through your wallet or spending hours in the kitchen every night. Meal prepping has become the ultimate hack where you cook once (or twice) and […]",ebony.com,2025-09-08,Dining,,https://www.ebony.com/budget-friendly-meal-prep-recipes-september/
Best Moments From the 2025 VMAs,"The 2025 Video Music Awards paid homage to the past, present and what’s to come on the music scene. Held at the UBS Arena in Elmont, New York, host extraordinaire LL Cool J took us through an electrifying array of musical performances and awards, featuring legends and the hottest new voices on the R&B and […]",ebony.com,2025-09-07,Entertainment,,https://www.ebony.com/2025-vmas-best-moments/
Olandria Carthen Brings Vaseline’s Glow to the VMAs Red Carpet,"When a Love Island breakout star makes her VMA red carpet debut, you expect a look that screams that girl. Olandria did just that, stepping into a new era with a glam moment that was high voltage yet impossibly smooth. This wouldn’t be called up a glow up because the girl has been glistening since […]",ebony.com,2025-09-07,Beauty,,https://www.ebony.com/olandria-carthen-brings-vaselines-glow-to-the-vmas-red-carpet/
"VMAs 2025 Fashion Highlights: Doja Cat’s Camp, Olandria’s Debut and Lenny Kravitz’s Rock God Energy","The 2025 VMAs red carpet is a living moodboard of spectacle, rebellion and throwback style, the kind of fashion parade that reminds you why this circus still matters. Every look told a story, from stripped-down streetwear to unapologetic glamour, creating a night where style felt just as headlining as the performances inside. Ayra Starr arrived […]",ebony.com,2025-09-07,Celebrity,,https://www.ebony.com/vmas-2025-fashion-highlights-doja-cats-camp-olandrias-debut-and-lenny-kravitzs-rock-god-energy/
Jabari Banks is Coming of Age with Debut EP ‘ULTRA’,"When you’re in the spotlight, it can be easy to fall into the cycle of predictability, but Jabari Banks, 27, is all about things coming together organically. As he finds himself in a divine timing era where his hit Peacock show Bel-Air is closing with its final season, dropping November 24, 2025, he’s coming into […]",ebony.com,2025-09-05,Entertainment,,https://www.ebony.com/jabari-banks-debut-ep-ultra-bel-air-final-season/
"The First Week of September Bring us New Beauty Launches From La Mer, Augustinus Bader and More!","Summer came and went quicker than your favorite gloss on a 90-degree day, and suddenly we’ve landed in September. The first week is already stacked with beauty launches that remind us the industry doesn’t care about your seasonal blues, it just keeps serving. From gravity-defying serums to scents designed for seduction, the drop list feels […]",ebony.com,2025-09-05,Beauty,,https://www.ebony.com/beauty-launches-september-skin-perfume/
"Montell Jordan on Health, Faith and His 30th Anniversary Tour: “I’m Gonna Be Healed” — EBONY Exclusive",“I’m on a journey that I gotta be faster than cancer. I gotta run ahead of it. I gotta move ahead of it. I gotta think ahead of it. I gotta strive ahead of it. I gotta strategize. I gotta plan ahead.” That’s the simple and powerful words Montell Jordan shared with EBONY in his […],ebony.com,2025-09-05,Celebrity,,https://www.ebony.com/montell-jordan-cancer-faith-documentary-tour/
Black Diaspora Reflections: Experiencing the Bahamas for the First Time,"I had never set foot on an island before. So, I decided to take a solo trip on Royal Caribbean’s Star of the Seas cruise in Cococay, Bahamas. I could feel the bass in my chest as I followed the crowd toward CocoCay’s shoreline, and already my hips were swaying, almost against my will. The […]",ebony.com,2025-09-05,Life,,https://www.ebony.com/cococay-bahamas-solo-travel-heritage-journey/
The Wrap-Up: BMAC Honors Kai Cenat. Quinta Brunson Cheers. ‘Hamilton’ Sings. ‘Game’ Premiere.,"Content creator extraordinaire Kai Cenat joins John Legend, Sherrese Clarke and Primary Wave Music, Irving Azoff and Apple/Apple Music to be honored at the fifth annual BMAC Gala, which will be held on September 18 at The Beverly Hilton in Los Angeles. Country trailblazer Mickey Guyton and cultural curator Kenny Burns will host the artists, executives, […]",ebony.com,2025-09-05,Celebrity,,https://www.ebony.com/the-wrap-up-kai-cenat-bmac-john-legend-hamilton-abbott-black-hollywood/
Get to Know the Ebony Anglers: An All Black Women’s Competitive Fishing Team,"When Gia Peebles, the owner of a salon in Durham, and her husband attended the annual Big Rock Fishing Tournament in Beaufort, North Carolina, she noticed an influx of women during ladies’ day, and her inner collegiate athlete senses began to tingle, and she wanted to know how to join this phenomenon. She immediately received a […]",ebony.com,2025-09-04,Entertaining,,https://www.ebony.com/ebony-anglers-black-women-fishing-team/
HBCU Live Celebrates Equity In Tennis and the Legacy of Althea Gibson,"Sloane Stephens, the 2017 Grand Slam champion, is getting back in the game. While a foot injury kept her off the court for a bit, the ESPN commentator is set to play in Guadalajara and has been practicing every morning in preparation. Looking radiant in a House of CB yellow dress, Stephens chatted with EBONY […]",ebony.com,2025-09-04,Culture,,https://www.ebony.com/sloane-stephens-comeback-us-open-althea-gibson-panel/
"Giorgio Armani’s Legacy: How Black Stars Made His Suits, Gowns and A|X Tees Timeless","Giorgio Armani’s passing feels like the final act of a fashion legend. The man didn’t just dress Hollywood, he set the standard. Armani, whether it was Giorgio Armani, Armani Privé or the A|X label that sat in every mall across America, had one clear philosophy: style doesn’t need to shout to be iconic. That’s why […]",ebony.com,2025-09-04,Fashion,,https://www.ebony.com/giorgio-armani-black-style-legacy/
Internet Sensation and Advocate Rolling Ray Dies at 28,"Raymond Harper, widely known as Rolling Ray, has reportedly died. The 28-year-old was an internet sensation and an advocate for individuals with disabilities. His vibrant personality and candidness made him a standout figure in the online community, particularly on platforms like Instagram, X and TikTok, where he formed a loyal following. Additional details were not […]",ebony.com,2025-09-04,Celebrity,,https://www.ebony.com/rolling-ray-dies-viral-star-disability-advocate-28/
Vivrelle Lets You Rent Miu Miu Today and Khaite Tomorrow in 2025,"In this economy where rent feels like a mortgage and eggs somehow cost more than your phone bill, dropping $12,000 on a Hermès Kelly or even $6,000 on a Chanel Classic Flap feels like you’re putting your firstborn through college. Enter Vivrelle, the luxury rental club that’s quietly turned the “it-bag” chase into an accessible, […]",ebony.com,2025-09-04,Fashion,,https://www.ebony.com/vivrelle-luxury-bag-rental-club/
"The State of US: Lisa Cook Sues, ICE Targets Sanctuary Cities, and Ex-Officers In Tyre Nichols’ Case Get a Do-Over","What You Need to Know: This week feels like a mashup of Succession, Law & Order, and The Apprentice. The first Black woman on the Federal Reserve is suing Trump to keep her seat, the CDC is in meltdown mode, and ICE is gearing up for raids in sanctuary cities. Meanwhile, Memphis officers convicted in the killing […]",ebony.com,2025-09-04,News &Amp; Politics,,https://www.ebony.com/the-state-of-us-lisa-cook-lawsuit-ice-raids-tyre-nichols-retrial/
Everything to Know About the American Academy Of Pediatrics Breaking From CDC Vaccine Guidelines For Children,"The American Academy of Pediatrics is not aligned with the U.S. Government’s vaccine recommendations for COVID-19. The group’s new recommendations suggest COVID-19 immunization for children ages six months to two years and up. “It differs from recent recommendations of the Advisory Committee on Immunization Practices of the CDC, which was overhauled this year and replaced […]",ebony.com,2025-09-04,Health,,https://www.ebony.com/aap-covid-19-vaccine-guidelines-children/
Our Love for Anime Is Real. Here Are Five Series to Watch,"When Gachiakuta made its way to Crunchyroll this summer, it offered a new trend in anime that Black fans have been craving. In the English version, the character Semiu is voiced by Grey’s Anatomy alum Kenneisha Thompson, bringing forth a voice that matches a representation of Black culture. Yes, the stan fan base for anime […]",ebony.com,2025-09-03,Entertainment,,https://www.ebony.com/black-fans-anime-afro-samurai-mha-crunchyroll/
Unlocking Insights: REVOLT CEO Detavio Samuels Talks the State of Media,"In an era where media transparency is more crucial than ever, Detavio Samuels, the CEO of REVOLT and Offscript Worldwide, is leading the charge to reshape the narrative. As one of the youngest Black CEOs in the industry, Samuels is not just focusing on profit margins and viewer metrics; he is dedicated to creating a […]",ebony.com,2025-09-03,Life,,https://www.ebony.com/detavio-samuels-revolt-black-media-equity/
Federal Judge Temporarily Blocks Mississippi’s DEI Ban,A federal judge has blocked portions of Mississippi’s ban on DEI in schools that took effect in April. Judge Henry Wingate ruled that House Bill 1193 contradicts the First and Fourteenth Amendments and that it would cause injury to the plaintiffs by violating their rights to those amendments. The blocked provisions seek to prohibit public schools […],ebony.com,2025-09-03,News &Amp; Politics,,https://www.ebony.com/mississippi-dei-ban-judge-blocks-ruling/
"Mother, Warrior, Champion: Naomi Osaka’s US Open Comeback Goes Beyond the Court","The air inside Arthur Ashe Stadium feels thick, heavy with the remnants of late summer heat trapped under the lights. Fans are pressed shoulder to shoulder, clutching $19 beers like trophies. The US Open isn’t just any tennis tournament; it’s spectacle, 60,000 strong. A mixture of true tennis enthusiasts, a few intrigued observers (like myself) […]",ebony.com,2025-09-03,Sports,,https://www.ebony.com/naomi-osaka-us-open-comeback-black-women-tennis/
Cardi B. Issues Warning For Future Lawsuits: “I Will Countersue”,"Cardi B made a bold statement outside a Los Angeles courtroom as she was found not liable in a civil suit against Emani Ellis on September 1. Ellis, a security guard, had claimed that in 2018, the rapper hit her, scratched her face with her elongated fingernails and spat on her at a Beverly Hills […]",ebony.com,2025-09-03,Celebrity,,https://www.ebony.com/5-times-cardi-b-clap-back/
"From That’s So Raven to Moesha, B2K to The Cheetah Girls, the Era of Tween Idols fed a Generation. Now the Plate is Empty.","Scroll through social media long enough and you’ll see the same lament pop up: where are the tween TV shows and musicians today? Jermaine Dupri even called it out on Joe Budden’s podcast, pointing to the gaping hole where kid stars used to live. That conversation got even louder after a creator on TikTok posed […]",ebony.com,2025-09-02,Entertainment,,https://www.ebony.com/tween-stars-missing-jermaine-dupri-music-tv-nostalgia/
How Creators and Celebrities are Flipping the Script on the Modern Co-sign,It’s no secret that the creator economy continues to flourish as more people crack the code for monetizing content and launching businesses through social media. The climate of what it means to create content has evolved into a space where individuals use social media to build their personal brands and a dedicated fanbase. The line […],ebony.com,2025-09-02,Life,,https://www.ebony.com/creator-economy-celebrity-co-signs/
"Rachel Scott Named Creative Director at Proenza Schouler, Ushering in a New Era of American Luxury","Proenza Schouler has officially tapped Rachel Scott, designer of Diotima, as its new creative director, signaling a bold new chapter for one of New York’s most influential fashion houses. Known for redefining what “New American Luxury” looks like, the brand is betting on Scott’s global sensibility, technical rigor, and unmistakable voice to push its codes […]",ebony.com,2025-09-02,Fashion,,https://www.ebony.com/rachel-scott-proenza-schouler-creative-director/
Issa Rae Amplifies the Evolution of Black Television In ‘Seen & Heard’,"Good Times. A Different World. Insecure. The Chi. Through the decades, we’ve seen our images on TV evolve to better emulate our existence, emphasize our stories and nourish our souls. Getting there has been no easy feat, a thought not lost on EBONY Cover girl Issa Rae, the executive producer behind Seen & Heard: The […]",ebony.com,2025-09-02,Culture,,https://www.ebony.com/issa-rae-hbo-seen-heard-black-television-history/
Get Lit! Kamala Harris’ Run For Office and Other Black Authors to Fall Into This September,"Ah, September! As the leaves begin to change, the weather drops and the kids are back to the books for school, why not carve out some time for your own literary adventure? This prelude to autumn offers a bit of everything, from retiring ABT ballerina Misty Copeland’s latest ballet life-lesson young readers’ journey to an […]",ebony.com,2025-09-02,Books,,https://www.ebony.com/get-lit-september-new-books-black-authors-2025/
Karen Huger Released From Jail Six Months Early,"That was fast! Karen Huger of The Real Housewives of Potomac fame, who received a two-year jail sentence stemming from her DUI arrest in March 2024, with one year served, has been released after serving six months. She left the Montgomery County Detention Center in Maryland on September 2, after entering on February 27. When […]",ebony.com,2025-09-02,Current Culture News,,https://www.ebony.com/real-housewives-of-potomac-karen-huger-gets-two-years-in-prison-on-dui-charge/
"Untapped, Unbothered, Unapologetic: Grenada’s Creative Economy Is Having a Global Moment","Grenada has always been the Spice Island of the Caribbean, but now it’s seasoning the global stage with something bolder: Black creative innovation. Quietly, almost defiantly, the island is becoming a hub where heritage, sustainability and unapologetic creativity meet. And at the center of this shift is Shannen-Kaylia Henry, founder of the Council on Sustainable […]",ebony.com,2025-09-01,Fashion,,https://www.ebony.com/grenada-sustainable-fashion-hub-caribbean-luxury/
Momfluencer Chanae Wood’s ‘Where Is Sk-Pa?’ Teaches Children About Grief,"In life, death is inevitable, unpredictable, and complicated, and so is the subsequent grief. We know that at some point, we’ll have to contend with loss, yet when it comes, usually unexpectedly, the lingering grief becomes a layered maze of emotions that can be hard for even adults to navigate, but imagine coping with loss […]",ebony.com,2025-09-01,Books,,https://www.ebony.com/chanae-wood-childrens-book-grief-where-is-skip-pa/
"André Holland Seeks Greater Visibility and Support for Black Indie Films with ‘Love, Brooklyn’","If Black film drops and no one sees it, did it actually come out? André Holland wants Black indie films to get their props, and for that to be successful, the industry has got to try harder. “It feels like we’re at a kind of tipping point in the business. If Black movies are gonna […]",ebony.com,2025-09-01,Entertainment,,https://www.ebony.com/andre-holland-love-brooklyn-black-indie-film/
Missing Children In Virginia Raise More Questions Than Answers As Social Media Responds,"Over the last month, social media has erupted after users learned of the recurrence of African American children missing in the state of Virginia. Since the post was released, a multitude of users across various social media platforms have joined the conversation. So much so, even The Breakfast Club and Chris Brown chimed in. The […]",ebony.com,2025-09-01,News &Amp; Politics,,https://www.ebony.com/missing-black-children-virginia-public-outrage/
Louis Vuitton Just Made Beauty a Luxury Experience—Pat McGrath Approved,"Louis Vuitton has never been shy about expansion. From the trunks that redefined travel to ready-to-wear that rewrote wardrobes, the French house has built its empire on knowing exactly when to pivot. This year, the pivot is into beauty—an inevitable, deliciously dramatic move made historic by the presence of Dame Pat McGrath, the first makeup […]",ebony.com,2025-08-29,Beauty,,https://www.ebony.com/louis-vuitton-pat-mcgrath-beauty-debut/
"The State of US: Obama Praises California’s Redrawn Lines, CDC Slashes Staff, and Kamala’s Next Chapter…Literally","What You Need to Know: Obama’s backing a redistricting plot twist in California—one that throws punches back at GOP mapmakers in Texas. Meanwhile, over 600 CDC employees got pink slips as part of a restructuring plan that critics say will gut public health, for the sake of “efficiency.” And Kamala Harris isn’t running for governor, […]",ebony.com,2025-08-29,News &Amp; Politics,,https://www.ebony.com/obama-cdc-howard-kamala-the-state-of-us/
"Beauty Launches: Dior’s Filter Glow, Armani’s Golden Hour, Tower 28 Shimmer and More","August is slipping through our fingers, and with it, the last golden rays of summer. The beauty world, of course, refuses to let the season fade quietly—Armani is bottling golden hour, Tower 28 is serving shimmer for sensitive eyes, and Dior is perfecting that filter finish just in time for fall. But as we swap […]",ebony.com,2025-08-29,Beauty,,https://www.ebony.com/beauty-launches-dior-armani-tower-28/
"Issa Rae Embraces Her Mistakes in New Book, ‘I Should Be Smarter By Now’","For many creatives, when it comes to older projects and the beginner stages of what’s being built, it can feel cringeworthy, but you have to recognize the beauty behind it. Issa Rae is no different. When she wrote “The Misadventures of Awkward Black Girl” in her early 20s, and later released it in her late […]",ebony.com,2025-08-29,Education,,https://www.ebony.com/issa-rae-i-should-be-smarter-by-now/
What New Laws Mean For Texas Students Preparing For Back To School Season,"Local Texas news station WFAA announced new regulations surrounding cellphone usage, the placement of religious items in classrooms, and other unique bans that will take effect officially on September 1, 2025. The article notes the various bills for the school year, which have sparked an uproar across social media among both Texas residents and those […]",ebony.com,2025-08-29,News &Amp; Politics,,https://www.ebony.com/texas-school-bans-cellphones-rules-2025/
Why ‘Real Housewives of Potomac’ Star Stacey Rusch’s Cannabis Brand Has Potomac Talking,"Whether you’re a yoga guru or a vivacious housewife, the impact of wellness cannot be understated. Although this concept is still frequently associated with superficial activities in 2025, there are various actions one can take to achieve well-being. While movement and self-introspection are surefire ways to ensure that our bodies are being tended to, mindful […]",ebony.com,2025-08-29,Life,,https://www.ebony.com/stacey-rusch-shayo-wellness-cannabis-virginia/
The Wrap-Up: Tennis Greats Take Manhattan. Issa Rae Builds Biz. Ernie Isley Rocks,"Frances and Ayan Hydrate Frances Tiafoe celebrated his partnership with Evian with his girlfriend, Canadian tennis player and model Ayan Broomfield, at his side. Among the pastel-colored flowers and bottles of water flowing inside SUMMIT One Vanderbilt in New York City, he shared his excitement about digging into Chef Daniel Boulud’s curated menu for the […]",ebony.com,2025-08-29,Celebrity,,https://www.ebony.com/the-wrap-up-issa-rae-frances-tiafoe-victoria-mboko-ernie-isley/
Regina King Gets Her Flowers From Friends at a Private Celebration of New Film ‘Caught Stealing’,"From the moment she stepped onto the scene as Brenda on 227, Regina King has been in our hearts. She gave little Black girls the rare gift of seeing themselves on television, confident, funny, smart and full of possibility. In the 1990s, she carried us through an era of unforgettable cinema, starring in classics like […]",ebony.com,2025-08-29,Entertainment,,https://www.ebony.com/regina-king-caught-stealing-dinner-nyc/
Inside a Corporate Veteran’s Thriving Community for Black Women in Business,"At the head of the table is Deb Augustine Grant, President and CEO of Corporate Playbook, a New Orleans-based consulting firm with a mission to connect women for personal and professional elevation. “It’s a gathering…We use dining because we always have a meal. It could be a cocktail reception with light bites. It could be […]",ebony.com,2025-08-28,Event Coverage,,https://www.ebony.com/dining-with-deb-marthas-vineyard-black-women/
"Remembering Emmett Till’s Brutal Murder, 70 Years Later","Today, we honor Emmett Till, who was born in Chicago on July 25, 1941, and brutally murdered in Mississippi on Aug. 28, 1955. His death was a Civil RIghts Movement catalyst.",ebony.com,2025-08-28,Culture,,https://www.ebony.com/remembering-emmett-till-mississippi/
5 Hurricane Katrina Documentaries: 20 Years Later,"Two decades after Hurricane Katrina, New Orleans is still healing. These five powerful documentaries capture the storm’s devastation, the failures that followed, and the resilience that keeps the city alive. Even after the 20th anniversary of the deadliest hurricanes in U.S. history made landfall in New Orleans, businesses, survivors and current residents are still grappling […]",ebony.com,2025-08-28,Entertainment,,https://www.ebony.com/hurricane-katrina-20-years-documentaries/
TYLA Brings Her Glow to Pandora’s New Talisman Collection,"Pandora is rewriting its jewelry playbook, and who better to usher in the shift than global sensation TYLA? The South African star—whose voice, style, and stage presence have already set the internet ablaze—is now fronting the brand’s new Pandora Talisman Collection, a line that feels like a bold proclamation for where Pandora is headed. For […]",ebony.com,2025-08-28,Fashion,,https://www.ebony.com/pandora-tyla-talisman-jewelry-collection/
The Reckoning That Faded: Sustaining Black Business Beyond Symbolism,"August, marked as Black Business Month, is not just a ceremonial nod. It is a mirror. It reflects centuries of striving, of survival, of reinvention in the face of a nation that has too often profited from our labor while neglecting Black enterprise. In 2025, five years since the mass outpouring of advocacy for Black […]",ebony.com,2025-08-28,Life,,https://www.ebony.com/black-business-month-2025-growth-future/
A Guide to GVO Hospitality’s Los Angeles Food Spots You Have to Try,"It’s no secret that Issa Rae is regarded as one of LA’s staple it girls. From her beloved projects like Insecure and Sweet Life: Los Angeles, we’ve seen how centered she is within the community she loves. Through her art, we’ve not only grown to adore her, but we’ve also learned to trust her — […]",ebony.com,2025-08-28,Dining,,https://www.ebony.com/issa-rae-la-food-spots/
Labor Day Sales 2025: The Best Fashion and Beauty Deals to Shop Now,"Labor Day weekend isn’t just the unofficial end of summer; it’s the opening ceremony for fall wardrobes and winter prep. This is the moment to swap linen and sandals for sweaters, boots and outerwear that’ll carry you from hot chocolate season to the first snowstorm. The racks are stacked, the digital carts are waiting, and […]",ebony.com,2025-08-27,Beauty,,https://www.ebony.com/labor-day-sales-2025-fashion-beauty-skincare/
Career Come-Up: Boheme Retreats Founder Keva Niver Makes Glamping Accessible to Us All,"Before you pack up your shorts, flip-flops and sunscreen—well, that should always be in rotation—why not take one last summer adventure with your group chat? Keva Niver, founder of Boheme Retreats, has her glamping site ready for your outdoor oasis. As a nature-loving gal who has traveled around in a camper, she dreamed of creating […]",ebony.com,2025-08-27,Life,,https://www.ebony.com/catskills-glamping-boheme-retreats-new-york/
‘Churchy’ Creator Kevin “KevOnStage” Fredricks On Bringing His YouTube Series to BET+,"At the season two premiere event of Churchy, the entertaining comedy series from renowned comedian Kevin “KevOnStage” Fredricks, BET+ executives and SpringHill emphasized their commitment to “turning creators into stars.” Churchy—originally produced independently by Fredricks, who rose to fame as a comedian on social media—is one of the rare, Black-led YouTube series to successfully cross […]",ebony.com,2025-08-27,Tv &Amp; Film,,https://www.ebony.com/kev-onstage-churchy-season-2-bet-plus/
TV Stars Share Barbecue Tales to Spice Up Your Labor Day Fun,"Summer may be wrapping up, but the grill is still hot and ready to go! With Labor Day on the horizon, we’re talking with three of our favorite TV stars about their most cherished family barbecue memories and recipes, plus what dishes their onscreen characters would roll up and eat at the cookout. Taylor Polidore […]",ebony.com,2025-08-27,Dining,,https://www.ebony.com/cookout-tv-stars-favorite-dishes/
The Ultimate College Football Kickoff Survival Kit,"You waited a whole year—well, technically you waited 210 days since the CFP championship—for college football, and thank God, it’s finally back. The pageantry. The bands. Waking up early, just to see which ESPN GameDay host might get a meeting request from HR the following week. You get it: this isn’t just football, it’s what us fans […]",ebony.com,2025-08-27,Sports,,https://www.ebony.com/the-ultimate-college-football-kickoff-survival-kit/
How Chef Melba Wilson Built an American Comfort Food Empire,"If you sit down to dine at one of Melba Wilson’s restaurants across New York City, don’t be surprised if owner Melba Wilson pops by your table. The James Beard-nominated chef can be found on a given night walking through her flagship in Harlem, New York, greeting customers, leading a birthday sing-along or giving her […]",ebony.com,2025-08-26,Dining,,https://www.ebony.com/melba-wilson-harlem-comfort-food-empire/
Most Shocking Moments From ‘Love Island USA’ Season 7 Reunion,"The Love Island USA, season seven reunion, took us to the hot seat to address the hosts’ and our most burning questions and observations with the cast, which included Olandria Carthen, Nic Vansteenberghe, Chelley Bissainthe, Ace Green, Chris Seeley, Jeremiah Brown and Huda Mustafa. Here are four explosive moments that rocked the room. Olandria Speaks […]",ebony.com,2025-08-26,Entertainment,,https://www.ebony.com/shocking-moments-from-love-island-season-7-reunion/
Silence Speaks Louder Than Love: The Absence of Allyship for Black Women at the ‘Love Island’ Reunion,"Though reality TV thrives on drama, what lingers long after the cameras stop rolling isn’t always the messy arguments or flirtatious plot twists, but the way contestants are treated when the stakes are highest. During the Love Island USA Season 7 reunion, the tension between islanders made for buzzworthy television, but beneath the surface was […]",ebony.com,2025-08-26,Entertainment,,https://www.ebony.com/love-island-reunion-black-women-allyship/
Why You Should be Mindful of Chronic Stress as a Black Business Owner,"Generationally, African American culture has held onto the mantra of going above and beyond in work, sometimes even at the expense of their own health. In the lives of business owners and independent entrepreneurs, this can sometimes show us as chronic stress. Chronic stress is a health concern that has a higher likelihood to impact […]",ebony.com,2025-08-26,Health,,https://www.ebony.com/black-entrepreneurs-chronic-stress/
UOMA Beauty’s Sharon Chuter’s Legacy Wasn’t Cosmetic—It Was Revolutionary,"Sharon Chuter, the Nigerian-born founder of Uoma Beauty and architect of movements that shook the beauty industry awake, has died at just 38. She was found in her Los Angeles home on August 14, and while the official cause of death is still under investigation, the void she leaves behind feels immediate and immeasurable. View […]",ebony.com,2025-08-26,Beauty,,https://www.ebony.com/sharon-chuter-uoma-beauty-death/
"Bubba Wallace Isn’t Ready to Talk Legacy, And That’s Kind of Refreshing","When you’re nine-years-old, there’s no way to know what your life — or your legacy — will look like. Today, Bubba Wallace, isn’t ready to define his own just yet. “Ask me when I’m old,” he laughed. But if his words hesitate, his actions don’t. From Mobile, Alabama, to NASCAR’s biggest stage, the throughline has […]",ebony.com,2025-08-26,Education,,https://www.ebony.com/bubba-wallace-nascar-legacy/
Meagan Good Birthday Celebrations We’ll Always Remember,"Happy Birthday, Meagan Good! She’s made birthday celebrations we live vicariously through every August an art form. The Harlem star, who turned 44 on August 6, has been sharing photos of her latest fête on social media, and we are eating it up! Happy 44th—Crazy In Love View this post on Instagram A post shared […]",ebony.com,2025-08-26,Celebrity,,https://www.ebony.com/meagan-good-birthday-celebrations/
From URL to IRL: 5 Black Creators Turning Their Online Influence into Businesses,"Breaking into America’s influencer economy is no small feat for Black creators. The system was never designed with us in mind, and the industry’s bias often limits brand deals and opportunities, especially for those without large followings. But these barriers haven’t stopped Black innovators from flipping the script and turning cultural influence into economic power. […]",ebony.com,2025-08-25,Culture,,https://www.ebony.com/black-owned-brands-influencer-economy/
The Sweetest Thing I’ve Ever Known: How One Mango Secured My Marriage,"A simple mango offered on a road trip through the Florida Everglades became a breakthrough moment in marriage. This article by Jamaal Lemon delves into the mango fruit’s history and significance, revealing how food, memory, origin, and culture sustain love. When relationships begin, couples walk in blaring silence, unsure of how to think or what […]",ebony.com,2025-08-25,Life,,https://www.ebony.com/mango-love-marriage-story/
Cécred Expands Into Protective Styles With First-of-Its-Kind Protection Collection,"Cécred made its name with the award-winning Foundation Collection, and now the brand is expanding the playbook. Protective styling has always been a pillar in our community, but too often, people have had to lean on kitchen remedies or risky products just to keep their hair intact. The new Protection Collection steps in with the […]",ebony.com,2025-08-25,Beauty,,https://www.ebony.com/cecred-protection-collection-protective-styles/
How Black-Owned Brands are Finding Success on TikTok,"In today’s Black-owned business news, brands are thriving on TikTok, turning viral posts into sold-out products and global movements. Here’s how founders are building trust, community and sustainable growth. In recent years, TikTok has become a powerful platform for Black-owned businesses to showcase their products and connect with a broader audience. According to data, 64% […]",ebony.com,2025-08-25,Life,,https://www.ebony.com/tiktok-black-owned-business-success/
Why Melody Shari Left ‘Love & Marriage: Huntsville’ for Her Next Chapter—EBONY Exclusive,"“Whenever you walk away from the lion’s den, why would you go back where the lions are?” With that statement, it’s pretty clear that a return to Love & Marriage: Huntsville is not in Melody Shari Rodgers’ future. She dropped a bomb in January when she revealed that she was leaving the franchise after nine […]",ebony.com,2025-08-25,Celebrity,,https://www.ebony.com/melody-shari-leaving-love-and-marriage-huntsville-building-businesses-exclusive/
AAFCA Celebrates Black Storytelling at 7th Annual TV Honors,"On Saturday, August 23, Black excellence was on display at the star-studded 7th annual AAFCA TV Honors at the Hollywood Roosevelt Hotel in Los Angeles, hosted by Jordin Sparks and Carla Renata. Co-founded by Gil Robertson, the AAFCA recognizes achievements from entertainment’s most prolific stars while amplifying past and present generations. Forever (Netflix) Netflix newbie, […]",ebony.com,2025-08-25,Culture,,https://www.ebony.com/aafca-tv-honors-2025-winners/
How DAWA Fest Celebrates ‘Giving To The Givers’ Through Community Support,"Jonathan “Chaka” Mahone is an educator and hip-hop artist-turned-nonprofit-pioneer with a passion for giving, and he has created a model of raising funds known as “Giving to the Givers.” Mahone created the concept to help uplift and support people in his community, in Austin, Texas, who support other people through the services they provide. That’s […]",ebony.com,2025-08-25,Education,,https://www.ebony.com/dawa-giving-to-the-givers-austin/
"Remembering Aaliyah, Forever the Princess of R&B: 24 Years Without Her, the Culture Still Bows","It’s been 24 years since Aaliyah’s passing, yet her music, style and mystique still shape R&B and culture today. Here’s why her reign as the Princess of R&B endures. Every year, the anniversary of Aaliyah’s death arrives, and the ache never dulls. Twenty-four years since she left us, and yet she feels closer than ever—her […]",ebony.com,2025-08-25,Celebrity,,https://www.ebony.com/aaliyah-legacy-24-years-later/
Why We Love Harry Potter and the Parodies That Make Hogwarts Feel Like Home,"September 1, 2025 is Back to Hogwarts Day, and there’s a reason its hallowed halls still call fans back, year after year. Hogwarts isn’t just a school of witchcraft and wizardry; it’s a destination for outsiders, orphans and all kids—even the grown ones—who never quite fit. The kind of place a traveler might stumble into if […]",ebony.com,2025-08-23,News &Amp; Politics,,https://www.ebony.com/hogwarts-day-black-parodies/
The Wrap-Up: Mike Tyson and Nick Richards Give; Sherri J. White Joins Forces; Kaytranada’s New Beats,"Mike Tyson Knocks It Out Through his Mike Tyson Cares Foundation, heavyweight boxing champion and philanthropist Mike Tyson partnered with the nonprofit We 2 Matter to host the “100 Women Matter Gala” in Los Angeles. Tyson welcomed celebrity guests Anthony Anderson and Al B. Sure to the event, which honored 100 formerly incarcerated women, while also raising vital awareness and […]",ebony.com,2025-08-22,Celebrity,,https://www.ebony.com/the-wrap-up-mike-tyson-nick-richards-kaytranada/
Paige Tailyn is Bringing Education on Plant Ownership to the Digital Space,"Plants have not only shaped Paige Tailyn’s platform but also deepened her love for them through intergenerational bonding. She fondly remembers her early days of planting hibiscus and rose bushes with her grandmother, especially after her grandmother was diagnosed with breast cancer. These moments, along with her mother’s influence, helped bring her passion for plants […]",ebony.com,2025-08-22,Education,,https://www.ebony.com/black-plant-influencer-san-antonio-blossom-effect/
"Director Daddy Ramazani’s Film ‘A Nightmare on Malcolm X Blvd.’ Says No to Hollywood, Yes to Dr. Umar","In entertainment, if you want something done right, you do it yourself, especially when others can’t see your vision. Case in point: comedian and director Daddy Ramazani road to crowdfunding and creating his film: A Nightmare on Malcolm X Blvd., and the launch of his newly minted F*ck Hollywood Productions. Ramazani is a New York–based […]",ebony.com,2025-08-22,Entertainment,,https://www.ebony.com/daddy-ramazani-fck-hollywood-productions/
Sterling K. Brown Does His Best Scottish Accent and Black Scottish TikTok Reacts,"Sterling K. Brown will now be forever known as “ScotKBrown,” thanks to this TikTok video dropped by his wife, Ryan Michelle Bathe. Reacting to his social media comments on his reasoning of only being married to Black women on screen (in part to counteract the colorist casting processes in Hollywood), Brown responds, but does it […]",ebony.com,2025-08-22,Celebrity,,https://www.ebony.com/sterling-k-brown-black-scottish-tiktok/
"Get into These New Beauty Launches From Pattern Beauty, Miu Miu Beauty and More!","Summer is on its last legs, and somehow August is already packing up its bags like it overstayed the party. Where did the heat, the rooftop nights, and half of 2025 even go? Blink and suddenly we’re staring down fall launches that feel less like product drops and more like survival kits for the season […]",ebony.com,2025-08-22,Beauty,,https://www.ebony.com/fall-2025-beauty-launches/
"Tyler, The Creator Reveals Camp Flog Gnaw Lineup with Performances from Childish Gambino, SZA and More","After another impressively quick sellout, Camp Flog Gnaw Carnival has unveiled the lineup for its eleventh edition. Founded by Tyler, The Creator, this Los Angeles-based music festival will feature performances from a variety of artists, including Childish Gambino, Doechii, A$AP Rocky, Clipse, Clairo, GloRilla, CA7RIEL & Paco Amoroso, Thundercat, Malcolm Todd, and Geezer (a collaboration […]",ebony.com,2025-08-22,Entertainment,,https://www.ebony.com/tyler-the-creator-camp-flog-gnaw-2025-lineup/
Target Taps Insider Michael Fiddelke as CEO to Steady Sales After DEI Backlash,"Target named 27-year-old company veteran Michael Fiddelke as new chief executive Wednesday in a bid to reverse sliding sales and repair its image after a nationwide boycott over its diversity, equity and inclusion policies rattled the retailer. Fiddelke will succeed Brian Cornell on Feb. 1, 2026; Cornell, who has led Target since 2014, will become […]",ebony.com,2025-08-21,News &Amp; Politics,,https://www.ebony.com/target-ceo-michael-fiddelke-boycott/
Fine Wine Festival Celebrates 10 Years with Jermaine Dupri as DJ Headliner,"On September 6, 2025, at Citi Field, the Fine Wine Festival breaks new ground: live music. In partnership with Live Nation Urban, the festival will debut its first-ever musical guest featuring a live DJ set curated by Songwriters Hall of Famer and cultural visionary Jermaine Dupri. As a master curator, Dupri’s performance marks a new […]",ebony.com,2025-08-21,Dining,,https://www.ebony.com/fine-wine-festival-nyc-jermaine-dupri-2025/
Fashion with Shelf Life: Black-Owned Brands to Invest In Now,"The fashion calendar will have you fooled. Twice a year, the industry flocks to New York, London, Milan, Paris, and treating runway week like gospel. But the truth? Some of the most important Black-owned fashion brands aren’t always showing at New York Fashion Week (NYFW), they’re not in department stores, and they don’t have Anna […]",ebony.com,2025-08-21,Fashion,,https://www.ebony.com/black-owned-fashion-brands-beyond-nyfw/
"R&B Artist, Raheem DeVaughn, Joins Gilead Sciences in HIV Prevention and Awareness","With advances in research and medicine over the decades, people are aware and normalizing talking about HIV. However, there is still more work to be done regarding research and awareness, specifically in the Black community. Studies show that Black people make up less than 14% of the population, but Black women make up 50% of […]",ebony.com,2025-08-21,Health,,https://www.ebony.com/how-to-prevent-fight-hiv-black-women/
"The State of US: Trump’s D.C. Police Takeover Stalls, DEI Survives, and Hip-Hop Gets Its Own Month (And It’s Not During February)","What You Need to Know: Trump’s D.C. police takeover hit a wall after a federal judge let the Police Chief Pamela Smith keep her badge. Meanwhile, a Trump-appointed judge blocked his own administration’s attempt to gut DEI programs in schools, citing “basic legal procedures.” And while Texas redistricting drama continues, Congress managed to do something […]",ebony.com,2025-08-21,News &Amp; Politics,,https://www.ebony.com/the-state-of-us-trump-dc-police-dei-hip-hop-month/
Here Are the 3 Songs From Juicy J’s New Jazz Album That You Need to Hear Now,"Rapper Juicy J is in his jazz era. The Oscar-nominated rapper and producer from Memphis has released Caught Up In This Illusion, a new album that steps beyond his signature style of trap and crunk. On these recordings, the “Checkwriter” blends jazz instrumentals and vocals with his hip-hop roots, creating a sound that’s his own. […]",ebony.com,2025-08-21,Music,,https://www.ebony.com/juicy-j-jazz-album-songs/
Mariah Carey to Receive “Vanguard Award” at the 2025 MTV VMAs,"Mariah Carey will receive the coveted Video Vanguard Award and perform a show-stopping, career-spanning medley of her biggest hits at the 2025 MTV Video Music Awards on September 7. Known as the best-selling female artist of all time, Carey is returning to the VMAs stage for the first time in 20 years to blow us all away with […]",ebony.com,2025-08-21,Entertainment,,https://www.ebony.com/ll-cool-j-hosts-2025-mtv-vmas/
Teyana Taylor Celebrates New Album ‘Escape Room’ With Aaron Pierre by Her Side,"It was a good night for Teyana Taylor. The movie star and singer celebrated the upcoming release of her new album, Escape Room, with her boyfriend Aaron Pierre by her side. With her arm linked to her man’s inside Republic Studios in New York City—the couple teased their coupledom this past February and made a […]",ebony.com,2025-08-21,Music,,https://www.ebony.com/teyana-taylor-escape-room-aaron-pierre/
Skin First: 11 Black Men’s Grooming Upgrades for Fall,"Fall is the season of wardrobe upgrades, playlists and yes, even your medicine cabinet. For Black men, the shift in weather means drier skin, stubborn ingrowns, and dark spots that refuse to mind their business. These 11 products bring the solutions: from serums that fade razor bump scars to body washes that banish ashiness, each […]",ebony.com,2025-08-20,Grooming,,https://www.ebony.com/fall-grooming-essentials-black-men/
Oklahoma Schools Require Teachers from Blue States to Pass a ‘MAGA Loyalty Test’,"As the state of school curricula continues to evolve and is censored, Oklahoma is now requiring teachers from New York and California to pass a certification test to prove they share the state’s conservative political values. “As long as I am superintendent, Oklahoma classrooms will be safeguarded from the radical leftist ideology fostered in places […]",ebony.com,2025-08-20,Education,,https://www.ebony.com/oklahoma-teacher-test-prageru/
On the Road: How Van Life Embraces the Spirit of Kerouac,"Tracey Forde rolled into the Apache Family Campground in Myrtle Beach, SC seated behind the wheel of a 32-foot RV. The grassy lot with oceanfront views was filled with campsites decorated with fire pits, picnic tables, Trump signs and travelers celebrating Memorial Day 2022. On the way to her assigned spot, Forde noticed a few […]",ebony.com,2025-08-20,Life,,https://www.ebony.com/van-life-tracey-forde-kerouac-black-travel/
Will ‘The Truth About Jussie Smollett?’ Documentary Finally Set Him Free?,"Jussie Smollett wants you to know the truth. The actor, who has been at the center of a hate crime hoax conviction and overturn for the past six years, is appearing in the new documentary The Truth Abound Jussie Smollett?, premiering on Netflix. The actor was on a meteoric rise to fame with a pivotal […]",ebony.com,2025-08-20,Culture,,https://www.ebony.com/jussie-smollett-netflix-documentary/
"Seeing Italy, Sicily and Malta Through My Eight-Year-Old Son’s Eyes","Cruising through Southern Italy, Sicily and Malta was not exactly how I set out to travel this summer, but there we were. My son, Journey and I, both curious and open-minded about the opportunity to uncover eight quaint towns in eight days, beyond the typical tourist circuit, by boat. A small Variety Cruises ship to […]",ebony.com,2025-08-19,Family,,https://www.ebony.com/italy-sicily-malta-family-cruise/
20 Content Creators Breaking New Ground in Social Media,"Over the last decade, the content creator landscape has changed tremendously. From legacy platforms to burgeoning social media sites, what it means to influence and be influenced has been redefined completely. Curating and maintaining relevance is no easy feat in any industry, but it can be especially daunting online, where people’s attention spans are a […]",ebony.com,2025-08-19,Culture,,https://www.ebony.com/black-creators-redefining-social-media/
The Ones Who Left: Why Black Americans are Choosing Mexico as Their New Home,"Mexico is not Accra. It isn’t Lisbon or Paris or the ancestral pull of West Africa. And yet, something about the region feels familiar. There’s rhythm here: The color. The community. The food, oh my, yes the food. What many don’t realize is that the presence of the African diaspora in this part of the […]",ebony.com,2025-08-19,Health,,https://www.ebony.com/black-expats-mexico-the-ones-who-left/
Princess Edna MaKonnen’s New Baby Girl: First Pics—EBONY Exclusive,"It’s three cheers for the newest member of the Robinson family. Princess Edna Tafari Makonnen and her husband, Jamal Akil Robinson have welcomed their first child, a daughter, into the world. Princess Eliana Rose Robinson was born on July 17, 2025, at 2:28pm, and the new mom and dad couldn’t be more excited. “My hope for Eliana […]",ebony.com,2025-08-19,Celebrity,,https://www.ebony.com/princess-edna-jamal-robinson-baby-girl-eliana-rose-first-pics-exclusive/
MSNBC Announces Name Change to MS Now Reveals Shift in Media,"After a recent decision, MSNBC is now rebranding itself as My Source News Opinion World (MS NOW). “For our viewers who have watched us for decades, it may be hard to imagine this network by any other name,” a statement shared. “We understand. But our promise to you remains as it always has. You know […]",ebony.com,2025-08-19,News &Amp; Politics,,https://www.ebony.com/msnbc-rebrands-ms-now/
Naomi Osaka Returns With Powerfully Poignant New Documentary on Motherhood,"As the US Open gets underway, tennis great Naomi Osaka is letting us in. She’s letting us into her life with a new documentary, Naomi Osaka: The Second Set, which chronicles her becoming a mom to her daughter Shai, who was born in 2023, and her will to get back to her first love. This […]",ebony.com,2025-08-19,Culture,,https://www.ebony.com/naomi-osaka-second-set-documentary/
7 Black-Owned Wellness Businesses Transforming Health and Healing,"August is Black Business Month, and there’s no better time to celebrate and uplift the work of Black businesses, especially those transforming the lives of people through wellness. Due to the fact that Black people have historically had to face unprecedented intergenerational trauma, focusing on our physical and mental wellness is an act of self-preservation, […]",ebony.com,2025-08-18,Health,,https://www.ebony.com/black-owned-wellness-businesses-health/
Back to School Shopping: 7 Black-Owned Brands for Clothing & Other Essentials,"This back-to-school season, support Black-owned brands offering clothing, dorm décor, stationery and snacks that help kids and students start the year off right. Back-to-school season is in full swing. Some kids are already back into their school routines, while others are gearing up for their return to the classroom in a few weeks, and parents […]",ebony.com,2025-08-18,News &Amp; Politics,,https://www.ebony.com/black-owned-back-to-school-brands/
Letitia Wright’s Directorial Debut Honors the Lives of Black Boys at BlackStar Film Festival,"Before returning to production for the latest Avengers film, Avengers: Doomsday, Letitia Wright spent time pursuing her passion behind the camera. Highway to the Moon, which had its North American premiere at the BlackStar Film Festival in Philadelphia, is a film about brotherhood and unity, and a “love letter to black boys,” Wright told EBONY. […]",ebony.com,2025-08-18,Celebrity,,https://www.ebony.com/letitia-wright-highway-to-the-moon-blackstar/
"“Cindy, the TV’s Leaking!” Regina Hall and Anna Faris Return to ‘Scary Movie’ Franchise","Some news drops like a jump scare. When Marlon Wayans hopped on Instagram and casually broke the internet announcing Anna Faris and Regina Hall’s long-awaited return to the Scary Movie franchise, fans didn’t just double-tap–they screamed. Literally, for millennials, this wasn’t just casting news; it was a cultural reset. Because for five films, no matter […]",ebony.com,2025-08-18,Entertainment,,https://www.ebony.com/regina-hall-anna-faris-scary-movie-return/
Tatted So We Know It’s Real: Megan Good Gets Jonathan Major’s Name Tattooed On Her Ribcage,"EBONY cover star Megan Good has got a new tattoo, and it’s all in honor of her husband, Jonathan Majors. She revealed her latest ink while appearing on The Cruz Show. During an interview to promote her latest film I’ll Never Let You Go, which premiered on Lifetime on August 16, Cruz asked the Harlem alum […]",ebony.com,2025-08-18,Celebrity,,https://www.ebony.com/meagan-good-jonathan-majors-tattoo/
"The Wrap-Up MVAAFF 2025: Michelle Obama, ‘Highest 2 Lowest’, Dwyane Wade and More","From a first-time visitor to Oak Bluffs, Massachusetts, and the annual Martha’s Vineyard African American Film Festival, here are some of my highlights. Michelle and Craig IMO Live! Michelle Obama and her brother Craig Robinson’s live IMO podcast conversation with The White Lotus star Natasha Rowell felt like eavesdropping on the best conversation with your […]",ebony.com,2025-08-17,Culture,,https://www.ebony.com/mvaaff-african-american-film-festival-highlights/
EBONY Exclusive: Nina Parker is Making Her NYFW Debut and She’s Doing It in Harlem,"If there’s one thing Nina Parker knows, it’s how to turn a moment into a movement. On Saturday, September 13, 2025, the television host, producer and designer will trade her usual red carpet vantage point for center stage, headlining Harlem Fashion Week’s Season 15 runway show at the Harlem School of the Arts. It’s her […]",ebony.com,2025-08-15,Fashion,,https://www.ebony.com/nina-parker-harlem-fashion-week-2025/
Why Cardi B’s Fatphobia Controversy Is Bigger Than a Livestream,"Discourse surrounding fatphobia is at the forefront of recent controversy after a livestream of Cardi B making statements about the plus-sized community went viral. The rapper shared her thoughts on the livestream about the larger sizes in her merchandise collaboration with WWE to promote her upcoming album, Am I The Drama? sold out quickly. The […]",ebony.com,2025-08-15,Entertaining,,https://www.ebony.com/cardi-b-samyra-millerfatphobia-controversy-plus-size-inclusivity/
"New Fragrances are in the Air With New Beauty Launches From Dior, Byredo and More!","August isn’t playing fair with our bank accounts. One minute you’re minding your business, the next you’re hypnotized by Miss Dior’s most intense essence yet, teleporting to Brazil with Byredo’s Alto Astral and spritzing Clinique’s new setting spray like it’s an Olympic sport. Shark Beauty wants to turn your bathroom into a backstage glam suite, […]",ebony.com,2025-08-15,Beauty,,https://www.ebony.com/august-2025-new-beauty-launches/
Inside the Black-Owned Culinary Gem Making Waves on the Las Vegas Strip,"When Chef Kwame Onwuachi opens Maroon at the Sahara Las Vegas later this year, he’ll already have a fellow chef rooting him on. Chef Antwan Ellis, the executive chef at Emmitt’s Vegas, has his chef’s coat arms outstretched. “Welcome,” he exclaimed over Onwuachi’s impending arrival. “I’ll come by to Maroon and support for sure.” The executive chef at NFL […]",ebony.com,2025-08-15,Dining,,https://www.ebony.com/emmitts-vegas-black-owned-restaurant-las-vegas/
Vineyard Icon Awards Debut Honors Black Legacy on Martha’s Vineyard,"On Martha’s Vineyard, legacy hits different. The idyllic island, tucked off the Massachusetts coast of Cape Cod, has served as a sanctuary for Black Americans for more than a hundred years. From the days of seeking refuge and restoration from segregation to today’s joy-filled gatherings celebrating Black films and books, the Vineyard’s happy place status […]",ebony.com,2025-08-15,Culture,,https://www.ebony.com/vineyard-icon-awards-marthas-vineyard-2025/
How the ‘Legendary Looks Exhibit’ Highlights Ballroom’s Economic Footprint,"When considering the impact and cultural significance of Ballroom culture on pop culture, it’s essential to acknowledge its cultural currency. The language and fashion emerging from this scene contribute to its economic growth. This is why the Legendary Looks Exhibition is creating a space to celebrate the arts, culture, and heritage of the Black and […]",ebony.com,2025-08-15,Education,,https://www.ebony.com/ballroom-culture-fashion-economic-impact/
It Takes a Village: Why The Nation’s Only All-Black Boys Gymnastics Team Needs Your Help,"USA Gymnastics has reported that diversity in gymnastics has been increasing over the years, which is great for our children. It’s also not surprising, to anyone who has been paying attention to the sport, that Black interest in gymnastics has been growing over the years, especially with luminaries such as Jordan Chiles, Simone Biles, Fred […]",ebony.com,2025-08-15,Family,,https://www.ebony.com/all-black-boys-gymnastics-team-georgia/
Why Black Fashion Brands Need More Than Hype to Become Heritage,"Black people invented streetwear. That’s not up for debate—it’s in the cut of the jeans, the curve of the logo, the cadence of the marketing. But somehow, after all these decades, we still don’t have a single Black-owned heritage fashion brand. No Ralph Lauren. No Levi’s. No Chanel. Just a beautiful rotation of moments—brief, brilliant […]",ebony.com,2025-08-14,Fashion,,https://www.ebony.com/black-fashion-heritage-brand-gap/
6 Craft Mocktail Recipes Your Summer Party Guests Will Love,"According to a recent Gallup study, Americans are drinking less than ever, as reported by The New York Times’ Dani Blum. The data shows alcohol consumption is at its lowest point in 90 years. The shift is especially sharp among young and middle-aged adults, driven by growing awareness of alcohol’s health risks. In its place, people […]",ebony.com,2025-08-14,Dining,,https://www.ebony.com/mocktail-recipes-alcohol-free-summer-drinks/
"The State of US: Texas Redistricting Drama, Apple’s $600B Move, and MAGA Schedules a Makeover (Sort of)","What You Need to Know: Former President Barack Obama and Rep. Jasmine Crockett slam the Texas Republicans’ latest redistricting plan as a “power grab.” Feeling nostalgic, the National Park Service wants to reinstall a Confederate statue in D.C. NY Attorney General Letitia James is being subpoenaed by the feds for daring to investigate Trump. Apple […]",ebony.com,2025-08-14,News &Amp; Politics,,https://www.ebony.com/state-of-us-obama-texas-map-apple-600b-vance-maga/
How Social Media Helped Chef Danie Turn Miami Flavors and Hustle Into Culinary Success,"Daniella Bartelli grew up around many flavors. The Miami, FL native, who has a Haitian and Dominican background, knew she was destined to create an impact through food. Although when she initially expressed her desire to be a chef, it wasn’t the line of work her family wanted her to go into. However, she accepted […]",ebony.com,2025-08-14,Dining,,https://www.ebony.com/daniella-bartelli-miami-culinary-social-media-success/
Regina King Launches New Wine Brand MianU Dedicated to Her Son,"Through acting, producing and directing, Regina King continues to push storytelling through her art and now she’s venturing into a new avenue of the wine industry through her wine brand MianU, dedicated to her son Ian Desduné, who died by suicide in 2022. “It was lan who first introduced me to orange wine.” – Regina […]",ebony.com,2025-08-14,Dining,,https://www.ebony.com/regina-king-mianu-orange-wine-honors-son/
EBONY and Uncle Nearest Host Massive Gospel Brunch In Martha’s Vineyard,"Celebrating a union of faith and legacy, EBONY joined forces with Uncle Nearest to host the whiskey brand’s annual Gospel Brunch, one of the most sought-after events during Martha’s Vineyard’s summer season. The sprawling manicured grounds were transformed for a playful afternoon of fellowship, food and family. Guests quickly captured selfies at a floral-covered backdrop […]",ebony.com,2025-08-14,Culture,,https://www.ebony.com/ebony-uncle-nearest-gospel-brunch-marthas-vineyard/
5 Taylor Swift Collabs With Black Artists We Have On Repeat,"Oh, Taylor Swift. With songs like “Style,” “Blank Space,” “Mean” and “Wildest Dreams,” she crafts lyrics that get to us and drops beats that have the Mattison Twins bumping to this hood legend. Now, with her announcement of the upcoming release of her 12th studio album, The Life of a Showgirl, which is out on […]",ebony.com,2025-08-14,Music,,https://www.ebony.com/taylor-swift-collabs-black-artists/
How Social Wellness Clubs Are Building Black Joy and Community,"It’s no secret that people are seeking a sense of in-person community during the remote work era. Many are trying to navigate the challenges of making friends and finding community in an era of increasingly accessible online connections. While forming friendships online is easier, in-person interactions play an important role in keeping us grounded in […]",ebony.com,2025-08-13,Health,,https://www.ebony.com/social-wellness-clubs-black-joy-community/
ABFF Is Coming to a City Near You,"The American Black Film Festival (ABFF) will celebrate its 30th anniversary with the launch of the ABFF Pop-Up Tour this fall. Expanding beyond the Miami shores, NICE CROWD, its parent company, will bring the energy of the acclaimed festival to four major cities across the U.S. starting this October 2025, offering independent film screenings, celebrity conversations […]",ebony.com,2025-08-13,Celebrity,,https://www.ebony.com/abff-honors-2025-a-beacon-of-light-in-uncertain-times/
EBONY Eats 2025: The Best in Black-Owned Dining,"EBONY Eats is back to meet all your culinary needs, showcasing the must-know spots in Black-owned dining. Since 1945, our mission has been to highlight the best food establishments, supporting the advancement of Black communities. What better way to achieve this than through the joy of food and dining? This year, the EBONY Eats list […]",ebony.com,2025-08-13,Dining,,https://www.ebony.com/ebony-introduces-ebony-eats/
"DeVon Franklin’s ‘Ruth & Boaz’ Trailer Drops As He Opens Up On Divorce, New Love and Ex Meagan Good","DeVon Franklin isn’t afraid to admit that his 2022 divorce brought on some heartache. “We get hurt physically, emotionally, mentally, spiritually and we don’t want to be hurt. So what do we do? We push through or anesthetize the pain, or we try to become so busy that we don’t feel the pain,” he shared […]",ebony.com,2025-08-13,Celebrity,,https://www.ebony.com/audible-devon-franklin-divorce-remarriage-megan-good/
7 of the Best Fall 2025 Tote Bags for Students with Style,"The backpack industrial complex has had us in a chokehold since kindergarten. Two straps, a zipper, maybe a keychain if you were feeling spicy. Rinse and repeat every school year. But some of us grew up, found our personal style, and decided we weren’t about to ruin an outfit with a polyester blob strapped to […]",ebony.com,2025-08-13,Fashion,,https://www.ebony.com/fall-2025-best-tote-bags-for-college/
"What Baltimore’s Mayor, Brandon Scott’s, Historic Crime Drop Means for the City that Raised Him","“You gotta be better than this.” Wiley— a drug dealer Brandon Scott didn’t know— pulled up at his uncle’s car wash in Park Heights, just days before Scott left for college. Scott was there washing cars for his uncle and earning a few extra dollars; Wiley was just a customer. Maybe he saw something in a […]",ebony.com,2025-08-13,News &Amp; Politics,,https://www.ebony.com/brandon-scott-baltimore-mayor-violence-reduction/
"Mexico’s Riviera Maya: It Was Like Being Flown Out, But Better","Chances are you’ve heard of the Riviera Maya, an hour south of Cancun, with towns like Puerto Morelos, Playa del Carmen and Tulum. Chances are, you have a girlfriend who came here for a girls’ trip or was “flown out” by a mysterious stranger for a romantic getaway. Chances are, you’ve got a friend who […]",ebony.com,2025-08-12,Life,,https://www.ebony.com/rivieramaya-iberostar-eco-adventures-cenote/
Dior Opens First-Ever U.S. Spa in New York City’s Upper East Side,"Last week, Dior quietly pulled off a little Manhattan coup: the opening of its first permanent U.S. spa, tucked high above the corner of East 57th Street and Madison Avenue like a penthouse secret. The House didn’t just squeeze in a treatment room or two; it claimed the entire top floor of its New York […]",ebony.com,2025-08-12,Beauty,,https://www.ebony.com/dior-spa-new-york-haute-wellness-opening/
Get Lit! Lessons Learned From the ‘Hurt Business’ and More Books by Black Authors This August,"This month, books by Black authors are packing a one-two punch, starting with the latest from Ed Latimore. The former heavyweight boxing champion has penned a tell-all/self-help hybrid that takes us from his turbulent childhood in Pittsburgh’s public housing projects to signing with Roc Nation Sport and pursuing his dreams in the ring. Author LaShawn […]",ebony.com,2025-08-12,Books,,https://www.ebony.com/get-lit-ed-latimore-black-authors-august/
"Meghan Markle Drops Netflix Trailer for ‘With Love, Meghan’ Season Two","Are you ready for another serving from Meghan Markle? The As Ever entrepreneur is returning to Netflix in her second season of With Love, Meghan, which has dropped its first trailer. The Duchess of Sussex will once again welcome celebrity chefs, talented artists and beloved friends for hands-on adventures filled with laughter and discovery. This […]",ebony.com,2025-08-12,Black,,https://www.ebony.com/meghan-markle-netflix-series-rebellious-act-of-self-joy/
"Jordan Donica Talks ‘The Gilded Age’ Season 3 Finale, that Swooning Final Scene and How to Treat a Woman Right","When a man loves a woman, it’s in his stance, his swagger, his smile. Doesn’t matter what decade, or in this case, century: when he knows who he wants in his life, he’s making her his queen. That’s exactly what we got in the season three finale of The Gilded Age, as—and spoiler alert here—Dr. […]",ebony.com,2025-08-11,Entertainment,,https://www.ebony.com/gilded-age-season-3-finale-black-love/
Dave Chappelle’s Pandemic Comedy Doc Shines at MVAAFF,"At the MVAAFF screening of Dave Chappelle: Live in Real Life, the genius comedian’s film about the comedic and musical concerts he put on during the COVID-19 pandemic, a fellow David dropped words of advice for aspiring comedians seeking their spotlight. Special audience guest David Letterman advised, “If you’re not going to be as good […]",ebony.com,2025-08-11,Culture,,https://www.ebony.com/dave-chappelle-live-in-real-life-screening-mvaaff/
Trump Seizes Control of D.C. Police Despite 30-Year Crime Low,"President Donald Trump on Monday announced he would take temporary control of D.C.’s police force and deploy National Guard troops, citing the need to address what he described as “bloodthirsty criminals” and “roving mobs of wild youth.” The announcement marked a sharp escalation in Trump’s efforts to exert federal authority over the nation’s capital. The […]",ebony.com,2025-08-11,News &Amp; Politics,,https://www.ebony.com/trump-dc-police-takeover-national-guard/
Pharrell Williams’ Fall 2026 Louis Vuitton Capsule: Prep School Never Looked This Good,"Pharrell Williams has always known that clothes talk, and the Fall 2026 Louis Vuitton Men’s Capsule speaks fluent Ivy League with a global accent. Dropping in September 2025 like a pop quiz you studied for, the collection reframes collegiate style for the international dandy: part rowing team, part front row at Fashion Week, with a […]",ebony.com,2025-08-11,Fashion,,https://www.ebony.com/pharrell-williams-louis-vuitton-fall-2026-mens-capsule/
"Meet Tallia Lee, the Founder Behind ‘It’s a Beautiful Day to be Black’","Tallia Lee always knew she wanted to be an entrepreneur; from her passion for makeup to her love for event planning, she knew her business spirit would take her far. “Going from one thing to the other, and building all these skills, that allowed me to just keep learning new things, and create and have […]",ebony.com,2025-08-11,Life,,https://www.ebony.com/tallia-lee-its-a-beautiful-day-to-be-black/
"Replacing Lead Pipes Concerns Remain at the Forefront in Flint, Michigan","Federal officials insist that Flint, Michigan’s water is safe after replacing most of its lead water pipes, more than 10 years after contaminated water was found in the city’s system. According to a report, state officials submitted a progress report showing that 11,000 lead pipes had been replaced, restoring more than 28,000 properties. “Thanks to […]",ebony.com,2025-08-11,News &Amp; Politics,,https://www.ebony.com/flint-lead-pipe-replacement-concerns-milestone/
"August Beauty Launches: New Skincare and Fragrance Picks From Youth To The People, Dr. Dennis Gross Skincare and More","As we ease into August and summer slowly winds down, these latest beauty launches are here to refresh your routine and keep your glow going strong. From skin-calming cleansers to eye-lifting serums and the dreamiest vanilla fragrances, these new arrivals are all about hydration, radiance and scent that lingers. Whether you’re chasing golden hour skin […]",ebony.com,2025-08-08,Beauty,,https://www.ebony.com/august-beauty-launches-skincare-fragrance/
"The Wrap-Up: Gunna’s Album Cover Reveal, Jasmine Crockett at MVAAFF, and BWIE Official Launch","Gunna took over a gallery in New York City for the reveal of his new album cover, The Last Wun. The new album, his sixth, features Offset, Burna Boy, Wizkid, Asake and Nechie. Powerful Moments at the 2025 MVAAFF Celebration For those anguished about the state of the nation, powerful voices spoke truth during events at […]",ebony.com,2025-08-08,Celebrity,,https://www.ebony.com/gunna-nyc-album-mvaaff-jasmine-crockett-bwie/
Unlocking Insights: Why Are So Many Black Women Being Pushed Out of the Workforce?,"In the past 90 days, 300,000 Black women have fallen out of the labor force, with the national rate rising to six percent as of July, per the U.S. Bureau of Labor Statistics. While the headlines don’t always say names, the reality is clear: Black women are being pushed out of the workforce at alarming […]",ebony.com,2025-08-08,Education,,https://www.ebony.com/black-women-workforce-unemployment-exit-relief-fund/
Abrima Erwiah and Rosario Dawson Building a Sustainable Fashion Legacy in Africa with Studio 189,"Rosario Dawson caught our eyes in the 90s as an actor on the big screen in iconic films such as Kids and He Got Game. The Afro-Latina actor and activist is also a co-founder of Studio 189, one of the most popular sustainable Black-owned brands out right now. Her long-time friend and co-founder, Abrima Erwiah, […]",ebony.com,2025-08-08,Fashion,,https://www.ebony.com/studio-189-rosario-dawson-abrima-erwiah-sustainable-fashion/
"Black Fashion Designers Are Brilliant, So Why Are They Still Barely Funded?","August is Black Business Month, and September is fashion’s holy grail. Yet for Black designers, these two chapters rarely align. One is meant to honor the builders. The other, to celebrate the beautiful. But what happens when you’re expected to be both the architect and the aesthetic, often without the blueprint, funding or scaffolding to […]",ebony.com,2025-08-07,Fashion,,https://www.ebony.com/black-fashion-designers-barely-funded-nyfw/
The Black Beauty OGs Who Built the Blueprint for Today’s Influencers,"Before TikTok took the beauty world by storm, there was a crew of Black beauty gurus who laid the groundwork for everything we see today. These OGs—Jackie Aina, MakeupShayla, Arnell Armon, Alissa Ashley, Aaliyah Jay, Shalom Blac and Patricia Bright—didn’t just step into the beauty industry; they kicked down the doors, shattered the glass ceilings […]",ebony.com,2025-08-07,Beauty,,https://www.ebony.com/black-beauty-og-influencers-tiktok-blueprint/
Rob Worthy Wants You to Ditch Fitness Perfection and Focus on What Works,"In an age of wellness overload, more people are discovering realistic ways to create their own fitness routines without feeling pressured to conform to unrealistic standards set by social media algorithms. For Rob Worthy, a notable fitness instructor and entrepreneur of his active wear brand, Earn Your Weekend, his goal has been to help his clients […]",ebony.com,2025-08-07,Health,,https://www.ebony.com/glorilla-rob-worthy-fitness-tips-real-results/
Kristin Davis on Raising Black Children and Building Cultural Confidence at Home,"Passing on a strong, positive racial identity to your children is part of the Black parenting job. But what happens when Mom and/or Dad aren’t Black? How does that parent approach conversions and deliver experiences steeped in Black culture and history, and prep their kids for the challenges they may face due to the color […]",ebony.com,2025-08-07,Celebrity,,https://www.ebony.com/kristin-davis-raising-black-children-cultural-confidence/
"When the System Fails, We Teach Anyway: Black Families and the Future of Education","For Black families across America, this year’s back-to-school season arrives not just with supply lists and schedule changes, but with the echo of something far more ominous: the slow and deliberate dismantling of public education as we know it. According to the Associated Press, nearly 1,400 staff from the U.S. Department of Education have been laid off […]",ebony.com,2025-08-06,Education,,https://www.ebony.com/public-education-cuts-book-bans-black-families-action/
BET Hip Hop Awards and Soul Train Awards Put on Hold: Here Are 5 moments We’ll Never Forget,"On August 5, BET CEO Scott Mills confirmed that the BET Hip Hop Awards, which started in 2006, and the Soul Train Awards, which launched on BET in 2009, have been put on hiatus indefinitely. “For BET linear, we have suspended the Soul Train and Hip-Hop awards shows,” Mills shared in a candid interview with Billboard […]",ebony.com,2025-08-06,Culture,,https://www.ebony.com/bet-hip-hop-awards-soul-train-awards-hiatus-best-moments/
6 Celebrities Who Have Mastered the Art of the Brand Deal,"As we enter National Black Business Month, it’s important to recognize the diverse forms of Black business and entrepreneurship. In today’s world, celebrities are investing in their own identities and discovering ways to engage with their core audiences through brand partnerships. In an era where the state of celebrity is constantly being challenged due to an […]",ebony.com,2025-08-06,Celebrity,,https://www.ebony.com/black-celebrities-brand-partnerships-business-growth/
Two Beauty Powerhouse Collectives that are Reshaping the Future of the Industry,"August is Black Business Month, but for Danika Berry and Tomi Talabi, the work is year-round. These women aren’t just selling beauty—they’re scaling legacy, restoring emotional wellness and rewriting what leadership looks like when it comes from the heart and not just the hustle. In a world that often wants Black brilliance without the blueprint, […]",ebony.com,2025-08-06,Beauty,,https://www.ebony.com/black-beauty-founders-berry-talabi-industry-future/
"Harris Declines Run, PBS and NPR Lose Funding, and Trump Fires Back at Charlamagne this Week in “The State of US”","What You Need to Know: Kamala Harris is stepping back from the ballot, the Trump administration is shutting down PBS and NPR funding, and Cory Booker is calling out his own party. Add in Trump firing a jobs data official after bad numbers and trading jabs with Charlamagne Tha God, and you’ve got another week […]",ebony.com,2025-08-06,News &Amp; Politics,,https://www.ebony.com/kamala-harris-trump-defunds-pbs-npr-booker-democrats-the-state-of-us/
Celebrating ‘Hamilton’ at 10: Where the Original Broadway Cast is Now,"Hamilton fans are rejoicing because August 6 marks the tenth anniversary of the musical’s Broadway debut, which took musical theater to new heights. Lin-Manuel Miranda’s rap-fused opera about the political leader on America’s $10 bill has turned into a global phenomenon that’s been translated into several languages and a stage production that was filmed for […]",ebony.com,2025-08-06,Entertainment,,https://www.ebony.com/hamilton-cast-where-are-they-now/
"Tracee Ellis Ross Talks Pattern Beauty, Entrepreneurship and Joan Clayton’s Goddaughter","Tracee Ellis Ross is just one of those celebrities that we love to love. From meeting her as Joan Clayton on “Girlfriends” to knowing her as PATTERN BEAUTY’s brand owner and the rich aunty—we have no choice but to stan. When she first started her brand, she took into consideration the things she was looking […]",ebony.com,2025-08-06,Beauty,,https://www.ebony.com/tracee-ellis-ross-pattern-beauty-amazon-accelerate-seattle/
Keke Palmer and Eddie Murphy Bring the Laughs in ‘The Pickup’,"Keke Palmer doesn’t just show out on her new comedy; she showed up to work with one of the greatest comedic minds of our time: Eddie Murphy. “Vampires in Brooklyn, that was a good one,” she exclaimed while talking about their new comedy caper, The Pickup. Her spot-on impression left Murphy in stitches. Palmer plays […]",ebony.com,2025-08-05,Entertainment,,https://www.ebony.com/the-pickup-keke-palmer-eddie-murphy-prime-video/
What It Really Takes to Keep a Black-Owned Beauty Brand Alive,"In an era of economic uncertainty—where inflation is high, discretionary income is low, and tariffs are tightening the noose on small businesses—Black-owned brands are once again being asked to do the impossible: survive, scale and inspire, all while carrying the weight of representation. And as we enter August, Black Business Month, that pressure takes on […]",ebony.com,2025-08-05,Beauty,,https://www.ebony.com/black-beauty-founders-legacy-lip-bar-lys-oui/
Mike Epps and Babyface Join Board of Historic Madam Walker Legacy Center,"The Madam Walker Legacy Center has announced the election of Mike Epps and Babyface as honorary board members of the organization. The venue, which once served as the headquarters and manufacturing plant for Madam CJ Walker Hair Care, plays a vital role as a non-profit organization in the Indianapolis community. It is dedicated to providing […]",ebony.com,2025-08-05,Celebrity,,https://www.ebony.com/babyface-mike-epps-madam-walker-board-indianapolis/
"Every Spike Lee and Denzel Washington Movie, From ‘Mo’ Better Blues’ to ‘Highest 2 Lowest’","When two tour de forces stir things up together, sparks fly. That’s why Spike Lee and Denzel Washington have collaborated on several projects. As director and star, they’ve redefined the narrative of Black cinema, putting their magical touch on movies that deliver harmony and intrigue, come back around in the thriller genre and bring to […]",ebony.com,2025-08-05,Entertainment,,https://www.ebony.com/spike-lee-denzel-washington-collaborations/
Why Do Black Men Need Self-Care Grooming Products? Calvin Quallis of Scotch Porter Explains,"When Calvin Quallis first launched Scotch Porter in 2015, there wasn’t a huge space for Black grooming products. He began his journey in the grooming field as a barbershop owner, a line of work he learned from his mother, a beauty shop owner. Working inside the barbershop, Quallis noticed the lack of products that served […]",ebony.com,2025-08-05,Grooming,,https://www.ebony.com/black-men-grooming-scotch-porter-calvin-quallis/
"Yes, Jesus Was Black. And a Woman. And I Didn’t Care One Bit","Ever since my sister and I discovered a dusty old DVD of the 1973 film version of Jesus Christ Superstar, the rock opera musical about Jesus of Nazareth, I’ve been an absolute stan. I’ve seen countless versions of the show, including the 50th-anniversary touring company—twice within four months. I know every lyric and often sing along, trying to […]",ebony.com,2025-08-05,Entertainment,,https://www.ebony.com/cynthia-erivo-jesus-christ-superstar-opinion/
Five Songs Doechii’s Gotta Perform on Her First Headlining Tour,"Doechii’s music DNA has always been bold and unconventional, ever since she first enticed our eardrums when she popped off with “Girls” on SoundCloud in 2016. Now, the artist, who became the third Black woman to win the GRAMMY’s Best Rap Album earlier this year for her mixtape, Alligator Bites Never Heal, has announced her first headlining tour. At […]",ebony.com,2025-08-04,Music,,https://www.ebony.com/doechii-songs-perform-live-from-the-swamp-headlining-tour/
Unlocking Insights: Dating for Potential vs. Prioritizing Your Peace of Mind,"Dating in the digital age is a completely different experience. With the pressure to maintain an Instagram-worthy aesthetic and social media acting like a modern-day dating app, people often face mixed signals. This raises the question: should we date with an eye toward potential, or should we prioritize keeping the peace? “Everybody is trying to […]",ebony.com,2025-08-04,Life,,https://www.ebony.com/dating-for-potential-vs-prioritizing-peace/
"Happy Birthday, Barack Obama! With Love, EBONY","Time to light those candles; Barack Obama is celebrating his 64th birthday today! We’re paying homage to the 44th president of the United States—one of the smartest, coolest men in America—with his own inspirational words found in EBONY and beyond that continue to inspire us. “All of us have to recognize that being a man […]",ebony.com,2025-08-04,Celebrity,,https://www.ebony.com/happy-birthday-barack-obama-with-love-ebony/
PeachFuzz Laser Studio is Redefining Beauty Standards for Black and Brown Skin,"As we celebrate Black Business Month this August, it’s only right to spotlight the brands redefining care for our communities from the inside out. In an industry that has long overlooked the needs of melanated skin, PeachFuzz Laser Studio is setting a new standard. Founders Keisha Wagner-Gaymon, a nurse practitioner with a deep understanding of […]",ebony.com,2025-08-04,Beauty,,https://www.ebony.com/laser-hair-removal-dark-skin-black-brown-women-peachfuzz/
Jackie Aina Has Always Been a ‘Forvr Mood’ Here’s How She Became a Business Owner Too,"Jackie Aina is that girl. Known for her YouTube channel and massive following, the beauty influencer-turned-entrepreneur has always been an advocate for inclusivity in the beauty industry. Her popularity grew through her makeup tutorials, honest product reviews, and beauty tips—all delivered with a dose of sharp wit and deep knowledge, especially for girls with deeper […]",ebony.com,2025-08-04,Beauty,,https://www.ebony.com/jackie-aina-forvr-mood-fragrance-black-business-month/
Viral Trend Shows Millennial Parents Sharing Old School Rap Lyrics to Kids,"There’s a running joke on the internet that millennials are the most unserious generation of parents out there due to their social media antics. Some millennial parents are punishing their children by making them do the Dru Hill Bounce, and now hip-hop has entered the chat. The evolution of parenting styles across generations often leads […]",ebony.com,2025-08-04,Family,,https://www.ebony.com/millennial-parents-raunchy-hip-hop-tiktok-trend/
Tamron Hall Joins the EBONY Power 100 Advisory Committee,"When the open nominations for EBONY Power 100 closed, an accomplished collective of industry leaders got to work embodying the African proverb—it takes a village. The 2025 advisory committee presides over selecting those individuals who are shaping our culture, changing how we think, what we watch, what we hear and how we live. EBONY has […]",ebony.com,2025-08-01,Events,,https://www.ebony.com/ebony-power-100-2025-advisory-committee/
"Black, Bold, and Still Breathing: The Final Girls (and Boys) Who Survived Horror","For decades, horror movies treated Black characters like disposable extras—comic relief, cannon fodder or the first to go when things got stabby. But every now and then, a Black character defies the trope, fights back and makes it out alive. With Brandy reprising her role as Karla Wilson in the latest I Know What You […]",ebony.com,2025-08-01,Black,,https://www.ebony.com/black-horror-survivors-final-girls-boys/
"August Brings in New Beauty Launches From Neutrogena, Tower 28 Beauty and More!","As July fades into the rearview, August arrives with a fresh crop of beauty launches that feel like a well-deserved reset. From Murad’s overnight cream that lifts while you sleep to bareMinerals’ new pressed powder version of its cult-favorite foundation, the drop this week is all about innovation that meets ease. Gold Bond’s all-over collagen […]",ebony.com,2025-08-01,Beauty,,https://www.ebony.com/august-2025-best-beauty-launches-skincare-makeup/
"The Wrap-Up: SiR In Concert, Joy Sunday’s Fiery ‘Wednesday’, Sunny Hostin in the Hamptons and More","Talk about a homecoming concert! SiR brought the entire Los Angeles community out to his Hollywood Bowl concert, part of the Bowl’s KCRW Festival. Featuring opener Leon Thomas with guest appearances by Ty Dolla $ign and Jill Scott herself, this concert was a celebration of Black joy, Black music and Black community. As the sun […]",ebony.com,2025-08-01,Celebrity,,https://www.ebony.com/sir-hollywood-bowl-jill-scott-concert-joy-sunday-the-wrap-up/
Howard University Students Demand Answers After Debt Collection Warnings,"On June 4, 2025, Howard University students were blindsided by an email. It warned that if they didn’t pay off their outstanding balances by June 30th, their accounts would be sent to an external collections agency. Now, students are in what the university calls the “pre-collections” period, giving them until August 29th before their balances […]",ebony.com,2025-08-01,Education,,https://www.ebony.com/howard-university-student-debt-collections-response/
An Ode to the Peach… And Its Cobbler,"On August 1, we kick off National Peach Month and celebrate the greatest thing that ever happened to this delicious fruit: the peach cobbler. You know what I’m talking about: that delectable dessert served at every church gathering and cookout, lovingly made by someone’s grandma or auntie who put her foot into a recipe that’s been passed down […]",ebony.com,2025-08-01,Dining,,https://www.ebony.com/peach-cobbler-history-black-culture/
"The Orgasm Gap: How Race, Culture and Pleasure Intersect","Imagine the perfect night—candles flickering, a playlist that sets the mood, and the air thick with anticipation of an evening usually reserved for the pages of a romance novel. Every touch feels electric, every glance loaded with desire, and the tension between you and your partner is as palpable as the heat in the room. […]",ebony.com,2025-07-31,Health,,https://www.ebony.com/orgasm-gap-black-women-sexual-liberation/
What Deion Sanders’ Bladder Cancer Diagnosis Means For Awareness,"Deion Sanders was diagnosed with an aggressive form of bladder cancer earlier this year and underwent surgery to remove the organ in June. Since the operation, doctors have declared the 57-year-old Pro Football Hall of Famer cured. Coach Prime shared details of his bladder cancer journey via a press conference on Monday and has since […]",ebony.com,2025-07-31,Health,,https://www.ebony.com/deion-sanders-bladder-cancer-recovery-awareness/
Anthony Mackie Is Back in the Driver’s Seat in ‘Twisted Metal’,"In Captain America, Anthony Mackie takes us to the skies. In Twisted Metal, he’s all about the ride. And now he’s back, pushing pedal to the metal, in the second season of his high-octane Peacock series, Twisted Metal. For those not in the know, the series, based on the video game of the same name, […]",ebony.com,2025-07-31,Entertainment,,https://www.ebony.com/anthony-mackie-twisted-metal-season-2-interview/
"An Update on Everything Happening with Amazon Union Leader, Chris Smalls","The Freedom Flotilla Coalition announced that Amazon Labor Union founder Chris Smalls had been released from Israeli prison. On Monday, details revealed that not only was Smalls detained, but the IDF physically beat him. He was the only Black member of the Freedom Flotilla on the Handala. “The Freedom Flotilla Coalition confirms that upon arrival […]",ebony.com,2025-07-31,News &Amp; Politics,,https://www.ebony.com/chris-smalls-detained-israel-gaza-flotilla/
Traveling Well: A Beauty Editor’s Essential Toiletry Bag for Unpredictable Climates,"The first time I traveled to Nashville, Tenn., it was for a fast-paced, 24-hour work trip in the thick of June heat. The kind of weather that leaves no room for skincare guesswork. With little time to plan, I reached for the products I rely on year-round—the ones that keep my skin hydrated, polished, and […]",ebony.com,2025-07-31,Beauty,,https://www.ebony.com/summer-skincare-travel-routine-editor-picks/
Martha’s Vineyard’s African-American Heritage Trail: Top Sites To Visit,"Every summer, African American vacationers descend upon Martha’s Vineyard, specifically to Oak Bluffs, for a sunny beach getaway. On this part of the small island, there’s merriment in backyard barbecues or Black-owned restaurants and storefronts serving up local flair and flavors. HBCUs, the Divine Nine and other historically Black organizations host a smorgasbord of lively […]",ebony.com,2025-07-31,Life,,https://www.ebony.com/african-american-heritage-trail-marthas-vineyard/
"The State of US: Obama Treason Talk, Epstein Whispers, and France Goes Full ‘Les Misérables’","What You Need to Know: This week in “The State of US,” the absurd met the alarming. Former President Obama was accused of treason, Candace Owens, a far-right pundit, gets hit with a foreign defamation suit, and President Trump may have been reminded that some Epstein files can’t be shredded. It’s a week of legal […]",ebony.com,2025-07-31,Politics,,https://www.ebony.com/the-state-of-us-obama-treason-macron-owens-crump-trump-orders/
BEVEL Is Putting $25K on the Table to Elevate Black Entrepreneurs at Invest Fest 2025,"If you’ve ever side-eyed a pitch competition that felt more performative than profitable, BEVEL’s $25,000 Vendor Marketplace Grant is here to flip the script. For the second year in a row, the premium head-to-toe grooming brand for men of color is teaming up with Earn Your Leisure’s Invest Fest (Aug. 22–24 in Atlanta) to drop […]",ebony.com,2025-07-30,Grooming,,https://www.ebony.com/bevel-25k-vendor-grant-invest-fest-2025/
Holy Controversy: What’s Up with Maverick City?,"New discourse has emerged, shaking up the timeline surrounding Gospel and Christian Contemporary Music (CCM). The catalyst? An episode of The Isaac Carree Show, a podcast hosted by the Gospel singer, which featured Norman Gyamfi, the co-founder of Maverick City Music. Maverick City Music is a contemporary Christian worship music collective founded initially by […]",ebony.com,2025-07-30,Entertainment,,https://www.ebony.com/norman-gyamfi-gospel-music-debate/
Shannon Sharpe Out at ESPN After Settling Sexual Assault Allegations Lawsuit,"Shannon Sharpe, who settled a civil lawsuit against him just a few weeks ago, will not be returning to his on-air post at ESPN. According to a report first released on The Athletic, the network has ended its relationship with the former football star and resident media analyst. Sharpe was last on the network in […]",ebony.com,2025-07-30,Current Culture News,,https://www.ebony.com/shannon-sharpe-sexual-assault-allegations-timeline/
WAR’s Iconic ‘Why Can’t We Be Friends’ Album Remastered For 50th Anniversary,"You hear that cowbell and instantly know the vibe of the soundtrack for cruising in lifted cars. “Low Rider” and the rest of WAR’s legendary Why Can’t We Be Friends? album is getting the deluxe treatment for its 50th anniversary, newly remastered and ready to ride again New release includes the original songs from the album, along […]",ebony.com,2025-07-30,Music,,https://www.ebony.com/war-why-cant-we-be-friends-50th-anniversary/
Cynthia Erivo Is About to Serve Up ‘Jesus Christ Superstar’ With a Smile,"The Hollywood Bowl is gearing up for its highly anticipated three-day run of Jesus Christ Superstar this weekend with a very surprising star in the title role. Two-time Oscar nominee Cynthia Erivo is playing Jesus Christ, which had people feeling some way when it was first announced this past February. But the 2024 EBONY cover […]",ebony.com,2025-07-30,Entertainment,,https://www.ebony.com/cynthia-erivo-jesus-christ-superstar-hollywood-bowl/
Redemption Bank Makes History as the First Black Owned Bank in Utah,"Redemption Holding Co. is making history in the banking world. Its recent acquisition of Salt Lake City-area-based Holladay Bank & Trust is the first time a bank has been owned by a Black-led investment group in the Western U.S., according to The Associated Press. Redemption Bank, created through a historic acquisition, stands as the first […]",ebony.com,2025-07-30,Life,,https://www.ebony.com/redemption-bank-first-black-owned-bank-us-west/
Destiny’s Child Reunion at ‘Cowboy Carter’ Is Our Much-Needed Call for the Return of the Girl Group,"Destiny’s Child wasn’t just a girl group; they were an anthem. They were those girls, the ones that you slipped into your Sony Discman when you were hyping yourself up to make your money (“Independent Women”), needed to rally from a breakup (“Survivor”), found a man so fine you didn’t know what to do with […]",ebony.com,2025-07-29,Music,,https://www.ebony.com/destinys-child-reunion-beyonce-vegas-cowboy-carter/
How John Henton Saved ‘Living Single’ Co-Star From a Would-Be Stalker: EBONY EXCLUSIVE,"One of the best relationships to ever grace a TV screen was the one between Synclaire James and Overton Jones, who fell head over heels for Khadijah’s cousin as soon as she moved into that brownstone in Brooklyn, N.Y. He spent the first season wooing her over and spent the next four as her best […]",ebony.com,2025-07-29,"Black Comedy: Stand Up Comedians, Films, &Amp; Tv Shows",,https://www.ebony.com/john-henton-kim-fields-stalker-reliving-single-exclusive/
The Best All Body Deodorants to Keep Using this Summer and into Fall,"There are those who glisten in the summer sun—and then there are the rest of us. The ones who sweat like we’re sprinting a 5K, even when we’re standing still in air conditioning. If you’ve ever found yourself in a full-body glisten during a grocery run or questioned how your underboob is dripping in seventy-degree […]",ebony.com,2025-07-29,Grooming,,https://www.ebony.com/whole-body-deodorant-sweat-solutions-men-women/
Everything to Know About the Tea App Hacking,"The digital evolution of the dating scene has become increasingly significant for many Millennials and Gen Z individuals. The Tea app has emerged as the latest hot topic, originally serving as a platform for women to warn each other about men they’ve dated. However, it has recently been subjected to a security breach, leaving several […]",ebony.com,2025-07-29,Black Tech News Articles,,https://www.ebony.com/tea-app-data-breach-security-privacy-concerns/
Congress Re-Introduces New Bills To Combat Cancer-Causing Hair Products Used By Black Women,"After initially being introduced in 2021, four new federal bills have been reintroduced by Congress in hopes of supporting protective health measures for Black women as they address the harmful ingredients used to create products. These bills come as part of the Safer Beauty Bill Package introduced by Representatives Jan Schakowsky of Illinois, Lizzie Fletcher […]",ebony.com,2025-07-29,Beauty,,https://www.ebony.com/beauty-bill-black-women-toxic-chemical-ban/
‘The Gilded Age’ History Lesson: Who Is Frances Ellen Walken Harper,"With each episode of The Gilded Age—which has just been picked up for a fourth season—you get a mini-history lesson about the influential voices of our nation from the late 19th century. And the July 27th episode, “If You Want to Cook an Omelette,” was no different. Along with getting an on-the-spot visual of financier […]",ebony.com,2025-07-28,Culture,,https://www.ebony.com/frances-harper-gilded-age-hbo/
"ONE Musicfest Returns to Atlanta Featuring, Mary J. Blige, Doechii, a Dungeon Family Reunion and More","The South’s most significant cultural moment is set to return with ONE Musicfest (OMF), marking its 16th annual festival. OMF continues its reign as a global celebration of Black excellence, artistry and unity. Co-produced by Live Nation Urban, ONE Musicfest will take place over two days on Saturday, October 25, and Sunday, October 26. Founded […]",ebony.com,2025-07-28,Entertainment,,https://www.ebony.com/one-musicfest-2025-lineup-announcement/
Bubba Wallace and the Rise of Black Racing Culture,"July 27, 2025, Bubba Wallace made history by winning at the Brickyard, becoming the first Black driver in history to win on the Speedway’s legendary oval. The Brickyard 400 at Indianapolis Motor Speedway is one of NASCAR’s crown jewel events and a sacred venue in motorsport culture. The win wasn’t just symbolic, snapping a 100-race […]",ebony.com,2025-07-28,Sports,,https://www.ebony.com/bubba-wallace-wins-brickyard-black-nascar-history/
Unlocking Insights: How Swimming Inequality Affects Black Families in the Summer,"The untimely death of Malcolm-Jamal Warner has been a grim reminder of the importance of water safety. In my own life, the importance of water safety can’t be overstated enough. I learned how to swim at 6 years old because I almost drowned in a pool at Disney World, of all places. According to the […]",ebony.com,2025-07-28,Life,,https://www.ebony.com/black-families-swimming-access-water-safety/
Editors Picks: Our Favorites From the Nordstrom Anniversary Sale,"Summer might’ve given us sunsets at 8PM, air-conditioned brunches and bare-legged freedom, but fall? Fall is really who y’all think summer is. The kind of season that makes getting dressed feel like a love language. And thanks to the Nordstrom Anniversary Sale that’s currently happening, you can stock up on fall must-haves while they’re cheap, […]",ebony.com,2025-07-28,Fashion,,https://www.ebony.com/nordstrom-sale-editor-fall-fashion-picks/
EBONY Exclusive: Dave Chappelle’s Doc ‘Live in Real Life’ to Debut at the Martha’s Vineyard African American Film Festival,"When Dave Chappelle has been asked about his Washington, D.C. high school, the Duke Ellington School of the Arts, he often replies, “The Ellington School saved my life.” The comedian who created the groundbreaking series The Chappelle Show and won the Kennedy Center’s Mark Twain Prize for American Humor has much to be grateful for. Now he’s […]",ebony.com,2025-07-28,Culture,,https://www.ebony.com/dave-chappelle-documentary-marthas-vineyard-film-festival-benefit/
EBONY First Look: ‘RHOA’ Star Kelli Ferrell Opens a Second Nana’s Chicken-N-Waffles Restaurant—See the Pics,"The Real Housewives of Atlanta star Kelli Ferrell has opened her second Nana’s Chicken-N-Waffles restaurant in the Prado Shopping Center in Sandy Springs, right outside Atlanta, and EBONY has the first look inside the new digs. Located in a 2800 square ft. space, formerly occupied by Marlow’s Tavern, it’s “an elevated Nana’s,” Ferrell told EBONY […]",ebony.com,2025-07-25,Dining,,https://www.ebony.com/inside-rhoa-kelli-ferrell-second-nanas-restaurant-georgia/
Upgrade Your Summer Cookout With Unique Side Dishes That Steal the Show,"The weekend is here, which means we’re getting ready for the feast! Whether you’re heading to a packed family reunion, hanging out at a picnic barbecue or gathering a few friends to grill in the backyard, nothing brings people together like a good meal. It’s the perfect time to chow down on some delicious dishes […]",ebony.com,2025-07-25,Dining,,https://www.ebony.com/summer-cookout-side-dish-recipes/
Malcolm-Jamal Warner’s Mom Reacts to ‘Quiet on Set’ and Reveals Truths to Showbiz Parenting,"A year ago, EBONY spoke with Pamela Warner, the devoted mother of Malcolm-Jamal Warner, about raising children in the entertainment industry and keeping them safe. EBONY revisits her sage advice as we honor the life of the actor, who died on July 20 while swimming in Costa Rica. He was 54 years old. Watching Quiet […]",ebony.com,2025-07-25,Books,,https://www.ebony.com/malcolm-jamal-warner-mom-pamela-warner-book-interview/
These Celebrities Opening Up About Fibroids is Making a Safe Space,"I have fibroids, and one doctor advised me to leave them alone because they are small. However, they are causing me significant discomfort during my periods and contributing to my anemia. At this point, I still have my fibroids, and they are frustrating, so I need to seek a third opinion. I’m grateful that more […]",ebony.com,2025-07-25,Health,,https://www.ebony.com/venus-williams-lupita-nyongo-fibroids-black-womens-health/
Malcolm-Jamal Warner: Remembering His Memorable Roles and Performances,"The world is still reeling with the news that Malcolm-Jamal Warner, whose career spanned more than four decades, passed in a drowning incident on July 20. The actor, singer-songwriter and producer was just 54 years old. Tributes are still pouring in as people remember his numerous contributions across television, film and music. Here are just […]",ebony.com,2025-07-25,Celebrity,,https://www.ebony.com/malcolm-jamal-warner-memorable-roles-and-performances/
"New Beauty Drops From Fenty Skin, CoverGirl and More!",July came in hot with beauty drops that actually do what they say. VIOLETTE_FR’s Balm Amour said goodbye to watered-down balms and gave us a concentrated lip treatment that heals and hydrates without filler. Gisou’s Honey Gloss Hair Wash Duo took our strands from dull to disco-ball shiny in one rinse. Bloomeffects brought sunscreen and […],ebony.com,2025-07-25,Beauty,,https://www.ebony.com/july-beauty-launches-2025/
"The Wrap-Up: Marley Family For ‘Hope,’ Danielle Cadet Gets Nested, John Legend Honored and More","Bob Marley: Hope Road Opening The Marley family was jamming at FiveCurrents creation of Bob Marley: Hope Road inside Mandalay Bay Resort and Casino in Las Vegas. Cedella Marley, daughter of Bob and Rita, and co-executive producer of Bob Marley’s music, along with her sister and her sons, hit the red carpet for the premiere […]",ebony.com,2025-07-25,Celebrity,,https://www.ebony.com/the-wrap-up-marley-family-john-legend-danielle-cadet-gabby-beckford/
USDA Discontinues Aid Protections For Black Farmers,"The United States Department of Agriculture (USDA) announced on July 10 that it is removing consideration of traits tied to race and gender from its funding determination. This decision comes as a result of the Trump administration’s efforts to fully eliminate DEI across companies and organizations within the United States. According to The Guardian, the […]",ebony.com,2025-07-25,News &Amp; Politics,,https://www.ebony.com/usda-dei-funding-black-farmers-race-gender-aid/
Amy Sherald Has Cancelled Her Smithsonian Show. Here Are Other Places to See Her Work,"Amy Sherald has withdrawn from her upcoming solo show at the Smithsonian’s National Gallery, according to The New York Times. The brilliant artist known for painting First Lady Michelle Obama‘s official portrait cited censorship as her reason for the cancellation of her latest exhibit, American Sublime. The museum had been considering removing “Trans Forming Liberty,” […]",ebony.com,2025-07-24,Culture,,https://www.ebony.com/amy-sherald-smithsonian-show-canceled-censorship/
Ralph Lauren Honors Black Leisure and Legacy With New Polo Ralph Lauren for Oak Bluffs Collection,"Ralph Lauren just took summer style to Martha’s Vineyard—and made it Black on purpose. Today, the brand unveiled Polo Ralph Lauren for Oak Bluffs, a limited-edition collection inspired by the storied Black enclave of Oak Bluffs, Massachusetts, a town that has been a coastal sanctuary for Black families, HBCU graduates and beachside Black joy for […]",ebony.com,2025-07-24,Fashion,,https://www.ebony.com/ralph-lauren-oak-bluffs-collection/
Tracee Ellis Ross’ Solo Travel Tip: Tap That Sexual Revolution,"Forget what you think you know about solo travel. On her new Roku series, Solo Traveling With Tracee Ellis Ross, the actress and entrepreneur is schooling us on what to bring and, more importantly, what to open ourselves up to while there. The Pattern Beauty mogul dropped this nugget in the premiere episode: pack “to meet the […]",ebony.com,2025-07-24,Entertainment,,https://www.ebony.com/tracee-ellis-ross-solo-travel-tip-sexual-revolution/
William McNeil Jr. Speaks Out After Viral Jacksonville Traffic Stop Video,"William McNeil Jr., a 22-year-old man, was violently arrested by Jacksonville, Florida, sheriff’s deputies in a confrontation captured on video that went viral. The Jacksonville Sheriff’s Office announced on Sunday that it has initiated an investigation into an incident after a two-minute cellphone video recorded by McNeil went viral. On Monday, Jacksonville Sheriff T.K. Waters […]",ebony.com,2025-07-24,News &Amp; Politics,,https://www.ebony.com/william-mcneil-jacksonville-arrest-bodycam-investigation/
How Social Media Affects Parent and Child Interactions Offline,"As a parent, you’re probably always thinking about the screen time your children are getting. Studies have shown that children are spending a significant amount of time on screens, and social media can have particularly negative effects on their development and behavior. In children, excess screentime can harm cognitive development, linguistic and social-emotional growth, and […]",ebony.com,2025-07-23,Family,,https://www.ebony.com/parent-screen-time-child-development-study/
"Influencer Jenee Naylor’s 12PM Studios Is Redefining What Luxury Looks Like, One Frame at a Time","At exactly 12PM, Jenee Naylor decided luxury needed a new lens. Not one filtered through exclusivity and gatekeeping, but one rooted in intention, storytelling, and the kind of personal style that doesn’t need to scream to be seen. Enter 12PM Studios—her newly launched eyewear brand that’s bold, editorial, and quietly disruptive in the best way. […]",ebony.com,2025-07-23,Fashion,,https://www.ebony.com/jenee-naylor-12pm-studios-eyewear-launch/
Level Your Playing Field: Three Reasons to Pick Up Golf This Summer,"You want a glow up? Pick up some clubs. The golf course has always been where alliances have been built, deals made and personas elevated. While it’s clear that teeing up isn’t just a game, it’s a way to get ahead, African Americans make up just 3% of the country’s golfers, according to reports. “Golf […]",ebony.com,2025-07-23,Life,,https://www.ebony.com/reasons-golf-summer/
FDA Recalls Deodorant: Next Steps If You Own These Products,"A recall of approximately 67,000 cases of deodorant sold at several major retailers has been issued due to violations of federal regulations. Power Sticks deodorant, manufactured by the Pennsylvania-based brand A.P. Deauville, was part of the recall due to being described as a deviation from Current Good Manufacturing Practice. “This formal system of controls (CGMPs) at […]",ebony.com,2025-07-23,Health,,https://www.ebony.com/power-stick-deodorant-recall-fda-violations/
"The State of US: MLK Files Unsealed, Obama Rumors Debunked, and What’s in the Epstein File?","What You Need to Know: This week, the White House unsealed classified files related to the assassination of Dr. Martin Luther King Jr., sparking outrage from the King family and historians alike. Meanwhile, Barack and Michelle Obama put persistent divorce rumors to rest with humor and unity, reminding America that their marriage is still more stable […]",ebony.com,2025-07-23,News &Amp; Politics,,https://www.ebony.com/the-state-of-us-mlk-files-obama-divorce-hbcu-loans-black-farmers/
What Borrowers Should Know About the Student Loan Forgiveness Suspension,The Department of Education has announced new developments following the pause in student loan forgiveness under the Income-Based Repayment (IBR) plan. The department’s announcement confirms what some borrowers suspected: that those who reached the threshold for student loan forgiveness but did not receive a discharge have been affected. This is the first time the department […],ebony.com,2025-07-22,Education,,https://www.ebony.com/ibr-student-loan-forgiveness-paused/
"Anok Yai’s Summer Mood: Mugler Fragrance, Emo Fits and Paint-Splattered Days at Home","There are models who walk the runway, and then there’s Anok Yai — a celestial force who floats down catwalks like she descended from a galaxy entirely of her own making. So, when Mugler tapped her as the face of “Alien ExtraIntense”, it didn’t feel like a brand partnership. It felt like prophecy. “I’ve always […]",ebony.com,2025-07-22,Beauty,,https://www.ebony.com/anok-yai-mugler-alien-extraintense-interview/
Nordstrom’s Anniversary Sale: A Beauty Editor’s Guide on What to Shop,"I’m not saying this is the only sale that matters, but if Nordstrom’s annual beauty event was a house party, it would be the kind where La Mer is posted on the velvet couch, Jo Malone is mixing cocktails in the kitchen, and Olaplex is doing hair touch-ups in the guest bathroom. The 2025 Nordstrom […]",ebony.com,2025-07-22,Beauty,,https://www.ebony.com/nordstrom-beauty-sale-2025-best-deals-products/
"‘Washington Black’ Stars Sterling K. Brown and Ernest Kingsley Jr. Talk Joy, Resilience and the Power of Travel","Hulu’s new limited series, Washington Black, brings Esi Edugyan’s acclaimed novel to life, following a young enslaved boy on a global journey of freedom and invention. Starring and executive produced by Sterling K. Brown, the series explores Black resilience, imagination, and the power of dreaming beyond oppression. In one of the most powerful moments from the […]",ebony.com,2025-07-22,Entertainment,,https://www.ebony.com/washington-black-sterling-k-brown-ernest-kingsley-jr-hulu-interview/
Porsha Williams Shares Summer Margarita Must Haves and Dives Into Her Rebrand Era,"Porsha Williams is stepping into an exciting new era in her business journey by staying authentic to herself, whether fans like it or not. With the changing dynamics of her career, particularly her visibility on Real Housewives of Atlanta over the years, in this chapter, she aims to share a more genuine glimpse into her […]",ebony.com,2025-07-22,Dining,,https://www.ebony.com/porsha-williams-altos-tequila-rhoa-traitors/
Michelle Obama and Craig Robinson to Appear at Martha’s Vineyard African American Film Festival with Live Appearance,"Michelle Obama will appear at the 2025 Martha’s Vineyard African American Film Festival with a live recording of her Higher Ground’s podcast, IMO with Michelle Obama and Craig Robinson, on August 9, EBONY can reveal. Obama and her brother, Robinson, will share the stage with a special guest: actress, producer, choreographer and singer-songwriter Teyana Taylor, […]",ebony.com,2025-07-21,Culture,,https://www.ebony.com/michelle-obama-martha-vineyard-african-american-film-festival/
Remembering Malcolm-Jamal Warner: A Legacy of Talent from ‘The Cosby Show’ to ‘Not All Hood’,"For anyone who grew up in the eighties, sitting down to watch The Cosby Show was a thing. And one of the main reasons to watch was to see Malcolm-Jamal Warner. The actor was only 14 years old when the series premiered in 1984. Playing Theodore “Theo” Huxtable, the second eldest and only son of […]",ebony.com,2025-07-21,Culture,,https://www.ebony.com/remembering-malcolm-jamal-warner-legacy/
‘The Gilded Age’ Confronts Colorism and Celebrates Black Legacy on the Baseball Field,"HBO’s The Gilded Age has been instrumental in exploring the nuanced realities of the lives of affluent African Americans in the late 19th century. We’ve watched the historical series tackle racial politics, women’s rights and class mobility. But in its latest episodes, the period drama turns its gaze inward, spotlighting a subject that is a […]",ebony.com,2025-07-21,Culture,,https://www.ebony.com/the-gilded-age-colorism-negro-ballgame/
Black-Owned Delivery App BiteSight Aims to Elevate Your Dining Experience,"There’s a new delivery app in town that’s giving popular apps like DoorDash and Uber Eats some heavy competition. BiteSight began its viral ascent on TikTok when Kendall McDaniel created a video urging viewers to pay attention to her brother, Lucious McDaniel IV’s presentation of the app, and like it. “I built this app, and […]",ebony.com,2025-07-21,Dining,,https://www.ebony.com/bitesight-tiktok-food-delivery-app/
Unlocking Insights: How to Prepare for Medical Debt on Your Credit Report,"A federal judge in Texas has reversed a Biden-era rule that allowed medical debt to be removed from credit reports, according to court documents. The Biden administration estimated that this action would eliminate $49 billion in medical debt from the credit reports of approximately 15 million Americans. During the Trump administration, the Consumer Financial Protection […]",ebony.com,2025-07-21,Health,,https://www.ebony.com/medical-debt-credit-report/
I Hated Working Out—Until I Bought Gym Clothes I Actually Wanted to Wear,"I’m one of those people who talks a good game about going to the gym—like, Olympic-level delusion. I’ll hype myself up with a playlist, pin a few “hot girl workout” routines on Pinterest, even set my alarm for 6 a.m. like I’m about that life. But when morning comes? Crickets. I’ll make a million excuses: […]",ebony.com,2025-07-21,Fashion,,https://www.ebony.com/gym-style-weight-loss-journey/
Kick Back & Turn Up: Recipes and Advice for Your Summer Cookout,"We come alive in the sun. The melanin in our skin soaks up the sun’s rays and shines them right back to the universe in the form of a golden glow and positive vibrations. This is a time that we like to kick back, cook out and turn up. I usually start these posts offering […]",ebony.com,2025-07-18,Dining,,https://www.ebony.com/summer-cookout-etiquette-tips/
Upgrade Your Grill Shoe Game with 2025’s Must-Have Uncle Sandals,"It’s official: millennial and Gen Z men are now the uncles at the cookout. Remember when we used to roll our eyes at those uncles who seemed to take their grilling duties a little too seriously? They’d hover over the grill and sometimes count how many hot dogs and hamburgers you’d have, and tell you […]",ebony.com,2025-07-18,Fashion,,https://www.ebony.com/cookout-culture-sandals-grillmaster/
Is the Colbert Cancellation a Start to Late Night Ending?,"CBS has announced the cancellation of The Late Show with Stephen Colbert, despite its being the top-rated late-night show on air. Addressing its end, slated for May 2026, executives have said the decision is purely based on financial concerns and the shift in late-night viewing habits. Unfortunately, that shift is all too real. Viewers have turned to […]",ebony.com,2025-07-18,Entertainment,,https://www.ebony.com/why-late-shows-are-ending-what-to-watch-instead/
Department Of Justice Seeking A One-Day Sentence For Officer Who Fired Into Breonna Taylor’s Home,"The Department of Justice has announced it will be pursuing a single-day sentence for the law enforcement officer who fired his weapon into Breonna Taylor’s home and killed her, reports The New York Times. On Monday (July 14), Brett Hankison is scheduled to be sentenced after being found guilty in November 2024 of one count […]",ebony.com,2025-07-18,News &Amp; Politics,,https://www.ebony.com/breonna-taylor-doj-one-day-sentence-brett-hankison/
Jaide Lewis is Faithfully Seated at the Intersection of Music and Business,Making the decision to walk by faith and trust the mustard seed is no easy feat. It takes an unfathomable amount of bravery to abandon the safety net of pursuing your professional dreams within the confines of a system you’ve worked hard to be a part of. Jaide Lewis did just that. When EBONY sat […],ebony.com,2025-07-18,Music,,https://www.ebony.com/jaide-lewis-the-culture-collab-music-marketing/
"New Beauty Drops From YSL Beauty, LANEIGE and More This Week","Summer beauty drops are dropping like Beyoncé visuals—sudden, stacked and ready to snatch your routine into a new era. From high-fashion fragrances that double as wrist candy to skin-saving sulfur in a powder-to-cream remix, the newest launches are all about intention and elevation. Whether you’re stocking your shower shelf like a curated museum exhibit or […]",ebony.com,2025-07-18,Beauty,,https://www.ebony.com/summer-beauty-2025-ysl-beauty-laneige-new-launches/
"The Wrap-Up: Rihanna Premiere, Megan Thee Stallion Hosts Gala & Anycia Album Drop","Rihanna Glows at Smurfs Premiere Rihanna brought a plus three at the premiere of Smurfs: her daughter, Riot Rose Mayers; son RZA Athelston Mayers; and baby-to-be to the Paramount Pictures Studios in Los Angeles. The “Umbrella” singer voices Smurfette, the lone female among the little blue creatures, which have returned to the big screen. Smurfs […]",ebony.com,2025-07-18,Celebrity,,https://www.ebony.com/the-wrap-up-rihanna-premiere-megan-thee-stallion-gala-anycia-album-drop/
What We Get Wrong About Gentle Parenting,"There are a few clips on social media floating around about how gentle parenting doesn’t always work. The viral clips usually feature parents who repeatedly ask children not to do something in a nice tone of voice, but by the third, fourth, or fifth time, the parent raises their voice or sometimes even curses. The […]",ebony.com,2025-07-18,Family,,https://www.ebony.com/gentle-parenting-misconceptions-boundaries-discipline/
I Lost My Fitness Mojo. Joining This Workout Helped Me Get It Back,"At the start of every year, you commit to getting in the best shape of your life. You renew your gym membership or gear up that bike you got over the holidays. All your brand-new workout wear is washed and ready to go, along with the sneakers you’ve busted out for those daily morning walks. […]",ebony.com,2025-07-17,Health,,https://www.ebony.com/orangetheory-fitness-review-workout-motivation/
Unlocking Insights: How to Prioritize Saving During a Busy Summer,"It’s no secret that when you hear the term “outside,” it includes the mass spending of constant bar hopping, spontaneous brunch dates and even booking a quick flight for the weekend. Let’s face it, summer is a leading contender for what hurts our pockets, whether we like it or not. According to a new study […]",ebony.com,2025-07-17,Life,,https://www.ebony.com/summer-budget-tips-financial-wellness-guide/
Miami Club Goers Experience With Colorism Spark Conversations Around Acceptance In Black Community & Beyond,"After Mishawnna Bynum and her friend Angel Chima-Orji were refused entry to the Miami nightclub Club Mona in late June, following their visit to the city from out of town, she highlighted the ongoing issue of colorism throughout nightlife for dark skinned Black women. In her TikTok video recapping the initial occurrence, Bynum and her […]",ebony.com,2025-07-17,News &Amp; Politics,,https://www.ebony.com/miami-club-colorism-lawsuit-black-women-entry/
Nick Cannon Is Launching a Relationship Podcast. Here’s What We’d Ask,"Mercury has definitely gone into retrograde today, which is evidenced by Nick Cannon’s announcement that he’s launching a relationship podcast. The Masked Singer host will be offering relationship advice via Nick Cannon @ Night, which will premiere on the Wondery platform next week. Tapping into a traditional late-night talk show host format, Cannon’s newest project […]",ebony.com,2025-07-17,Entertainment,,https://www.ebony.com/nick-cannon-relationship-podcast-launch/
Ami Colé Founder Announces ‘Bittersweet’ Brand Closing,"Cosmetic line Ami Colé founder Diarrha N’Diaye-Mbaye announced that the brand will shutter in September. In an article in New York Magazine’s The Cut, N’Diaye shares that she has decided to close after revealing she could not compete with “deep pockets of corporate brands” and that “prime shelf space comes at a price.” Founded in 2021, […]",ebony.com,2025-07-17,Beauty,,https://www.ebony.com/ami-cole-brand-closure-diarrha-ndiaye-mbaye-statement/
[OP-ED] ‘Love Island USA’s’ Double Standard for Black Women,"As the Love Island USA fandom and viewership this past season continued to grow, so did the repeated microaggressions and harmful language across the timeline toward the Black women on the show. For me, the moment Olandria Carthen and Chelley Bissainthe stepped on my screen, I was immediately drawn to their authenticity and beauty, instantly […]",ebony.com,2025-07-16,Opinion Articles,,https://www.ebony.com/love-island-usa-black-women-microaggressions/
"The State of US: Michelle Obama Claps Back, Trump Makes Big Moves and Congress Remembers Black Women Exist","What You Need to Know: This week, America’s news cycle is doing the absolute most. Michelle Obama is shutting down swirling rumors with trademark calm, while the president barrels ahead with big, controversial moves reshaping everything from federal jobs to social safety nets. Meanwhile, Congress is finally talking about equal pay for Black women—because apparently it […]",ebony.com,2025-07-16,News &Amp; Politics,,https://www.ebony.com/the-state-of-us-black-womens-pay-obama-divorce-trump-news/
The Black Family Reunion Isn’t Dead: EBONY Editors On How They Keep Theirs Alive,"The family reunion has been an important part of Black American culture, an opportunity to connect with loved ones dispersed across the nation, indulge in our shared heritage, culture and traditions and savor delicious food. But now, the internet has unleashed a claim that Black family reunions have decreased by 47% since 1997, due to […]",ebony.com,2025-07-16,Culture,,https://www.ebony.com/black-family-reunions-decline-or-evolving-ideas/
"Safe at Home: The Game at the Crossroads of Baseball, Ballots and Borders","As a kid growing up in Atlanta in the ’90s, you couldn’t tell me nothin’! The city was abuzz with the Olympics on the horizon, Freaknik annually sent Peachtree Street into a twerkfest gridlock, and Outkast and Goodie Mob put the South on the hip-hop map. Despite all those thrilling distractions, all I cared about […]",ebony.com,2025-07-16,Politics,,https://www.ebony.com/baseball-politics-immigration-mlb-all-star-atlanta/
Everything to Know About Paapa Essiedu: the New Face of ‘Harry Potter’s’ Severus Snape,"The HBO reboot of Harry Potter started production in London on July 15, and one of the newest faces in the cast is Paapa Essiedu. The Ghanaian-British actor is taking on the role of Professor Severus Snape, the head of Slytherin House, who has a love of perilous potions and a grudge against young Harry. […]",ebony.com,2025-07-16,Entertainment,,https://www.ebony.com/paapa-essiedu-facts-new-face-harry-potter-reboot-severus-snape/
Black Actresses Once Again Dominate Comedy at the 77th Primetime Emmy Award Nominations,"History was made last year at the 76th Primetime Emmy Awards when three Black actresses competed for the Outstanding Lead Actress in a Comedy award. And it’s happened again. At the 77th Primetime Emmy Awards nominations, revealed this morning from Los Angeles, it was announced that three Black actresses will once again compete in the […]",ebony.com,2025-07-15,Entertainment,,https://www.ebony.com/black-actors-actresses-77th-emmy-nominations/
Are We Finally Getting Back to the Appointment TV Culture Era?,"Now that Love Island USA season 7 has wrapped with a reunion on the way, on August 25th, on Peacock, the real factor that brought viewers together, outside of the viral tweets and TikToks, was the concept of appointment television. In an era dominated by streaming and binge-watching, the days of gathering to watch a […]",ebony.com,2025-07-15,Entertainment,,https://www.ebony.com/appointment-appointment-tv-love-island-streaming-culture/
Waxing Aftercare Tips for Melanated Skin: Essential Guide to Prevent Irritation and Hyperpigmentation,"Black skin is magic, but even magic needs a little extra love to stay looking fly. When it comes to waxing, melanated skin deserves special care to keep irritation, ingrown hairs, and dark spots away. And let’s be real: it’s swimsuit season, and we want to show off smooth skin without worrying about those stubborn […]",ebony.com,2025-07-15,Beauty,,https://www.ebony.com/waxing-aftercare-tips-black-brown-skin/
How to Prepare for the Mental Toll of Raising a Developing Tween,"As a parent, tough conversations come with the territory—but when it comes to puberty, everything feels amplified. Suddenly, you’re not just talking about homework or screen time; you’re navigating conversations about body changes, hormones, and, of course, the rite of passage we all know as the birds and the bees talk. When my daughter was […]",ebony.com,2025-07-15,Family,,https://www.ebony.com/black-parents-talking-puberty-guide/
"Beyoncé in Atlanta: A Heist, Jay-Z and My Very First Show","Back in 2004, Beyoncé released the song “My First Time.” In her lyrics, she croons, “Baby, I’m not afraid to go the way, but it’s my first time….And I’m-a let you take the lead, but it’s my first time.” That’s how I felt arriving at my first Beyoncé concert ever, on July 10—opening night in […]",ebony.com,2025-07-15,Entertainment,,https://www.ebony.com/beyonce-atlanta-robbery-cowboy-carter-tour-jay-z/
5 Takeaways From ‘Love Island USA’ Season 7 Finale…Including the Winning Couple,"Love Island USA, season 7, is done, and there are some moments from the finale that got us. Here are five takeaways we took from the night, including the last couple standing. Consider yourself warned if you still haven’t watched. A Couple Destined to Shine For all those hopeless romantics who were wishing for a […]",ebony.com,2025-07-14,Entertainment,,https://www.ebony.com/love-island-usa-season-7-finale-winners-recap/
"Joel Quayson Wins Dior’s 2025 Photography and Visual Arts Award for Young Talents with a Raw, Riveting Study of Self","The house of Dior just handed the mic—and the moment—to someone who had something real to say. Christian Dior Parfums, in partnership with ENSP and LUMA Arles, named Joel Quayson of the Royal Academy of Art, The Hague the winner of the 8th edition of the Dior Photography and Visual Arts Award for Young Talents. […]",ebony.com,2025-07-14,Black Photography,,https://www.ebony.com/joel-quayson-dior-photography-award-2025/
8 Tips to Help You Get a More Restful Night’s Sleep,"Do you frequently find yourself tossing and turning at night, unable to get a good night’s sleep? If so, you are not alone. According to the National Heart, Lung, and Blood Institute, between 50 and 70 million Americans suffer from ongoing issues. Failure to get adequate sleep can negatively affect one’s health in numerous ways. […]",ebony.com,2025-07-14,Health,,https://www.ebony.com/better-sleep-tips-for-healthier-nights/
Make Your Tastebuds Dance With This Southern Baked Macaroni Recipe,"It’s July 14, time to celebrate one of the best food combos in the world–Macaroni and Cheese! In honor of National Mac and Cheese Day, EBONY revisits this delectable mac and cheese recipe from Chef Michael Savage. When most adults think of Disney World, they equate it with screaming children, long lines and sugary junk […]",ebony.com,2025-07-14,Dining,,https://www.ebony.com/national-mac-and-cheese-day-disney-chef-recipe/
"Your Summer Docs List: Munroe Bergdorf’s Journey, Black Music’s Legacy and Katrina Revisited","Welcome to “Hot Doc Summer.” This season is full of moving documentaries that capture the heart, humanity and hope of the human experience. Bergdorf Unfiltered On July 15, Munroe Bergdorf, author, model, leading trans activist and a global pioneer of LGBTQ+ equity, will share her life journey in the new documentary Love & Rage: Munroe […]",ebony.com,2025-07-14,Culture,,https://www.ebony.com/docs-to-watch-summer-netflix-nat-geo-munroe-bergdorf/
Everything to Know About NBA Star Klay Thompson,"Klay Thompson made headlines over the weekend when he subtly revealed his relationship with rapper Megan Thee Stallion. The 35-year-old Dallas Mavericks guard and the “Whenever” rapper’s romance gained attention after the emcee shared a photo on Instagram on Thursday. In the picture, which shows her posing at the pool, fans noticed Thompson lying in […]",ebony.com,2025-07-14,Life,,https://www.ebony.com/klay-thompson-megan-thee-stallion-dating-rumors/
Street Style Was the Real Show at Couture Week—And Black Fashion Ruled the Runway of the Sidewalk,"While the front row girls battled for couture invitations, the real spectacle was unfolding outside the shows—on the steps, in the crosswalks and on the streets under the Parisian sun where Black style reigned supreme. Let’s start with the man who understood the assignment from ankle to eyebrow: pleated ivory trousers, a sleek black knit, […]",ebony.com,2025-07-11,Fashion,,https://www.ebony.com/black-street-style-paris-couture-week-2025/
Coco Jones Announces Engagement to Donavan Mitchell,"Coco Jones is officially off the market after she took to Instagram to announce her engagement to longtime partner and Cleveland Cavaliers player Donovan Mitchell. The Ebony Power 100 alumna is having a major year after releasing her debut album, Why Not More? Jones and Mitchell kept an extremely low profile when it came to […]",ebony.com,2025-07-11,Celebrity,,https://www.ebony.com/coco-jones-engaged-donovan-mitchell/
What to Know About the New Red Lobster CEO Damola Adamolekun,"If you’re following the timeline, you’ve likely noticed the buzz about the new seafood boils on the Red Lobster menu. Yes, you read that correctly. Since the new leadership has taken over, there have been major changes to revamp the dining experience at the legacy restaurant, which has the internet trying to taste-test the latest […]",ebony.com,2025-07-11,Dining,,https://www.ebony.com/red-lobster-seafood-boil-damola-adamolekun/
Black Nightlife Is in Crisis: Here’s How We Reclaim the Dance Floor,"So, the vibes are off. We said it. Black nightlife has become a curated performance—all aesthetic, no soul. But now that we’ve named the problem, what now? Because despite the velvet ropes, the overpriced bottles, and the party-that-feels-like-a-podcast tapings, Black joy isn’t dead — it’s just waiting for better spaces to show up in. Here’s […]",ebony.com,2025-07-11,Black,,https://www.ebony.com/black-nightlife-vibes-dance-floor-essay-part-2/
Cuts to Federal Workforce to Begin Today,"In anticipated weekend news that no federal worker ever wants to hear, major slashes are expected in the governmental job sector beginning July 11, with thousands of federal workers fearing they’ll receive pink slips from the current administration by the day’s end. On Tuesday, the Supreme Court cleared the way for the White House to […]",ebony.com,2025-07-11,News &Amp; Politics,,https://www.ebony.com/supreme-court-oks-federal-job-cuts-black-workers-risk/
15 Times Danielle Deadwyler Ate the Red Carpet Up—No Crumbs Left,"Danielle Deadwyler doesn’t just show up to a red carpet—she devours it. Whether she’s gliding in a sculptural silhouette or snatching headlines in something sheer, Deadwyler has quietly, confidently become one of Hollywood’s most exciting dressers. The Till and The Piano Lesson star has the rare ability to make a statement without screaming, to command […]",ebony.com,2025-07-11,Fashion,,https://www.ebony.com/danielle-deadwyler-red-carpet-style-looks/
Wine Down: The Ultimate Guide to Summer Sipping and Hosting,"As I get older and enter the next phase of my grown woman era, I see the importance of curating a personal and intimate space within your home life, specifically when it comes to dining experiences. Wine is a great way to enter the world of learning and discovering how to breathe new life into […]",ebony.com,2025-07-11,Dining,,https://www.ebony.com/summer-wine-guide-black-hosting-tips/
Editor’s Picks: New Music to Add to Your Weekend Playlist,"With summer Fridays in full swing, it’s the perfect time to refresh your daily music playlist with new releases. While we’re still on the lookout for the official song of the summer, that doesn’t mean we can’t enjoy the fresh tracks that are popping up in our playlists. As we dive into these new releases, […]",ebony.com,2025-07-11,Entertainment,,https://www.ebony.com/summer-music-2025-clipse-tyla-burna-boy-giveon/
"The Wrap-Up: Glynn Turman, Flo Rida and U.S. Rep. Jasmine Crockett","Glynn Turman was teaching everybody how you supposed to show up at the Hollywood Walk of Fame. The Cooley High star saddled up to get his star and join the distinguished ranks of performers celebrated on the strip. Director Ava DuVernay and actor Don Cheadle presented the prestigious honor to Turman, whose new spot is […]",ebony.com,2025-07-11,Celebrity,,https://www.ebony.com/the-wrap-up-glynn-turman-flo-rida-and-us-rep-jasmine-crockett/
The Truth Behind the ‘BBL Smell’ Discourse,"The aftercare of Brazilian Butt Lifts (BBLs) has become a trending topic on social media, as people discuss the odor of the enhancement, coining the term ‘BBL Smell.’ “The way a BBL works is fat is harvested, or removed, from another part of the body and injected into the tissues of the buttocks to achieve the […]",ebony.com,2025-07-10,Health,,https://www.ebony.com/bbl-smell-fat-necrosis-prevention-surgery-care/
“Who All Gon’ Be There?”: In Defense of Gatekeeping “The Cookout”,"On my list of those invited to “the cookout,” there is exactly one answer: Black people. When pressed on the issue, I explain that my definition of “Black people” is anyone who identifies as a congregant of the African Diaspora. Whether that person is from South Carolina, South America, or South Africa—if they are a […]",ebony.com,2025-07-10,Culture,,https://www.ebony.com/the-cookout-black-community-cultural-space/
Sounds of Blackness: What the 2025 Essence Fest’s Diaspora Debate Reveals About Who Owns Black Culture,"When the 2025 Essence Festival of Culture started last weekend in New Orleans, it was precisely what it has always been: a homecoming, a cultural pilgrimage, a sanctuary of Southern-rooted Black joy. But for many attendees, in a sea of vibrant Blackness, a familiar tension made its way to the surface. Festivalgoers took to social […]",ebony.com,2025-07-10,Culture,,https://www.ebony.com/essence-festival-of-culture-2025-controversy/
Who Is Mr. Terrific in Superman 2025? Meet Edi Gathegi’s Scene-Stealing Hero,"Superman 2025 is about to descend on the universe, and he’s bringing along a very super friend. Like many superheroes, Mr. Terrific has a compelling origin story that has led him to fight crime and keep those around him safe. Here’s what you need to get up to speed about all things Mr. Terrific. Meet […]",ebony.com,2025-07-10,Entertainment,,https://www.ebony.com/superman-2025-mr-terrific-edi-gathegi/
Election Postponement in Miami Leads To New Questions Around Voter Accessibility & Rights,"The city of Miami announced at the end of June that they are now pausing their primary elections until 2026, just five months before the election was scheduled to take place. In a 3-2 decision by the Miami City Commission, elected officials will now have to remain in their positions for another year. The change […]",ebony.com,2025-07-10,News &Amp; Politics,,https://www.ebony.com/miami-election-delay-2026-voter-suppression/
Mielle Hits Essence Fest with a 90s-Inspired Salon Experience That Honors the Past and Powers the Future,"This past weekend at Essence Festival, Mielle flipped the script on your typical brand pop-up and took Black beauty lovers on a nostalgic trip through time, one that reminded us where our stories start: the salon chair. Tucked inside New Orleans’ Riverwalk Mall, Store #280 became the set of “Mielle Beauty Rewind,” a 90s-inspired cultural […]",ebony.com,2025-07-10,Beauty,,https://www.ebony.com/mielle-essence-festival-90s-beauty-pop-up/
This Afrofuturistic Video Game Features Heists For Stolen Artifacts,"Black and brown gamers understand that the push for more diversity in the gaming industry is a matter we must take into our own hands. In today’s society, it’s essential to have representation in all facets, especially now that the streaming and gaming industries have boomed into major, lucrative businesses. Enter South African video game […]",ebony.com,2025-07-09,Black Tech News Articles,,https://www.ebony.com/relooted-african-gaming-nyamakop/
"The State of US: Jeffries’ 9-Hour Stand, Supreme Court Greenlights Cuts, and National Parks Calls For Snitches","What You Need to Know: This week, Washington is a study in contradictions. Hakeem Jeffries broke a record with a nine-hour speech blasting Trump’s newly signed “Big Beautiful Bill,” which threatens deep cuts to healthcare and social programs. The Supreme Court cleared the way for Trump’s plan to cut the federal workforce like it’s last season’s […]",ebony.com,2025-07-09,News &Amp; Politics,,https://www.ebony.com/state-of-us-jeffries-supreme-court-trump-texas-floods-2025/
"Best Amazon Prime Day Beauty & Grooming Deals, Handpicked by EBONY Editors","Amazon Prime Day isn’t just about scoring deals on tech and home goods—it’s your moment to upgrade your top shelf. From July 8th to 11th, the beauty and grooming aisles are stocked with markdowns that make it the perfect time to re-up on your go-to products and try out those viral favorites you’ve been side-eyeing […]",ebony.com,2025-07-09,Beauty,,https://www.ebony.com/amazon-prime-day-beauty-deals-2025/
TSA Announces Elimination of the Shoe Removal Policy for Passengers,"The airport security process may have just become a bit easier after the Transportation Security Administration (TSA) recently announced that at some airports across the U.S., passengers will no longer have to remove their shoes. This change comes as part of the TSA’s efforts to update security protocols and reduce the inconvenience often faced by […]",ebony.com,2025-07-09,Life,,https://www.ebony.com/tsa-no-shoe-removal-airport-policy-2025/
Michael B. Jordan and Every Black Actor Cast In ‘The Thomas Crown Affair’ Reboot So Far,"Michael B. Jordan has always given off a debonair charm, so it only makes sense that he’s behind a new reboot of The Thomas Crown Affair. This sexy, psychological cat-and-mouse ride revolves around a charming billionaire who orchestrates elaborate heists—just for the fun of it—and the insurance investigator/detective tasked with solving his crimes. As the […]",ebony.com,2025-07-09,Entertainment,,https://www.ebony.com/michael-b-jordan-thomas-crown-affair-actors-reboot/
Black Nightlife Is Washed—And We Deserve Better,"Let’s keep it a buck: Black nightlife used to be a cultural reset. Now? It’s giving overpriced drinks, LED walls and a whole lotta people pretending to have fun for Instagram stories they’ll delete in 24 hours. The parties don’t party anymore. Somewhere along the way, the soul left the room—and no one thought to […]",ebony.com,2025-07-09,Life,,https://www.ebony.com/black-nightlife-joy-dance-floor-essay-part-1/
Raphael Saadiq Isn’t Done Yet—And Neither Are We,"Raphael Saadiq is doing what most legacy acts only wish they could: turning retrospection into revelation, vulnerability into virtuosity—and selling out damn near every venue in the process. After a red-hot summer run that packed out the Apollo, rattled the United Theater in L.A., and brought the Bay Area to its knees with two triumphant […]",ebony.com,2025-07-09,Entertainment,,https://www.ebony.com/raphael-saadiq-no-bandwidth-tour-2025/
"Del Monte Foods Files for Bankruptcy, Here’s Black Owned Canned Good Brands to Try","The beloved 138-year-old canned food company Del Monte Foods recently filed for bankruptcy after announcing that it was undergoing a sale process for all its assets. Del Monte was founded in 1886 and established its famous cannery in San Francisco in 1907. “After a thorough evaluation of all available options, we determined a court-supervised sale […]",ebony.com,2025-07-08,Dining,,https://www.ebony.com/del-monte-bankruptcy-black-owned-canned-goods/
Get Lit! Stacey Abrams’ Avery Keene Returns and Other Stories To Read By Black Authors This July,"Between the neighborhood block parties and the family cookouts, there’s always time to flip open a good book! Stacey Abrams has slipped back into author mode and served up the latest in her Avery Keene series, who’s traded in her D.C. life to jump into the world of technology investigations. This month, we’re celebrating the […]",ebony.com,2025-07-08,Books,,https://www.ebony.com/get-lit-books-black-authors-2025-stacey-abrams/
"The Rise of the Black Witch: From ‘Sinners’ Hoodoo Queens to Marvel’s Mystics, Our Magic Was Never a Myth","For decades, the Black witch has been a whisper in the background—casting spells that saved the day while getting none of the credit. She was the best friend, the backstory, the one who knew something but was never allowed to do everything. That era is over. The Black witch is finally stepping out of the […]",ebony.com,2025-07-08,Culture,,https://www.ebony.com/black-witches-hollywood-magic-revolution/
Six Lessons I’ve Learned From My Adult ADHD Diagnosis,"My daughter got diagnosed at seven with ADHD-C and dysgraphia. The signs started manifesting as early as pre-school, and by the time she was in second grade, her teachers and school psychologist suggested that we get her a neuropsych evaluation. It’s a two-day process that can diagnose a range of issues. The process is so […]",ebony.com,2025-07-08,Family,,https://www.ebony.com/black-parents-adult-adhd/
"Deadbeat Parents, Sexual Predators and Abusers Are NOT Invited to the Cookout Anymore","Let’s talk about the people we keep making plates for. Every summer, someone shows up to the family cookout who shouldn’t be there. I’m not talking about a distant cousin bringing runny mac & cheese. I’m talking about the ones who carry silence and shame like seasoning in their back pockets—the ones who should’ve been […]",ebony.com,2025-07-08,Family,,https://www.ebony.com/black-families-stop-protecting-predators/
40 Acres Review: A Fight for Survival Steeped in the Shadows of History,"On the surface, 40 Acres, the latest film starring EBONY cover star Danielle Deadwyler, presents itself as a dystopian battle between a family and outside forces determined to steal their land and their very lives. But in the hands of director R.T. Thorne, it becomes a profound exploration of ownership, cultural pride and the ongoing quest […]",ebony.com,2025-07-08,Entertainment,,https://www.ebony.com/40-acres-review-fight-for-survival-steeped-in-history/
All the Soulful Shows Happening at L.A.’s Hollywood Bowl This Summer,"The Hollywood Bowl has been serving up a spectacular season of soul with its electric summer lineup in Los Angeles, starting with Wizkid and the Color of Noize Orchestra opening the KCRW Festival at the Hollywood Bowl, who delivered a breathtaking performance. Under the masterful arrangement of Derrick Hodge, Wizkid’s catalog took on a cinematic, […]",ebony.com,2025-07-08,Culture,,https://www.ebony.com/hollywood-bowl-summer-2025/
The Big Beautiful Bill: 4 Major Takeaways Every American Needs to Know,"On July 4, 2025, President Donald J. Trump signed into law what is being called the “Big Beautiful Bill”––a sweeping piece of legislation poised to reshape how the U.S. spends and saves over the next decade. Marketed as a major cost-cutting initiative, the bill is being praised by some as a bold step toward reducing […]",ebony.com,2025-07-08,News &Amp; Politics,,https://www.ebony.com/trump-big-beautiful-bill-impact-2025/
Tems Announces New ‘Lead The Vibe’ Initiative for Women in Music,"GRAMMY Award-winning singer, songwriter and producer, Tems announces the launch of the Leading Vibe Initiative, a platform designed to support, connect and amplify young women in music across Africa, with a vision to expand its impact globally. “My goal with the Leading Vibe Initiative is to help discover and support talented young women who have […]",ebony.com,2025-07-07,Celebrity,,https://www.ebony.com/tems-lead-the-vibe-initiative-women-in-music/
Retreat to Black Excellence: Inside the Luxe New Club Fueling Community and Culture,"Retreat at the Gathering Spot is 60,000 square feet of sophisticated Black brilliance. Once you open the doors, you’ll find inside a rooftop pool, a swanky restaurant and elevated workspaces with breathtaking views of the city. As you walk through and see the rooftop sunlight flood the rooms, Charly Palmer art pieces line the walls, […]",ebony.com,2025-07-07,Culture,,https://www.ebony.com/retreat-gathering-spot-black-luxury/
AI Influencers: The Risks They Have on the Black Community’s Image,"When artificial intelligence first entered our daily lives, its primary goal was to simplify them. It was a tool for organization and efficiency, correcting grammar and spelling, drafting emails, and editing text or images with ease. Somewhere along the way, the course shifted. What was once a helpful assistant has veered into dangerous territory, especially […]",ebony.com,2025-07-07,News &Amp; Politics,,https://www.ebony.com/ai-digital-blackface-black-creators/
Jay Ellis Is Crazy In Love In the New Play ‘Duke & Roya’,"It’s been said that “love conquers all,” and the new play Duke & Roya puts that notion to the test. Starring Jay Ellis, the Insecure alum takes on the persona of Duke, a successful hip-hop artist who travels to war-torn Afghanistan in 2017 and becomes smitten with an Afghan woman. As romance blossoms, a foolish […]",ebony.com,2025-07-07,Culture,,https://www.ebony.com/jay-ellis-duke-and-roya-review/
New Study Reveals Unseen Influence of Black Women in Sports,"It’s no secret that Black women have consistently excelled in sports, but, like many industries, there’s still work and progress that need to be done. For National Black Women in Sports Day, a new study conducted by Diverse Representation and entertainment company Wasserman shares insight into the impact Black women have made in the industry. […]",ebony.com,2025-07-07,Entertainment,,https://www.ebony.com/national-black-women-sports-day-representation-study/
"From Keith David to Sherri Shepherd, These Black Stars Are Being Honored on the Hollywood Walk of Fame in 2025","For most people in the entertainment industry, whether it be acting, singing or something in between, getting a star on the Hollywood Walk of Fame would be a dream come true. This year, honorees that have found themselves joining that elite group of names have undoubtedly felt like that wish upon a Hollywood star has […]",ebony.com,2025-07-07,Entertainment,,https://www.ebony.com/black-celebrities-honored-hollywood-walk-of-fame/
[MUST READ] ‘What to the Slave Is the Fourth of July?’,"Happy July 4th, family! Grab something cold out of the cooler, then sit back and read one of the greatest speeches of all time, which we took the liberty of excerpting (it’s still long!). When you finish taking in Frederick Douglass’ beautiful 1852 Rochester, NY oration, challenge yourself to think deeply about the notion of freedom. What does it really mean to be Black AND American today?",ebony.com,2025-07-04,Black Culture History Articles,,https://www.ebony.com/frederick-douglass-what-to-the-slave-is-the-fourth-of-july/
Smart and Tasty BBQ Swaps for the Health-Conscious,"Originally published in June 2016, we are revisiting these tips for your Fourth of July grilling plans!",ebony.com,2025-07-04,Culture,,https://www.ebony.com/healthy-eating-bbq-recipes/
"July’s Coming in Hot Along With Beauty Launches From Fenty Hair, Chanel Beauty and More!","Summer’s clock is ticking, and July is our golden hour. The sun’s high, the group chats are buzzing, and there’s still time to be outside like your skincare depends on it—because it kind of does. From glow-boosting mists to croissant-inspired fragrances and clarifying shampoos that hit reset, these are the newest beauty launches of July […]",ebony.com,2025-07-04,Beauty,,https://www.ebony.com/july-beauty-launches-fenty-hair-chanel-beauty/
"The Wrap-Up: Cardi B, Regina Hall, Normani & Ride For Equity","Cardi B turned out at Serendipity Times Square in New York City. The famed cocoa emporium transformed into Cardi’s Chocolate Shop to celebrate Whipshots’ new chocolate and vodka-infused flavor. The artist, whose sophomore album is set to be released in September, helped bartend and introduced three indulgent chocolate-inspired cocktails featuring Hennessy cognac that she had […]",ebony.com,2025-07-04,Celebrity,,https://www.ebony.com/the-wrap-up-cardi-b-regina-hall-normani-summer-events/
All the Black British Street Style We Saw at Glastonbury 2025,"If you’re unfamiliar with Glastonbury, think of it as the U.K.’s take on Coachella. Skip the desert and flowers for mud and boho chic. (Yes, it’s a vibe.) Depending on who you ask, the festival’s aura can take a back seat to the performances. This year, Black British artists and attendees were front and center […]",ebony.com,2025-07-04,Fashion,,https://www.ebony.com/black-british-style-glastonbury-2025/
Get Your Grill On This Season With These Helpful Hacks,"This summer will be filled with family reunions, sleepovers with your cousins at grandma’s house, block parties and swimming pool fun. And we’re sure that one uncle of yours pulled out his dusty gray or black sandals before proudly tossing meat on the barbecue grill. For the Black community, barbecues are special because of the […]",ebony.com,2025-07-04,Dining,,https://www.ebony.com/bbq-hacks-summer-grilling-tips/
4 Songs to Soundtrack Your Fourth of July,"The burgers are sizzling on the grill and your beverage and cocktails are flowing. As you spend time with family and friends, you need tunes to keep the party going through Macy’s Fourth of July Fireworks presentation. Here are four songs to play on the day that recognizes the nation’s independence, reminding us all of […]",ebony.com,2025-07-04,Culture,,https://www.ebony.com/songs-for-the-fourth-of-july-black-artists/
8 Lessons I’ve Learned From Taking a GLP-1 For Weight Loss,"The idea of trying GLP-1s, which are medications primarily used to treat type 2 diabetes and obesity for weight loss, didn’t register as something I wanted to do at first. I’m athletic, don’t have diabetes and figured my usual shady methods of working out too much and crash dieting would help enough to lose the […]",ebony.com,2025-07-03,Health,,https://www.ebony.com/semaglutide-weight-loss-lessons/
‘Heads of State’ Star Idris Elba Plans Your Ultimate Summer Menu and Movie Night,"Not sure what to serve at the cookout this summer? Idris Elba‘s got ideas. “Barbecue in the summer is great. I’m a steak kind of guy, but for the grill, I’d go for chicken with a good salad, some jollof rice and ice cream. That’s a nice, big meal,” he exclaimed to EBONY. And for […]",ebony.com,2025-07-03,Dining,,https://www.ebony.com/idris-elba-summer-cookout-heads-of-state-interview/
"Celebrate Independence Day With These Washington, D.C. Hotels","With the Fourth of July just a day away, a trip to the nation’s capital seems like a befitting choice. No matter which way your political affiliations lean, there’s something poetic about watching fireworks in a place that is meant to stand for our country’s democracy. Over its roughly 68 miles, the district offers a […]",ebony.com,2025-07-03,Culture,,https://www.ebony.com/washington-dc-hotels-celebrate-holidays/
"A Self-Care ​W​eekend in Málaga, Spain Will Spark Your Senses","I love my ​Rich ​Auntie vibes, but sometimes I need to get away from the “getting away.” And there’s no better place to do it than Málaga, Spain, for three days of sun, self-care and serenity. My Air France Business Class seat granted me access to the Delta One lounge in Terminal ​4. While I normally start a trip with a glass […]",ebony.com,2025-07-03,Culture,,https://www.ebony.com/malaga-spain-self-care-weekend-kimpton-los-monteros-rich-auntie-getaway/
‘Big Beautiful Bill’ Passing: A Guide to Centering Black Mental and Physical Wellness,"The U.S. Congress has passed President Donald Trump’s “Big Beautiful Bill,” an extensive tax and spending bill, marking a significant victory for the president and his domestic agenda. After a challenging session on Capitol Hill, the House of Representatives approved the bill with a narrow vote of 218 to 214 on Thursday afternoon. The vote […]",ebony.com,2025-07-03,News &Amp; Politics,,https://www.ebony.com/navigating-trump-big-beautiful-bill-black-communities/
"Honey Dijon Says: This Summer, Your Skin Is the Revolution","When Honey Dijon walks into a room—or a DJ booth—she doesn’t just bring the beat. She brings body. Confidence. That golden-hour glow that whispers (or shouts), I’ve arrived. And this summer? She’s letting it all show. “I love to feel the sun and show it all off,” she tells me with a warmth that feels […]",ebony.com,2025-07-03,Beauty,,https://www.ebony.com/honey-dijon-body-confidence-summer-style/
4 Unique Fourth of July Cocktails to Sip On This Holiday,"Stars, stripes and sips. What better way to celebrate the holiday than with a few Fourth of July cocktails? Independence Day has long been regarded as a celebration for gathering with friends and families, complete with big fireworks displays. Whether you have big plans with the family or something more lowkey with friends, you’ll want […]",ebony.com,2025-07-03,Dining,,https://www.ebony.com/fourth-of-july-cocktails-recipes/
"The State of Us: Big Beautiful Bill, Alligator Alcatraz and Mamdani Over Cuomo","What You Need to Know: America’s political circus is in full swing, with Trump’s sweeping bill slashing social programs, alligator-guarded detention camps springing up in the Everglades, and the Supreme Court steadily narrowing rights and protections. Meanwhile, diversity crackdowns continue to hit universities, and New York’s Democratic voters just handed Andrew Cuomo a stunning defeat. The […]",ebony.com,2025-07-02,News &Amp; Politics,,https://www.ebony.com/us-politics-chaos-trump-scotus-mamdani-cuomo/
Taraji P. Henson Set to Make Broadway Debut in ‘Joe Turner’s Come and Gone’ Revival,"Taraji P. Henson is adding another milestone to her resume, joining the revival Broadway production of August Wilson’s Joe Turner’s Come and Gone alongside Cedric “The Entertainer.” Set in 1911, Joe Turner’s Come and Gone takes place in a Pittsburgh boarding house run by Seth and Bertha Holly, serving as a refuge for Black travelers navigating the […]",ebony.com,2025-07-02,Culture,,https://www.ebony.com/taraji-henson-cedric-joe-turner-broadway/
Is Work-Life Balance Over? New Study Reveals ‘The Infinite Workday’,"In today’s economy, characterized by high inflation and a booming side gig culture, it seems that the days of relaxation are on hold. Many everyday workers find themselves caught in a constant struggle just to survive and maintain their daily lives. In a new study conducted by Microsoft, the era of “The Infinite Workday” is […]",ebony.com,2025-07-02,Life,,https://www.ebony.com/microsoft-infinite-workday-study/
Bashy Reflects on His Return to the Glastonbury Stage 15 Years Later,"Bashy, also known as Ashley Thomas, made a glorious return to Glastonbury, performing at the festival for the first time in 15 years. Taking to the Lonely Hearts Stage in Silver Hayes, he delivered a historical set, performing tracks from his second studio album, Being Poor Is Expensive, and reflecting on the remarkable, award-winning year […]",ebony.com,2025-07-02,Entertainment,,https://www.ebony.com/bashy-reflects-on-return-glastonbury-stage/
Black Style Took Over the Streets at Milan and Paris Men’s Fashion Week 2025,"Milan and Paris Men’s Fashion Week 2025 reminded us that the streets—not the runways—are where the real fashion moments happen. And this season, Black showgoers, creatives and celebs made sure their style was front row, even if their seats weren’t. In Milan, tailoring took a relaxed turn with breezy linen suits, embroidered coats and exaggerated […]",ebony.com,2025-07-02,Fashion,,https://www.ebony.com/black-style-mens-fashion-week-2025/
13 Iconic Roles Where Danielle Deadwyler Gave Us The Gaze,"Denzel Washington called her one of the greatest talents of our time. And it has everything to do with “the gaze.” Expressive. Soulful. Full of emotion without saying a word. And when she does speak, volumes. This is an actress who’s unafraid to strip down and share herself vulnerably on screen. It’s that commitment to telling […]",ebony.com,2025-07-01,Entertainment,,https://www.ebony.com/danielle-deadwyler-best-film-tv-roles/
More Than a Trip: The Cultural Weight of Summer Visits to Extended Family,"I’ve always looked forward to summer, knowing it meant spending extended time with my grandparents and family in Virginia. It was such a familiar and joyful routine that everyone around me knew about it. It became a special part of my life, and when my little sister was born seven years later, she started joining […]",ebony.com,2025-07-01,Family,,https://www.ebony.com/black-family-summer-visits-down-south/
Experience Is the Product: How Airbnb Plans to Capitalize on the Travel Economy,"When you think of travel, the definition has probably evolved from the typical trip booked with a complimentary breakfast. Now, it’s about the overall experience from the moment you book your trip to when you leave. According to The World Travel & Tourism Council, a study projects a 5.8% annual average growth rate for travel […]",ebony.com,2025-07-01,Life,,https://www.ebony.com/airbnb-plans-capitalize-travel-economy/
How My Summer Sex Break Turned Into a Sabbatical,"Last summer, I made a “No Sex” vow. It was only supposed to be for the summer. I didn’t go into it thinking I’d abstain for a full year. This isn’t the Y—nobody’s handing out “non-participation” trophies. Like most good stories, this one starts after a breakup in the winter of 2024. By summer, I […]",ebony.com,2025-07-01,Life,,https://www.ebony.com/one-year-celibate-summer-sex-break/
Supreme Court Rules Against Planned Parenthood Being Included in Medicaid,"Supreme Court judges made the decision on Thursday, June 26th, to no longer include Planned Parenthood under Medicaid insurance in the state of South Carolina. The 6-3 ruling comes after a long-standing battle with the state seeking to reduce federal funding for the organization. South Carolina residents are now unable to terminate a pregnancy after […]",ebony.com,2025-07-01,News &Amp; Politics,,https://www.ebony.com/supreme-court-south-carolina-planned-parenthood-medicaid/
The ‘Girlfriends’ Are Back—In the Name of Beauty!,"It’s giving reunion and results. The cast of the iconic early-2000s sitcom Girlfriends just reunited—not on Netflix, not on Prime, but in a glossy, juicy new commercial for PATTERN Beauty, the haircare brand founded by none other than Tracee Ellis Ross. And while this isn’t the feature-length film we’ve been side-eyeing Hollywood to greenlight since […]",ebony.com,2025-06-30,Beauty,,https://www.ebony.com/girlfriends-cast-reunion-pattern-beauty-ad/
Quil Lemons’ First Solo Show Is Not Only Philly-Coded But Pays Homage to the Power of Black Gay Manhood,"Being the first or one of a few to accomplish a rare feat can become an unwarranted burden. For Quil Lemons, a brilliant photographer who has captured the likeness of many greats across genres, he remains centered through the strength of his identity and upbringing. It is these tenets that informed the collection that will […]",ebony.com,2025-06-30,Culture,,https://www.ebony.com/quil-lemons-first-solo-show-interview/
"From Regina King to Ice Spice, Christian Cody is the Next Gen Photographer You Should Know","When you think of the next generation of photographers, Christian Cody’s name should come to mind. Black photographers play a crucial role in the world of imagery, bringing unique perspectives and narratives that have often been overlooked or underrepresented. Their work challenges stereotypes, breaks down barriers, and sheds light on the diverse experiences and cultures […]",ebony.com,2025-06-30,Black Photography,,https://www.ebony.com/christian-cody-next-gen-photographer-interview/
Bryan ‘Birdman’ Williams Gets Candid on How Cash Money Records Took Over the 99s and 2000s,"Cash Money Records was a force to be reckoned with in the late ’90s and early 2000s. The South definitely had something to say when brothers Ronald “Slim” Williams and Bryan “Birdman” Williams decided to start their powerhouse record label. We were introduced to a new rap sound and a new wave of talent, including […]",ebony.com,2025-06-30,Culture,,https://www.ebony.com/birdman-cash-money-records-interview/
Is Social Media Humiliation Really Disciplining Your Kids?,"A new challenge has emerged on social media, as Millennial parents are incorporating Dru Hill into their parenting approach. Several viral videos are showcasing this new discipline tactic, where parents are making their children perform the Dru Hill Bounce as a form of punishment online. Now, making your kids face their punishments online isn’t a […]",ebony.com,2025-06-30,Family,,https://www.ebony.com/dru-hill-bounce-punishment-sharenting-trend/
This New HIV Drug Could End the Spread of HIV for Good,"It’s hard to believe, but Black Americans continue to be the group most affected by HIV in the United States. Knowing that science continues its mission to eradicate the disease with the recent FDA approval of Yeztugo®, a revolutionary new prevention medicine from Gilead, is a welcome breakthrough. The new drug offers six months of […]",ebony.com,2025-06-30,Health,,https://www.ebony.com/fda-approves-yeztugo-hiv-prevention/
Set Your Summer Soundtrack With These TV Stars’ Playlist Picks,"“Summer, summer, summertime.” Alongside those family reunions, baseball games and cookouts, you need a playlist that’s going to keep things bopping. We asked these TV stars, Duster’s Benjamin Charles Watson, Ironheart’s Lyric Ross, Mekonnen Knife of the upcoming Disney+ film Zombies 4 and Courtney Taylor of the upcoming Ballard, to drop knowledge on their favorite […]",ebony.com,2025-06-28,Music,,https://www.ebony.com/summer-playlist-tv-stars-duster-ironheart-zombies-4-ballard/
"Ending June With Beauty Launches From Huda Beauty, ONE/SIZE and More!","As summer officially settles in and the heat turns up, beauty brands are closing out June with some of their most exciting launches yet. From SPF-packed staples to glow-boosting blushes, juicy lip oils, and bold new fragrances, these drops are designed to keep your skin radiant, your routine refreshed, and your vanity fully stocked. Whether […]",ebony.com,2025-06-27,Beauty,,https://www.ebony.com/summer-beauty-launches-2025/
"The Wrap-Up: 6lack and Quin, Shaquille O’Neal and Jackie Aina","Showing that baby love is real, 6lack and Quin popped into the Babylist Showroom in Beverly Hills to check out all the items they can add to their registry for their impending bundle of joy. “I’ve enjoyed being pregnant,” she shared, but admitted no one had warned her about rolling out of bed when you’re expecting. Their […]",ebony.com,2025-06-27,Celebrity,,https://www.ebony.com/the-wrap-up-6lack-and-quin-shaquille-oneal-and-jackie-aina/
The Supreme Court Limits Injunctions In Birthright Citizenship Case,"The Trump administration received a 6-3 vote from the Supreme Court to take steps to end the automatic implementation of birthright citizenship. This request aims to limit the range of nationwide injunctions issued by judges, meaning they apply only to states, groups and individuals that have sued. “GIANT WIN in the United States Supreme Court! […]",ebony.com,2025-06-27,News &Amp; Politics,,https://www.ebony.com/supreme-court-limits-injunctions-birthright-citizenship-case/
6 TV Series That Got It Right Portraying the Black LGBTQ Community,"For decades, we’ve seen the TV landscape expand for the Black community, but it has taken time for it to become a platform that readily showcases Black queerness. We’re talking beyond the best gay friend or stereotypical lesbian. That’s why Noah’s Arc was so fondly welcomed when it premiered in 2006, and Noah’s Arc: The Movie—currently playing […]",ebony.com,2025-06-27,Entertainment,,https://www.ebony.com/black-lgbtq-community-tv-series-shows/
Warner Bros. and SharkNinja Center Fast Cars and Culture in Celebration of ‘F1:The Movie’,"There are premieres—and then there are cultural touchpoints that blur the line between entertainment and elevation. On June 17, Warner Bros. and SharkNinja hosted a pair of bi-coastal, star-studded dinners in New York City and Miami to celebrate the upcoming release of F1: The Movie. But these weren’t just about promoting a film—they were about […]",ebony.com,2025-06-27,Entertainment,,https://www.ebony.com/f1-the-movie-nyc-miami-dinners-sharkninja-warner-bros/
Why Your Teen’s Sleep Hygiene Needs Improvement,"As Gen Z and Gen Alpha grow up in a society that is increasingly dependent on devices and prioritizes activity over sleep, it is not surprising that many teens are sleep-deprived. Parents of teenagers will likely attest to their children struggling to go to bed before 11 p.m. Electronic devices are partially to blame, but […]",ebony.com,2025-06-27,Family,,https://www.ebony.com/teen-sleep-hygiene-improvement-tips/
BigXthaPlug Has a New Country Song Out and We’re Yeehawing All About It,"When BigXthaPlug released “All The Way” earlier this year, it was tinged with a whole lotta country. And we liked it. Now the large and in charge rapper has doubled down with the release of his new single, “Home.” And he ain’t alone. Grammy-nominated country star Shaboozey is also setting down bars on the record. The […]",ebony.com,2025-06-27,Music,,https://www.ebony.com/bigxthaplug-new-country-song-home-featuring-shaboozey/
Dominique Thorne Joins the Ranks of Black Women Superheroes with Marvel’s ‘Ironheart’,"The superhero industrial complex doesn’t usually hand out capes to Black women. When they do, it’s often in pieces—half a storyline here, a tragic backstory there, maybe an overly dramatic slow-motion walk into battle–if we’re lucky. But something’s shifting. Slowly, steadily, and in thigh-high boots. Dominique Thorne just officially joined the roster, and with her […]",ebony.com,2025-06-26,Entertainment,,https://www.ebony.com/black-women-superheroes-dominique-thorne/
How Black Women Are Reclaiming Kink,"When you hear the word kink, what pops into your head? If you said Fifty Shades of Grey, then, baby, this article is for you. Kink is SO much more than the whips and chains we’ve been spoon-fed by mainstream media. Sure, that might be part of the fun, but kink is really about freedom. […]",ebony.com,2025-06-26,Life,,https://www.ebony.com/black-women-redefining-kink-pleasure-healing/
Anna Wintour Is Stepping Down from American Vogue and I’m Gagged—But Not Surprised,"As someone who once clocked hours in the American Vogue accessories closet—checking in and out sample shoes, bags and belts—I’ll admit: hearing that Anna Wintour is stepping down as Editor-in-Chief gave me a little jolt. Expected? Sure. But still? It felt like the final scene of a fashion movie I wasn’t ready to end. Since […]",ebony.com,2025-06-26,Fashion,,https://www.ebony.com/anna-wintour-steps-down-american-vogue-gagged-not-surprised/
"Black Fashion Fair Hosts Robin Givhan in Powerful Conversation on Fashion, Power and the Legacy of Virgil Abloh","On the evening of June 23, 2025, Black Fashion Fair and NeueHouse presented a special edition of Black Fashion Talks, featuring Pulitzer Prize–winning journalist and cultural critic Robin Givhan in conversation with Harper’s Bazaar Executive Digital Director, Lynette Nylander. Titled Fashion, Power, and the Legacy of Virgil Abloh, the talk served as both a celebration […]",ebony.com,2025-06-26,Books,,https://www.ebony.com/robin-givhan-black-fashion-talks-virgil-abloh/
Interior Designers Share Top Five Home Trend Predictions For 2025,"The warmer weather doesn’t just mean turning up the AC; it’s also an opportunity to find new inspiration and creativity, and there’s no better way to do that than in your home. According to Ariene Bethea, Founder of Dressing Rooms Interiors Studio, summer is the key season for revamps and makeovers because this is when […]",ebony.com,2025-06-26,Home,,https://www.ebony.com/summer-home-design-trends-2025/
"Joy Reid Talks ‘The Joy Reid Show,’ Fighting Bullies and Her CNN Debut","Joy Reid has something to say, and this time, no one is shutting her down. “I got the one boss that can’t fire me—me,” she exclaimed to EBONY about her new platform, The Joy Reid Show, which launched on YouTube June 9. The series has already built a cult following with over a million streams. […]",ebony.com,2025-06-26,Culture,,https://www.ebony.com/joy-reid-interview-the-joy-reid-show-fighting-bullies-cnn-debut/
‘Love Island USA’ — Time to Move Beyond the “Strong Black Woman” Trope on Reality TV,"Black women are often characterized as “strong,” and it’s problematic. While it encompasses our historical resilience and capability to care for others, its perceived meaning has also robbed us of our rest, our right to be soft, our freedom to just be. Being strong means that no matter what happens to you, you fight through […]",ebony.com,2025-06-26,Entertainment,,https://www.ebony.com/love-island-olandria-strong-black-woman-trope/
10 Fun Facts About Anfernee Simons You Need to Know,"With his trade to the Boston Celtics, everyone wants to know more about the team’s newest player, Anfernee Simons. Simons became a part of the Celtics on June 23 in a high-impact trade with Jrue Holiday, who now joins Simons’ former team, the Portland Trail Blazers. So, who is this talented shooting guard who’s positioned to make […]",ebony.com,2025-06-25,Sports,,https://www.ebony.com/anferee-simons-10-things-to-know/
"The State of Us: Musk’s Memphis Mess, McDonald’s Boycott, and the Undoing of Obama’s Deal","Here’s what you need to know: Elon Musk’s AI firm faces a legal challenge from the NAACP over toxic emissions threatening Black neighborhoods in Memphis, while President Trump’s unauthorized airstrikes in Iran have reignited impeachment calls and criticism for unraveling Obama-era diplomacy. McDonald’s grapples with a growing boycott over DEI rollbacks and labor issues, and […]",ebony.com,2025-06-25,Culture,,https://www.ebony.com/naacp-xai-lawsuit-trump-impeachment-voting-rights/
Louis Vuitton Men’s Spring 2026: Pharrell Williams Fuses Dandyism and Desi Influence in a High-Wattage Global Spectacle,"Pharrell Williams isn’t designing for men. He’s designing for those of us who move like we know something the room doesn’t. The ones who understand that style is a passport, and every outfit is a stamp. For Spring-Summer 2026, Williams took Louis Vuitton from Pont Neuf to Punjab, landing somewhere between the sun-washed luxury of […]",ebony.com,2025-06-25,Fashion,,https://www.ebony.com/pharrell-louis-vuitton-spring-2026-runway-review/
Been Too Hot This Week. Stay In and Watch These Two TV Premieres Instead,"It’s been a hot week. We’re not just talking philosophically. Temperatures across the nation rose to over 100 in many areas, making it almost unbearable to go outside. The TV gods must have been on notice, because two new shows premiering this week should keep you cool until the temperature settles. Nelly and Ashanti are […]",ebony.com,2025-06-25,Entertainment,,https://www.ebony.com/nelly-ashanti-smoke-summer-tv-2025/
Prosecutors Abandon Attempted Arson and Kidnapping Theories in Sean “Diddy” Combs Trial,"In the latest developments of the Sean “Diddy” Combs case, prosecutors have shared that they are no longer going to be arguing attempted kidnapping, attempted arson, aiding and abetting sex trafficking as liability in his racketeering conspiracy charge. “The Government is no longer planning to proceed on these theories of liability, so instructions are no […]",ebony.com,2025-06-25,News &Amp; Politics,,https://www.ebony.com/diddy-rico-trial-updates-prosecutors-drop-charges/
Living Loud & Proud: Talent Director Tee Lindsay on Coming Out To His Religious Family,"Coming out isn’t an easy thing to do, especially when you’re not sure of what you’re feeling. For many who identify as gay, it’s something they know and feel from an early age. As a freelancer talent director, Tee Lindsay had an inkling of his sexuality at the age of 7 but didn’t understand the […]",ebony.com,2025-06-25,Life,,https://www.ebony.com/tee-lindsay-coming-out-interview/
Brandy & Monica Are Finally Hitting the Tour Stage Together—Here Are 6 Songs We Need to Hear Live,"Millennials, we finally got our win. Brandy and Monica—yes, Brandy and Monica—are hitting the road together. After decades of the industry (and let’s be real, some of us fans) trying to pit them against each other, the truth remains: these women were never rivals. They’re sisters. Sisters in sound. Soulmates in song. Two daughters of […]",ebony.com,2025-06-24,Entertainment,,https://www.ebony.com/brandy-monica-2025-tour-kelly-rowland-muni-long/
What Happened to B. Simone? A Look at Her Rise and Socia Media Controversy,"At one point, B. Simone was the internet’s favorite loud cousin—the girl with funny Instagram car videos and the manifestation journal she swore would change your life. And let’s be honest, so many of us were rooting for her. She was hilarious, vibrant and just a little chaotic, in the best way. We watched her […]",ebony.com,2025-06-24,Culture,,https://www.ebony.com/b-simone-controversy-2025/
Ryan Coogler Is Making Sure the People Behind This ‘Ironheart’ Are Black Women,"When Marvel first introduced Ironheart in 2016, one of our biggest gripes was that Riri Williams, the then 15-year-old Black girl genius, wasn’t created by Black women. In Ironheart, the new series premiering on Disney+ on June 24, executive producer Ryan Coogler has made Black women number one on the call sheet. “It made the most sense for the character,” […]",ebony.com,2025-06-24,Entertainment,,https://www.ebony.com/marvel-ironheart-ryan-coogler-black-women-lead-disney-plus/
What’s Better for the NBA: Balance or Blockbuster?,Seven different NBA champions in seven years. No dynasties. No super teams. Not even a match-up this year that could be deemed David vs. Goliath. This was more David versus well… David. And the team that came out on top hailed from Oklahoma City—where the loudest sound used to be a thunderclap piped through arena […],ebony.com,2025-06-24,Sports,,https://www.ebony.com/oklahoma-city-thunder-nba-finals-2025-championship/
The B. Simone Timeline: From “Baby Girl” to Doing the Most,"At one point, B. Simone was the internet’s favorite loud cousin—the girl with funny Instagram videos and the manifestation journal she swore would change your life. But somewhere between the boyfriend applications and the spiritual rebrand, she went from being funny and relatable to a walking contradiction wrapped in crystals and controversy. What started as […]",ebony.com,2025-06-24,Entertainment,,https://www.ebony.com/b-simone-career-timeline-controversy-manifestation/
Here’s What To Know About President Trump’s Fragile Ceasefire,"President Donald Trump has inserted the United States into the conflict between Israel and Iran after bombing three of the Islamic Republic’s key nuclear sites overnight on Sunday morning. The U.S. strikes occurred following a week of ongoing conflict between Israel and Iran, triggered by Israel’s sudden series of attacks on Iran’s nuclear and military […]",ebony.com,2025-06-24,News &Amp; Politics,,https://www.ebony.com/trump-israel-iran-ceasefire-violated/
“Sassy” is the Word Y’all Use When Y’all Don’t Want to say “Feminine” or “Gay” and That’s a Problem,"We need to have an honest conversation about the word “sassy.” Not in the RuPaul’s Drag Race, finger-snap, “you betta werk” kinda way—but in the way folks weaponize it. You know the tone. The TikTok comments, the “jokes” in the group chat, the aunties and allies alike whispering that a man who dared raise his […]",ebony.com,2025-06-23,Culture,,https://www.ebony.com/black-men-sassy-gender-performance-liberation/
Career Come-Up: Serene Herbs Founder Kwadwo Tuffour Built This Million-Dollar Empire With African Herbalism,"How do we make our guts happy? Why not turn to our African roots? That’s what entrepreneur Kwadwo Tuffour, better known as KT, has done with his company Serene Herbs, a wellness brand from this first-generation Ghanian-American that’s become the fastest-growing gut detox brand in the nation. At just 26, KT is changing lives by reconnecting our health […]",ebony.com,2025-06-23,Health,,https://www.ebony.com/kwadwo-tuffour-founder-serene-bitters-transform-gut-health-african-herbalism/
Is Cardi B’s “Big Announcement” Seven Years Too Late?,"Back in 2018, Cardi B stormed onto the scene with her first album, Invasion of Privacy. She crushed her debut, earning the GRAMMY Award for Best Rap Album and the BET Award for Album of the Year in 2019. With that kind of meteoric rise, a second album felt like it would be right around […]",ebony.com,2025-06-23,Music,,https://www.ebony.com/cardi-b-big-announcement-seven-years-too-late/
Channel RHOA’s Angela Oakley With the Best Portable Handheld Fans to Keep You Cool This Summer,"There are Real Housewives who bring drama, Real Housewives who bring fashion and then there’s Angela Oakley—the newest peach-holder in the Real Housewives of Atlanta cast—who’s bringing a breeze. Every time the cameras cut to her she’s posted up with a portable fan in hand like a Southern belle who’s too unbothered to sweat. Confessionals? […]",ebony.com,2025-06-23,Home,,https://www.ebony.com/angela-oakley-handheld-fan-rhoa-style-guide/
President Trump Sends U.S. Missiles to Aid in Israel-Iran Conflict,"On Sunday morning, the U.S. sent missiles to Iran, attacking three of their uranium enrichment sites, further uniting with Israel’s longstanding efforts to weaken Iran’s nuclear stronghold. President Trump confirmed the bombings on social media, where he wrote on Truth Social, “We have completed our very successful attack on the three Nuclear sites in Iran, […]",ebony.com,2025-06-22,Culture,,https://www.ebony.com/trump-strikes-iran-israel-conflict/
"The Wrap-Up: Damson Idris, Kiki Layne, Theophilio and More","In celebration of the summer blockbuster F1: The Movie, Warner Bros. hosted two simultaneous cultural dinners in New York City and Miami. In partnership with SharkNinja, Damson Idris was strapped in for the Big Apple event held at Ludlow House in New York City in honor of his upcoming film. Hosted by cultural connector and […]",ebony.com,2025-06-21,Celebrity,,https://www.ebony.com/the-wrap-up-damson-idris-kiki-layne-theophilio/
ICE Raids Are Rearing To Impact More Than Just The Latin Community— Here’s What You Need To Know,"Black immigrants are in jeopardy of being impacted by ICE raids alongside the Latin community, as racial profiling impacts both communities, and the increase in participation in protests against the raids. The racial disparities in policing Black and Brown people help display the true reality that both groups are facing when it comes to their […]",ebony.com,2025-06-20,Culture,,https://www.ebony.com/ice-raids-protest-what-you-need-to-know/
7 Times the Fashionable Cast of ‘Girlfriends’ Understood the Assignment,"It’s time for Flashback Friday, and we’re revisiting the cast of the hit series Girlfriends, series creator Mara Brock Akil’s “hashtag goals” for Black female friendship. Due to the 2008 writers’ strike, we never got the ending that we deserved, and we were cheated out of seeing Toni and Joan reunite and Joan finally getting […]",ebony.com,2025-06-20,Fashion,,https://www.ebony.com/flashback-friday-7-cast-of-girlfriends-fashion-looks/
Living Loud & Proud: Model Lydia Okello Will Not Be Labeled,"Pride month is a celebration for everyone under the LGBTQ+ umbrella and its allies. For many in the community, they’ve spent much of their lives hiding who they were. Depending on where you grew up or what kind of family you were born into, hiding was the only way for safety and survival. People fear […]",ebony.com,2025-06-20,Culture,,https://www.ebony.com/lydia-okello-nonbinary-pride-interview/
Beyoncé Performs In Paris This Weekend. Here’s Your Bucket List of Destinations In the City of Lights,"Beyoncé brought another level of glow to the City of Lights on June 19 as she kicked off her Cowboy Carter three-day tour in Paris. There was a new outfit for the opening number, and Miley Cyrus was the official guest performer as the two made their live debut of their Grammy-winning duet “II Most Wanted […]",ebony.com,2025-06-20,Life,,https://www.ebony.com/bucket-list-destinations-paris/
America’s Father of Juneteenth and the Start of the 41-Year March Towards a National Holiday,"On the first year celebrating Juneteenth as a national holiday, we will recognize a powerful pioneer who, through decades of advocacy, elevated the status of Juneteenth, got it on the federal radar and paved the way for Juneteenth to be made a national holiday in 2021. His achievements and legacy should be celebrated for the innumerable […]",ebony.com,2025-06-19,Culture,,https://www.ebony.com/americas-father-of-juneteenth-and-the-start-of-the-41-year-march-towards-a-national-holiday/
Ms. Opal Lee—the ‘Grandmother of Juneteenth’—Speaks on the Importance of Freedom,"Today’s Juneteenth federal commemoration may have stayed a distant fantasy if it weren’t for the work of Ms. Opal Lee. EBONY revisits our 2023 conversation with the iconic leader and “Grandmother of Juneteenth” as we honor the magnitude of this day in American history. Almost a centenarian, Ms. Opal Lee is not only a wealth […]",ebony.com,2025-06-19,Culture,,https://www.ebony.com/ms-opal-lee-the-grandmother-of-juneteenth/
7 Must-Watch Juneteenth Dramas and Documentaries to Celebrate Freedom,"Juneteenth is more than a historical marker; it’s a vibrant celebration of freedom, resilience and the enduring spirit of Black culture. What better way to commemorate the day’s importance than diving into dramas and docs that highlight this pivotal moment in, yes, American history. Whether it’s a documentary that explores the struggles and triumphs of the […]",ebony.com,2025-06-18,Entertainment,,https://www.ebony.com/juneteenth-documentaries-dramas-honor-holiday/
‘Love Island USA’ Has Made Me Wanna Snatch Up a Country Man,"Love Island USA is only a couple of weeks in, but it’s already got me thinking about my warm weather plans: snatching up a country man for the summer. I can credit this revelation to Olandria. This original entry from Alabama came into the Fiji-based villa saying she loved country men, and made an immediate […]",ebony.com,2025-06-18,Entertainment,,https://www.ebony.com/love-island-usa-season-7-country-man-love-jaylen-taylor/
Tyler Perry Accused of Sexual Harrassment in Lawsuit; Denies Allegations,"On Tuesday via TMZ, a new lawsuit accusing Tyler Perry of alleged sexual harassment, assault and retaliation from one of the former stars on his past TV series surfaced. The writer, producer and director has denied the accusations through his legal team. On June 13, 2025, Derek Dixon, an actor who appeared in 85 episodes of Tyler Perry’s […]",ebony.com,2025-06-18,Entertainment,,https://www.ebony.com/tyler-perry-sexual-harrassment-lawsuit-denies-allegations/
Butch Queen. Fem Queen. Trade. LaQuan Smith Said What He Said,"When I saw LaQuan Smith’s new Pride tee—boldly stamped with “Butch Queen. Fem Queen. Trade.”—I said to myself, oh okay, he’s going there. It’s rare that a designer, especially one with the kind of mainstream clout Smith commands, puts our language front and center in a way that doesn’t feel watered down or reduced to […]",ebony.com,2025-06-18,Fashion,,https://www.ebony.com/laquan-smith-pride-tee-butch-queen-fem-trade/
"The State of US: No Kings, U.S. Army Parade & Expanded Travel Ban","Millions Join Nationwide ‘No Kings’ Protests Against Trump’s Power Grab In a sweeping display of public dissent, millions of Americans took to the streets this weekend for the “No Kings” protests, a coordinated nationwide movement condemning what demonstrators call former President Donald Trump’s “authoritarian overreach.” From New York City to Los Angeles, crowds flooded public […]",ebony.com,2025-06-18,News &Amp; Politics,,https://www.ebony.com/no-kings-protests-trump-authoritarianism/
The Last Cookout: What Does a Country Look Like Without the Juneteenth Federal Holiday?,"By the time America decided to acknowledge Juneteenth as a national holiday, we were already generations deep into its meaning. For Black communities, Juneteenth has never been just a date on the calendar. It is a layered reminder of delay and deliverance. The news of freedom reaching enslaved Black Texans in Galveston, TX, on June […]",ebony.com,2025-06-18,Culture,,https://www.ebony.com/the-last-cookout-juneteenth-federal-holiday/
From ‘Sister Sister’ to ‘NY Undercover’: All of Our Favorite Music Performances on 90s and early 2000s TV Shows,"Back in the day, the Blackest channel wasn’t BET—it was UPN. Or The WB. Or Fox on a Thursday night. Because those were the platforms that gave us more than just representation. They gave us culture. Not a TikTok snippet, not a branded “moment,” but a full-blown mood—braids, baggy jeans, vocals, storylines and all. If […]",ebony.com,2025-06-18,Entertainment,,https://www.ebony.com/black-music-tv-upn-era-guest-stars/
3 Books That Give Insight and Light to Birthday Boy Kendrick Lamar,"When a Kendrick Lamar track comes on, it’s not just a song. It’s a history lesson, a personal stance and a social commentary all in one. Since his first studio album, Section.80, dropped in 2011, the Compton Californian has been perfecting his voice, one that leans deep into the thematics of race, identity, mental health and systemic inequality. His intricate rhyme patterns and […]",ebony.com,2025-06-17,Culture,,https://www.ebony.com/kendrick-lamar-biography-books-black-authors/
Redefining Masculinity: Rapper Gunna’s Birthday Birkin and the Evolving Narrative of Luxury Fashion for Men,"When rapper Gunna slid into his birthday dinner, dripped in leather with a Birkin bag perched beside him like a centerpiece, I didn’t bat an eye. I grinned. Because finally—finally—we’re seeing what it looks like when a man receives a luxury bag for his birthday and doesn’t shrink under the weight of antiquated gender politics. […]",ebony.com,2025-06-17,Culture,,https://www.ebony.com/gunna-luxury-bags-men-birkin-style/
Stop the Shooting: One Man’s Personal Mission to End Gun Violence Continues,"As the country continues to reel from rising incidents of gun violence, one man continues his fight against senseless shootings. In honor of National Gun Violence Awareness Month this June, he shares how gun violence ripped through his family, how he learned forgiveness and why, through faith and the written word, it can be eradicated. […]",ebony.com,2025-06-17,Culture,,https://www.ebony.com/end-gun-violence-kweisi-gharreau-innocent-rage-foundation/
15 of Our Favorite Black Musicians That Performed on Nickelodeon’s ‘ALL THAT’,"Before Tiny Desk concerts and TikTok “live” sessions, there was one stage that truly mattered to every kid with a Kenan-and-Kel-era heartbeat: the All That stage. That swirling orange backdrop on Nickelodeon was more than a sketch comedy set—it was a rite of passage for ‘90s and early 2000s Black music royalty. All That was […]",ebony.com,2025-06-17,Entertainment,,https://www.ebony.com/all-that-black-music-performances-90s-icons/
Larenz Tate Honored at ABFF Intimate Dinner,"As a global film producer, I’ve attended film festivals around the world to source new projects and connect with directors, cinematographers, and fellow creatives. But since relocating to Miami, the American Black Film Festival has taken on new meaning—now unfolding right in my backyard and forever holding a special place in my heart. This year, […]",ebony.com,2025-06-16,Entertainment,,https://www.ebony.com/abff-black-joy-dinner-miami-2025/
18 Black-Owned Brands To Wear on Juneteenth,"Juneteenth isn’t just a date—it’s a declaration. Of freedom, of resilience, of joy. It’s the day the ancestors really got the memo, and we’ve been finding our own ways to celebrate ever since. From backyard BBQs to front porch two-steps, this isn’t just about what was taken—it’s about what we reclaimed. And nothing says reclamation […]",ebony.com,2025-06-16,Fashion,,https://www.ebony.com/18-black-owned-brands-juneteenth/
From Criminalized to Trendy: The Reinvention of the Ribbed Tank Top and the Cost of Fashion Erasure,"Have you ever noticed how the same ribbed cotton tank top that got your cousin clocked for dress code in high school is now the centerpiece of someone’s “clean girl summer” mood board? That little white tank—yes, that one—is having a TikTok renaissance. And of course, it’s because Kendall Jenner wore it. Wore it with […]",ebony.com,2025-06-16,Black,,https://www.ebony.com/ribbed-tank-top-trend-kendall-jenner-cultural-origins/
Remembering Tupac: 5 Love Lessons Learned Through His Music,"Tupac Amaru Shakur was more than a rapper; he was a revolutionary. With his death on September 13, 1996, we lost arguably one of hip-hop’s most influential talents. The rapper, entertainer, actor, activist and poet did not allow himself to be defined by limits. That’s why, to this day, his artistry is both emulated and used […]",ebony.com,2025-06-16,Culture,,https://www.ebony.com/tupac-music-love-lessons/
A Lasting Father-Daughter Bond,"Growing up, I remember fondly waking up to find my father sitting at the kitchen table with a cup of coffee beside him, reading the Los Angeles Times newspaper before work. After he perused the articles, part of his morning ritual was completing the daily crossword puzzle. Watching him skillfully pencil in those small white […]",ebony.com,2025-06-15,Culture,,https://www.ebony.com/fathers-day-dad-crossword-tribute/
Courtside Daddies: The Influence and Meme-ification of Those Who Love A Little Too Loud,"I should start off by saying, my dad was not a “Courtside Dad.” I highly doubt my parents registered me for the church basketball league because they believed in my competitive spirit. I think it was for the same reason most parents do today. They needed a break! Funny enough, I ended up being decent […]",ebony.com,2025-06-15,Family,,https://www.ebony.com/courtside-daddies-fathers-day-sports/
"Inside the 2025 Native Son Awards: Colman Domingo, Sean Bankhead, and Paul Tazewell Honored","The third annual Native Son Awards took place on June 11, 2025, at the IAC Building in New York City. Hosted by Don Lemon, the evening honored trailblazers across art, fashion and activism, all while spotlighting the triumphs and challenges of Black gay men in America. Native Son, founded by media veteran Emil Wilbekin, is […]",ebony.com,2025-06-14,Entertainment,,https://www.ebony.com/2025-native-son-awards-black-gay-trailblazers/
GRAMMYs or Gatekeeping?,"The GRAMMYs are back at it again with the remix—and not the good kind. In a press release wrapped in industry-speak and forced diversity language, the Recording Academy announced new categories for 2026, including a return of “Best Album Cover” (cute) and a shiny new award for “Best Traditional Country Album.” But to be honest, […]",ebony.com,2025-06-14,Celebrity,,https://www.ebony.com/grammys-traditional-country-category-beyonce-response/
Black Fathers Get Their Well-Deserved Flowers in New PSA,"The day multidisciplinary artist Sanford Biggers attempted to have “the talk” with his young son, it didn’t happen because, he says, “his smile was too bright that morning. I knew that wasn’t the day. And that’s how I feel almost every day. But at some point, we have to get to it.” Biggers, like so […]",ebony.com,2025-06-14,Family,,https://www.ebony.com/icon-mann-black-fatherhood-film-series/
"Keke Palmer, Larry Wilmore and More: Inside Culture Creators Brunch 2025 — Exclusive Photos","What happens when you bring cultural forces like Larry Wilmore, Keke Palmer, Kandi Burruss, Tasha Smith and more together in one room? You can feel that creative excellence rising in every corner. That was the vibe at the 9th Annual Culture Creators Brunch that took place in Los Angeles on June 7. It was a gathering […]",ebony.com,2025-06-13,Culture,,https://www.ebony.com/keke-palmer-larry-wilmore-tasha-smith-culture-creators-brunch-2025-photos/
Watch These Films Celebrating the Complexity and Love of Black Dads for Father’s Day,"Depictions of Black men on-screen have evolved greatly over the years, largely in how Black fatherhood is perceived in film. There have been a multitude of movies that elaborate on the positive attributes of fatherhood, leaving behind the absentee trope that we are so often used to seeing. This realignment of narratives helps to dispel […]",ebony.com,2025-06-13,Entertainment,,https://www.ebony.com/6-movies-black-fatherhood/
The House That Brotherhood Built,"“When I was young, the city took my grandma’s house for $17,206.27. And I watched them knock it down. For 25 years, I said, ‘I’m going to get her another house.’” Cliff Palmer stood on the west side of Atlanta, his voice shaky but resolute, sharing this untold childhood memory to a crowd of hundreds, […]",ebony.com,2025-06-13,Culture,,https://www.ebony.com/atlanta-mabel-able-thomas-house-three-black-men/
"June is Giving Us Skincare and Smell Goods From Augustinus Bader, INITIO Parfums and More!","Skincare don’t stop just because the sun’s out and the group chat is loud. The girls, the guys and the theys are all still layering, hydrating and glowing like rent’s due and their crush is watching. This week’s beauty launches, the beauty labs said: let’s get scientific, let’s get silky and let’s get skin that […]",ebony.com,2025-06-13,Beauty,,https://www.ebony.com/weekly-beauty-launches-augustinus-bader-initio-klur/
What Job Corps Shut Down Could Mean For The Next Generation of Jobs,"After an over 50-year history, Job Corps locations across the country are in jeopardy of closing amidst the Trump administration’s introduction of more budget cuts. This comes after the U.S. Department of Labor announced the halt on all Job Corps proceedings in late May, noting that the program was facing financial challenges with a projected […]",ebony.com,2025-06-13,News &Amp; Politics,,https://www.ebony.com/job-corps-closure-trump-budget-cuts-lawsuit/
"The Wrap-Up: Tonys, Tribeca and The BET Awards After Parties","DELEÓN linked up with LINK UP—Andre Power’s sonic brainchild and the kind of music collective that doesn’t just play the vibe, it is the vibe—for a night that pulsed with pure intention. Think booming DJ sets, DELEÓN cocktails smoother than a velvet durag, and a room thick with cultural currency. The crowd? Nothing but high-frequency […]",ebony.com,2025-06-13,Celebrity,,https://www.ebony.com/the-wrap-up-tonys-tribeca-and-the-bet-awards-after-parties/
The 80/20 Rule Is Real—Especially in the Summer. Don’t Let a Soft Launch Ruin Your Soulmate,"The 80/20 rule is real, but it always feels hypothetical—until you’re two frozen margs deep, someone’s son/daughter/they/friend walks by in linen pants and a chain, and suddenly you’re questioning your whole relationship like it’s a dress code violation. That’s the 20% calling. Loudly. And disrespectfully. The rule itself is simple math: in most relationships, your […]",ebony.com,2025-06-12,Life,,https://www.ebony.com/summer-8020-rule-dating-relationships/
"Almost Five Hours, Zero Regrets: Inside My First BET Awards","By now, you’ve probably seen one or two reruns of the 2025 BET Awards‘ live show or the now viral clips of the silky, soulful Quincy Jones tribute that aired on Monday, June 9th. As the award show celebrated its 25th anniversary, the nostalgia was heavy and much needed. Award season is one of the […]",ebony.com,2025-06-12,Culture,,https://www.ebony.com/almost-five-hours-zero-regrets-inside-my-first-bet-awards/
"The Women We Lost: Breast Cancer, Black Legacy and the Urgency to Check Ourselves","They were the voices, the faces, the energy we grew up on. Women like Ananda Lewis, the VJ we waited for after school, the cool cousin who always knew the next thing. Minnie Riperton, whose whistle notes carried through Mama’s speakers on Sunday mornings. Diahann Carroll, the woman who walked through television like she owned […]",ebony.com,2025-06-12,Health,,https://www.ebony.com/black-women-breast-cancer-tribute/
"How a Lost Phone, Helped Me Find Myself: A Solo Traveler’s Adventure in Hilton Head and the Gullah South","It all happened in slow motion. One second, I was stepping off the marina’s dock into Captain Tom’s boat, drink in one hand, phone-wallet combo in the other. Then: thud. Splash. I looked down and watched as my phone, wallet, driver’s license, credit and debit cards—and a Cold Stone Creamery loyalty card (just two punches away from […]",ebony.com,2025-06-12,Life,,https://www.ebony.com/hilton-head-bluffton-lowcountry-slow-travel-gullah-history-guide/
Tyler Perry’s ‘Straw’ Shows Us Why Women Need the Group Chat,We’ve all had those days when nothing seems to be going right. They used to call it “rolling out of the wrong side of the bed that morning.” Maybe writing all those checks today is gonna leave your bank account in single digits. Or one of your kids can’t find his favorite sweatshirt and is […],ebony.com,2025-06-12,Entertainment,,https://www.ebony.com/tyler-perry-straw-group-chat-teyana-taylor-sherri-shepherd-interview/
"Ananda Lewis, Former MTV VJ and TV Host, Passes Away At 52","Ananda Lewis, a trailblazing media personality known for hosting programs on BET, MTV and her eponymous talk show, has passed away. She was 52. Lewis’ passing was confirmed by her sister Lakshmi Emory, who posted a tribute on Facebook. “She’s free, and His heavenly arms,” the post read. ‘Lord, rest her soul.” Born in Los […]",ebony.com,2025-06-12,Culture,,https://www.ebony.com/ananda-lewis-tv-host-obituary/
2025 Juneteenth Celebrations For the Whole Family,"Kendrick Sampson, a face many may know from his roles on Insecure and How to Get Away With Murder, fondly remembers the Juneteenth celebrations from his childhood in Texas. And now, he’s excited that the holiday has spread to communities across the country. “We’re leaning into our culture—line dances, mutual aid, joy—as a revolutionary act. […]",ebony.com,2025-06-12,Culture,,https://www.ebony.com/juneteenth-celebrations-for-family-2025/
"Black Designers Take Center Stage at BET Awards, Weaving Legacy into Fashion History","At this year’s BET Awards, the Black designers came correct—not just dressing stars, but writing new pages in the style history books, one tailored thread at a time. From Richfresh lacing 41 in stripes that snapped like hi-hats to Megan Renee Smith giving Jennifer Freeman a rockstar gown with Old Hollywood bones, the energy was […]",ebony.com,2025-06-11,Entertainment,,https://www.ebony.com/black-designers-bet-awards-2025-style/
"The State of US: NIL Ruling, Travel Ban and Equal Workplace Protection","Federal Judge Approves Student Athlete Payment Settlement Federal Judge Claudia Wilken granted final approval on June 6 for a historic $2.8 billion class‑action settlement in House v. NCAA, allowing Division I schools to directly compensate student‑athletes for the first time. The ruling ends the NCAA’s long‑standing ban on direct payments and mandates retroactive disbursements to […]",ebony.com,2025-06-11,News &Amp; Politics,,https://www.ebony.com/student-athlete-settlement-travel-ban-ice-protests-the-state-of-us-2025/
EBONY’s Top Celebrity Music Biopics: Our Favorite Films About Iconic Black Artists,"Every Black Music Month, we cue up the playlists and praise the pioneers. But sometimes, the song alone ain’t enough. Sometimes, you need the full cinema: sweat, spotlight, sacrifice. The blood-and-blues behind the Billboard hits. That’s where the Black music biopic does its holy work. Behind every perfectly timed high note or syncopated snare lies […]",ebony.com,2025-06-11,Entertainment,,https://www.ebony.com/black-music-biopics-best-films-to-watch/
Adrienne Warren Brings a New Vibe to the Broadway Debut of ‘The Last Five Years’,"Kara Young had a moment this week with her back-to-back Tony wins, but that’s not the only first happening in the theater world. Adrienne Warren is starring in The Last Five Years, a cult-musical fave that’s finally made its way to Broadway. “This show has been around for over 20 years,” declared Warren. “I wish […]",ebony.com,2025-06-11,Culture,,https://www.ebony.com/adrienne-warren-the-last-five-years-broadway-interview/
House-passed Tax Legislation On Track To Hit Black Women Where It Hurts,"Lawmakers are standing hand in hand with Black women to fight against a wave of proposed federal cuts, with President Trump’s 2026 budget proposal, and a quickly advancing tax bill threatening essential programs. The budget depicts major cuts to agencies such as the National Institutes of Health, domestic violence programs, and the Office for Civil Rights—labeling them […]",ebony.com,2025-06-10,Life,,https://www.ebony.com/trump-2026-budget-black-women-impact/
Unforgettable Takeaways from the 2025 BET Awards,"The 2025 BET Awards broadcast, with a live show that ran more than four hours, was a night that saddled up to Black greatness and delivered it a full bouquet. Celebrating 45 years of the network, there was no lack of legendary performances, passionate speeches and iconic moments that will not be forgotten. Here are […]",ebony.com,2025-06-10,Entertainment,,https://www.ebony.com/unforgettable-moments-2025-bet-awards/
From Studio to Streetwear: How Black Music Creatives Are Shaping the Fashion World Off-Stage,"Once upon a time, Black musicians only got fashion credit when they were draped in a tux at the GRAMMYs or turning a tour fit into a red carpet moment. But these days? The studio’s just the beginning. Now, the same artists making Billboard bangers are blueprinting fashion houses, collaborating with luxury brands and redefining […]",ebony.com,2025-06-10,Fashion,,https://www.ebony.com/black-artists-fashion-impact/
"Dule Hill Channels the Soul of Nat “King” Cole in Magical, Musical Tribute ‘Lights Out’","Dulé Hill doesn’t just play Nat “King” Cole in his latest stage endeavor; he becomes Nat “King” Cole. Hill’s presence is hauntingly true to the icon, evoking Cole’s voice, poise and signature style with a reverence that feels like the legendary crooner has returned, 60 years later, to perform one last time. Lights Out: Nat […]",ebony.com,2025-06-10,Entertainment,,https://www.ebony.com/dule-hill-lights-out-nat-king-cole-musical-review/
2025 BET Awards: The Most Iconic Red Carpet Looks,"The 2025 BET Awards red carpet was a full-blown family reunion—Black excellence, beauty and boldness in every direction. From Tia Mowry glowing like she just discovered the fountain of youth to the unexpected but oh-so-welcome B2K reunion that had the early-2000s babies in a chokehold, it was giving nostalgia with a fresh twist. Pepa of […]",ebony.com,2025-06-09,Entertainment,,https://www.ebony.com/bet-awards-2025-red-carpet-celebrity-style/
Remembering Sly Stone: Iconic Soul Innovator and Social Justice Voice,"Sly Stone, the artist whose ubiquitous hits “Everyday People” and “Stand!” became social justice anthems, has died. He was 82. “It is with profound sadness that we announce the passing of our beloved dad, Sly Stone of Sly and the Family Stone,” said the family statement. “After a prolonged battle with COPD and other underlying […]",ebony.com,2025-06-09,Celebrity,,https://www.ebony.com/sly-stone-death-obituary-2025/
Protests in LA Emerge After Residents Fight Back Against ICE Detentions,"Protests have erupted across Los Angeles after immigration enforcement operations have been detaining people across the city since last Friday. This comes after President Trump’s crackdown on illegal immigrants living in the United States, and the state began ICE raids in areas they believed to hold these people. As immigration raids have become more frequent, […]",ebony.com,2025-06-09,News &Amp; Politics,,https://www.ebony.com/la-protests-ice-raids-national-guard-lawsuit/
"Karine Jean-Pierre Announces Memoir, Leaves Democratic Party to Become Independent","In a move that has sent ripples through the political landscape, Karine Jean-Pierre, former White House Press Secretary under President Joe Biden, announced her departure from the Democratic Party to become an Independent. This significant shift coincides with the upcoming release of her memoir, Independent: A Look Inside a Broken White House, Outside the Party […]",ebony.com,2025-06-09,Culture,,https://www.ebony.com/karine-jean-pierre-independent-memoir-2025/
How to Heal: A Book Excerpt from ‘What It Takes to Heal: How Transforming Ourselves Can Change the World’,"Life can be hard. Having a path to heal can help. In her new book, What It Takes to Heal: How Transforming Ourselves Can Change the World, Prentis Hemphill offers insights on how to achieve it, individually and collectively. “The state of the world impacts our own lives and the lives of our community,” the public speaker and therapist […]",ebony.com,2025-06-09,Books,,https://www.ebony.com/prentis-hemphill-what-it-takes-to-heal-conflict-wellness/
9 Iconic Music Video Beauty Looks That Shaped the Culture,"There’s a certain kind of beauty that doesn’t just sit pretty—it haunts you, hugs you and hums in your head like a hook that won’t quit. The late ’90s and early 2000s gave us a canon of ballads so emotionally rich you could almost see the mascara running down the track. And the women behind […]",ebony.com,2025-06-09,Beauty,,https://www.ebony.com/9-rnb-beauty-icons-soft-glam-ballads/
‘Purpose’ and Kara Young Win Big at 78th Tony Awards,"No gimmicks. No gadgets. No trippin’ down a flight of stairs. After getting some advice from Oprah, Tony host Cynthia Erivo defied gravity and opened the 78th Tony Awards by simply being herself. The Wicked: For Good star tapped her GRAMMY, Tony, Emmy-winning and Oscar-nominated vocals to celebrate what Broadway does best: bring us emotionally […]",ebony.com,2025-06-09,Culture,,https://www.ebony.com/purpose-and-kara-young-win-big-at-78th-tony-awards/
Kara Young’s Tony Wins Are Bigger Than Broadway,"Coming off her second consecutive Tony win and her fourth nomination in just four years, Kara Young stepped into the media room at the 78th Tony Awards, beaming and was welcomed with roaring applause. Still soaking in the moment, she spoke about the powerful force behind her remarkable run. “I mean, you made history tonight,” […]",ebony.com,2025-06-09,Culture,,https://www.ebony.com/kara-young-second-tony-award-2025/
EBONY’s Best Dressed: Audra McDonald and More Show-Stopping Looks From the 2025 Tony Awards Red Carpet,"The 2025 Tony Awards red carpet reminded us that Broadway isn’t just where legends are made—it’s where they strut. From the moment Audra McDonald descended onto the scene, you knew the evening belonged to her. The six-time Tony winner and rightful “Motha of the Tonys” gave us full Maleficent regality in a sculptural black gown […]",ebony.com,2025-06-08,Fashion,,https://www.ebony.com/2025-tony-awards-red-carpet-audra-mcdonald-paul-tazewell/
Why Tyler Perry Wanted Taraji P. Henson to Play that Distraught Mom on the Edge in ‘Straw’,"Taraji P. Henson embodies a woman on the edge in Tyler Perry’s Straw. Starring as Janiyah, a single working mom stressed out to her limits as she tries to put food on the table for her daughter and get her to school on time, she faces eviction, child social services, police brutality and a work […]",ebony.com,2025-06-08,Culture,,https://www.ebony.com/why-tyler-perry-picked-taraji-p-henson-straw-lead-role/
"Sean “Diddy” Combs’ Week Four Recap: Coercion, Cover-Ups, and a Judge’s Warning in the Diddy Trial","Week four of Sean “Diddy” Combs’ federal sex trafficking and racketeering trial closed with a string of damning testimony, mounting pressure on the defense, and a sharp warning from the judge about courtroom conduct. The prosecution continued building its case around allegations of violence, coercion and organized abuse—with testimony from former employees, associates and an […]",ebony.com,2025-06-07,News &Amp; Politics,,https://www.ebony.com/diddy-trial-bryana-bongolan-week-4-sex-trafficking-testimony/
"The Wrap-Up: ‘Forever’ at Tudum, Teyana Taylor at the Apollo, Cynthia Erivo at Black Women on Broadway & More","YA series were that thing at Netflix Tudum 2025: The Live Event, but we only had eyes for Michael Cooper Jr. and Lovie Simone, whose on-screen egos, Justin and Keisha, have left us in some way over the first season of Forever. But those tears aren’t for nothing; Forever has been picked up for season […]",ebony.com,2025-06-06,Celebrity,,https://www.ebony.com/the-wrap-up-forever-cast-teyana-taylor-cynthia-erivo-kecia-lewis/
‘Wicked: For Good’ Trailer — Does It Defy Gravity…Again?,"The new Wicked: For Good trailer just dropped. EBONY editors Delaina Dixon and Jonathan Giles have much to say about this sneak peek into the second and final movie adaptation of Elphaba and Glinda’s prequel and, much like the witches, have very different takes. Delaina Dixon: This year is flying by, thank goodness (and those […]",ebony.com,2025-06-06,Entertainment,,https://www.ebony.com/wicked-for-good-trailer-reaction/
No ‘Shade’ But Please Stop,"Can we address the elephant in the room? When did “queer/ballroom lingo” become something that everyone uses? You can’t sit at brunch without hearing someone who is not in the LGBTQ community say, “no shade, no tea,” often using it out of context. Straight men now preface their shady comments with “no shade,” completely missing […]",ebony.com,2025-06-06,Culture,,https://www.ebony.com/no-shade-but-please-stop/
"The First Week of June is Bringing in New Launches From Summer Fridays, e.l.f. SKIN and More!","June pulled up with the kind of beauty launches that don’t ask for attention—they demand it. From guava-kissed lip balms to SPF that moonlights as skincare, this month is all about glow, glide and giving main character energy from head to toe. Whether you’re shaving, staining or shielding, consider your summer vanity officially upgraded. Summer […]",ebony.com,2025-06-06,Beauty,,https://www.ebony.com/the-first-week-of-june-is-bringing-in-new-launches-from-summer-fridays-e-l-f-skin-and-more/
Tramell Tillman Wants This to Happen for Milchik on ‘Severance’ Season 3,"Tramell Tillman only has a few key scenes in Mission: Impossible -The Final Reckoning, but the brother steals every minute he’s on camera. As Commanding Officer Jack Bledsoe, who’s leading a submarine fleet that Ethan Hunt stows away on, he’s giving us buffed and charged energy through and through. “Captain Bledsoe is really oblivious to […]",ebony.com,2025-06-05,Entertainment,,https://www.ebony.com/tramell-tillman-severance-season-3-reveal-mission-impossible/
TikTok Star MissDarcei’s Travel Vanity Is Packed with Global Glow and Black Girl Joy,"Darcei Giles, better known to her millions of fans as MissDarcei, doesn’t just test trends—she makes them make sense for the Black girlies who’ve been left out of the K-beauty conversation for too long. With a voice as vibrant as her blush and an eye for beauty that spans continents, Darcei has carved out her […]",ebony.com,2025-06-05,Beauty,,https://www.ebony.com/missdarcei-kbeauty-black-girls-streamy-award/
AAFCA Is Championing Next-Gen Voices With These Dynamic Summer Events,"The African American Film Critics Association (AAFCA), a leading voice in the critical and celebratory landscape of cinema focused on the Black experience, is hosting two impactful events this summer, designed to engage and empower the next generation of industry professionals. These programs are a part of AAFCA’s unwavering commitment to fostering diversity and amplifying […]",ebony.com,2025-06-05,Culture,,https://www.ebony.com/aafca-next-gen-summer-events/
4 Black Owned Heel Brands to Answer Angel Reese’s Call for Size Inclusivity in the Shoe Industry,"Angel Reese had time. And this week, she used her Twitter fingers to clock in on a different kind of court—the shoe industry. The LSU legend-turned-WNBA star tweeted: “let’s normalize for the heel brands to stop ending at a size 9 and give us them 11s, 12s, and 13s pleaseeeee??.” That single post echoed like […]",ebony.com,2025-06-05,Fashion,,https://www.ebony.com/angel-reese-heels-black-owned-brands-tall-girls/
The Sound of Black Broadway: A 2025 Tony Nominees Playlist,"The 2025 Tony Award Nominations are giving us every single thing they were supposed to give, and we couldn’t be more excited. Black performers who have taken to the stage, then owned and left their hearts on it, are getting their just due. From untold stories to jazz legends brought to life to Black reinterpretations […]",ebony.com,2025-06-05,Entertainment,,https://www.ebony.com/black-broadway-2025-tony-nominees-playlist/
Reset and Reclaim: Luxury Getaways for the Globally Curious Woman,"As a Black woman navigating multiple industries—NYC-based actress, influencer and licensed real estate agent—I am no stranger to being in the spotlight. Traveling is my favorite way to reset, and I’ve become deeply aware of places where my Blackness either attracts the right kind of attention or, even better, no attention! Whether you’re looking to […]",ebony.com,2025-06-05,Travel,,https://www.ebony.com/black-girl-friendly-travel-destinations-2025/
"The Ultimate Zodiac Playlist Inspired by R&B, Hip-Hop and Afrobeats Songs","The stars have spoken—and they sound like your favorite playlist. From Sexy Red’s firestarter confidence to SZA’s existential ache, this zodiac guide taps into the emotional frequencies of today’s Black R&B, hip-hop and Afrobeats artists. Whether you’re a soft-spoken Pisces or a take-no-mess Virgo, there’s a track that mirrors your vibe, your chaos and your […]",ebony.com,2025-06-04,Music,,https://www.ebony.com/zodiac-playlist-black-artists-rnb-hiphop-afrobeats/
How African Folklore Inspired the Uplifting Musical ‘Goddess’,"Goddess, a mythical love story inspired by Ethiopian folklore, is expanding the narrative of African experiences on stage and showcasing a vibrant new angle of Africa’s rich storytelling culture. The musical draws inspiration from the tale of Marimba, the goddess credited with inventing music. Cursed by her mother, the goddess of evil, she is prevented […]",ebony.com,2025-06-04,Entertainment,,https://www.ebony.com/goddess-musical-african-folklore-inspired-saleem-ali-interview/
"The State of US: Trump’s One Big Beautiful Bill, Reparations for Tulsa and More","What to know about Trump’s ‘One Big Beautiful Bill’ The Trump administration’s “One Big Beautiful Bill” has ignited a firestorm of both praise and backlash. Supporters tout the bill as a bold, unapologetic reaffirmation of “America First” values, lauding its provisions on immigration enforcement, tax relief for middle-class families and infrastructure revitalization. The “One Big […]",ebony.com,2025-06-04,News &Amp; Politics,,https://www.ebony.com/trump-bill-tulsa-reparations-baraka-lawsuit-weekly-roundup/
Our Must-See Films for Tribeca Film Festival 2025,"The Tribeca Film Festival kicks off today. From now through June 15, hundreds of filmmakers will have the chance to share their visions. The festival is once again celebrating diversity in front of and behind the camera, with a curated slate that tells our stories. From a heartfelt documentary on the strife brought upon widowed […]",ebony.com,2025-06-04,Entertainment,,https://www.ebony.com/tribeca-film-festival-2025-black-films-preview/
Raymonte’s Travel Guide: How He Curates Unforgettable Adventures with Friends—And What’s Always in His Toiletry Bag,"Raymonte, also known as @bdtrelilbrother online, is the kind of personality the algorithm loves—effortlessly funny, full of life and always on the go with a carry-on in one hand and a camera in the other. Whether he’s hopping boroughs in New York with his bestie Deandre or finding his groove overseas, Raymonte is a passport-stamped […]",ebony.com,2025-06-04,Culture,,https://www.ebony.com/raymonte-travel-influencer-bdtrelilbrother/
Deadass: A Comedy Show: New York City’s Premier Platform for Rising Black Comedians,"In the heart of New York City’s vibrant comedy scene, the DEADASS: a comedy show has carved out a unique niche by prioritizing community over celebrity. Founded by Mouse, with partners KAS, Spank and Tiffanie Wagner, the show offers an experience that feels more like a family gathering than a traditional stand-up show. The show’s […]",ebony.com,2025-06-04,Entertainment,,https://www.ebony.com/deadass-comedy-show-new-york-city-black-comedians/
"EBONY EXCLUSIVE: HBCU Week Foundation Announces Anthony Anderson, Loren Larosa and Ebonie Ward as 2025 Awards Honorees","In the current climate of cutting programs that honor the brilliance of Black students, the HBCU Week Foundation remains committed to recognizing Black students who are poised to excel in higher education and beyond. This 6th annual HBCU Week Awards Gala, which will take place on June 20 in Wilmington, Del., is the premier fundraising […]",ebony.com,2025-06-03,Culture,,https://www.ebony.com/hbcu-week-foundation-2025-gala-award-nominees-anthony-anderson-loren-larosa-ebonie-ward/
Get Lit: Aja Monet’s Latest Poetry Collection and More Great Reads From Black Authors This June,"With summer almost upon us, the stage is set: sitting out in nature, a muddled lemon mocktail in one hand and a book we can get lost in as the rays shine down upon us in the other. That’s the vibe these books by Black authors are giving this month. We can get lost in […]",ebony.com,2025-06-03,Books,,https://www.ebony.com/black-authors-books-june-2025-aja-monets-florida-water-poetry/
Ballroom’s James Conley III Takes Us Inside the House of West,"Although ballroom culture has been around since the 1980s, documentaries like Paris is Burning and FX’s hit series, Pose, introduced a larger audience to the scene while others gained a more in-depth understanding. The world was able to see that there is more to this community than dancing. Ballroom is about family and community and […]",ebony.com,2025-06-03,Culture,,https://www.ebony.com/james-conley-iii-house-of-west-ballroom-legacy/
The 2025 ‘STAMPED’ by EBONY List is Here!,"As part of the second annual STAMPED By EBONY series for Black Music Month, this year’s theme—“The Headliner”—celebrates the artists who dominate our group chats, are driving the cultural zeitgeist, but also have ascended from early beginnings to bona fide superstars. Black music’s influence spans every corner of global culture: from the thrill of discovering […]",ebony.com,2025-06-03,Music,,https://www.ebony.com/stamped-ebony-2025-headliners-black-music-month/
Britney Spears and Balenciaga: A Poetic Coronation in High Fashion and Music,"There’s something poetic about Britney Spears—the original pop girl for so many Black millennials—landing her first high-fashion-meets-music collab with Balenciaga. It’s not just a brand play. It’s a coronation. Whether the pop industry wants to admit it or not, Britney Jean Spears is fruit off the Janet Jackson tree. If Jackson is the blueprint, Spears […]",ebony.com,2025-06-03,Fashion,,https://www.ebony.com/britney-spears-balenciaga-fashion-music-collab/
10 Years Since Love Won: Where We Stand on Marriage Equality Now,"A decade ago, the Supreme Court cracked open history’s closet and finally said “I do” to love in all its forms. Obergefell v. Hodges made same-sex marriage the law of the land on June 26, 2015, and with it came the tears, the tuxedos, the bouquet tosses and the overdue justice. For many Black LGBTQ+ […]",ebony.com,2025-06-02,Life,,https://www.ebony.com/obergefell-black-queer-love-10-years-later/
Demetria Lucas Is Prompting Us To ‘See Some World’ With Curated Trips To Africa,"What kind of woman do you get when blending the audacity of Carrie Bradshaw, the adventurous spirit of Julia Roberts in Eat, Pray, Love and the eloquence of that well put-together Black girl we all know? The result is Demetria L. Lucas. She’s a journalist, author, host of the Ratchet & Respectable podcast, and the […]",ebony.com,2025-06-02,Life,,https://www.ebony.com/demetria-lucas-see-some-world/
"Kennedy Ryan’s New Book ‘Can’t Get Enough’ Is a Bold Dive Into Sexual Autonomy, Civil Activism and Childless Choice","We’ve heard the nursery rhyme: first comes love, then comes marriage, then comes the baby in the baby carriage. But in author Kennedy Ryan’s latest novel, Can’t Get Enough, there’s a whole other way to happily ever after, which doesn’t end in motherhood. “I had written that two books ago, so I knew that Hendricks […]",ebony.com,2025-06-02,Books,,https://www.ebony.com/kennedy-ryan-new-book-cant-get-enough-book-interview/
How Simi Muhumuza Travels Solo and Stays Glowy Doing It,"Simi Muhumuza is the kind of traveler who collects gratitude the way most of us collect passport stamps. The Brooklyn-based writer and content creator moves through the world with ease, a carry-on in one hand and a new perspective in the other. If you scroll her socials, you’ll find a dreamy mix of wellness, everyday […]",ebony.com,2025-06-02,Beauty,,https://www.ebony.com/simi-muhumuza-travel-beauty-essentials-2025/
Harvard Faces $100M Federal Contract Cut As White House War On DEI Threatens Tax Status,"After standing their ground against the Trump administration by continuing to support diversity programming, Harvard University is now facing backlash from this opposition by potentially having its federal funding stripped away. The Trump administration has not only called for federal agencies to pull the plug on their financial support via previously made contracts with federal […]",ebony.com,2025-06-02,News &Amp; Politics,,https://www.ebony.com/harvard-dei-funding-cut-trump-admin-gsa-lawsuit/
Harvard Agrees to Give 175-Year-Old Photos of Enslaved People to South Carolina Museum,"Harvard University has agreed to transfer ownership of two of the earliest known photographs of enslaved African Americans to the International African American Museum in Charleston, South Carolina. This decision concludes a 15-year dispute initiated by Tamara Lanier, who says she is the great-great-great-granddaughter of one of the subjects depicted in the images. The photographs, […]",ebony.com,2025-05-30,Culture,,https://www.ebony.com/harvard-university-175-year-old-slave-photos/
EXCLUSIVE: NPR Celebrates Black Music Month 2025 With Iconic Album Anniversaries and Special Tiny Desk Performances,"Black Music Month has easily become one of the most anticipated celebrations year after year. It is a time to revere the ingenuity of Black artists across time in space and the many ways in which their contributions continue to touch hearts and minds. In a cultural moment where nostalgia meets reverence, NPR Music is […]",ebony.com,2025-05-30,Music,,https://www.ebony.com/npr-tiny-desk-black-music-month-2025-exclusive/
Queen Latifah Is Ready for a ‘Living Single’ Reboot and More Health Awareness on Obesity,"After every binge session I watch of Living Single, that nineties sitcom that followed four friends living it up in a Brooklyn, N.Y. brownstone, I often wonder, whatever happened to this fantastic four? With A Different World claiming its reboot, isn’t it about time we got Khadijah James, Synclaire James, Regine Hunter and Maxine “Max” […]",ebony.com,2025-05-30,Entertainment,,https://www.ebony.com/queen-latifah-living-single-reboot-obesity-awareness/
Joy-Ann Reid Lands New Series ‘The Joy Reid Show’ to Bring a Voice Back to the Silenced,"You can’t keep a good woman down for long. Acclaimed journalist and political analyst Joy-Ann Reid, whose brave and brash commentary was the voice for many, is launching a new platform, The Joy Reid Show, on June 9. And this time, no one can silence her. The new series will launch with a three-day stream every Monday, Wednesday and […]",ebony.com,2025-05-30,Entertainment,,https://www.ebony.com/joy-reid-new-series-the-joy-reid-show-launches-youtube/
Brandon Blackwood Celebrates 10 Years with Swarovski-Studded Hoodie Drop,"Today, Brandon Blackwood proves that ten years in the game isn’t just a milestone—it’s a moment. The Brooklyn-born designer who gave us viral “End Systemic Racism” totes and made luxury feel like home for the culture just launched his “10-Year Anniversary Capsule Sweater Collection,” and baby, it shines. At the center of this celebratory drop […]",ebony.com,2025-05-30,Fashion,,https://www.ebony.com/brandon-blackwood-10-year-anniversary-hoodie/
"New Summer Beauty Launches From Sol de Janeiro, ONE/SIZE and More!","May might’ve flown by faster than a TikTok trend, but the summer beauty launches have landed heavy. From buttery bronzers to SPF-laced lip oils and glow oils that smell like a vacation in a bottle, these launches are setting the tone for skin that shines, lips that glide, and complexions that stay protected under the […]",ebony.com,2025-05-30,Beauty,,https://www.ebony.com/best-summer-2025-beauty-launches/
"The Wrap-Up: Durand Bernarr, Fọlákẹ́ Olówófôyekù, Nkechi Okoro Carroll and More","How close can you get to Durand Bernarr at his You Gon’ Grow, Too! Tour 2025? Just a finger point away. The “Unknown” singer and 2024 EBONY Power 100 performer was up close and personal with the audience at Tabernacle in Atlanta to support the release of his third album, BLOOM. Mufasa: The Lion King star […]",ebony.com,2025-05-30,Celebrity,,https://www.ebony.com/durand-bernarr-folake-olowofoyeku-nkechi-okoro-carroll-2025-honors/
The 5 Hottest Lifestyle Sex-Positive Resorts Every Black Couple Needs to Know About,"Vacations are usually about sipping cocktails by the pool or exploring new cities, but there’s a growing trend centered around reconnecting with one’s sexual self. Increasingly, travelers are seeking getaways that prioritize sexual well-being, offering opportunities to embrace and enhance their sensuality. During the pandemic, Cult Beauty reported an 850% surge in searches for “sexual […]",ebony.com,2025-05-29,Life,,https://www.ebony.com/sex-positive-lifestyle-resorts/
5 Destinations Where Black Travelers Are Truly Welcomed & Celebrated,"Traveling while Black should be a joyful experience where we feel embraced, affirmed and celebrated. Some places don’t just accept our presence; they uplift it, creating space for our joy, culture and stories. These five destinations offer more than just beautiful backdrops; they offer a sense of belonging. As someone who’s explored the globe for […]",ebony.com,2025-05-29,Life,,https://www.ebony.com/welcoming-travel-destinations-for-black-travelers-2025/
New Study Shows Hypertension and Diabetes Link to Increased Alzheimer’s Risk in African Americans,A research study conducted by the University of Georgia revealed that African Americans diagnosed with the conditions of hypertension and diabetes have been shown to have a higher risk of developing Alzheimer’s disease or dementia. Those who have been diagnosed with one or both conditions have a higher likelihood of a negative impact on brain […],ebony.com,2025-05-29,Health,,https://www.ebony.com/hypertension-diabetes-increased-alzheimers-link-african-americans/
She’s Every Woman: Chaka Khan Is Finally Taking Center Stage—Her Way,"It’s about damn time. Chaka Khan, the 10-time Grammy-winning mother of funk, soul, and divine feminine ferocity, is bringing her life story to the stage in I’m Every Woman—a glittering, groove-laced bio-musical headed to London’s West End in spring 2026. And make no mistake: this isn’t just a jukebox revue with wigs and glitter. This […]",ebony.com,2025-05-29,Entertainment,,https://www.ebony.com/chaka-khan-musical-im-every-woman-west-end-2026/
How Audra McDonald Just Won the Patti LuPone Showdown,"How do you respond to a fellow Broadway veteran who has let a disdain for their craft and others in the industry implode their very existence? If you’re Audra McDonald, you land on the cover of Time, where you’ve been crowned our greatest living stage actor. McDonald, dressed on the cover in a sharp Black […]",ebony.com,2025-05-29,Culture,,https://www.ebony.com/audra-mcdonald-gypsy-patti-lupone-tony-nominated/
The 2025 EBONY Power 100 Nominations Are Open,"For eight decades, the name EBONY has been synonymous with Black excellence. The brand has represented and celebrated the best of Black culture from music, sports, fashion, beauty, politics, science, the arts, TV and film. In commemoration of the iconic brand’s trailblazing past and its luminous future, EBONY has announced that nominations are open for […]",ebony.com,2025-05-29,Culture,,https://www.ebony.com/power-100-nominations-2025-now-open/
Judge Faith Jenkins Revolutionizes Courtroom Drama in Bold New Series ‘Virtual Justice’,"Judge Faith Jenkins, who’s been keeping us in the know on the Diddy trial right here on EBONY.com with her insightful commentary, is returning to the bench. She’s starring in a new series, Virtual Justice, premiering this June. This latest offering comes from her production company, Faith in Justice, and it won’t be your ordinary […]",ebony.com,2025-05-29,Entertainment,,https://www.ebony.com/faith-jenkins-new-courtroom-series-virtual-justice/
Keegan-Michael Key on The Joy of Travel and Family Adventures,"Keegan-Michael Key is a lot of things—an Emmy-winning chameleon of comedy, a theatre geek turned pop culture mainstay, and now, a self-proclaimed “Vacation Maximization-er.” But if you ask him who he really is? He’s Uncle Keegan, the snack-stashing, ride-riding family MVP who still gets giddy about road trips and breakfast waffles. One of his most […]",ebony.com,2025-05-28,Celebrity,,https://www.ebony.com/keegan-michael-key-family-travel-memories/
BET Announces Ultimate Icon Award Honorees for 2025,"BET has announced its Ultimate Icon Award recipients, and this year’s roster is sure to get people talking. The four honorees are best-selling female artist of all time Mariah Carey; Oscar, Grammy, Golden Globe and BAFTA-winning entertainer Jamie Foxx; gospel superstar Kirk Franklin and producer, entrepreneur and rapper Snoop Dogg. The BET Ultimate Icon Award is celebrating their decades of groundbreaking contributions to music, entertainment, advocacy and community impact. Previous […]",ebony.com,2025-05-28,Entertainment,,https://www.ebony.com/bet-ultimate-icon-awardees-announced-2025/
"The State of US: Department of Justice Drops Police Reform, South African President Visits the White House and NPR Sues Over Public Media Defunding","DOJ Drops Police Reform Agreements Last week, the U.S. Department of Justice announced it would terminate federal police reform agreements, known as consent decrees, with the cities of Minneapolis and Louisville. These agreements were established following the high-profile killings of George Floyd and Breonna Taylor, aiming to address systemic issues within local police departments. Assistant […]",ebony.com,2025-05-28,News &Amp; Politics,,https://www.ebony.com/trump-2025-dei-police-reform-media-rollbacks/
An Expert Guide to the Best Beauty Products to Wear on a Tropical Vacation,"As a beauty editor who loves to travel, one of the best parts of getting ready for a trip is curating the perfect beauty lineup. Whether you’re lounging on the beach or dancing under the stars, you want to look and feel your best. I just got back from a sun-soaked getaway to Jamaica, and […]",ebony.com,2025-05-28,Beauty,,https://www.ebony.com/an-expert-guide-to-the-best-beauty-products-to-wear-on-a-tropical-vacation/
"Janet Was the Blueprint: 2025 AMAs Red Carpet Served Black Style, Legacy and a Whole Lotta Rhythm","The 2025 American Music Awards red carpet felt less like a step-and-repeat and more like a cultural runway—where Black excellence didn’t just show up, it showed out, draped in silk, rhinestones, denim and legacy. It was a night where the girls, the gays and the guys walked like the ancestors were watching, and no one […]",ebony.com,2025-05-27,Fashion,,https://www.ebony.com/2025-amas-janet-jackson-black-style-icon/
Remembering Charlie Rangel: 5 Defining Political Career Moments,"Charles “Charlie” B. Rangel, the impactful and sometimes challenging New York-based political figure whose career spanned over five decades, died on May 26 at age 94, as announced by his family. With a career that started with his role as an Assistant United States Attorney for the Southern District of New York to becoming the […]",ebony.com,2025-05-27,Culture,,https://www.ebony.com/charles-b-rangel-5-defining-moments/
"The Black Traveler’s Guide to Marrakech, Morocco","Marrakech, Morocco is a must-visit destination, known for its unmistakable beauty and charm. A thriving cultural hub, the North African city combines the old and new, as stunning architecture and preserved history can be found at every turn. The famed Red City is often the first stop on many travelers’ Moroccan itineraries. It serves as a […]",ebony.com,2025-05-27,Life,,https://www.ebony.com/black-travelers-guide-marrakech-morocco/
5 Travel Influencers That Will Have You Booking a Vacation Tonight,"Travel isn’t just a getaway—for a lucky few, it’s a way of life. These travel influencers have thrown their front doors wide open and turned the luxury of travel into a full-time career, and they share all that goes down in their journeys on their popular Instagram accounts. From women and men who travel solo […]",ebony.com,2025-05-27,Travel,,https://www.ebony.com/black-travel-influencers/
Graduation Gifts for the Aspiring Content Creator: Because College Ain’t the Only Path to the Bag,"It’s graduation day and your cousin just walked across the stage with a diploma in one hand and zero plans in the other. Maybe your little sibling is skipping dorm life altogether, plotting a YouTube takeover instead. And honestly? We’re not mad at it. The job market is giving “we regret to inform you,” college […]",ebony.com,2025-05-27,Black Photography,,https://www.ebony.com/best-grad-gifts-for-content-creators-2025/
When Sports Commentary Crosses the Line — The Ethics of Getting Personal on Air,"In the arena of sports media, debate is currency. Analysts are paid to be provocative, incisive even confrontational. But the recent fallout between sports analyst and podcasters Ryan Clark and Robert Griffin III (RGIII) reveals what happens when commentary slips into character assassination — and forces us to question the ethical limits of sports journalism. […]",ebony.com,2025-05-27,Opinion Articles,,https://www.ebony.com/ryan-clark-rgiii-sports-commentary-ethics/
The Best Travel Size Fragrances to Carry Around With You This Summer,"Some women walk into a room. Others arrive—sun-kissed, shoulders out and smelling like trouble you want to get into. That second type? She knows the power of a good summer scent—one that fits in the tiniest purse but leaves the biggest impression. Travel-sized fragrances aren’t just about convenience; they’re about control. Control over the vibe, […]",ebony.com,2025-05-26,Beauty,,https://www.ebony.com/best-travel-size-fragrances-for-summer/
Get Away to Grenada: A Caribbean Paradise,"There’s nothing like leaving the hustle and bustle of New York City and winding up on the shores of the sparkling Caribbean ocean. On this particular day, the journey led me to the tri-island nation of Grenada in the southeastern part of the Caribbean. Nestled near Trinidad and Venezuela, the 120-square-mile country is affectionately known […]",ebony.com,2025-05-26,Life,,https://www.ebony.com/grenada-caribbean-travel/
The Broadus Collection Helps Those Battling Lupus Feel Their Best,"May is Lupus Awareness Month, and no one is more committed to the cause than Shante Broadus. As her daughter Cori battled a chronic autoimmune disease—one that causes the body’s immune system to mistakenly attack healthy tissue—the entrepreneur, philanthropist, producer, wife and mother poured herself into understanding its symptoms and finding ways to help her […]",ebony.com,2025-05-26,Style,,https://www.ebony.com/the-broadus-collection-headscarves-lupus-awareness-month/
"April Jobs Report Shows Black Women Accounted for 106,000 Firings","A new study from the Bureau of Labor Statistics (BLS) shows that Black women lost the highest number of jobs in the month of April, accounting for 106,000 jobs. This made them the largest demographic to have experienced this for 2025 to date. The data showed that there was a full percentage point increase from […]",ebony.com,2025-05-26,News &Amp; Politics,,https://www.ebony.com/black-women-april-2025-job-loss-bls-report/
3 Memorial Day Cocktails That Will Keep the Good Vibes Flowing,"While Memorial Day is reserved for honoring and mourning the U.S. military personnel who have died while serving in the United States Armed Forces, it is also a time for family and friends to gather for fellowship. Many mark the holiday weekend as the “start of summer” and a time to pull out the grills, […]",ebony.com,2025-05-26,Dining,,https://www.ebony.com/memorial-day-cocktails-that-will-keep-the-vibes-going/
Aruba Isn’t a Secret—It’s a Soft Life Calling,"Aruba is not a secret. It’s not “undiscovered,” nor is it some mysterious gem you have to whisper about over Sunday brunch. It’s not an exclusive island only talked about by your rich aunties or influencers with jet-set perks. Aruba is out here—stunning, sun-kissed, and culturally lush. And if you ask me, it’s time to […]",ebony.com,2025-05-23,Life,,https://www.ebony.com/joia-aruba-soft-life-black-travelers/
"The Wrap-Up: Usher, Bluey Robinson, Keith Lee and More",Usher and his wife Jennifer Goicoechea were on hand for the Hammer Museum’s 20th Annual Gala at the Garden in Los Angeles to honor artist Lauren Halsey and actress Jane Fonda. The star-studded evening featured a performance by UK-based singer Griff and raised $2.4 million to support the Hammer’s acclaimed exhibitions and programs. Singer and actor Bluey Robinson joined his […],ebony.com,2025-05-23,Celebrity,,https://www.ebony.com/usher-bluey-robinson-keith-lee-the-wrap-up-celeb-photos-more/
These Are the Netflix Shows to Satisfy Your Weekend Binge,"It’s a three-day holiday weekend. Sure, you can spend the weekend traveling, sipping cocktails, warming up the grill for the cookout and taking in some art. But let’s be real, what you really want to do is binge-watch all those films and TV series your friends have been blowing up in the group chat. EBONY […]",ebony.com,2025-05-23,Entertainment,,https://www.ebony.com/memorial-day-netflix-tyler-perry-binge-watch-guide/
Best 2025 Memorial Day Sales: Fashion and Beauty Deals Up to 60% Off,"If your cart’s been waiting for a sign—this is it. Memorial Day weekend isn’t just the unofficial start of summer, it’s one of the best times to revamp your closet and restock your top shelf. From luxe markdowns at Saks Off Fifth to sitewide steals on cult-favorite skincare, the sales are hitting hard across fashion […]",ebony.com,2025-05-23,Beauty,,https://www.ebony.com/memorial-day-2025-fashion-beauty-deals/
Husband of ‘Today’ Show Co-Host Sheinelle Jones Dies of Brain Cancer,"This morning, during the May 23 broadcast, the co-hosts of the Today Show announced that Sheinelle Jones’ husband Uche Ojeh passed away. The 45-year-old lost his courageous battle to an aggressive form of brain cancer called glioblastoma. Jones posted a touching tribute that was shared on the show to her Instagram with the note […]",ebony.com,2025-05-23,News &Amp; Politics,,https://www.ebony.com/sheinelle-jones-today-show-husband-passes-brain-cancer/
The Boys Are Back: ‘Noah’s Arc’ Returns With a Movie Just in Time for Pride Month,"About damn time, after nearly two decades, Noah’s Arc—the show that put Black queer love, loss, friendship and fabulousness on screen before it was trendy—is getting its long overdue flowers and a movie. That’s right: the iconic series is coming back this June on Paramount+, just in time for Pride Month. The girls, the gays […]",ebony.com,2025-05-23,Culture,,https://www.ebony.com/noahs-arc-movie-paramount-plus-2025/
Harlem Stage Honors Artists Breaking the Glass Ceiling at Star-Studded Gala,"Under the vision of the newly appointed CEO and artistic director, Dr. Indira Etwaroo, the renowned Harlem Stage hosted their annual gala this past Monday where they surpassed their fundraising goal of $725,000 by raising $825,000. Peering over the city on 10 Cubed NYC’s 100th floor, guests were able to not only network with one […]",ebony.com,2025-05-22,Culture,,https://www.ebony.com/harlem-stage-gala-2025-artists-glass-ceiling/
Black Artist Exhibitions to Check Out this Holiday Weekend,"As Memorial Day rolls in and you’re planning for the family cookout and all the cocktails you can handle, why not schedule in time for some art? Through their paintings, sculptures and other fascinating forms of mixed media, Black artists across the nation are telling our stories. One compelling collaboration is Ode to ’Dena: Black Artistic […]",ebony.com,2025-05-22,Culture,,https://www.ebony.com/black-artists-nationwide-exhibitions/
The Gordon Parks Foundation Gala Inspired a New Generation of Artists and Changemakers,"For Mickalene Thomas, Gordon Parks’ work opened doors that she proudly walks through now. “He was the first photographer, artist and writer to really create a social justice practice…it extends far beyond bringing awareness and representation,” the acclaimed artist shared with EBONY at The Gordon Parks Foundation Annual Awards Dinner & Auction, held at Cipriani […]",ebony.com,2025-05-22,Culture,,https://www.ebony.com/gordon-parks-foundation-annual-gala-2025/
"The State of US: Biden’s Diagnosis, SCOTUS Showdowns & Immigration Uproar","Former President Biden’s Cancer Diagnosis Explained Former President Joe Biden was diagnosed with an aggressive form of prostate cancer that has spread to his bones. The diagnosis came after he experienced worsening urinary symptoms, leading doctors to discover a tumor during tests. The diagnosis has prompted an outpouring of support from various figures, including former […]",ebony.com,2025-05-22,News &Amp; Politics,,https://www.ebony.com/biden-cancer-scotus-immigration-week-recap/
Sean “Diddy” Combs’ Federal Sex Trafficking Trial: Day 8,"On Day 8 of Sean “Diddy” Combs’ federal sex trafficking trial, Homeland Security Investigations (HSI) Special Agent Gerard Gannon returned to the stand to continue his testimony regarding firearms that federal agents discovered at Combs’ home in Miami. The jury was shown photos of the ammunition that Gannon testified was loaded into the handgun at […]",ebony.com,2025-05-22,News &Amp; Politics,,https://www.ebony.com/diddy-trial-george-kaplan-dawn-hughes-gerard-gannon-firearms-abuse-psychology-may-22-2025/
Lotion Ain’t Enough: The Best Hand Creams for Melanated Skin That Actually Do the Work on the Go,"Being ashy is loud. Louder than your cousin’s busted Bluetooth speaker at the family BBQ. Louder than unsolicited “you should smile more” comments. And for those of us blessed with melanin-rich skin, it doesn’t take much for our hands to start throwing up smoke signals—dry cuticles, cracked knuckles and a dullness that no amount of […]",ebony.com,2025-05-22,Beauty,,https://www.ebony.com/best-hand-creams-melanin-rich-skin/
Destin Conrad’s ‘Love on Digital’ Captures Gen-Z Love and the Future of R&B,"Amongst many things, a debut album serves as an opportunity for an artist to fully introduce their sonic identity—and for Destin Conrad, Love on Digital is a statement of self, sound and sentiment. The album finds Conrad pairing emotional honesty with adventurous sonic elements shaped by travel, technology and personal growth. “I finally get to […]",ebony.com,2025-05-21,Music,,https://www.ebony.com/destin-conrad-love-on-digital-gen-z-rnb/
Sean “Diddy” Combs’ Federal Sex Trafficking Trial: Day 7,"David James, a former personal assistant of Sean “Diddy” Combs, continued his testimony on Day 7 of the Bad Boy founder’s sex trafficking and racketeering trial. Prosecutor Christy Slavik continued her questioning of James’ relationship with Combs and his behavior towards Cassie Ventura, his former girlfriend, who previously testified for four days. Although he heard […]",ebony.com,2025-05-21,News &Amp; Politics,,https://www.ebony.com/regina-ventura-sharay-hayes-the-punisher-diddy-trial-testimony-may-21-2025/
Elevate Your Travel Style: How This Fashion Editor Dresses Comfortably for Flights,"There’s something about the airport that brings out the worst in people’s wardrobes. Flip-flops with no socks, pajama pants that should’ve stayed on the dorm floor, business casual slacks that scream “rebooked three times.” But not me. Not now. Not ever. When I fly, I treat the gate like a runway and the plane like […]",ebony.com,2025-05-21,Fashion,,https://www.ebony.com/airport-style-sweatsuit-travel-outfit/
Comic W. Kamau Bell On His Last Kennedy Center Performance and Why We All Need to Be Passport-Ready,"W. Kamau Bell, who met with members of the Ku Klux Klan for his CNN show United Shades of America, is taking another hard look at where America is right now. And this time, he’s taking it on the road. The Emmy-winning comedian, known for his incisive social commentary, is on the Who’s With Me […]",ebony.com,2025-05-21,Culture,,https://www.ebony.com/w-kamau-bell-whos-with-me-tour-kennedy-center/
Leisure Travel Is More Than Possible—These Tips Make It Attainable For You At Any Time,"According to the Black Travel Alliance, Black U.S. leisure travelers spent $129.6 billion on domestic and international travel in 2019. Yet, the Black community still encounters unique hurdles as they crave and search for experiences that resonate with their heritage, interests and disposable income. Paige Banks, a travel influencer, is breaking free from these constraints […]",ebony.com,2025-05-21,Life,,https://www.ebony.com/leisure-travel-attainable-any-time/
The Artist Speaks: Jabari Jefferson On Being a Superhero,"Artists as superheroes? That’s how Jabari Jefferson sees it. “I would see Renaissance painters as a kid, and it seemed odd to me that we treated these people like regular individuals. To me, they were the modern-day Marvel heroes,” Jefferson shared with EBONY. It’s not a hard image to imagine. At 6’5, Jefferson is a […]",ebony.com,2025-05-20,Culture,,https://www.ebony.com/jabari-jefferson-sacred-spaces-banneker-douglass-museum/
Toiletry Bags Are the New Handbags—Here Are the Best Stylish Picks for Travel and Beyond,"There was a time when your toiletry bag was just that—a glorified Ziploc to stuff your toothpaste, conditioner and mini La Mer into before zipping through TSA. But then came social media and the rise of trends. And then came that woman—the viral fashion commentator turned accidental archivist—who said, with all the conviction of someone […]",ebony.com,2025-05-20,Fashion,,https://www.ebony.com/vanity-bag-fashion-trend-2025/
"FAMU Students and Alumni are Calling For Removal of Newly Appointed President, Marva Johnson","Florida-based HBCU, Florida Agricultural & Mechanical University (FAMU)’s newly appointed president, Marva Johnson, is being petitioned against by students and alumni for her controversial ties to the Republican Party. In particular Florida governor Ron DeSantis who is known for his laws against the use of pronouns in schools, death penalty sentencing, and the legal carrying […]",ebony.com,2025-05-20,Education,,https://www.ebony.com/famu-students-alumni-call-for-removal-marva-johnson/
LaMonica McIver Responds to DOJ Charges: Everything You Need to Know,"Representative LaMonica McIver, the United States House of Representatives for New Jersey’s 10th congressional district, has been charged by the DOJ with assaulting federal law enforcement during a protest at an Immigration and Customs Enforcement (ICE) detention facility in her home state of New Jersey on May 9. On May 20, McIver appeared on CNN […]",ebony.com,2025-05-20,News &Amp; Politics,,https://www.ebony.com/rep-lamonica-mciver-doj-ice-protest-charges-response/
"From ‘Waiting to Exhale’ to ‘Mission Impossible’, Angela Bassett’s Red Carpet Looks are Always Explosive","Angela Bassett has long reigned as Hollywood royalty, and nowhere is her crown more radiant than on the red carpet. From the moment she first stepped into the spotlight, her style has lived in a space that’s both soft and unshakably strong. Early on, she favored jewel-toned gowns with clean lines—emerald greens, deep violets, sapphire […]",ebony.com,2025-05-20,Fashion,,https://www.ebony.com/angela-bassett-cannes-2025-red-carpet/
Sean “Diddy” Combs’ Federal Sex Trafficking Trial: Day 6,"Following four days of testimony from Cassie Ventura—Sean “Diddy” Combs’ former girlfriend—prosecutors began Monday by questioning Dawn Richard, a former member of both Danity Kane and Diddy – Dirty Money, about her relationship with Combs. Last Friday, May 16, Richard testified that she witnessed Combs punch, kick and slap Ventura. During her testimony on Monday, […]",ebony.com,2025-05-20,News &Amp; Politics,,https://www.ebony.com/diddy-trial-kerry-morgan-david-james-testimony-may-20-2025/
Tika Sumpter Is Ready to Bring this Character Back to Television,"Tika Sumpter got roles. She’s all over our TV sets, with appearances in Watson, Survival of the Thickest, season two, and Knuckles. But one character has been absent from our lives for a minute that she’d love to bring back to TV: Candace Young from Tyler Perry’s The Haves and the Have Nots. “Because every […]",ebony.com,2025-05-19,Books,,https://www.ebony.com/tika-sumpter-character-back-to-tv-new-book-interview/
Smokey Robinson Under Criminal Investigation After Allegations of Sexual Assault By Former Housekeepers,"Renowned singer and songwriter Smokey Robinson is now under criminal investigation following allegations of sexual battery and rape made by his former housekeepers. According to NPR, the alleged crimes span from as early as 2007 to as recently as 2024. The parties involved are seeking $50 million in damages. Robinson is being accused by four […]",ebony.com,2025-05-19,News &Amp; Politics,,https://www.ebony.com/smokey-robinson-sexual-assault-lawsuit/
5 Malcolm X Quotes That Are More Relevant Than Ever,"For many ’80s babies, our first real introduction to el-Hajj Malik el-Shabazz came from Spike Lee’s 1992 film, Malcolm X. Back then, Brother Malcolm (as I’ve taken to calling him since) was still painted as a controversial figure who called for justice for Black Americans through violence while hating white folks. Lee’s film helped many see Malcolm […]",ebony.com,2025-05-19,Culture,,https://www.ebony.com/malcolm-x-quotes/
Satisfy Your Wanderlust with These Books on Black Travel Life,"How far are you willing to travel to reignite excitement and creativity in your life? Robin Allison Davis was willing to uproot her cozy life in Harlem, where she thrived as a television producer, and journey across the ocean to relocate to Paris, the legendary mecca for artists all around the globe. But Paris wasn’t […]",ebony.com,2025-05-19,Books,,https://www.ebony.com/books-black-authors-travel-life/
EBONY Editors React: ‘Ironheart’ Is Coming to Disney+. Here Are Our Thoughts,"Marvel is bringing its latest heroine, Ironheart, to Disney+. We first met Riri Williams (played by Dominique Thorne) in the 2022 film Black Panther: Wakanda Forever while she was a brilliant student at MIT who had secretly built an Iron Man-like suit. Her talents led her to the mystical land of Wakanda, where she fought […]",ebony.com,2025-05-19,Entertainment,,https://www.ebony.com/ironheart-trailer-reactions-disney-plus-reactions/
Beyoncé in Off-White: A Cultural Salute Dressed in Rhinestones and Revolution,"When Beyoncé steps on stage, it’s never just fashion—it’s messaging, it’s memory, it’s movement. And on May 15, 2025, at Chicago’s Soldier Field, the Queen of Everything made it clear: Black brands belong on every stage, especially the biggest ones. For her Cowboy Carter Tour stop in the Windy City, Beyoncé donned a custom Off-White […]",ebony.com,2025-05-19,Fashion,,https://www.ebony.com/beyonce-off-white-virgil-abloh-chicago-cowboy-carter/
Sean “Diddy” Combs’ Federal Sex Trafficking Trial: Day 5,"Friday, May 16th, day five of Sean “Diddy” Combs’ sex trafficking trial began with prosecutors claiming that the defense was attempting to force Ventura to continue testifying on Monday so that “Combs could review transcripts over the weekend and help them prepare additional questions for her,” the Associated Press reported. They also argued that delay […]",ebony.com,2025-05-17,News &Amp; Politics,,https://www.ebony.com/sean-diddy-combs-federal-sex-trafficking-trial-may-17-2025/
"New Beauty & Grooming Launches From Chanel Beauty, Harry’s and More!","This week in beauty and grooming, innovation meets indulgence with a wave of launches that speak to both style and self-care. From Savannah James’ skincare debut with Reframe to Pat McGrath’s runway-ready setting spray, the new drops are putting hydration, glow and grooming front and center. Men’s razors get a sensitive skin upgrade thanks to […]",ebony.com,2025-05-16,Beauty,,https://www.ebony.com/new-beauty-launches-from-chanel-beauty-harrys-and-more/
The Buccaneer Hotel: A Secret Gem in Paradise,"My uncle Emory was a retired war veteran and former police sergeant. Needless to say, he was a bit of a serious man. He would frequent the Virgin Islands for relief from the States and made it clear his favorite was St. Croix. This guy wasn’t generous with his smiles or compliments, but in every […]",ebony.com,2025-05-16,Travel,,https://www.ebony.com/buccaneer-hotel-secret-gem-paradise/
Sean “Diddy” Combs’ Federal Sex Trafficking Trial: Day 4,"On Thursday, May 15, Day 4 of Sean “Diddy” Combs’ federal sex trafficking trial began with Cassie Ventura, his former girlfriend, being cross-examined by his defense team. Anna Estevao began Ventura’s cross-examination with questions about her relationship to Combs, whose aim was to establish that Ventura was not forced to participate in “freak-offs” with Combs […]",ebony.com,2025-05-16,News &Amp; Politics,,https://www.ebony.com/sean-diddy-combs-federal-sex-trafficking-trial-may-16-2025/
"First White Refugees from South Africa Arrive in the United States, per President Trump’s Orders","President Trump’s newly introduced resettlement plan welcomes 59 Afrikaners (white South Africans who are descendants of French and Dutch settlers) to the United States after planning to expedite the process of them becoming refugees. So much so, even the United Nations refugee agency (UNHCR) was not included in the vetting process per usual protocol, according […]",ebony.com,2025-05-16,News &Amp; Politics,,https://www.ebony.com/white-refugees-from-south-africa-arrive-in-the-united-states/
"Suitcases For Every Traveler, from the Minimalist to the Maximalist","You’ve booked the trip, planned your itinerary and enhanced your Real ID. Now you gotta pack. This isn’t just about throwing your clothes, accessories and essentials in a duffel — packing is a sport, where the winner gets everything they need in that bag without too much of a struggle. When it comes to traveling, […]",ebony.com,2025-05-16,Life,,https://www.ebony.com/suitcases-luggage-every-traveler-minimalist-to-maximalist/
"The Wrap-Up: Dwyane Wade, BigXthaPlug, Harlem School of the Arts Gala and More","Dwyane Wade is all about supporting his charity, Social Change Fund United (SCFU). That’s why he partnered up with Real Truck for a charity auction of a special custom, one-of-a-kind “Champions Edition” Ford F-250 Super. Car auction company Barrett-Jackson waived all fees and commissions on the vehicle, meaning that 100% of the $60,000 raised went […]",ebony.com,2025-05-16,Celebrity,,https://www.ebony.com/the-wrap-up-dwyane-wade-bigxthaplug-harlem-school-of-the-arts-gala-and-more/
"Angela Bassett, the Explorer","In the opening scene of Mission: Impossible: The Final Reckoning, master spy Ethan Hunt listens to a familiar message one last time. “Your mission, should you choose to accept it” is enunciated by a voice that’s sultry, evocative and undeniably Angela Bassett’s. On another movie, this would be another set of memorized lines. However, Bassett knows […]",ebony.com,2025-05-15,Entertainment,,https://www.ebony.com/angela-bassett-may-2025-cover-story/
New Dismantling of African American History Museum Artifacts is Motivating Supporters To Fight Back,"Washington D.C. residents and supporters of the Smithsonian’s National Museum of African American History and Culture (NMAAHC) are protesting in response to the latest executive order put in place that impacts Black culture. The #HandsOffOurHistory movement helped drive the rally, where a crowd of supporters marched three blocks on May 3. Since the executive order […]",ebony.com,2025-05-15,Culture,,https://www.ebony.com/dismantling-african-american-history-museum-artifacts-motivating-supporters/
Sean “Diddy” Combs’ Federal Sex Trafficking Trial: Day 3,"Day 3 of Sean “Diddy” Combs’ federal sex trafficking trial commenced with Cassie Ventura, his former girlfriend, being questioned by the prosecution. For the third consecutive day, the jury viewed hotel surveillance footage of Combs’s 2016 assault on Ventura and the events after the horrific incident. Ventura testified that Combs threw a vase at her. […]",ebony.com,2025-05-15,News &Amp; Politics,,https://www.ebony.com/sean-diddy-combs-federal-sex-trafficking-trial-may-15-2025/
‘Forever’ Stars Michael Cooper Jr. and Lovie Simone On Their First Wonderful (and Awful) Loves,"Being in love for the first time is an exhilarating experience, stirring up emotions that last with you for a lifetime. It’s all about the pleasure and potential, and — when it comes to an end — the pain. That’s the journey for Forever’s young teens, who find heart and heartbreak in the creator Mara […]",ebony.com,2025-05-15,Entertainment,,https://www.ebony.com/netflixs-forever-stars-michael-cooper-jr-and-lovie-simone-first-love-experience-interview/
48 Hours in Paradise: My Micro-Getaway to St. Thomas,"The all-powerful social-media algorithm gods recently served me something so seductive, I booked a flight days later. My Instagram feed streamed content creator Kevin Droniak living it up in Paris in the space of 24 hours, introducing me to the idea of micro-travel. Years ago, The New York Times published 36 Hours, a book compiling […]",ebony.com,2025-05-15,Life,,https://www.ebony.com/micro-vacationing-in-st-thomas/
Ready for Takeoff? What You Need to Know to Travel Smart in 2025,"Who knew that something as ordinary as boarding a plane could become a political act? But here we are. Under the Trump administration, travel doesn’t just require a license or a passport—it demands a plan. Because now, it’s not just about getting to your destination. It’s about arriving stress-free, getting home safely and knowing what […]",ebony.com,2025-05-15,Life,,https://www.ebony.com/ready-for-takeoff-what-you-need-to-know-to-travel-smart-in-2025/
Rich Auntie Getaway: How to Experience London With Kids,"If there’s one thing Rich Auntie loves, it’s a little getaway to London: the grand castles and West End shows, and don’t even get me started on the fish and chips! But you know that Rich Auntie loves her two sweet little nephews somethin’ fierce. So, for this trip across the pond, I did it […]",ebony.com,2025-05-15,Life,,https://www.ebony.com/rich-auntie-getaway-how-to-experience-london-with-kids/
Around the World With Angela,"It’s time to get out your passport. Angela Bassett has dazzled audiences across decades, genres and continents, and has the country stamps to prove it. From the sun-drenched beaches of Jamaica to the futuristic heart of Wakanda, her filmography spans the globe, both real and imagined. Her latest film, Mission: Impossible – The Final Reckoning, […]",ebony.com,2025-05-15,Entertainment,,https://www.ebony.com/around-the-world-with-angela-movies-locations/
Sean “Diddy” Combs’ Federal Sex Trafficking Trial: Day 2,"The second day of Sean “Diddy” Combs’ federal sex trafficking trial resumed on Tuesday, May 13. Xavier Donaldson, a member of Diddy’s defense team, cross-examined Daniel Phillips, a male escort hired by Combs. Before the cross-examination, Judge Arun Subramanian began the proceedings by addressing requests made by more than a dozen media outlets to grant permission to […]",ebony.com,2025-05-14,News &Amp; Politics,,https://www.ebony.com/sean-diddy-combs-federal-sex-trafficking-trial-may-14-2025/
"Firing of Former Librarian of Congress, Carla Hayden Leads To More Questions","After almost a decade of working as the Librarian of Congress, Dr. Carla Hayden has been removed from her role by the Trump administration after making history as being the first African American woman in the role. This correspondence happened late last week via email to Hayden by deputy director of presidential personnel, Trent Morse […]",ebony.com,2025-05-14,News &Amp; Politics,,https://www.ebony.com/librarian-of-congress-carla-hayden-fired/
Tyler Perry’s ‘Straw’ — First Trailer and Release Date Revealed,"When several empowered Black women come together, a room takes on a certain energy. It crackles with the warmth and wisdom of sisterhood and fellowship. That was the energy at the exclusive tastemakers’ dinner held May 13 at Tatiana, Chef Kwame Onwuachi’s Caribbean fusion hotspot in New York City. Taraji P. Henson, Sherri Shepherd, Teyana […]",ebony.com,2025-05-14,Entertainment,,https://www.ebony.com/tyler-perry-straw-trailer-release-date-revealed/
Stamped & Stylish: The Passport Covers That Say “Global But Make It Fashion”,"Your passport is the one accessory that literally opens doors. And yet, too many of us are still letting that little blue booklet ride around bare inside of our tote like it doesn’t deserve better. Baby, it does. Your passport deserves to travel in style—wrapped in leather, dipped in color, or embossed with initials like […]",ebony.com,2025-05-14,Fashion,,https://www.ebony.com/passport-covers-global-but-make-it-fashion/
Rich Auntie Getaway: Christening a Brand-New Hotel Indigo in the Cayman Islands,"Rich Auntie loves that new hotel smell! So when I received a VIP invitation to the Hotel Indigo Grand Cayman in the Cayman Islands—the favorite vacation spot of fellow real-life Rich Auntie, Saturday Night Live star Ego Nwodim—my Akila swimsuit practically jumped into the suitcase on its own. Hotel Indigo Grand Cayman—a flagship location for […]",ebony.com,2025-05-14,Life,,https://www.ebony.com/rich-auntie-getaway-new-hotel-indigo-grand-cayman-cayman-islands/
"The State of US: Prescription Drugs, South African Refugees, Newark Mayor and More","On May 12, President Trump signed an executive order aimed at reducing U.S. prescription drug prices by tying them to the lowest prices paid in other developed nations—a policy known as the “Most Favored Nation” (MFN) approach. The order directs the Secretary of Health and Human Services to communicate these price targets to pharmaceutical manufacturers […]",ebony.com,2025-05-14,News &Amp; Politics,,https://www.ebony.com/prescription-drugs-south-african-refugees-newark-mayor/
Sun-Kissed & Unbothered: The Best Blankets for Those Lazy Park Days,"There’s something sacred about a summer Saturday at the park. Not just the kind where you show up for a cookout and leave with a to-go plate and someone’s folding chair. I’m talking about the soft, slow kind—the kind where you claim your piece of grass like it’s beachfront property, spread out your blanket, and […]",ebony.com,2025-05-14,Family,,https://www.ebony.com/best-blankets-for-lazy-summer-days/
I Traveled to Aspen and Discovered Black Snowboarders Exist and They’re Really Good,"When I got the email from Burton inviting me to the Culture Shifters snowboarding experience, I blinked. Sat with it. Closed my laptop. Reopened it. Read it again. I’ve always thought about snowboarding—somewhere between a bucket list item and a potential ER trip—but I never imagined it would actually happen. “Do you really want to […]",ebony.com,2025-05-13,Entertainment,,https://www.ebony.com/i-traveled-to-apsen-and-discovered-black-snowboarders-exist-and-theyre-really-good/
Beyoncé’s Cowboy Carter Tour Rides Into History with Record-Breaking SoFi Stadium Engagement,"Beyoncé has once again redefined the music industry’s benchmarks. Her Cowboy Carter Tour‘s five-night residency at Los Angeles’ SoFi Stadium amassed a staggering $55.7 million in gross revenue, marking the highest-grossing single-venue engagement by a female artist in Billboard Boxscore history. Translation? She didn’t just clear the bar—she packed it up, set it on fire […]",ebony.com,2025-05-13,Entertainment,,https://www.ebony.com/beyonces-cowboy-carter-tour-record-breaking-sofi-stadium-engagement/
How ‘The Handmaid’s Tale’ Star Amanda Brugel Is Saying Good-Bye to Rita,"Amanda Brugel has brought The Handmaid’s Tale’s Rita to life over its past ten years, so it’s easy to understand that saying goodbye in this sixth and final season is bittersweet. “I am so proud of Rita. I have always admired her, but I am so deeply impressed by her bravery, especially as the series […]",ebony.com,2025-05-13,Entertainment,,https://www.ebony.com/handmaids-tale-star-amanda-brugel-saying-good-bye/
Gordon Parks to be Celebrated at Foundation’s Annual Awards Dinner in New York City,"With a career that spanned over 50 years, photographer, filmmaker, musician and author Gordon Parks captured American life and culture through his lens. No professional training needed, his eye to document social justice, race relations, the civil rights movement and the Black American experience was sharp and focused, earning him awards and accolades at every […]",ebony.com,2025-05-13,Culture,,https://www.ebony.com/gordon-parks-to-be-celebrated-at-foundations-annual-awards-dinner-in-new-york-city/
Sean “Diddy” Combs’ Federal Sex Trafficking Trial: Day 1,"On Monday, May 12, Sean “Diddy” Combs’ highly publicized federal trial began in New York. The founder of Bad Boy Records is facing several charges, including racketeering conspiracy and sex trafficking. Diddy has pleaded not guilty to all the charges. After a contentious jury selection presided over by the U.S. District Judge Arun Subramanian, opening […]",ebony.com,2025-05-13,Culture,,https://www.ebony.com/sean-diddy-combs-federal-sex-trafficking-trial-may-12-2025/
This Week on TikTok: The Apple Watch Has Entered the Chat and the Group Chat Has Notes,"Another day, another unsolicited style decree from someone’s front-facing camera. This week on TikTok, a woman—clearly moonlighting as the ‘Fashion Police Chief of Wristwear’—took to the app with a PSA: your Apple Watch belongs at the gym, not at weddings, brunches or any event where people still believe in tailoring and table manners. “You’re wearing […]",ebony.com,2025-05-12,Fashion,,https://www.ebony.com/apple-watch-has-entered-the-chat/
"Get Your Wine Ready: ‘Reasonable Doubt’ Season 3 Promises More Twists, New Characters and Lots of Black Joy","We’ve been shamelessly hooked since the first time we saw Jax — brilliantly played by Emayatzy Corinealdi — tied to that chair in season one on Reasonable Doubt. This gorgeous attorney had a house and wardrobe we live for, and while she’s brilliant at work, her personal life is just so messy, we can’t help […]",ebony.com,2025-05-12,Entertainment,,https://www.ebony.com/reasonable-doubts-upcoming-third-season-news/
Exploring New Orleans: Top Things to Do in the Crescent City,"Affectionately known as the “Big Easy,” New Orleans is the cultural epicenter of Louisiana. The city is filled with culture, delectable Cajun and Creole cuisine, live music and art history, making it a charming destination for those looking to expand their cultural palette. It’s easy to wander the French Quarter or the historic Treme neighborhood […]",ebony.com,2025-05-12,Life,,https://www.ebony.com/exploring-the-crescent-city-top-10-things-to-do-in-new-orleans-100/
How These Famous Moms Shared the Love On Mother’s Day,"There are not enough hours in the year to give Moms the thanks they deserve, but we try our best every Mother’s Day. And celebrity moms are no exception. For Mother’s Day 2025, several stars shared special moments with their children and thanked their mothers and the countless other women who shaped their lives. Teyana […]",ebony.com,2025-05-12,Entertainment,,https://www.ebony.com/famous-moms-shared-the-love-on-mothers-day/
"New Beauty Launches This Week From e.l.f. SKIN, Biossance and More!","Summer’s just a few weeks away, and our skin needs to look good. This week’s beauty launches understand your skin in a world where every other cream promises the moon and delivers a moisturized shrug. We’re talking about the top-selling face cream that doesn’t just sit pretty on your shelf—it gets to work with biomimetic […]",ebony.com,2025-05-09,Beauty,,https://www.ebony.com/new-beauty-launches-this-week-from-e-l-f-skin-biossance-and-more/
These Fierce TV Moms Don’t Play When It Comes to Power and Family,"A mother’s love is deeply profound. It’s known to be a force that sustains and protects. These TV moms are enduring in their maternal bonds, even if their methods to keep their children safe — and in line — can be questionable. While we wouldn’t suggest following their parenting tactics, to celebrate this Mother’s Day, […]",ebony.com,2025-05-09,Entertainment,,https://www.ebony.com/black-tv-moms-ruthless-power-and-family/
"The Wrap-Up MET Gala Edition: Janelle Monáe, Babyface and More!","After the gowns were zipped and the cameras cooled, Janelle Monáe flipped the script and threw A Phenomenal Affair—a post-Met soirée that felt more like a sonic séance than a party. Held at Artspace inside the PUBLIC Hotel, the night pulsed with futuristic glamour and unapologetic Black joy, soundtracked by Kaytranada, DJ Kitty Cash, and […]",ebony.com,2025-05-09,Celebrity,,https://www.ebony.com/met-gala-edition-janelle-monae-babyface-and-more/
Expand Your Mind With These Docs to Watch this Weekend,"The weekend is here, and these documentaries are ready to show us how we seek out, achieve and maintain our greatness. There’s one about Quincy Avery, the man behind the athletic prowess we witness on the football field. The Aunties give us a small but satisfying morsel about two women whose love for their land, […]",ebony.com,2025-05-09,Culture,,https://www.ebony.com/black-documentaries-watch-this-weekend/
Leo XIV’s Diverse Heritage Is What Makes America Great,"Cardinal Robert Francis Prevost, who has taken the papal name Leo XIV, is the first American to ascend to the highest role in the Catholic Church. But now, as his ancestry is revealed, we’re learning that this is a pope who can represent America’s diverse makeup. The Chicago-born cardinal selected on May 8 is descended […]",ebony.com,2025-05-09,News &Amp; Politics,,https://www.ebony.com/leo-xivs-diverse-heritage-is-what-makes-america-great/
James Frazier Steps Into Legacy at the 2025 Met Gala in Custom DIOTIMA by Rachel Scott,"It was in the late afternoon in New York, and James Frazier was buttoning the final detail of his custom DIOTIMA look before stepping into the 2025 Met Gala—this year themed “Superfine: Tailoring Black Style.” But for Frazier, the founder of the Empowered Vision Award and trustee of The Andrea W. & Kenneth C. Frazier […]",ebony.com,2025-05-08,Fashion,,https://www.ebony.com/james-frazier-2025-met-gala-custom-diotima/
"LaQuan Smith Hosts Pre-Met Gala Dinner Celebrating Mentorship, Black Luxury, and the Power of Doing It “Por Amor”","LaQuan Smith knows how to set a tone—and before the Met Gala’s white-tie frenzy, the Queens-born designer used his pre-Gala dinner, hosted in partnership with Tequila Don Julio, to do exactly that. In an industry often obsessed with the flash of the red carpet, Smith redirected attention to the roots: mentorship, heritage, and a love […]",ebony.com,2025-05-08,News &Amp; Politics,,https://www.ebony.com/laquan-smith-hosts-pre-met-gala-dinner-celebrating-mentorship-black-luxury-and-the-power-of-doing-it-por-amor/
Denzel Washington Tony Snub? Wife Pauletta Says Hubby “Put In the Work”,"A lot of fanfare surrounded Othello‘s return to the Broadway stage. There was Denzel Washington, the Oscar-winning actor, stepping into the tortured Moor titled role in a drama produced and directed by our community. Previews and opening nights were sold out, and the revival earned the weekly record for top-grossing play in Broadway history. It […]",ebony.com,2025-05-08,Culture,,https://www.ebony.com/denzel-washington-tony-snub/
Sibling Co-Authors Fred and Courtney Whitaker Encourage Black Kids to Travel With Book Series,"Traveling is a luxury that not many people traditionally have gotten to indulge in. However, it is a more accessible activity in today’s world for families to partake in. Introducing young minds to opportunities like trying new food or visiting a new place leaves lasting impressions that they will carry through adulthood. Sibling duo Fred […]",ebony.com,2025-05-08,Books,,https://www.ebony.com/fred-whitaker-courtney-whitaker-come-on-a-journee-with-me/
20 Mother’s Day Gifts Every Mom Will Enjoy,"Shopping for Mother’s Day gifts for moms offers a rich opportunity to celebrate their unique beauty, strength and culture. This special occasion calls for a thoughtful selection from various options catering to their tastes and needs. The possibilities are extensive and diverse, whether it’s beauty products tailored to enhance their natural features, fashion items that […]",ebony.com,2025-05-08,Beauty,,https://www.ebony.com/mothers-day-gifts-every-mom-will-enjoy/
Producer Mara Brock Akil Wants Us All to be Free to (re) Experience Young Love in New Series ‘Forever’,"We’ve all been through it. That first young love experience that can set our heart soaring and break it into a million little pieces. Mara Brock Akil, the prolific creator behind shows like Girlfriends, Being Mary Jane and The Game, examines all the flutters and fears in her newest series Forever, based on the book released by teen angst […]",ebony.com,2025-05-08,Entertainment,,https://www.ebony.com/producer-mara-brock-akil-experienceing-young-love-netflix-forever-interview/
3 Former Memphis Police Officers Found Not Guilty Of State Charges In Tyre Nichols’ Death,"Tadarrius Bean, Demetrius Haley and Justin Smith, three former Memphis police officers, were found not guilty in the death of Tyre Nichols, NPR reports. Following eight hours of deliberation and a seven-day trial in state court. Each officer is faced with seven counts in the state trial for their involvement in the fatal beating of […]",ebony.com,2025-05-07,News &Amp; Politics,,https://www.ebony.com/3-former-memphis-police-officers-found-not-guilty-of-state-charges-in-tyre-nichols-death/
John Imah Gets ‘Superfine’ with Sergio Hudson for the 2025 Met Gala,"The Met Gala wasn’t just a red carpet—it’s a runway for reinvention. And tonight, John Imah, CEO of Spree AI, didn’t just arrive—he uploaded himself into fashion history. Draped in a custom Sergio Hudson ensemble that was equal parts heritage and high-tech precision, Imah offered a visual thesis on what it means to be “Superfine”—this […]",ebony.com,2025-05-07,Fashion,,https://www.ebony.com/john-imah-gets-superfine-with-sergio-hudson-for-the-2025-met-gala/
BET Announces 25th Anniversary ‘106 & Park’ Reunion at 2025 BET Awards,"Get ready to hit the basement stairs one more time, because BET just cracked the culture open with one announcement: a 25th anniversary 106 & Park reunion is coming to the 2025 BET Awards—and yes, AJ & Free are back. The original hosts. The blueprint. The pulse of every after-school hour from 2000 to 2005. […]",ebony.com,2025-05-07,Current Culture News,,https://www.ebony.com/bet-announces-25th-anniversary-106-park-reunion-at-2025-bet-awards/
Flying Soon? Real ID Deadline Hits Today— Here’s What Travelers Should Know,"Whether you’re planning to support a family member’s graduation or attend a concert by your favorite music artist, there is one thing that should be essential to your packing list— your Real ID. Starting Wednesday, May 7, the requirement for U.S. travelers to be Real ID compliant will prohibit many travelers from being able to […]",ebony.com,2025-05-07,Current Culture News,,https://www.ebony.com/flying-soon-real-id-deadline-hits-today-heres-what-travelers-should-know/
‘Shadow Force’ Is a Lesson In Black Parenting: Doing Whatever It Takes to Protect the Child,"In Shadow Force, stars Kerry Washington and Omar Sy play Kyrah and Isaac, former operatives of a secretive multinational special forces group who broke the cardinal rule of falling in love and having a child together. Underground for years, an extraordinary event exposes their family, forcing them to confront their past. Yes, the film offers […]",ebony.com,2025-05-07,Entertainment,,https://www.ebony.com/shadow-force-lesson-in-black-parenting-protect-child-washington-sy-interview/
"Questlove Came to the 2025 Met Gala Dressed in 30,000 Pearls—and Brought the Weight of a Movement with Him","Questlove didn’t just show up to the 2025 Met Gala—he arrived carrying history on his back. Literally. Wrapped in 30,000 pearls (some woven into his suit, others glinting through his hair), the Roots drummer, DJ, historian and cultural archivist wasn’t just playing dress-up. He was delivering a sermon in silk, beads and memory. “This was […]",ebony.com,2025-05-07,Fashion,,https://www.ebony.com/questlove-came-to-the-2025-met-gala-dressed-in-30000-pearls-and-brought-the-weight-of-a-movement-with-him/
Three Secrets from a Hollywood Producer That Can Make You the Star of Your Own Life,"You know the drill. You’re tryna glow up, but you just can’t seem to put together the right steps to make it all come together. Steve Jones understands. The successful Hollywood producer has dedicated himself to creating that path for aspiring creatives of color on his platform, Hollywood Confidential. “It started with Matthew Cherry. I […]",ebony.com,2025-05-07,Books,,https://www.ebony.com/three-secrets-hollywood-confidential-star-of-your-life-steve-jones-interview/
"The State of US: Kamala Reemerges, Federal Grants Cancelled and Sesame Street Faces Roadblocks","Trump Questions Entitlement to Constitutional Rights in Meet the Press Interview In an interview on NBC’s “Meet the Press” on May 4, President Donald Trump questioned whether individuals in the United States, including noncitizens, are entitled to due process rights under the Constitution. When asked if he believed all people are entitled to due process, […]",ebony.com,2025-05-07,Current Culture News,,https://www.ebony.com/the-state-of-us-kamala-reemerges-federal-grants-cancelled-and-sesame-street-faces-roadblocks/
Jennifer Hudson Wants Black Women to Take Time Off,"Post-pandemic, our homes have transformed—from places of rest and leisure to spaces where we work, work out and do everything in between. The lines between labor and living have blurred. For many Black women, this shift has made it even harder to access stillness, but one way to reclaim that balance is by reshaping the […]",ebony.com,2025-05-07,Life,,https://www.ebony.com/jennifer-hudson-wants-black-women-to-take-time-off/
Get Lit! Misty Copeland’s Children Advice Book and Other Black Authors to Read This May,"May flowers are here in book form! Enjoy words of wisdom from Misty Copeland, the first Black female American Ballet Theatre principal dancer, who answers questions from her youngest fans. Then there’s the sage advice from Steve Jones, creator of the digital platform, Hollywood Confidential, who lays out a fool-proof plan for creating our best […]",ebony.com,2025-05-06,Books,,https://www.ebony.com/get-lit-misty-copeland-steve-jonesibram-x-kendi-may-black-book-list-2025/
Interior Architect Olivia Westbrooks Helps You Master Organic Modern Design…With an African Twist,"In a search for a home decor style for my small, light-deprived New York City studio apartment, I came across the “organic modern” aesthetic. The definition felt so right for my tiny space, a blend of modern and minimalist style infused with the natural beauty of organic materials. I quickly filled my Pinterest board with […]",ebony.com,2025-05-06,Home,,https://www.ebony.com/interior-architect-olivia-westbrooks-organic-modern-design-african-twist-interview/
10 Books My Preschoolers Love to Read Over and Over Again,"I was an avid reader as a child. My first toy was a book and from the ages of two to nine, I always carried a book with me wherever I went. When I became a mom, my love for books didn’t change. In fact, it transferred to my children—early on I knew the importance […]",ebony.com,2025-05-06,Books,,https://www.ebony.com/10-books-my-preschoolers-love-to-read-over-and-over-again/
The 2025 Met Gala Was Supposed to Be a Celebration of Black Dandyism—So Why Did It Feel Like a Miss?,"The 2025 Met Gala had the makings of a cultural reset. With a theme like “Superfine: Tailoring Black Style,” the world was supposed to bear witness to the richness of Black dandyism—a tradition born from the collision of rebellion and refinement. A style legacy shaped in the margins and spotlighted only when convenient. This wasn’t […]",ebony.com,2025-05-06,Culture,,https://www.ebony.com/the-2025-met-gala-was-supposed-to-be-a-celebration-of-black-dandyism-so-why-did-it-feel-like-a-miss/
"Met Gala 2025: Angela Bassett, Tyla and Megan Thee Stallion Deliver Iconic Hair Moments Honoring Black Glamour","At the 2025 Met Gala, where the theme “Superfine: Tailoring Black Style” reigned supreme, 3 queens of the culture—Angela Bassett, Tyla and Megan Thee Stallion—turned heads with hair looks that were nothing short of masterpieces. Each style paid homage to the legacy of Black beauty, from sculpted waves to architectural buns, blending old-school elegance with […]",ebony.com,2025-05-06,Beauty,,https://www.ebony.com/met-gala-2025-angela-bassett-tyla-and-megan-thee-stallion-deliver-iconic-hair-moments-honoring-black-glamour/
Student Loan Repayment Collections: Here’s What You Need To Know,"The federal government is resuming student loan collections for defaulted loans this week after months of looming questions around the matter since the start of President Trump’s re-election. With over 5 million U.S. citizens projected to be impacted by the collections based on their current default loan status, this could result in major shifts in […]",ebony.com,2025-05-06,Current Culture News,,https://www.ebony.com/student-loan-repayment-collections-heres-what-you-need-to-know/
5 Facts About André Leon Talley You Probably Didn’t Know,"A man of great vision, style and grandeur, André Leon Talley accomplished many successes and feats throughout his career. There is no element of the fashion world that he has not influenced throughout his tenure as a prominent voice in this industry. While being a public fashion figure has put a large part of his […]",ebony.com,2025-05-05,Fashion,,https://www.ebony.com/5-little-known-facts-about-andre-leon-talley/
"Just Like ‘SNL’ Host Quinta Brunson, I’m 4’11. Here Are the Style Rules I Live By","As a woman who stands at a stature of just 4’11 (and 1/2!), I’ve been through and heard it all: People reaching over my head while shopping and being told, “Why aren’t you raiding the kids’ section?” Or from a flight attendant: “You’re so small, we could fit you instead of your luggage in the […]",ebony.com,2025-05-05,Style,,https://www.ebony.com/like-snl-host-quinta-brunson-im-4-11-style-rules-for-short-girls/
Wales Bonner’s ‘Togetherness’ Took Over the Guggenheim—And Turned It Into a Temple of Sound,"In a world where fashion shows flirt with spectacle but rarely court the soul, Grace Wales Bonner does something far more radical—she listens. And with the second installment of Togetherness, her sonic love letter to Black music and diasporic kinship, the designer brought that listening—deep, reverent, ancestral—to the spiral temple that is the Guggenheim Museum […]",ebony.com,2025-05-05,Fashion,,https://www.ebony.com/wales-bonners-togetherness-took-over-the-guggenheim-and-turned-it-into-a-temple-of-sound/
"Stress Less, Live More: How a few Google Tech Tools Can Unleash Your Well-Being","While it may no longer be National Stress Awareness Month (wow, there’s a month for everything), it’s always a good time to incorporate good lifestyle practices, at least to prevent stress. While we’re all juggling work, life, and TikTok’s next trend, it’s good to take a beat and maybe let Google’s tech wizardry step in […]",ebony.com,2025-05-05,Black Tech News Articles,,https://www.ebony.com/stress-less-live-more-how-a-few-google-tech-tools-can-unleash-your-well-being/
Missing Mama: How To Cope On Mother’s Day,"Losing a mother is essentially like losing your first love, and one of the greatest people you’ll ever know, all at once. It leaves a void that cannot be filled, no matter how many years or decades pass by. Former journalist and public relations executive L.K. Alexander-Bedford knows this feeling firsthand. She lost her mother […]",ebony.com,2025-05-05,Culture,,https://www.ebony.com/missing-mama-how-to-cope-on-mothers-day/
The Men (And Women) Who Taught Met Gala Co-Chair Colman Domingo the Power of Style,"Our first introduction to style can have a profound impact on us. For Colman Domingo, it shaped his connection to his style, his cultural heritage and his powerful mindset as a Black man in America. For the stylish crowd gathered at the Metropolitan Museum of Art for the morning preview of Superfine: Tailoring Black Style, […]",ebony.com,2025-05-05,Culture,,https://www.ebony.com/colman-domingo-on-the-power-of-style-and-family-influence/
The Best Red Carpet Looks From The 2025 Met Gala “Superfine: Tailoring Black Style”,"The Met Gala is fashion’s most sacred spectacle, and this year? We’re throwing every fit check and prayer cloth behind our people. To paraphrase the patron saint of real ones, Issa Rae: we’re rooting for everybody Black—and this time, the theme is literally dressed for us. “Superfine: Tailoring Black Style” isn’t just a nod to […]",ebony.com,2025-05-05,Culture,,https://www.ebony.com/the-best-red-carpet-looks-from-the-2025-met-gala-superfine-tailoring-black-style/
Rihanna Wows Again With Reveal of Third Pregnancy at Met Gala 2025,"Rihanna is expecting again. The Umbrella singer revealed she and her partner A$AP Rocky, co-chair for the Met Gala 2025, are prepping for the impending arrival of their third child. Rihanna arrived on the carpet fashionably late, wearing a custom Marc Jacobs black tuxedo-inspired gown that complemented her baby bump. Before the Met Gala officially […]",ebony.com,2025-05-05,Celebrity,,https://www.ebony.com/rihanna-reveal-third-pregnancy-met-gala-2025/
My First Time With A White Guy,"We were friends. Nothing more. Just two kids from Jersey traveling abroad who happened to bump into each other by a stereotypical mistake. His White European friends dared him to go and talk to that Black Brazilian girl sitting on the beach, who was really a Black American girl in disguise. After listening to his tired […]",ebony.com,2025-05-05,Black,,https://www.ebony.com/my-first-time-with-a-white-guy-2/
The Crown Is the Canvas: Inside “Black Hair Reimagined”,"They say Black hair is political, but that’s too soft of a take. Black hair is ancestral. It’s a language, a legacy, a living document passed down from kitchen stools and porch steps to editorial shoots and catwalks. Friday night, high above the city on the 41st floor of WSA’s Maiden Lane address, that legacy […]",ebony.com,2025-05-05,Fashion,,https://www.ebony.com/the-crown-is-the-canvas-inside-black-hair-reimagined/
"Where to Eat, Stay and Play In and Around Lexington, Kentucky","Thousands of well-dressed folks will descended upon Churchill Downs to see their favorite horse and jockey duo go for the famed honor. While most people opt to spend their Derby weekend in Louisville, we want to put you on to the city of Lexington—which isn’t far from the action at all. From world-class and family-owned […]",ebony.com,2025-05-03,Life,,https://www.ebony.com/where-to-eat-stay-and-play-in-and-around-lexington-kentucky/
"Brandy, Mary J. Blige and Teyana Taylor: 7 Musicians Who Starred in Tyler Perry Films","Tyler Perry’s storytelling has always been rooted in music. Whether it’s the sweeping gospel intros of his stage plays, or the emotional needle drops in his films, sound and spirit are woven into the DNA of his work. But Perry doesn’t just use music to underscore a scene—he brings in the musicians themselves. Over the […]",ebony.com,2025-05-02,Entertainment,,https://www.ebony.com/brandy-mary-j-blige-and-teyana-taylor-7-musicians-who-starred-in-tyler-perry-films/
EBONY Celebrates Amy Sherald’s ‘American Sublime’ at the Whitney Museum and a Legacy of Innovation in Beauty,"Amy Sherald, the artist who captured the essence of First Lady Michelle Obama, is on display at the Whitney Museum of American Art with their first solo exhibition of her work, Amy Sherald: American Sublime. EBONY joined READY to BEAUTY for an exclusive VIB (Very Important Beauty) guided tour, led by Rujeko Hockley, the Whitney […]",ebony.com,2025-05-02,Culture,,https://www.ebony.com/ebony-celebrates-amy-sheralds-american-sublime-at-the-whitney-museum-and-a-legacy-of-innovation-in-beauty/
"What a $2,500 Full-Body Scan Taught Me About My Health—and My Fear","Last year, I sat in a doctor’s office, heart racing, as I was told I might have a bicuspid aortic valve—a congenital heart defect that can lead to major complications. I nodded slowly, pretending to absorb the information, while inside, I was spiraling. I’m a 34-year-old Black man. My family history reads like a cautionary […]",ebony.com,2025-05-02,Health,,https://www.ebony.com/what-a-2500-full-body-scan-taught-me-about-my-health-and-my-fear/
4 Black Louisville-Based Milliners That’ll Give Any Kentucky Derby Hatmaker a Run For Their Money,"Boxing phenom Muhammad Ali, Trapsoul innovator Bryson Tiller, and Power’s Michael Rainey Jr. All these cultural figures were born and bred in the Bluegrass state. Beyond being the birthplace of quite a few notable figures within the Black lexicon, though, Kentucky is also responsible for one of the most prestigious sporting events in the world: […]",ebony.com,2025-05-02,Life,,https://www.ebony.com/4-black-louisville-based-milliners-thatll-give-any-kentucky-derby-hatmaker-a-run-for-their-money/
Best Couches for Stylish Black Bachelors With Grown-Man Taste,"Your couch says everything about you before you even open your mouth. It’s the throne of the bachelor pad, the velvet rope to your sanctuary, the soft landing after the hustle tries to break your back. And if you’re a man who lives alone—or lives well—your sofa needs to do more than sit pretty. It […]",ebony.com,2025-05-02,Home,,https://www.ebony.com/the-best-couches-for-black-bachelors-who-like-their-living-room-with-a-side-of-grown-and-sexy/
"The Wrap-Up! Gayle King, Alex Newell, The Alphas and More","Gayle King attended the 2025 Reaching for the Stars Gala in New York City to benefit Figure Skating in Harlem, a non-profit group that uplifts young women. King was on hand with (pictured, left to right) Marian Wang and news anchors Adriana Diaz, who hosted the night and Jericka Duncan to celebrate fellow CBS correspondent Vlad Duthier (center) […]",ebony.com,2025-05-02,Celebrity,,https://www.ebony.com/the-wrap-up-gayle-king-alex-newell-the-alphas-and-more/
Rising R&B Star Isaiah Falls Talks New Album LVRS Paradise,"Isaiah Falls is carving out a unique space in contemporary R&B with his latest project, LVRS PARADISE. Out today, May 2., the album’s Side A offers a nine-track journey that melds the introspective lyricism of his breakout EP Drugs n’ Lullabies with a richer, more collaborative soundscape. Crafted in two distinct phases—solo writing sessions and […]",ebony.com,2025-05-02,Entertainment,,https://www.ebony.com/rising-rb-star-isaiah-falls-talks-new-album-lvrs-paradise/
