title,description,source,date_of_publication,category,author,link
Erika Kirk Cries 'Whiteface' Over Druski Skit,Turning Point CEO appears to address the comedian’s viral parody during an appearance on The Charlie Kirk Show.,newsone.com,2026-05-01,Entertainment,,https://newsone.com/6858984/erika-kirk-whiteface-druski-skit-black-outfit-reactions/
Trump Drops Casey Means In Favor Of New MAHA-Friendly Dr. Nicole B. Saphier,"Saphier is listed on Memorial Sloan Kettering Cancer Center’s website as a radiologist and director of breast imaging at its facility in Monmouth County, New Jersey.",newsone.com,2026-05-01,Opinion,,https://newsone.com/6858948/trump-picks-dr-nicole-saphier-for-surgeon-general/
Defense Secretary Pete Hegseth Grilled By Congress As Iran War Drags On,Secretary Hegseth got heated over concerns members of the House Armed Services Committee had over the growing cost of the Iran war.,newsone.com,2026-05-01,Opinion,,https://newsone.com/6859034/pete-hegeth-grilled-congress-iran-war/
Thousands Expected To Attend May Day Protests Across US,Organizers have said the core message of this year’s “May Day Strong” protests is about the government “focusing on workers over billionaires.”,newsone.com,2026-05-01,Civil Rights &Amp; Social Justice,,https://newsone.com/6859049/may-day-no-kings-protests-united-states/
Tia & Jasmin Criss Set To Graduate From HBCU With Top Honors,"Twin sisters Tia and Jasmin Criss, seniors at Cheyney University, to graduate as valedictorian and salutatorian, defying expectations.",newsone.com,2026-05-01,Education,,https://newsone.com/6859013/twin-sisters-tia-jasmin-criss-cheyney-university-hbcu/
NYC Finally Addressing ‘Deed Theft’ After Ignoring Black Homeowners,"Black folks in Brooklyn and Queens were already the primary source on this issue, and for decades they’ve watched it unfold as no one listened.",newsone.com,2026-05-01,News,,https://newsone.com/6859068/nyc-deed-theft-black-homeowners/
"Rev. Stephen Green On Faith, Justice, And The Liberating Gospel Of Jesus","Rev. Stephen Green of Greater Allen AME Cathedral discusses faith-based organizing, the liberating gospel, and the Black church’s 200+ year legacy of resistance in Queens, NY.",newsone.com,2026-05-01,Civil Rights &Amp; Social Justice,,https://newsone.com/6859074/rev-stephen-green-faith-justice-black-church/
DOJ Indicts Former FBI Head James Comey Again,This is the second time in less than a year that the Department of Justice has indicted Comey at the behest of President Donald Trump.,newsone.com,2026-04-30,Opinion,,https://newsone.com/6858891/james-comey-indicted-trump-department-of-justice/
Orleans Parish Sheriff Indicted On 30 Counts Of Misconduct Over Jail Break,Sheriff Susan Hutson of Orleans Parish was set to leave office in the coming days after losing her bid for reelection last October.,newsone.com,2026-04-30,Crime,,https://newsone.com/6858887/orleans-parish-sheriff-susan-hutson-indicted/
Man Says Medical Neglect At Fulton County Jail Led To Leg Amputation,Rashaad Muhammad alleges Fulton County Jail officials denied him access to his medical treatments for a chronic bladder condition.,newsone.com,2026-04-30,Civil Rights &Amp; Social Justice,,https://newsone.com/6858911/rashaad-muhammad-fulton-county-jail-leg-amputation/
What The SCOTUS Ruling Means For Black Voting Rights And How We Move Forward,Voting rights advocates are calling for collective action and encouraging a reframing of how we approach elections and the work that comes after.,newsone.com,2026-04-30,Opinion,,https://newsone.com/6858940/scotus-ruling-black-voting-rights-how-move-forward/
Louisiana Republicans Postpone Primary Elections Following SCOTUS Decision,The Supreme Court enshrined into law white conservatives’ demonstrably false belief that racism is over and Black people don’t need civil rights protections.,newsone.com,2026-04-30,Civil Rights &Amp; Social Justice,,https://newsone.com/6858903/louisiana-primary-election-postponed-scotus-ruling/
The History Of Black GOP Leaders,"The GOP’s complex relationship with Black Americans, from early civil rights to recent controversies over race and identity.",newsone.com,2026-04-30,Black History,,https://newsone.com/6858913/the-history-of-black-gop-leaders/
Virginia Supreme Court Upholds Redistricting Vote Certification Block,The move comes as the Florida state legislature advanced a new congressional map that could potentially give the GOP four new House seats.,newsone.com,2026-04-29,Opinion,,https://newsone.com/6858849/virginia-supreme-court-redistricting-vote-certification/
US To Issue Commemorative Passports With Trump's Photo,Could any of our most recent Democratic presidents have gotten away with making “America’s” 250th birthday all about themselves like this?,newsone.com,2026-04-29,Opinion,,https://newsone.com/6858792/trump-commemorative-passport-united-states/
SCOTUS Callais Decision Delivers Major Blow To Black Voting Rights,"The Court’s decision gave in to fake reverse racism claims, striking down a second Black-majority congressional district in Louisiana.",newsone.com,2026-04-29,Opinion,,https://newsone.com/6858820/supreme-court-blow-black-voting-rights/
"Klay Thompson, Megan Thee Stallion, And Why It’s Time To Make Men Wait","The modern f-boy is disciplined. He studies what women want, mirrors emotional intelligence, and uses language that sounds like healing and monogamy.",newsone.com,2026-04-29,Opinion,,https://newsone.com/6858797/klay-thompson-mistreatment-make-men-wait/
What Saint Augustine's University Bankruptcy Means For The Future Of The HBCU,HBCU Saint Augustine’s University files for bankruptcy and plans reorganization to address financial challenges and regain accreditation.,newsone.com,2026-04-29,Education,,https://newsone.com/6858761/what-saint-augustines-universitys-bankruptcy-means-for-the-future-of-the-hbcu/
The GOP Has Almost Completely Run Out Of Black People,"The four Black Republican members of the House are on their way out the door, and Sen. Tim Scott will be the only Black GOP member left.",newsone.com,2026-04-29,Opinion,,https://newsone.com/6858729/black-republicans-gop-running-out-tokens/
Supreme Court Officially Reinstates Texas’ Congressional Map,The ruling came on the same day as Florida Gov. Ron DeSantis revealed a congressional map that could give Republicans four new House seats.,newsone.com,2026-04-29,Opinion,,https://newsone.com/6858741/supreme-court-texas-redistricting-congressional-map/
Supreme Court To Hear Arguments For Ending Temporary Protected Status,"Under Kristi Noem’s leadership, the Department of Homeland Security declined to renew Temporary Protected Status for 12 countries last year.",newsone.com,2026-04-29,Opinion,,https://newsone.com/6858735/temporary-protected-status-united-states-supreme-court/
'TWO KINGS' Caption Put On Photo Of Trump And King Charles III,"The White House thinks it’s being cute, mocking the fact that the “No Kings” movement has launched multiple waves of anti-Trump protests.",newsone.com,2026-04-29,Opinion,,https://newsone.com/6858818/white-house-posts-two-kings-donald-trump/
Donald And Melania Trump Complain About Jimmy Kimmel's Joke,Jimmy Kimmel made a joke that implied the first lady was among many people who can’t wait for Trump to leave the land of the living.,newsone.com,2026-04-28,Opinion,,https://newsone.com/6858650/donald-melania-trump-jimmy-kimmel-live/
Trump And His Supporters Whine About Violent Political Rhetoric,"The far-right is statistically responsible for more political violence, and MAGAts dish out the same extreme rhetoric they complain about.",newsone.com,2026-04-28,Opinion,,https://newsone.com/6858605/trump-supporters-whine-violent-political-rhetoric/
"Mississippi Mother, Educator Found Dead, Allegedly Killed By Youngest Son","Lana Brown Bradley, a beloved member of the Natchez community, was killed in early April, and her youngest son, Zachary Lavel Jackson, Jr., has been charged with her murder.",newsone.com,2026-04-28,Crime,,https://newsone.com/6858574/lana-brown-bradley-natchez-mississippi-murder/
"The Supreme Court Fight That Could Decide The Fate Of 300,000 Haitians","If the courts ultimately side with the Trump administration, hundreds of thousands of Haitians could suddenly find themselves without legal status.",newsone.com,2026-04-28,Bison One Newsroom,,https://newsone.com/6858379/supreme-court-haitian-tps-immigration-trump-adminisration/
NYC Mayor Zohran Mamdani Creates Deed Theft Prevention Office,The office’s creation follows New York City Council Member Chi Osse’s arrest last week while protesting an eviction related to deed theft.,newsone.com,2026-04-28,Civil Rights &Amp; Social Justice,,https://newsone.com/6858578/zohran-mamdani-chi-osse-deed-theft-nyc/
Howard Student Turns Eating Disorder Into Film Black Women Can’t Ignore,"“Consumption” is a short filn about isolation and the complicated, often invisible relationship between food and emotions.",newsone.com,2026-04-28,Bison One Newsroom,,https://newsone.com/6858386/consumption-eating-disorder-film-black-women-cant-ignore/
"On Megan Thee Stallion, De-centering Men, And Choosing Ourselves","As Black women, we’re taught so early that our strength is a container meant to hold everything others refuse to carry.",newsone.com,2026-04-28,Opinion,,https://newsone.com/6858634/megan-thee-stallion-choosing-ourselves-black-women/
"Black Prom Isn't 'Doing Too Much,' It's One Of Our Most Beautiful Traditions","Black proms celebrate community, resilience, and Black achievement, rooted in a history of exclusion and a push against harmful narratives.",newsone.com,2026-04-28,Civil Rights &Amp; Social Justice,,https://newsone.com/6858641/black-proms-one-of-our-most-beautiful-traditions/
"Trump Convenes Situation Room Meeting To Discuss Stalemate In Iran, As Strait Of Hormuz Conflict Continues","Trump is claiming the U.S. has control over the Strait of Hormuz, which, as usual, stands in conflict with what Iranian officials say.",newsone.com,2026-04-27,Nation,,https://newsone.com/6858473/trump-situation-room-stalemate-in-iran-strait-of-hormuz/
"Klay Thompson’s Job Was to Protect Megan Thee Stallion, Even From Himself","You don’t build something with someone while already moving in ways that will eventually break it, and that’s what Klay did to Megan.",newsone.com,2026-04-27,Opinion,,https://newsone.com/6858403/klay-thompson-megan-thee-stallion-breakup-cheating/
Notable Black Folks Who Died In 2026,"UPDATE — Monday, April 27, 2026, 11:38 a.m. EST: We love our Black celebrities. Period. No matter how famous they get or how big the stages become, there’s always a different kind of pride that comes with seeing Black folks win. It feels personal, like their success is proof that we can make it too, […]",newsone.com,2026-04-27,Nation,,https://newsone.com/6745511/notable-black-people-who-died-2026/
"Tradition, Poverty, Profit Collide Inside A Southern Funeral Home","After slavery, Black funeral homes became cultural anchors preserving rituals of care, community, and what many call a proper “homegoing.”",newsone.com,2026-04-27,Bison One Newsroom,,https://newsone.com/6858372/black-funeral-homes-tradition-poverty-profit/
What We Know About The Alleged White House Correspondents' Dinner Shooter,"Details are emerging about Cole Allen, the suspect allegedly responsible for the shooting incident at the White House Correspondents’ Dinner.",newsone.com,2026-04-27,Nation,,https://newsone.com/6858423/cole-allen-what-we-know-about-alleged-whcd-shooter/
Virginia Supreme Court Set To Rule On Redistricting Effort,"Virginia voters approved the redistricting effort last week, giving Democrats a proposed 10-1 advantage in House seats ahead of the midterms.",newsone.com,2026-04-27,Politics,,https://newsone.com/6858467/virginia-supreme-court-rules-redistricting-effort/
Black Folks Shouldn't Feel Sorry For Candace Owens. She's Not A Victim,"Candace Owens is skin folk, maybe, but certainly not kinfolk, and as our elders have long warned, when you lie down with dogs, you catch fleas.",newsone.com,2026-04-27,News,,https://newsone.com/6858491/candace-owens-donald-trump-laura-loomer/
Trump Freaks Out Over Allegedly Being Called A Pedophile By WHCD Attacker,"Unfortunately for our president, he just doesn’t have the self-awareness to understand which reactions will certainly make him look guilty.",newsone.com,2026-04-27,Opinion,,https://newsone.com/6858396/donald-trump-pedophile-cole-allen-shooter/
7 Takeaways From Donald Trump's '60 Minutes' Interview,"Trump discusses security breach at White House Correspondents’ Dinner, including suspect’s writings and escape attempt.",newsone.com,2026-04-27,Nation,,https://newsone.com/6858507/7-takeaways-from-donald-trumps-60-minutes-interview/
Black Gen Z Would Rather Go To Jail Than Fight In Iran War,"Some question whether the United States and Israel can actually win, while others argue that “winning” may not even be the point.",newsone.com,2026-04-27,Bison One Newsroom,,https://newsone.com/6858375/black-gen-z-chooses-jail-over-fight-iran-war/
NYC Mayor Zohran Mamdani Vetoes Bill Requiring Police At School Protests,New York City Council Speaker Julie Menin is reportedly weighing whipping up the necessary votes to pass the bill with a veto-proof majority.,newsone.com,2026-04-27,Politics,,https://newsone.com/6858367/zohran-mamdani-vetoes-police-buffer-zones-school-protests/
"Laura Loomer And Candace Owens Are In A Racist, Problematic Beef","I don’t know if Loomer is mad at all of the formerly MAGA-fied turncoats, but she’s definitely very upset at Candace for not earning the moniker “Klandace” the way she used to.",newsone.com,2026-04-27,Opinion,,https://newsone.com/6858277/laura-loomer-candace-owens-racist-problematic-beef/
Why Are Black Women Always The 'Weakest Link' In Girl Groups?,"For many fans, this feels like a recurring story where the Black girl in the group is often hyper-visible and invisible at the same time.",newsone.com,2026-04-25,Bison One Newsroom,,https://newsone.com/6858291/manon-katseye-black-women-girl-groups/
E-Scooters Are Catching Fire And Getting Stolen On Campuses Nationwide,"Electric scooters were supposed to make campus life easier. Instead, they’re becoming a safety risk and a theft magnet.",newsone.com,2026-04-24,Bison One Newsroom,,https://newsone.com/6858259/e-scooters-catch-fire-get-stolen-campuses-nationwide/
April Has Been A Horrible Month For Black Children,"April is supposed to be about child abuse prevention, protecting the most vulnerable, and catching harm before it reaches a child’s body.",newsone.com,2026-04-24,News,,https://newsone.com/6858300/april-child-abuse-prevention-month-black-children/
Trump Issues ‘Shoot And Kill’ Order For Mining Boats In Strait Of Hormuz,"The Strait of Hormuz has been a focal point during the ongoing war in Iran, with the U.S. Navy currently blockading entry to the port.",newsone.com,2026-04-24,Politics,,https://newsone.com/6858286/trump-strait-of-hormuz-shoot-kill-order/
White Grievance And The Direct Attack On Black Maternal Health,"Silvia Lopez-Navarro, a white woman with a hispanic last name, filed a federal class-action lawsuit because she was not allowed into a program that supports Black mothers and their babies.",newsone.com,2026-04-24,Civil Rights &Amp; Social Justice,,https://newsone.com/6858280/silvia-lopez-navarro-black-maternal-health-lawsuit/
Louisiana GOP Passes Bill Eliminating Calvin Duncan’s Office,"Louisiana Gov. Jeff Landry has said he intends to sign the bill before May 4, the date when Calvin Duncan is set to formally take office.",newsone.com,2026-04-24,News,,https://newsone.com/6858271/louisiana-gop-passes-bill-eliminating-calvin-duncans-office/
Trump Claims Bigger Crowd Sizes Than MLK's 'I Have A Dream' Speech,"It’s just really amusing watching this sad, lonely little man desperately stroke his comically fragile ego, transparently begging people to like him.",newsone.com,2026-04-24,Opinion,,https://newsone.com/6858223/trump-claims-bigger-crowd-than-mlk-speech/
Ex-Cop Arrested For Allegedly Planning Mass Shooting Of Black People,Christopher Gillum’s family reported him to authorities after he expressed a desire to go to a festival in New Orleans so he could kill Black people.,newsone.com,2026-04-24,Crime,,https://newsone.com/6858232/christopher-gillum-arrested-mass-shooting-black-people/
Rep. Summer Lee Presses RFK Jr. About Black Maternal Health Research,"This is as good a time as any to remind everyone that RFK Jr., the nation’s top health authority, once told people flat-out that they should not take medical advice from him.",newsone.com,2026-04-24,Civil Rights &Amp; Social Justice,,https://newsone.com/6858182/rep-summer-lee-rfk-jr-black-maternal-health/
An Open Letter To WNBA Commissioner Cathy Engelbert,"After watching her most recent press conference, it’s become clear that Cathy Engelbert has not learned from past mistakes.",newsone.com,2026-04-24,Sports,,https://newsone.com/6857097/open-letter-wnba-commissioner-cathy-engelbert/
Earth Is For All Of Us. Let’s Support Actions That Prove It,"This Earth Day, we are reminded that the climate crisis requires collective action and year-round advocacy.",newsone.com,2026-04-23,News,,https://newsone.com/6857089/earth-day-support-actions-save-planet/
People Want To Boycott Restaurants That Partner With Big Groove,"The U.S. is so racist, and has such a long history of turning Black culture into caricature that, for many of us, what Big Groove does isn’t just annoying, it’s triggering.",newsone.com,2026-04-23,Entertainment,,https://newsone.com/6857018/big-groove-groovin-gorilla-restaurant-boycott/
Racist Houston Cop Relieved Of Duties After Viral N-Word-Laced Rant,Houston police officer Ashley Gonzalez recorded herself repeatedly using the N-word and ranting about her hatred for Black people.,newsone.com,2026-04-23,Civil Rights &Amp; Social Justice,,https://newsone.com/6857088/racist-cop-ashley-gonzalez-houston-texas/
d4vd Murder Case: What Celeste Rivas Hernandez's Autopsy Revealed About Her Death,"New details have come to light in the case of Celeste Rivas Hernandez, the girl whose body was discovered inside a Tesla linked to D4vd.",newsone.com,2026-04-23,Crime,,https://newsone.com/6857099/d4vd-murder-case-celeste-rivas-hernandez-autopsy/
Trump Admin Reclassifies Medical Marijuana As A Schedule III Drug,The move to reclassify medical marijuana was started under the Biden administration. A June hearing may lead to cannabis being broadly reclassified.,newsone.com,2026-04-23,News,,https://newsone.com/6858168/medical-marijuana-reclassified-schedule-iii-drug-cannabis/
Republican Pressure Grows For Florida To Undergo Redistricting Effort,"Florida Gov. Ron DeSantis has called a special session focused on redistricting, but a new congressional map has yet to be introduced.",newsone.com,2026-04-23,Politics,,https://newsone.com/6858181/republican-pressure-grows-florida-redistricting-effort/
Georgia Law Targeting Black Women Electeds Awaits Governor's Veto,"Fixated on punishing local elected officials in democratic strongholds under the guise of election reform, Republicans ignore real issues facing the state’s elections.",newsone.com,2026-04-23,Opinion,,https://newsone.com/6858185/georgia-law-targeting-black-women-electeds-hb369/
Trump Baselessly Claimed The Virginia Election Was 'RIGGED',Trump is literally resurrecting old lies that did nothing but cause a riot at the U.S. Capitol the first time around.,newsone.com,2026-04-23,Opinion,,https://newsone.com/6858161/trump-propaganda-claims-virginia-election-rigged/
An HBCU Student Goes To Class And Then The Gun Range: Here’s Why,"For Cameron Taylor, the range is about discipline and building a skill he hopes he never has to use but no longer feels comfortable ignoring.",newsone.com,2026-04-22,Bison One Newsroom,,https://newsone.com/6855454/howard-student-goes-class-gun-range/
James Broadnax: When A Poem Becomes A Death Warrant,James Broadnax is set to be executed in a case in which rap lyrics he wrote as a teenager were used against him as evidence in a murder trial.,newsone.com,2026-04-22,Civil Rights &Amp; Social Justice,,https://newsone.com/6857005/james-broadnax-execution-poem-death-warrant/
What Happened To The 11 Dead Or Missing Scientists? Here's What We Know,"11 scientists tied to sensitive fields have died/disappeared, raising concerns of foul play amid FBI probe.",newsone.com,2026-04-22,News,,https://newsone.com/6856977/what-happened-to-dead-or-missing-scientists-what-we-know/
Why Black Communities Still Need Libraries,"Book bans threaten access to diverse narratives, underscoring libraries’ vital role in uplifting marginalized voices through collective action.",newsone.com,2026-04-22,Black News,,https://newsone.com/6857019/why-black-communities-still-need-libraries/
New York City Council Member Chi Ossé Arrested For Protesting Eviction,"Chi Ossé, the son of hip-hop journalist Combat Jack, has consistently fought against evictions stemming from deed theft, which have been rising in New York.",newsone.com,2026-04-22,Civil Rights &Amp; Social Justice,,https://newsone.com/6857053/chi-osse-arrested-protesting-eviction-deed-theft/
Southern Poverty Law Center Indicted By DOJ For Using Paid Informants,The DOJ charged SLPC with financial crimes accusing it of defrauding donors by using money to pay informants inside groups such as the KKK.,newsone.com,2026-04-22,Civil Rights &Amp; Social Justice,,https://newsone.com/6856935/southern-poverty-law-center-indicted-trump-doj/
Trump Admin’s Attack On Civil Rights Groups Is A Call To Action,Attacking civil rights groups like SPLC follows a pattern and practice of the administration’s revisionist terror and political prosecutions. We can’t afford to look away.,newsone.com,2026-04-22,Civil Rights &Amp; Social Justice,,https://newsone.com/6857061/trump-admin-attack-civil-rights-groups-splc/
Kash Patel Lawuit Against Former FBI Agent Dismissed,"Kash Patel sued former FBI agent Frank Figliuzzi, who claimed on MS NOW in May 2025 that Patel was more visible in the club than the office.",newsone.com,2026-04-22,News,,https://newsone.com/6856967/kash-patel-lawsuit-against-former-fbi-agent-dismissed/
Donald Trump Read A Verse During A Marathon Bible Reading Event,“America Reads The Bible” is a week-long event of Bible scripture reading that was arranged to coincide with the 250th anniversary of the U.S.,newsone.com,2026-04-22,Opinion,,https://newsone.com/6856890/trump-reads-bible-during-marathon-reading-event/
Virginia Voters Narrowly Pass Redistricting Referendum,"Should Virginia’s redistricting effort hold up in court, Democrats will hold the advantage in the House race during the upcoming midterm elections.",newsone.com,2026-04-22,Opinion,,https://newsone.com/6856954/virginia-voters-narrowly-pass-redistricting-referendum/
"Are Donald Trump's Statements, Social Media Posts Prolonging The Iran War?",Members of Trump’s administration fear that the president is shooting himself in the foot by constantly posting about victories that haven’t happened.,newsone.com,2026-04-21,Opinion,,https://newsone.com/6856853/trump-social-media-posts-iran-war/
"Trump, Once Again, Wants To Give Himself The Medal Of Honor",It’s almost as if the commander-in-draft-dodging-bone-spurs keeps coming up with new ways to get everyone to laugh at him.,newsone.com,2026-04-21,Opinion,,https://newsone.com/6856767/trump-wants-award-himself-medal-of-honor/
Virginia Voters Set To Decide Whether Redistricting Measure Passes,"Should voters approve the amendment, the Virginia state legislature will pass a map that adds four new House seats for Democrats.",newsone.com,2026-04-21,Politics,,https://newsone.com/6856888/virginia-redistricting-vote-tuesday-voters-decide/
Family Of Shreveport Mass Shooting Suspect Says Signs Were Present Before Incident,"Relatives of the Shreveport mass shooting suspect, Shamar Elkins, claim warning signs were evident before the tragic incident occurred.",newsone.com,2026-04-21,Crime,,https://newsone.com/6856855/family-of-shreveport-mass-shooting-suspect-says-signs-were-present/
National Library Week Is Here: 7 Ways Libraries Show Up For You,"Libraries evolve beyond books, offering free WiFi, job support, community programs, and inclusive spaces for all.",newsone.com,2026-04-21,Books,,https://newsone.com/6856820/national-library-week-ways-libraries-show-up/
American Library Association Releases List Of 2025’s Most Challenged Books,"2025 was the second-highest year on record for book challenges, with the majority filed by anti-LGBTQ activist groups.",newsone.com,2026-04-21,Books,,https://newsone.com/6856847/american-library-association-2025-challenged-books/
Kash Patel Claims DOJ Has 'Evidence' 2020 Election Was Rigged,Kash Patel seems to think that the best way for him to keep his job is to ramp up his support for Donald Trump’s delusions.,newsone.com,2026-04-21,Opinion,,https://newsone.com/6856805/kash-patel-claims-evidence-2020-election-rigged/
"The Commanders Are Coming Back To DC, But Who Is It Really For?","A planned redevelopment of RFK Stadium is centered along the Anacostia River, one of the city’s most historically Black communities, and will span 180 acres.",newsone.com,2026-04-20,Bison One Newsroom,,https://newsone.com/6856628/washington-commanders-dc-rfk-stadium-anacostia/
Policing The Poor Won’t Make Alabama Or Any Other State Healthier,"Restricting SNAP benefits in Alabama is not about health, but control. Structural inequities, not individual choices, drive poor outcomes.",newsone.com,2026-04-20,News,,https://newsone.com/6856634/alabama-snap-restrictions-policing-poor-people/
Shreveport Mass Shooting: What We Know After 8 Children Killed,"A Shreveport mass shooting claimed the lives of eight children, devastating a community already reeling from senseless violence.",newsone.com,2026-04-20,Crime,,https://newsone.com/6856643/shreveport-mass-shooting-facts/
What Does 420 Mean For Black People Shut Out Of The Cannabis Industry?,Black people represent roughly 13% of the U.S. population about only account for 1.2%-1.7% of business owneersin the cannabis industry.,newsone.com,2026-04-20,Civil Rights &Amp; Social Justice,,https://newsone.com/6856624/what-does-420-mean-for-black-people-when-we-own-so-little-of-the-cannabis-industry/
Obama And Mamdani Singing 'Wheels On The Bus' Is The Wholesome Moment We Needed Today,"Obama and NYC Mayor Mamdani sing with kids, highlighting Mamdani’s push for universal childcare in NYC.",newsone.com,2026-04-20,Nation,,https://newsone.com/6856743/obama-mamdani-singing-wheels-on-the-bus-video/
Kash Patel Files $250M Defamation Suit Against The Atlantic,"The Atlantic’s article cited anonymous sources who claimed Patel drinks excessively and is often “away or unreachable, delaying time-sensitive decisions needed to advance investigations.”",newsone.com,2026-04-20,Opinion,,https://newsone.com/6856726/kash-patel-lawsuit-atlantic-article-drunk-behavior/
420 Laws: US Cannabis Legalization Through The Decades,"From mandatory minimum sentencing to mass pardons, the road to legalized cannabis is filled with notable lows and meaningful highs.",newsone.com,2026-04-20,Lifestyle,,https://newsone.com/6856771/420-cannabis-law-legalization-united-states/
5 Stoner Comedies To Stream For 4/20,"From Cheech and Chong, Craig and Smokey, to Harold and Kumar, these are the best movies to watch to light one up and celebrate 4/20.",newsone.com,2026-04-20,Movies,,https://newsone.com/6856783/stoner-comedies-watch-celebrate-420/
The FISA Warrantless Surveillance Loophole Threatens Black Communities,Section 702 of FISA continues a pattern and practice of domestic surveillance and privacy violations that have historically harmed Black organizers and communities.,newsone.com,2026-04-17,Opinion,,https://newsone.com/6856472/warrantless-surveillance-loophole-threatens-black-communities/
Justice Department Moves To Dismiss Capitol Riot Convictions,The dismissal would erase the convictions of Proud Boys and Oath Keepers leaders who weren’t included in President Donald Trump’s blanket pardon.,newsone.com,2026-04-17,Opinion,,https://newsone.com/6856462/justice-department-moves-to-dismiss-convictions-against-capitol-riot-leaders/
Why Did It Take So Long To Arrest d4vd?,"Singer D4vd arrested for murder of 14-year-old girlfriend Celeste Rivas Hernandez, whose body was found in his car in 2025.",newsone.com,2026-04-17,Crime,,https://newsone.com/6856481/why-did-it-take-so-long-to-arrest-d4vd/
Ashlee Jenae Is Another Victim Being Blamed For Her Own Death,"Ashly Robinson, a 31-year-old influencer who went by Ashlee Jenae, died while on vacation in Zanzibar, Tanzania.",newsone.com,2026-04-17,News,,https://newsone.com/6856477/ashlee-jenae-ashly-robinson-victim-blaming/
What Is The ‘Online Rape Academy’? Everything We Know,"In recent years, several virtual chat rooms have formed that teach men how to sexually assault their wives and significant others.",newsone.com,2026-04-17,Crime,,https://newsone.com/6856527/online-rape-academy-everything-we-know/
'You Have Died Of Dysentery': What To Know About The Growing Shigella Health Concern,"A closer look at Shigella, the bacterial infection that’s becoming more prevalent and demanding attention from the medical community.",newsone.com,2026-04-17,Health,,https://newsone.com/6856513/what-is-shigella-infection/
"Take The ‘M,’ Caitlyn. You Earned It","Caitlyn Jenner is the perfect example of white privilege, MAGA buyer’s remorse, and the lie of selective solidarity.",newsone.com,2026-04-17,Civil Rights &Amp; Social Justice,,https://newsone.com/6856564/caitlyn-jenner-passport-gender-assigment-transgender/
Ben Crump Representing Charles Adair’s Family In Civil Lawsuit,"Last summer, Charles Adair died while incarcerated in a Kansas jail after a sheriff’s deputy knelt on his back for over 90 seconds.",newsone.com,2026-04-17,Civil Rights &Amp; Social Justice,,https://newsone.com/6856562/ben-crump-charles-adair-civil-lawsuit/
The Strait Of Hormuz Is Kinda Sorta Open: Let Me Explain,"While the Iranian government has declared the Strait of Hormuz is open, President Donald Trump reiterated that the U.S. blockade will remain in place.",newsone.com,2026-04-17,International,,https://newsone.com/6856557/strait-of-hormuz-open-us-blockade-in-place/
"Roland Martin Centered Justin Fairfax, Not Cerina Fairfax, The True Victim","Cerina Fairfax should be the focus in all of these discussions, not the mental health of the man who took her life while her children were home.",newsone.com,2026-04-17,Crime,,https://newsone.com/6856532/roland-martin-justin-fairfax-cerina-fairfax/
RFK Jr. Confronted Over Statement That Black Children Should Be 'Re-Parented' Because They're All On ADHD Meds,"I don’t know who needs to hear this, but a federal administration full of proud white nationalists has no business taking it upon itself to assess Black health, the needs of Black children or that of the Black community in general. Actually, I know exactly who needs to hear this: Health and Human Services Secretary […]",newsone.com,2026-04-16,Civil Rights &Amp; Social Justice,,https://newsone.com/6856399/rfk-jr-confronted-over-statement-about-black-children/
Former Virginia Lt. Gov. Justin Fairfax And Wife Dead In Apparent Murder-Suicide,"Former Virginia Lt. Gov. Justin Fairfax and his wife, Cerina Fairfax, were found dead early Thursday morning in an apparent murder-suicide.",newsone.com,2026-04-16,Nation,,https://newsone.com/6856252/justin-fairfax-wife-murder-suicide-virginia/
Elon Musk’s xAI Sued By NAACP Over Memphis Data Centers,The NAACP’s lawsuit focuses on the use of several natural gas turbines by xAI’s data centers located throughout the Memphis area.,newsone.com,2026-04-16,Civil Rights &Amp; Social Justice,,https://newsone.com/6856289/naacp-sued-xai-elon-musk-memphis-data-centers/
5 Disturbing Allegations Coming Out Of 'Alligator Alcatraz' Everyone Should Know,"Inhumane conditions, guard violence, and environmental issues plague notorious ‘Alligator Alcatraz’ immigration detention facility in Florida Everglades.",newsone.com,2026-04-16,Nation,,https://newsone.com/6856273/disturbing-allegations-coming-out-of-alligator-alcatraz/
New Jersey Special Election Could Further Thin GOP’s Narrow House Majority,"Should Democrat Analilia Mejia beat Republican Joe Hathaway, House Speaker Mike Johnson could only afford one defection in the House.",newsone.com,2026-04-16,Nation,,https://newsone.com/6856409/new-jersey-special-election-analila-mejia-joe-hathaway/
6 Facts About Artemis II Pilot Victor Glover That You May Not Know,"NASA astronaut Victor Glover’s remarkable career, from childhood dreams to historic space missions and family life.",newsone.com,2026-04-16,Entertainment,,https://newsone.com/6856379/facts-about-victor-glover-you-may-not-know/
Clarence Thomas Thinks Progressives Are Destroying America...While Conservatives Destroy America,"Right now, citizens across the U.S. and the globe are witnessing, in real time, the extreme negative effects of giving far-right conservatism virtually absolute power in the U.S. We are watching an administration full of underqualified white nationalists — who regularly play to right-wing extremists and use extremist ideology to create executive policy — turn […]",newsone.com,2026-04-16,Politics,,https://newsone.com/6856260/clarence-thomas-thinks-progressives-are-destroying-america-while-conservatives-destroy-america/
"Black Teen Sues California Cop Accused Of Slamming Her On The Ground, Causing Concussion And Other Injuries","In today’s episode of Police Be Lying Everyday, And Every Day, Police Be Lying, a high school student from San Bernardino, Calif., is suing a police officer for violently slamming her on the ground, and then lying about the circumstances under which he did it. According to NBC 4 Los Angeles, 18-year-old Erin Marie Cowser announced […]",newsone.com,2026-04-16,Crime,,https://newsone.com/6856201/black-teen-erin-cowser-sues-california-cop-accused-of-slamming-her-on-the-ground/
Spades: The Card Game No Executive Order Can Touch,"As formal Black cultural institutions face unprecedented attacks, a Brooklyn spades tournament is a reminder that some traditions were never theirs to take.",newsone.com,2026-04-15,Good News,,https://newsone.com/6856191/spades-card-game-executive-order-cant-touch/
2 White Men Charged With Attempted Murder And Hate Crimes In Illinois,"Jordan Kollman, Jesse Kollman, and Jayden Reynolds all found out the hard way that sometimes Black people just want to be left alone.",newsone.com,2026-04-15,Crime,,https://newsone.com/6856179/white-men-charged-hate-crime-attemped-murder/
Maryland’s Redistricting Effort Officially Fails,"Despite having the support of Gov. Wes Moore and the state House, the Maryland Senate never brought the redistricting effort to a vote",newsone.com,2026-04-15,Politics,,https://newsone.com/6856188/maryland-redistricting-effort-officially-fails/
Bodycam Shows St. Louis Police Lied About Fatal Shooting Of Black Teen,"Body camera footage shows a police officer shooting Emeshyon Wilkins in the back of the head as he was fleeing, contradicting police reports.",newsone.com,2026-04-15,Civil Rights &Amp; Social Justice,,https://newsone.com/6856079/st-louis-police-lied-about-fatal-shooting-emeshyon-wilkins/
"Ashly Robinson's Fiancé In Custody, Family Launches GoFundMe","Joe McCann, the fiancé of Ashly Robinson, has been taken into custody as authorities continue their investigation behind her death.",newsone.com,2026-04-15,Celebrity,,https://newsone.com/6856130/ashly-robinson-gofundme-joe-mccann-fiance-in-custody/
ICE Agents Who Detained Elderly US Citizen In Freezing Cold May Be Charged,Law enforcement officials in Minnesota announced that they were considering whether the federal agents involved in ChongLy Scott Thao’s detention should face criminal charges.,newsone.com,2026-04-15,Civil Rights &Amp; Social Justice,,https://newsone.com/6856117/ice-agents-minnesota-chongly-thao-criminal-charges/
House Democrats Push Bill To Assess Invoking 25th Amendment Against Trump,"What a lot of people don’t seem to understand about the 25th Amendment is that, for the most part, it would be up to Trump’s Cabinet and the Vice President to invoke it.",newsone.com,2026-04-15,Opinion,,https://newsone.com/6856159/house-democrats-bill-assess-25th-amendment-trump/
New Movement For Black Lives Project Aims To Build Governing Power,We don’t have to look overseas to find examples of how communities are blocking the far-right and building power to address issues impacting us at all levels of government.,newsone.com,2026-04-15,Civil Rights &Amp; Social Justice,,https://newsone.com/6856182/movement-for-black-lives-people-assembly-project/
Trump's 'DoorDash Grandma' PR Stunt Is A Grift. Here's Why,We are all not so easily manipulated that we see Trump’s “DoorDash Grandma” grift as anything more than a poorly conceived political stunt.,newsone.com,2026-04-14,Opinion,,https://newsone.com/6856057/trump-doordash-grandma-political-stunt-grift/
Greg Abbott Threatens Houston Police Funding Due To ICE Ordinance,The ordinance passed by the Houston City Council will no longer require police officers to hold suspects for ICE administrative warrants.,newsone.com,2026-04-14,Opinion,,https://newsone.com/6856039/greg-abbott-threatens-police-funding-over-ice/
"Black Camp Offers Survival, Restoration, Community Amid 2026 Chaos","Led by veteran political strategist Jessica Byrd, Black Camp creates a third space for a connected web of organizers and concerned communities facing unprecedented threats.",newsone.com,2026-04-14,Politics,,https://newsone.com/6856036/black-camp-offers-survival-restoration-community/
Trump's DOJ Accuses DOJ Prosecutors Under Biden Of 'Weaponizing' FACE Act,The DOJ appears to be deciding that conservatives are being unjustly targeted simply because they caught more charges under the FACE Act.,newsone.com,2026-04-14,Opinion,,https://newsone.com/6855982/biden-doj-accused-weaponized-face-act/
Reps Eric Swalwell And Tony Gonzales Resign From Congress,"Rep. Eric Swalwell is facing several accusations of sexual assault, while Rep. Tony Gonzales admitted to having an affair with a staffer.",newsone.com,2026-04-14,Politics,,https://newsone.com/6856024/eric-swalwell-tony-gonazales-resign-congress/
Missouri Town Votes Out Every City Council Member Who Approved Data Center,"Throughout the United States, more and more people are taking action to prevent AI data centers from being built in their neighborhoods.",newsone.com,2026-04-14,Opinion,,https://newsone.com/6855989/missouri-council-members-data-center-voted-out/
Trump Claims His Jesus Post Actually Depicted Him As A Doctor,"Trump said he thought he was pictured as a doctor for the Red Cross, and he blamed the “fake news” media for people being “confused” about that.",newsone.com,2026-04-14,Opinion,,https://newsone.com/6855924/trump-jesus-post-depicted-doctor/
Rep. Eric Swalwell Suspends Governor Campaign Amid Sexual Assault Allegations,Rep. Eric Swalwell was gaining momentum in California’s gubernatorial race before several women accused him of sexual assault this weekend,newsone.com,2026-04-13,Nation,,https://newsone.com/6855847/eric-swalwell-suspends-governor-campaign-sexual-assault-allegations/
Inflation Hit Highest 1 Month Spike In 4 Years Due To Iran War,"The ongoing conflict in Iran led to gas prices posting their largest single-month increase in five decades, affecting prices across the board.",newsone.com,2026-04-13,News,,https://newsone.com/6855816/inflation-hit-highest-1-month-spike-in-4-years-due-to-iran-war/
"Trump Posts Image Of Himself Depicted As Jesus, MAGA Rejoices",Donald Trump posted this image as he and his administration have spent the last few days beefing with the Vatican and Pope Leo XIV.,newsone.com,2026-04-13,Opinion,,https://newsone.com/6855796/trump-posts-himself-jesus-christ-maga-rejoices/
What Happened To Ashlee Jenae? Family Of Influencer Seeks Answers After Mysterious Death,"Lifestyle influencer Ashlee Jenae, aka Ashly Robinson, mysteriously died in Zanzibar, with her family seeking answers amid an active investigation.",newsone.com,2026-04-13,Celebrity,,https://newsone.com/6855852/what-happened-to-ashlee-jenae/
Trump's Lawsuit Against WSJ Over Report On Epstein Dismissed,"Another day, another federal judge explains to President Donald Trump that the free press is protected by the U.S. Constitution, and he doesn’t get to ignore that part of the First Amendment just because the news makes him look and feel bad. In July of last year, the Wall Street Journal published an article under the […]",newsone.com,2026-04-13,Politics,,https://newsone.com/6855892/trump-lawsuit-dismissed-against-wsj-over-report-jeffrey-epstein-birthday-card/
Trump Double Blocks The Strait Of Hormuz After JD Vance Fails To Reach Deal With Iran,"Last week, we reported that after failing to reach a lasting ceasefire in his war with Iran, President Donald Trump decided to send Vice President JD Vance to lead the U.S. delegation in its peace talks with the Iranian government. As if that were a duty for the vice president, and as if Vance had […]",newsone.com,2026-04-13,Politics,,https://newsone.com/6855842/trump-double-blocks-strait-of-hormuz-after-j-d-vance-fails-to-reach-deal-with-iran/
25 Essential Black Poets Everyone Should Know,"Black poets have powerfully shaped literature, using poetry to document history, celebrate culture, and challenge injustice.",newsone.com,2026-04-13,Books,,https://newsone.com/6855899/black-poets-everyone-should-know/
Megyn Kelly Is Big Mad At Trump Over His Threats To Iran,"Booooy, I haven’t seen Megyn Kelly go off like that since Bad Bunny sang songs in Spanish during the Super Bowl.",newsone.com,2026-04-10,Opinion,,https://newsone.com/6855574/megan-kelly-donald-trump-iran-threats/
'Mad King' Donald Trump Posts Snuff Film On Truth Social,Rolbert Joachim is accused of committing the grizzly crime shown in the video of a woman being brutally bludgeoned to death with a hammer.,newsone.com,2026-04-10,Opinion,,https://newsone.com/6855657/donald-trump-posts-snuff-film-truth-social/
Appeals Court Weighing Length Of Sean ‘Diddy’ Combs Sentence,"Last July, Sean “Diddy” Combs was sentenced to four years and two months in prison after being found guilty on two charges related to prostitution.",newsone.com,2026-04-10,Pop Culture,,https://newsone.com/6855700/sean-combs-appeal-court-weighs-length-sentence/
Louisiana GOP Wants To Pass Bill Preventing Calvin Duncan From Taking Office,"Calvin Duncan’s fight to be exonerated for a crime he didn’t commit has repeatedly put him at odds with Gov. Jeff Landry, who supports the bill.",newsone.com,2026-04-10,Opinion,,https://newsone.com/6855682/louisiana-gop-blocking-calvin-duncan-taking-office/
What Has Zohran Mamdani Done So Far In His 1st 100 Days In Office?,"On Jan. 1, 2026, Zohran Mamdani became NYC’s 111th mayor, pledging affordability and leadership. Here’s what he’s done so far to deliver.",newsone.com,2026-04-10,Nation,,https://newsone.com/6850400/what-has-zohran-mamdani-done-so-far-in-office/
Why Did Melania Trump Deny Epstein Allegations No One Knew About?,Does the First Lady not know that there are folks out there who think her husband started a war in Iran to distract from the Epstein files?,newsone.com,2026-04-10,Opinion,,https://newsone.com/6855699/why-did-melania-trump-deny-epstein-allegations/
Florida Attorney General Investigating OpenAI After FSU Shooting,"While investigating the alleged FSU shooter, prosecutors found over 200 messages revealing he used ChatGPT extensively to plan the shooting.",newsone.com,2026-04-10,Technology,,https://newsone.com/6855737/openai-investigation-florida-attorney-general-fsu-shooting/
"JD Vance To Negotiate With Iran, After Shortest Ceasefire Ever Falls Apart","White House Press Secretary Karoline Leavitt said Wednesday that this weekend, Vance will head the U.S. negotiating team for the peace talks with Iran.",newsone.com,2026-04-09,News,,https://newsone.com/6855549/jd-vance-negotiate-iran-after-ceasefire/
What Does Automatic Military Draft Registration Mean For Young Black Men?,"U.S. to implement automatic draft registration in 2026, raising concerns over disproportionate impact on Black men.",newsone.com,2026-04-09,Nation,,https://newsone.com/6855581/automatic-military-draft-registration-young-black-men/
Strait Of Hormuz Still At Standstill Despite Ceasefire,The tenuous nature of the ceasefire between the United States and Iran has made shipping companies wary of going through the Strait of Hormuz.,newsone.com,2026-04-09,Politics,,https://newsone.com/6855578/strait-of-hormuz-ceasefire-oil-standstill/
Black Lives On The Line: The Disproportionate Toll Of HIV Care Cuts,"According to the latest CDC data, Black Americans account for 40% of people living with HIV despite being only 13% of the population.",newsone.com,2026-04-09,Health,,https://newsone.com/6855562/black-people-hiv-care-cuts-disproportionate/
SCOTUS Conversion Therapy Ruling Rebrands Harm As 'Help',Conversion therapy did not come out of nowhere. It belongs to a much older American tradition of pathologizing difference and then building institutions to manage it.,newsone.com,2026-04-09,Civil Rights &Amp; Social Justice,,https://newsone.com/6855554/scotus-conversion-therapy-ruling-harmful/
Alcorn State University 1st HBCU To Fully Integrate AI,Alcorn State University is one of several Mississippi universities that have joined a statewide initiative to provide AI training for students.,newsone.com,2026-04-09,Opinion,,https://newsone.com/6855551/alcorn-state-university-hbcu-fully-integrate-ai/
Black Nonprofits Didn’t See Lasting Funding After 2020 Racial Reckoning,"Despite commitments by several organizations to support Black-led nonprofits, the gains were short-lived and are now widely seen as transactional.",newsone.com,2026-04-09,News,,https://newsone.com/6855527/black-nonprofits-didnt-see-lasting-funding-after-2020/
"Pentagon Official Threatens Vatican, Pope Leo XIV Over Iran War Criticism","The threat came after Pope Leo XIV delivered his State of the World speech, in which he urged world leaders to lay down their weapons and choose peace.",newsone.com,2026-04-09,Opinion,,https://newsone.com/6855509/pentagon-official-threatens-vatican-pope-leo-xiv/
Todd Blanche: Weaponizing DOJ Against Political Rivals Is Trump's Right,Acting Attorney General Todd Blanche is defending the MAGA-fied Department of Justice’s efforts to prosecute Trump’s enemies and political rivals just because the president wants it done.,newsone.com,2026-04-09,Opinion,,https://newsone.com/6855480/trump-weaponizing-doj-against-rivals-his-right/
"Yes, Trump Is An Unhinged Madman, But The 25th Amendment Won't Save Us",The entire Trump regime needs to be removed and replaced with new leadership willing to take action on behalf of we the people and not just their own entitlement.,newsone.com,2026-04-08,Opinion,,https://newsone.com/6855392/trump-unhinged-25th-amendment-wont-save-us/
Pete Hegseth Weirdly Compares Pilot Rescue To Resurrection Of Jesus Christ,Pete Hegseth has also been hosting a monthly Christian worship service at the Pentagon since the Iran war began.,newsone.com,2026-04-08,Opinion,,https://newsone.com/6855389/pete-hegseth-compares-pilot-rescue-resurrection-esus-christ/
Judge Blocks Trump Administration Request For College Admissions Data,"Last August, the Education Department ordered schools to submit student admissions data by March, or they would risk losing federal funding.",newsone.com,2026-04-08,Education,,https://newsone.com/6855448/judge-blocks-trump-admin-request-college-admission-data/
"Trump Announces Ceasefire With Iran, Fends Off Allegations That The US Caved","Trump, his Cabinet, and MAGA-friendly media outlets are working overtime to spin the narrative that it was actually Iran that caved, ignoring all evidence to the contrary",newsone.com,2026-04-08,Opinion,,https://newsone.com/6855428/trump-announces-ceasefire-with-iran-denies-he-caved/
Clay Fuller Narrowly Wins Runoff To Replace Marjorie Taylor Greene,"While Democrat Shawn Harris lost, his showing, along with several wins in Wisconsin, shows growing momentum for Democrats ahead of the midterms.",newsone.com,2026-04-08,Politics,,https://newsone.com/6855466/clay-fuller-wins-runoff-replace-marjorie-taylor-greene/
Democrats And Republicans Are The Same People In Different Fonts,Nothing screams “power” like the bipartisan love affair with pro-Israel money—specifically the kind flowing through networks tied to American Israel Public Affairs Committee.,newsone.com,2026-04-08,Opinion,,https://newsone.com/6855469/democrats-republicans-aipac-money-us-government/
Black Colorado Farmers In Ongoing Battle With Racist Neighbors,"Courtney “CW” Mallery and his wife Nicole own Freedom Acres Ranch, a 1,000 acre spread in a predominantly white community.",newsone.com,2026-04-08,Civil Rights &Amp; Social Justice,,https://newsone.com/6855462/freedom-acres-ranch-colorado-black-farmers-racism/
Florida Law Allows Student Groups To Be Labeled Terrorists,"The law, signed by Ron DeSantis on Monday, has already come under scrutiny by free speech advocacy groups, who believe it will have a chilling effect on education in Florida.",newsone.com,2026-04-07,Opinion,,https://newsone.com/6855398/ron-desantis-florida-law-student-groups-labeled-terrorists/
"Trump Wants To Privatize TSA, And So Did Project 2025. Coincidence?","White House budget documents indicate that the Trump administration wants to cut more than $1.5 billion from TSA funding and cut 9,400 jobs from the agency.",newsone.com,2026-04-07,Opinion,,https://newsone.com/6855352/trump-suggests-privatize-tsa-project-2025/
Bayou Barbie Got Her Dream House: Now We Pray No Black Woman Catches A Fever,"An angel’s dream has been fulfilled now that Angel Reese, the former Chicago Sky star, is headed to the Atlanta Dream.",newsone.com,2026-04-07,Opinion,,https://newsone.com/6855382/angel-reese-joins-atlanta-dream-wnba/
How Universities Are Quietly Killing Black Student Life Without Saying DEI,Starving student life organizations accomplishes something larger than cutting a budget line. It weakens the ecosystems that help marginalized students survive on predominantly white campuses.,newsone.com,2026-04-07,Education,,https://newsone.com/6855369/universities-quietly-killing-black-student-life/
Mizzou Pulls Funding From Black Student Organizations,The University of Missouri defended its decision to withhold funding from the Legion of Black Collegians as necessary to comply with federal regulations.,newsone.com,2026-04-07,Education,,https://newsone.com/6855335/mizzou-pulls-funding-from-black-student-organizations/
Trump Threatens Iran With Genocide In Latest Off-Script Rant,"In today’s episode of “The Sitting U.S. President Is Completely Unhinged,” Donald Trump went off-script at a Monday White House press briefing.",newsone.com,2026-04-07,Opinion,,https://newsone.com/6855308/trump-threatens-iran-genocide-latest-rant/
I Haven’t Been Home In 2 Years: What My Family’s House Fire Revealed About Who Gets to Rebuild In ‘America’,"What we had left was each other, and what we inherited in its place was a process that has been slow, expensive, and uncertain.",newsone.com,2026-04-07,Bison One Newsroom,,https://newsone.com/6855302/family-house-fire-revealed-who-gets-rebuild-america/
Freedom Table With Rashad Robinson: Pushing Back Against Voter Suppression,"On this episode, Rashad Robinson sits down with voting rights leader Stacey Abrams to break down the growing threats to democracy, including voter suppression laws and restrictive ID requirements.",newsone.com,2026-04-07,Freedom Table,,https://newsone.com/6855307/freedom-table-pushing-back-against-voter-suppression/
Jake Paul Wants To Do A Blackface Skit In Response To Druski,"In an appearance on Theo Von’s podcast, Jake Paul said he found Druski’s skit hilarious, and he wants to do one of his own in blackface.",newsone.com,2026-04-07,Civil Rights &Amp; Social Justice,,https://newsone.com/6855229/jake-paul-blackface-skit-response-druski/
Who's Afraid Of The 25th Amendment? Trump Should Be.,"As Donald Trump evokes “The Mad King” in his tirade against Iran, many are calling for a Lannister in the form of the 25th Amendment.",newsone.com,2026-04-07,Nation,,https://newsone.com/6855219/25th-amendment-donald-trump-iran/
Video Shows ICE Agents Lied About Shooting Of Venezuelan Man In Minneapolis,"DHS claimed Julio Cesar Sosa-Celis and his roommate “violently” assaulted a federal officer, but neighborhood video footage shows otherwise.",newsone.com,2026-04-06,Civil Rights &Amp; Social Justice,,https://newsone.com/6855193/ice-agents-lied-shooting-minneapolis-video/
5 Things Giving Me Anxiety As A Younger Millennial,"From a nonsensical job market, a cost-of-living crisis that just keeps worsening, and the rise of AI, there’s plenty to be anxious about.",newsone.com,2026-04-06,Lifestyle,,https://newsone.com/6855101/younger-millennial-things-giving-me-anxiety/
View From Space: Artemis II Photos Show Earth Like You’ve Never Seen It Before,"Artemis II’s historic Moon mission delivers stunning Earth photos, proving NASA’s return to deep space exploration.",newsone.com,2026-04-06,Entertainment,,https://newsone.com/6855214/artemis-ii-earth-photos/
It Took 2 White Women Getting Fired For Media To Notice Trump’s Misogyny,"In the wake of Pam Bondi and Kristi Noem being fired, headlines declare loudly, confidently, and with the urgency of a fresh discovery, that Trump’s administration is misogynistic.",newsone.com,2026-04-06,News,,https://newsone.com/6855198/trump-misogyny-white-women-fired-black-women/
"Keke Palmer Handled It Gracefully, But Why Did She Have To?","What may have looked like a viral, awkward moment online quickly revealed something deeper: a clear breakdown in security and boundaries.",newsone.com,2026-04-06,Bison One Newsroom,,https://newsone.com/6855185/keke-palmer-handled-gracefully-why-did-she-have-to/
This Week’s Le[e]gal Brief: Protecting Your Personal Data,"With data breaches and scams becoming increasingly common, attorney Lee Merrit explains how you can protect your personal data.",newsone.com,2026-04-06,Le[E]Gal Brief With Lee Merritt,,https://newsone.com/6855182/leegal-brief-protecting-your-personal-data/
"Trump Truth Social Post Praises Allah, Threatens Iran With 'Hell'","On Easter Sunday, while most people who call themselves Christians were posting their praises to their Lord and Savior, Trump was online cursing at the Iranian government.",newsone.com,2026-04-06,News,,https://newsone.com/6855160/trump-truth-social-post-iran-threat-allah/
"On Dawn Staley, Black Women, And Disrespect In The Workplace","For many Black women, Geno Auriemma’s behavior Friday night reflects a familiar dynamic many of us have encountered in the workplace.",newsone.com,2026-04-05,Opinion,,https://newsone.com/6855129/dawn-staley-geno-auriemma-disrespect-black-women/
Pete Hegseth Is Getting Ripped On Social Media By A Trump Official,Deputy Executive Director of the Taskforce on National and Homeland Security David Pyne doesn’t appear to be very fond of Defense Secretary Pete Hegseth or Trump’s reckless war of choice,newsone.com,2026-04-04,Opinion,,https://newsone.com/6855062/pete-hegseth-gets-ripped-social-media-trump-official/
Trump Posts About Davy And Jasmine Crockett. Is He OK?,"Amid the global calamity that he helped the Israeli government stir up in the Middle East, America’s favorite racist grandpa is making random observations about Texas Democrat Rep. Jasmine Crockett.",newsone.com,2026-04-03,Opinion,,https://newsone.com/6855047/trump-posts-about-davy-crockett-jasmine-crockett/
US Military Searching For Pilot After Fighter Jet Shot Down Over Iran,The incident marks the first U.S. aircraft to be shot down during the Iran war. One pilot of the downed plane has already been recovered.,newsone.com,2026-04-03,News,,https://newsone.com/6855057/fighter-jet-shot-down-us-military-iran-pilot-missing/
7 Easter Sunday Traditions Black Families Have Passed Down For Generations,"Black families celebrate Easter with vibrant traditions reflecting faith, family, and cultural heritage passed down over generations.",newsone.com,2026-04-03,Black News,,https://newsone.com/6853926/easter-sunday-traditions-black-families-passed-down/
Rev. Al Sharpton On Why The Church Remains A Pillar In The Black Community,"Rev. Al Sharpton sat down with NewsOne to reflect on Easter, faith, and the pivotal role the Black church has played throughout Black History.",newsone.com,2026-04-03,Civil Rights &Amp; Social Justice,,https://newsone.com/6854988/rev-al-sharpton-church-remains-pillar-black-community/
Black Professor Sews Quilt Honoring Civil Rights Activist Fannie Lou Hamer,"J. Janice Coleman, an English professor at Alcorn State University, has sewn several quilts honoring Black women, including one of Toni Morrison.",newsone.com,2026-04-03,Black Women’S History Month,,https://newsone.com/6855006/black-professor-sews-quilt-honoring-civil-rights-activist-fannie-lou-hamer/
"Gen Z Slang Deeply Rooted In Black Culture, Linguistic Experts Say","Gen Z slang has deep roots in Black culture, but its origins are often erased, raising concerns about cultural appropriation.",newsone.com,2026-04-03,Civil Rights &Amp; Social Justice,,https://newsone.com/6854992/gen-z-slang-deeply-rooted-in-black-culture-linguistic-experts-say/
Gov. Ron DeSantis Signs Florida's Version Of SAVE Act Into Law,"Under the Florida law, if a person can’t provide proof of citizenship after registering to vote, they will be purged from the voter rolls.",newsone.com,2026-04-03,Opinion,,https://newsone.com/6855024/ron-desantis-signs-florida-version-save-act-into-law/
Pete Hegseth Fired US Army Chief Of Staff So He Can Be Racist In Peace,Reports say Gen. Randy George was just forced into retirement because he objected to Hegseth’s interference in recent military promotions.,newsone.com,2026-04-03,Civil Rights &Amp; Social Justice,,https://newsone.com/6854986/pete-hegseth-racist-fires-army-chief-of-staff-randy-george/
Senate Democrats Estimate Iran War Cost Americans $8.4B In Gas Prices,"Thursday saw the largest one-day spike in oil prices, with the average price of gas reaching $4 across America for the first time since 2022.",newsone.com,2026-04-03,Business &Amp; Economy,,https://newsone.com/6855050/gas-prices-8-billion-iran-war-cost/
NFL Says It Wants HBCU Talent But Overlooks These Players,"While Power Five athletes move through a well-established pipeline, many HBCU players are forced to take a different route.",newsone.com,2026-04-02,Bison One Newsroom,,https://newsone.com/6854927/nfl-overlooks-hbcu-talent-football-players/
From Chicago To Milan: Why Drill Music Hits Different In Italy,"At first listen, Italian drill might sound familiar with its heavy bass, sharp hi-hats, and lyrics grounded in real-life experiences.",newsone.com,2026-04-02,Bison One Newsroom,,https://newsone.com/6854939/from-chicago-milan-drill-music-hits-different-italy/
Trump Fires Attorney General Pam Bondi As MAGA Turmoil Continues,"Not long before it was made official, mainstream news outlets reported statements from administration officials, saying Trump was growing increasingly frustrated with Bondi.",newsone.com,2026-04-02,Opinion,,https://newsone.com/6854875/pam-bondi-fired-donald-trump-attorney-general/
House Republicans Apparently Indecisive On Ending DHS Shutdown,Republicans in the House and Senate have tentatively reached an agreement on a bill that would fund DHS through the end of September.,newsone.com,2026-04-02,Opinion,,https://newsone.com/6854891/house-republicans-indecisive-ending-dhs-shutdown/
Everything We Know About Coral Springs Vice Mayor Nancy Metayer Bowen's Tragic Death,"Coral Springs Vice Mayor Nancy Metayer Bowen tragically passed away, leaving the community in mourning and searching for answers.",newsone.com,2026-04-02,Nation,,https://newsone.com/6854837/nancy-metayer-bowen-tragic-death-explained/
"Trump Iran 'Update' Was All Lies, Self-Gratification With No Substance",Trump spent his entire speech repeating all of the same barely coherent thoughts he had been posting on social media all week.,newsone.com,2026-04-02,News,,https://newsone.com/6854825/trumps-iran-update-predictably-all-lies-self-gratification-no-substance/
Penn Ordered To Comply With Trump Admin's Demand For 'List Of Jews',"The EEOC has subpoenaed a list of all Jewish employees, Jewish individuals and Jewish-linked school groups and organizations as part of an antisemitism investigation.",newsone.com,2026-04-02,Civil Rights &Amp; Social Justice,,https://newsone.com/6854772/penn-ordered-provide-trump-administration-list-jews/
Understanding Ketanji Brown Jackson's Dissent In Conversion Therapy Case,Exploring Ketanji Brown Jackson’s Dissent: Insights into Supreme Court’s Landmark Ruling against Colorado’s law banning conversion therapy for minors.,newsone.com,2026-04-02,Civil Rights &Amp; Social Justice,,https://newsone.com/6854909/ketanji-brown-jackson-dissent-conversion-therapy/
Iranian President's Letter To US Asks 'Is Trump Putting America 1st?',"“Exactly which of the American people’s interests are truly being served by this war?,” Masoud Pezeshkian asked in the letter.",newsone.com,2026-04-02,Opinion,,https://newsone.com/6854903/iranian-president-pens-letter-to-us-questioning-if-trump-is-putting-america-1st/
EEOC: Coca-Cola Women's Retreat Discriminated Against Male Employees,"The EEOC sued Coca-Cola Beverages Northeast last month, saying a company women’s event unlawfully discriminated against male employees.",newsone.com,2026-04-02,Civil Rights &Amp; Social Justice,,https://newsone.com/6854796/coca-cola-women-retreat-unfair-male-employees/
Ron DeSantis Signs Bill To Rename Major Florida Airport After Trump,"On Monday, DeSantis signed a bill to rename Palm Beach International Airport as Donald J. Trump International Airport.",newsone.com,2026-04-01,Opinion,,https://newsone.com/6854638/ron-desantis-signs-bill-to-rename-florida-airport-after-trump/
Trump To Provide 'Important Update' On Iran In New Address,"In a Truth Social post, Donald Trump claimed Iran’s “new regime president” asked the United States for a ceasefire.",newsone.com,2026-04-01,Opinion,,https://newsone.com/6854692/trump-to-provide-important-update-on-iran-war/
Trump's Election Order Is A Sign Of Open Rebellion Against The Country,"We need to clearly map the landscape we are currently operating within and name the harm, because Trump is not alone.",newsone.com,2026-04-01,Opinion,,https://newsone.com/6854768/trump-election-order-open-rebellion-against-country/
Kristi Noem's Husband Goes Viral For Crossdressing In Fetish Forums,"The Daily Mail published online messages and photos that show Noem’s husband, Bryon Noem, participating in numerous online fetish forums",newsone.com,2026-04-01,News,,https://newsone.com/6854733/kristi-noems-husband-bryon-noem-crossdressing-fetish-forums/
Judge Strikes Down Executive Order Banning Funding For NPR And PBS,The Corporation for Public Broadcasting shuttered earlier this year as a result of the executive order denying federal funding for NPR and PBS.,newsone.com,2026-04-01,News,,https://newsone.com/6854785/judge-strikes-down-executive-order-banning-npr-pbs-funds/
Rebecca Pearce Becomes Youngest Person To Run For Bowie Mayor,"At just 22 years old, Rebecca Pearce is embarking on a historic campaign to become the mayor of Bowie, defying expectations.",newsone.com,2026-04-01,Nation,,https://newsone.com/6854755/rebecca-pearce-bowie-maryland-mayor/
California Gov. Gavin Newsom Signs Executive Order Regulating AI,The executive order comes after President Donald Trump’s pressure on Congress to implement policies that punish states for regulating AI.,newsone.com,2026-04-01,News,,https://newsone.com/6854734/gavin-newsom-signs-executive-order-regulating-ai/
Donald Trump Attends Supreme Court Hearing On Birthright Citizenship,Donald Trump’s executive order seeks to limit birthright citizenship in an effort to further his white nationalist agenda.,newsone.com,2026-04-01,Civil Rights &Amp; Social Justice,,https://newsone.com/6854665/donald-trump-attends-supreme-court-birthright-citizenship-hearing/
ATF Couldn't Match Bullet That Killed Charlie Kirk To Rifle At Scene,"The defense says the inability to match the bullet raises questions about other case evidence, and they have asked for more time to review it all.",newsone.com,2026-03-31,Crime,,https://newsone.com/6854605/charlie-kirk-bullet-doesnt-match-rifle-tyler-robinson/
‘God Squad’ Removes Endangered Species Protections In Gulf Of Mexico,Environmental groups are concerned that the vote by the ‘God Squad’ will lead to the extinction of the rice whales living in the Gulf of Mexico.,newsone.com,2026-03-31,News,,https://newsone.com/6854613/god-squad-removes-endangered-species-protections-in-gulf-of-mexico/
"Black Women Built Their Own Lanes, Now Those Lanes Are Under Attack","Black women entrepreneurs face steep challenges, but their resilience shines as they navigate legal battles to protect their businesses",newsone.com,2026-03-31,Business &Amp; Economy,,https://newsone.com/6854578/black-women-entrepreneurship-under-attack/
Jan. 6 Rioter Sentenced Over 100K Child Sex Abuse Images,Pardoned Jan. 6 rioter Daniel Tocci was sentenced to four years in prison after he pleaded guilty to possession of child pornography.,newsone.com,2026-03-31,Crime,,https://newsone.com/6854565/jan-6-rioter-sentenced-child-sex-abuse-images/
"No, That Conservative White Lady Who Hates Trans People Is Not Druski",A video showing Rep. Kat Cammack (R-FL) dancing on stage at CPAC USA 2026 had many thinking they missed a part of Druski’s skit.,newsone.com,2026-03-30,News,,https://newsone.com/6854487/kat-cammack-dance-video-mistaken-for-druski/
Tom Homan: ICE May Remain At Airports Amid Funding Agreements For TSA,Border Czar Tom Homan’s anouncement does nothing to ease concerns of government overreach by the Trump administration.,newsone.com,2026-03-30,News,,https://newsone.com/6854474/ice-may-remain-airports-amid-funding-agreements-tsa/
TSA Agents Told To Return Gift Cards Donated By Tyler Perry,"While employees at the Atlanta International Airport had to return Tyler Perry’s gift cards, they are set to receive back pay this week.",newsone.com,2026-03-30,News,,https://newsone.com/6854526/tsa-agents-told-return-gift-cards-from-tyler-perry/
Why The Supreme Court's Birthright Citizenship Case Is Bigger Than Immigration,"Supreme Court to hear case on birthright citizenship, Trump admin wants to limit it to citizens/residents, raising concerns over consequences.",newsone.com,2026-03-30,Nation,,https://newsone.com/6854488/supreme-courts-birthright-citizenship-case-explained/
Le[e]gal Brief: The Disturbing Rise Of ‘Comply Or Die’ Policing,A viral video showing Taneisha Thompson being violently yanked from her car by a Texas police officer has renewed excessive force concerns.,newsone.com,2026-03-30,Civil Rights &Amp; Social Justice,,https://newsone.com/6854459/legal-brief-disturbing-rise-comply-or-die-policing-lee-merritt/
"Trump Keeps Contradicting Himself On Iran War, Threatens Kharg Island Attack","Trump is claiming Iran caved on most of his demands, yet he’s still threatening to take control of Iranian territory, among other hostilities.",newsone.com,2026-03-30,News,,https://newsone.com/6854411/iran-war-trump-conradicts-himself-threatens-kharg-island/
Protesters In DC Sound Off During Nationwide No Kings Demonstration,"Bison ONE Newsroom’s Madison Maynard attended the No Kings Protest in Washington, D.C. on Saturday and spoke with participants about why they showed up.",newsone.com,2026-03-30,Bison One Newsroom,,https://newsone.com/6854429/protesters-washington-dc-no-kings-protest/
From Exam Room To Crime Scene: When The State Forces Birth But Abandons Life,Alexia Moore’s case offers a profound and hollow contradiction about a country that claims to value life but abandons it after birth.,newsone.com,2026-03-30,News,,https://newsone.com/6854417/alexia-moore-when-state-forces-birth-abandons-life/
Optometry Careers Attract More Black Professionals Than Ever,Black representation in optometry is growing. Learn why more professionals are pursuing careers in optometry and opening their own practices.,newsone.com,2026-03-30,Work,,https://newsone.com/6854330/optometry-careers-attract-more-black-professionals/
Freedom Table: Prosecutors Speak Out On Power And Accountability,"In a conversation with former prosecutors Kim Foxx and Aramis Ayala, Rashad Robinson discusses how prosecutors and elected officials can push back when federal power goes unchecked.",newsone.com,2026-03-30,Civil Rights &Amp; Social Justice,,https://newsone.com/6854412/freedom-table-prosecutors-speak-out-power-accountability/
Trump's Signature Will Appear On US Paper Currency. But Why?,"The US Treasury Department announced Thursday that, going forward, all U.S. paper currency will bear the president’s signature for the first time in the nation’s history.",newsone.com,2026-03-28,News,,https://newsone.com/6854286/donald-trump-signature-us-paper-currency/
Pete Hegseth Removes 2 Black Officers From Promotion List,"Defense Secretary Pete Hegseth has spent much of his tenure promoting a “warrior culture,” which I guess means denying Black soldiers promotions.",newsone.com,2026-03-28,News,,https://newsone.com/6854379/pete-hegseth-removes-black-officers-from-promotion-list/
Economists Warn Iran War Increases Risk Of Recession In Next 12 Months,"The Iran War has dramatically increased the cost of food and fuel in an already weak job market, adding to concerns of a potential recession.",newsone.com,2026-03-28,Business &Amp; Economy,,https://newsone.com/6854376/economists-warn-iran-war-increases-recession-risk/
Aliyah Henderson Pleads Not Guilty To Murdering Her 2 Daugthers,"A funeral was held in Cleveland on Wednesday for Aliyah Henderson’s daughters, Amor and Mila. Their exact cause of death has yet to be determined.",newsone.com,2026-03-27,Crime,,https://newsone.com/6854281/aliyah-henderson-pleads-not-guilty-murdering-daughters/
The United States Is Crumbling. Bring the ‘DEIs’ Back,The downfall of the United States has a direct correlation with the Trump administration’s efforts to oppress Black people.,newsone.com,2026-03-27,National,,https://newsone.com/6854276/united-states-crumbling-bring-back-dei/
History Tells Us Las Vegas 'Spades' Is A Bad Idea For An NBA Team Name,The mere suggestion is why Black folks have been raging against the destruction of Black History at the hands of the Grand Wizard-in-chief.,newsone.com,2026-03-27,Opinion,,https://newsone.com/6854270/las-vegas-spades-bad-idea-nba-team-name/
Breonna Taylor’s Mother Speaks Out After Charges Against Officers Dropped,"Breonna Taylor was fatally shot by Louisville Metro Police officers in 2020, and the officers involved in the shooting were never charged in her death.",newsone.com,2026-03-27,Civil Rights &Amp; Social Justice,,https://newsone.com/6854259/breonna-taylor-mother-speaks-out-officer-charges-dropped/
"Trump Calls Minnesota 'Very Somalia-Oriented,' Somalis 'Low-IQ'","Donald Trump flew off into yet another tirade, spewing rage and hate speech at the entire nation of Somalia and its people on Thursday.",newsone.com,2026-03-27,News,,https://newsone.com/6854213/trump-disparages-minnesota-somali-community-bigoted-rant/
"Senate Votes To Partially Fund DHS, Unclear If Bill Will Pass In House","Even if the DHS shutdown ends on Friday, it could take weeks, if not months, for TSA checkpoints to reach normal staffing levels.",newsone.com,2026-03-27,Opinion,,https://newsone.com/6854283/senate-votes-to-partially-fund-dhs-unclear-if-house-will-vote-to-end-shutdown/
Of Course They Found A Klan Hood Inside A Mississippi Police Office,"The discovery is being dressed up as an accident, softened into an artifact, and framed as a harmless “window into history” as if this were something distant, contained, and safely behind us.",newsone.com,2026-03-27,News,,https://newsone.com/6854315/of-course-they-found-klan-hood-mississippi-police-office/
Delusional White Conservatives Are Predictably Big Mad At Druski,"These perpetually offended whites are invoking anti-Black hypotheticals that already exist in abundance right now, in the modern day.",newsone.com,2026-03-27,Opinion,,https://newsone.com/6854258/delusional-white-conservatives-predictably-big-mad-druski/
Kash Patel Personal Emails Exposed By Hackers Linked To Iran,Kash Patel’s emails and photographs began circulating online Friday and were posted to a website that included the name “Handala Team.”,newsone.com,2026-03-27,News,,https://newsone.com/6854345/kash-patel-hacked-emails-exposed-iranian-hackers/
"The Merchant's House Museum, Home To Underground Railroad History, Under Threat","The Merchant’s House Museum, which sheltered enslaved people via the Underground Railroad, is now at risk, sparking preservation efforts.",newsone.com,2026-03-27,Black News,,https://newsone.com/6854291/the-merchants-house-museum-underground-railroad-under-threat/
Why Is Trump Telling ICE Agents At Airports Not To Wear Masks?,Has Trump completely abandoned the idea that ICE agents need to conceal their identities to protect themselves from the harm of public scrutiny?,newsone.com,2026-03-26,News,,https://newsone.com/6854142/why-are-ice-agents-not-wearing-masks-airports-trump/
"Iran Rejects US Terms To End War, Offers Terms Of Its Own",Iran’s list of demands for the US seem to revolve around restitution and simply being left the hell alone in the future.,newsone.com,2026-03-26,News,,https://newsone.com/6854107/iran-rejects-terms-to-end-war-offers-terms-of-its-own/
Phoenix Cops Won't Be Disciplined For Inventing Fake Gang,Here’s a question: why is there next to no punishment given to cops and officers of the court who use lies and copaganda to upend people’s lives?,newsone.com,2026-03-26,Crime,,https://newsone.com/6854093/phoenix-cops-wont-be-disciplined-inventing-fake-gang/
A Black Actor Was Cast In 'Harry Potter' And The Internet Threatened His Life,"HBO tightened security on its ‘Harry Potter’ reboot after Paapa Essiedu, who plays Snape, received death threats online.",newsone.com,2026-03-26,Celebrity,,https://newsone.com/6854171/paapa-essiedu-harry-potter-snape-death-threats/
US Votes Against UN Labeling Slavery 'Gravest Crime Against Humanity',The resolution was introduced by Ghana in response to efforts made by the Trump administration to minimize the history of slavery.,newsone.com,2026-03-26,News,,https://newsone.com/6854191/us-votes-against-un-resolution-labeling-slavery-crime-against-humanity/
Donald Trump Exists In His Own Version Of Reality,"We are being governed by a leader who insists he’s winning, while the metrics—every single one of them—suggest otherwise.",newsone.com,2026-03-26,News,,https://newsone.com/6854199/donald-trump-exists-his-own-version-reality/
DOJ Admits To Using ICE Memo To Justify Immigration Court Arrests,Plaintiffs with multiple immigrant rights groups sued the Trump administration over tactics of arresting immigrants at mandated court hearings.,newsone.com,2026-03-26,News,,https://newsone.com/6854190/doj-used-ice-memo-justify-immigration-court-arrests/
Oklahoma Senator Markwayne Mullin Sworn In As DHS Secretary,Markwayne Mullin’s confirmation comes as the Department of Homeland Security is currently shut down due to the Republican refusal to reform ICE.,newsone.com,2026-03-25,News,,https://newsone.com/6854098/senator-markwayne-mullin-sworn-dhs-secretary/
TSA Tip Led To Woman's Arrest In Front Of Her Young Daughter By ICE,Angelina Lopez-Jimenez and her daughter were approached by an ICE agent in plain clothes on Sunday night while they were heading to their gate to visit a relative in Miami.,newsone.com,2026-03-25,News,,https://newsone.com/6854027/tsa-tip-leads-to-womans-arrest-in-front-young-daughter-by-ice-san-francisco-airport/
11 Black Astronauts Who Have Been To Space,"Trailblazing Black astronauts like Victor Glover lead Artemis II, a historic mission to the Moon, inspiring a new era of diversity in space.",newsone.com,2026-03-25,Nation,,https://newsone.com/6854028/10-black-astronauts-who-have-been-to-space/
Democrat Flips Florida State House Seat In Mar-A-Lago District,"Emily Gregory’s victory is the latest sign of a Blue shift in Florida, following Democrats’ wins in Mayoral races in Miami-Dade and Boca Raton.",newsone.com,2026-03-25,Politics,,https://newsone.com/6854055/democrat-emily-gregory-flips-forida-state-house-seat/
"Greg Bovino Retires, And Reminds Us What A Horrible Person He Is","Recently, Greg Bovino opened up about his regrets, or lack thereof, when he wished he and his agents wanted “total border domination.”",newsone.com,2026-03-25,News,,https://newsone.com/6853915/greg-bovino-border-patrol-retires-horrible-person/
What ‘Down Low’ Discourse Keeps Us From Seeing About Harmful Men,"In this op-ed, Dominique Morgan explains why Dwight Howard’s rumored sexuality is not the warning sign; his behavior is.",newsone.com,2026-03-25,Athletes,,https://newsone.com/6854015/dwight-howard-down-low-discourse-harmful-men/
Klan Robe And Materials Found In Mississippi Law Enforcement Office Closet,No explanation was offered as to why why a law enforcement department had a treasure trove of white supremacist lore in its closet.,newsone.com,2026-03-25,News,,https://newsone.com/6853990/klan-robe-found-mississippi-law-enforcement-departments-closet/
What Do We Do With Cliff Huxtable Now? Fans Show Mixed Reactions To The Bill Cosby Verdict,"Cosby, once America’s TV dad, now faces financial strain and legal battles over sexual assault allegations.",newsone.com,2026-03-24,Celebrity,,https://newsone.com/6853868/bill-cosby-verdict-fans-reactions/
What’s Happening In The US Right Now Is Entirely White People’s Business,"A majority of white voters—men and women alike—made a choice about what they were willing to tolerate, what they were willing to excuse, and what they were willing to prioritize.",newsone.com,2026-03-24,Opinion,,https://newsone.com/6853856/white-people-business-happening-united-states/
"Jury Finds Bill Cosby Liable For Sexual Assault, Awards Victim $59M","Bill Cosby was sentenced to three to 10 years in prison in 2018, though he was released in 2021 after the conviction was overturned.",newsone.com,2026-03-24,Crime,,https://newsone.com/6853848/bill-cosby-liable-sexual-assault-victim-awarded-59million/
Steve Bannon Calls ICE At Airports A Midterms 'Test Run',"This so-called “Democrat shutdown” is, once again, looking more like a MAGA malfunction the more we learn about it.",newsone.com,2026-03-24,News,,https://newsone.com/6853828/ice-tsa-presence-airports-midterms-test-run/
Supreme Court Weighs Grace Period Restriction On Mail-In Voting,"The case was brought forth by the Republican National Committee, which argues that late-arriving ballots undermine confidence in elections.",newsone.com,2026-03-24,News,,https://newsone.com/6853951/supreme-court-weighs-grace-period-restriction-mail-in-voting/
Iran Denies Trump's Claims Of Peace Talks To End The Unprovoked War,"Trump claimed Jared Kushner, his son-in-law, and Steve Witkoff, one of his most senior advisers, were leading the talks with Iranian officials, and suggested those talks have been productive.",newsone.com,2026-03-24,News,,https://newsone.com/6853859/iran-denies-trumps-claims-of-peace-talks-to-end-unprovoked-war/
Le[e]gal Brief: Live Nation Antitrust Case and The CFTC Vs. Nevada,"The Le[e]gal Brief returns with episode 4 as Lee Merritt, Esq. breaks down the Live Nation antitrust case and the CFTC and Nevada’s high-stakes fight over who controls ‘prediction markets.’",newsone.com,2026-03-23,Le[E]Gal Brief With Lee Merritt,,https://newsone.com/6853671/the-leegal-brief-live-nation-cftc-cases/
"Plane Crash At LaGuardia Airport Kills Pilots, Injures 41 Others","On Monday, flights were also halted at the Newark Airport after a burning smell was reported in one of the air traffic control towers.",newsone.com,2026-03-23,Nation,,https://newsone.com/6853728/laguardia-airport-plane-crash/
'No Kings' Protest Set To Become Largest In US History,"Nationwide ‘No Kings’ protests aim to be largest in US history, reflecting public concern over democracy’s direction.",newsone.com,2026-03-23,Nation,,https://newsone.com/6853714/no-kings-day-march-protest-set-to-become-largest-in-us-history/
NY Underground Railroad Museum Sues Trump Administration Over Grant Cancellation,"The Trump administration is facing yet another lawsuit, accusing it of efforts to remove or defund Black history. Because when this (alleged) white nationalist regime isn’t purging Black history exhibits from national parks and federally-controlled museums, it’s pulling grant money from institutions that promote what it’s trying so hard to whitewash or flat-out hide from […]",newsone.com,2026-03-23,News,,https://newsone.com/6853742/ny-underground-railroad-museum-sues-trump-administration-over-grant-cancellation/
State Department Warns Americans To 'Exercise Increased Caution' Due To Iran War,"The State Department issued a warning on Sunday, telling Americans to exercise increased caution when traveling internationally.",newsone.com,2026-03-23,Nation,,https://newsone.com/6853760/state-department-warns-americans-international-travel/
Was The TSA Crisis Written In Project 2025?,"Project 2025 policy roadmap calls for TSA privatization and de-unionization, raising concerns this crisis was intentionally engineered.",newsone.com,2026-03-23,Nation,,https://newsone.com/6853768/tsa-crisis-project-2025/
"Trump Sends ICE To US Airports To Help TSA And Target Immigrants, Of Course","The Trump administration sent ICE to airports to help deal with the issue that, at its core, was caused by ICE at the behest of the Trump administration.",newsone.com,2026-03-23,News,,https://newsone.com/6853670/ice-sent-airports-help-tsa-target-immigrants/
Heat Wave Brings Record High Temperatures In Western States,"As the ongoing heat wave is hitting California, Arizona, and Nevada with 100-degree days earlier than usual, here are some tips to beat the heat.",newsone.com,2026-03-23,National,,https://newsone.com/6853693/heat-wave-record-high-temperatures-western-states/
MAGA Men Are Being Fooled By AI-Generated MAGA Military Beauty,The popularity of Jessica Foster proves MAGA-fied manly-men like their women the same way they like their truth: non-existent in real life.,newsone.com,2026-03-23,News,,https://newsone.com/6853610/maga-men-jessica-foster-ai-generated-beauty/
Federal Judge Rules Against Pentagon's Free Speech-Defying Press Policy,"In 2026, the Trump administration’s Pentagon unveiled a new, freedom-of-the-press-defying policy that reporters cannot obtain or solicit any information, whether classified or unclassified, unless it is pre-approved by the Department of Defense. And when virtually every mainstream media outlet — including conservative outlets like Newsmax and Fox News — responded to the Pentagon’s new media requirement with a […]",newsone.com,2026-03-23,News,,https://newsone.com/6853710/federal-judge-rules-against-pentagons-free-speech-defying-press-policy/
Student Loans Will Now Be Handled By The US Treasury,"On Thursday, the Trump administration announced plans to shift the nearly $1.7 trillion student loan portfolio to the Treasury Department.",newsone.com,2026-03-20,News,,https://newsone.com/6853579/student-loans-will-now-be-handled-by-the-us-treasury/
Black Man Exonerated Of $550 Robbery After 19 Years In Prison,"Kenneth Windley, who himself was a victim of the actual robbers, was convicted in 2007 the majority of his sentence before being exonerated.",newsone.com,2026-03-20,Good News,,https://newsone.com/6853518/kenneth-windley-exonerated-served-19-years-robbery/
How To Spring Clean Your Finances Before Summer,"Review credit reports for errors and improve your credit score. Consolidate high-interest debt to save on interest payments, and more",newsone.com,2026-03-20,Education,,https://newsone.com/6853583/how-to-spring-clean-your-finances-before-summer/
What Becomes Possible When Black Women Choose Each Other?,There is something quietly beautiful about what it means for Black women to care for one another and root for each other’s wins.,newsone.com,2026-03-20,Lifestyle,,https://newsone.com/6853600/when-black-women-choose-each-other/
Trump Administration Banned From Denying Minors Gender-Related Care,This isn’t the first time a judge has had to intervene to spare the LGBTQ+ community from Trump’s administrative bigotry.,newsone.com,2026-03-20,News,,https://newsone.com/6853552/gender-related-care-minors-trump-administration/
The Gas Is Too High: What Triple Digit Oil Prices Mean For You,"While President Donald Trump has said the war in Iran would be over within weeks, gas prices continue to rise as the conflict shows no signs of ending.",newsone.com,2026-03-20,News,,https://newsone.com/6853568/gas-prices-what-triple-digit-oil-prices-mean-for-you/
Georgia Abortion Prosecution Highlights Damage Caused By Extreme Ban,Beneath reporting on Alexia Moore lies a stark reality for Black women in states that deny the fundamental right to bodily autonomy and self-determination.,newsone.com,2026-03-20,News,,https://newsone.com/6853622/georgia-abortion-prosecution-highlights-damage-caused-by-extreme-ban/
Trump Responds To Iran War Question By Joking About Pearl Harbor,Trump “jokingly” asked why Japan didn’t warn the U.S. about Pearl Harbor while meeting with Japanese Prime Minister ​Sanae Takaichi.,newsone.com,2026-03-19,News,,https://newsone.com/6853497/trump-makes-pearl-harbor-joke-japanese-prime-minister/
Activists And Elected Officials Call For Cesar Chavez's Name To Be Stripped,Famed labor leader and activist Cesar Chavez has come under scrutiny after the revelation that he raped and sexually abused women and girls.,newsone.com,2026-03-19,News,,https://newsone.com/6853476/activists-call-for-cesar-chavez-name-to-be-stripped/
Afroman Wins Case Against Ohio Deputies Who Sued Him Over Parody Videos,"Seven deputies sued Afroman, claiming parody songs and videos he recorded using home surveillance footage of the raid caused them and their family members to be publicly ridiculed and harassed.",newsone.com,2026-03-19,News,,https://newsone.com/6853447/afroman-wins-case-against-ohio-deputies-who-sued-him/
DC Students Can Show Up For 1 Minute And Still Be Marked Present,Attendance policies have become an increasingly urgent issue nationwide as districts struggle with chronic absenteeism following the pandemic.,newsone.com,2026-03-19,Bison One Newsroom,,https://newsone.com/6853462/students-can-show-up-for-1-minute-and-still-be-marked-present-dc-school-board-warns/
"No, Iran Didn’t Say Black Americans Are Safe, But The Internet Thinks It Did",There is zero credible evidence that the Iranian government has issued any official statement saying it will spare Black Americans.,newsone.com,2026-03-19,News,,https://newsone.com/6853452/iran-didnt-say-black-americans-are-safe/
Kennedy Center Board Votes To Shut Down For 2 Years. We All Know Why,"The board voted to pause operations at the Kennedy Center for two years, beginning after this year’s Fourth of July celebrations.",newsone.com,2026-03-18,News,,https://newsone.com/6853253/kennedy-centers-board-votes-shut-venue-down/
MAGA Pipe Bomber Says Trump's Jan. 6 Pardons Include Him,"No matter how Brian Cole’s case shakes out, you have to admit that a Black MAGA supporter arguing that all Trump pardons are created equal is kinda hilarious.",newsone.com,2026-03-18,News,,https://newsone.com/6853243/brian-cole-maga-pipe-bomb-trump-pardon/
Juliana Stratton Set To Make History With Win In Illinois Senate Primary,"AIPAC, Cryptocurrency, and AI lobbyists spent heavily in the Illinois primaries to decidedly mixed results, while progressives also underperformed.",newsone.com,2026-03-18,Politics,,https://newsone.com/6853373/juliana-stratton-wins-illinois-senate-primary/
Jason Whitlock Calls Michael B. Jordan Oscar Win A 'DEI' Award,One can pretty much always predict what manner of opinion Whitlock is going to offer when it comes to anything Black culture-related,newsone.com,2026-03-18,Entertainment,,https://newsone.com/6853311/jason-whitlock-calls-michael-b-jordan-oscar-win-dei-award/
Man Killed By SWAT Confirmed As Security For Rep. Jasmine Crockett,Diamon Robinson apparently assumed the identity of “Mike King” to run a security business and join Rep. Jasmine Crockett’s security detail.,newsone.com,2026-03-18,News,,https://newsone.com/6853314/man-killed-by-dallas-swat-team-confirmed-as-member-of-rep-jasmine-crocketts-security-detail/
Top Counterterrorism Official Joe Kent Resigns Over Iran War,"Joe Kent announced his resignation Tuesday, saying he “cannot in good conscience support the ongoing war in Iran.”",newsone.com,2026-03-18,News,,https://newsone.com/6853349/joe-kent-resigns-over-iran-war/
TSA Administrator Warns Airports Could Close Due To Call Outs,"The month-long DHS shutdown has led to TSA agents working without pay, with more and more TSA agents calling out or outright quitting.",newsone.com,2026-03-18,Nation,,https://newsone.com/6853411/tsa-administrator-warns-airports-could-close/
NewsOne Crossword March 17th,,newsone.com,2026-03-18,Crossword Puzzles,,https://newsone.com/6853315/newsone-crossword-puzzle-no-25/
Eid Al-Fitr 2026: How To Show Up For Your Muslim Friends This Holiday,"Celebrate Eid al-Fitr with Muslim friends by greeting them, being mindful of their schedule, and learning about the holiday’s traditions.",newsone.com,2026-03-18,Education,,https://newsone.com/6853359/eid-al-fitr-2026-how-to-show-up-for-your-muslim-friends-this-holiday/
Sen. Markwayne Mullin Thinks Dueling Is Legal In The US,Trump has nominated as a top Homeland Security official a man who needs to be told that it’s not legal to shoot people on the Senate floor.,newsone.com,2026-03-18,News,,https://newsone.com/6853400/markwayne-mullin-thinks-dueling-legal-united-states/
"Kiki Shepard, 'Showtime At The Apollo' Co-Host, Dies At 74","Kiki Shepard served as co-host of the popular Showtime At The Apollo from 1987 to 2002, along with roles in TV and film.",newsone.com,2026-03-17,Celebrity News,,https://newsone.com/6853142/kiki-shepard-showtime-at-the-apollo-co-host-obit/
Florida Young Republicans Group Banned Over Viral Nazi Salute,The University of Florida College Republicans has been barred from operating on campus after a photo of two people giving a Nazi salute was posted online.,newsone.com,2026-03-17,News,,https://newsone.com/6853198/university-of-florida-young-republicans-group-banned-over-viral-nazi-salute/
"When The World Ends, Will You Be Able To Afford 'California Forever'?","The deeper you look at California Forever, the less it resembles a utopian city for the masses and the more it feels like something else entirely: a billionaire panic room with bike lanes.",newsone.com,2026-03-17,News,,https://newsone.com/6853233/will-you-afford-live-california-forever/
What We Know About Cuba's Power Grid Collapsing,"The collapse of Cuba’s electrical power grid has plunged the country into a state of crisis, raising concerns.",newsone.com,2026-03-17,News,,https://newsone.com/6853199/what-we-know-about-cuba-power-grid-collapsing/
Here’s What’s At Play In The Illinois Primary Election,"Illinois holds its primary elections on Tuesday, where a pronounced battle is underway between grassroots candidates and Super PAC money.",newsone.com,2026-03-17,Opinion,,https://newsone.com/6853225/heres-whats-at-play-illinois-primary-election/
Trump Eugenics Argument: 'Genetics' Caused Recent Shootings,Donald Trump has a disturbing habit of blaming the genetics of any Black or brown immigrant when they care connected to a crime.,newsone.com,2026-03-17,News,,https://newsone.com/6853159/trump-eugenics-argument-genetics-caused-recent-shootings/
TSA Lines Expected To Increase As More Agents Quit During Shutdown,The ongoing DHS shutdown prompted CEOs of several major airlines to call on the Senate to reach an agreement so TSA agents can be paid again.,newsone.com,2026-03-17,News,,https://newsone.com/6853175/tsa-lines-increase-expected-agents-quit-shutdown/
Afghan Man Who Served As US Military Ally Dies In ICE Custody,Mohammad Nazeer Paktiawal was taking his children to school on Friday morning when eight masked ICE agents detained him. He Saturday.,newsone.com,2026-03-16,News,,https://newsone.com/6852929/afghan-man-military-ally-dies-ice-custody-mohammad-nazeer-paktiawal/
"1 Woman’s Breast Cancer Fight in Albany, Georgia","In smaller Southern cities like Albany, patients often face long waits for screenings, referrals, and specialist appointments.",newsone.com,2026-03-16,Bison One Newsroom,,https://newsone.com/6852995/woman-breast-cancer-fight-albany-georgia/
Republicans Are Finally Tired Of Trump Lying About The 2020 Election,"Republicans seem to be growing weary of Trump’s repeated lies about election fraud, but it is coming about five and a half years too late.",newsone.com,2026-03-16,Opinion,,https://newsone.com/6852965/republicans-tired-trump-lies-about-2020-election/
Born From Exclusion: The Powerful History Of The Mardi Gras Indians,"Mardi Gras Indians, a Black community in New Orleans, have a century-old tradition of creating vibrant, symbolic costumes to celebrate their heritage.",newsone.com,2026-03-16,Nation,,https://newsone.com/6853020/mardi-gras-indians-the-powerful-history/
The Rev. Jamal Bryant Problem: When Protest Turns Into Performance,Thousands of Black people publicly rejected the idea that anyone had the authority to call the Target boycott off on their behalf.,newsone.com,2026-03-16,News,,https://newsone.com/6852945/rev-jamal-bryant-when-protest-turns-into-performance/
Le[e]gal Brief: Is The Military Draft Making A Comeback?,Attorney Lee Merritt explains how the Trump administration could potentially bring back the draft as the war in Iran continues to intensify.,newsone.com,2026-03-16,Le[E]Gal Brief With Lee Merritt,,https://newsone.com/6852957/lee-merritt-military-draft-making-comeback-legal-brief/
Black Churches Can Help Communities Navigate New SNAP Requirements,"Throughout history, SNAP work requirements have not increased employment or job stability, nor have they removed economic barriers in a meaningful way.",newsone.com,2026-03-16,News,,https://newsone.com/6852906/black-churches-help-navigate-snap-requirements/
Florida Passes Its Own Version Of The SAVE Act,"President Donald Trump has been pushing the SAVE Act, which would implement stricter voter ID rules that would disenfranchise millions of voters.",newsone.com,2026-03-16,Opinion,,https://newsone.com/6852897/florida-passes-own-version-save-act/
Senate Passes Most Robust Affordable Housing Bill In Decades,The bill would impose stricter regulations on private equity firms buying single-family houses and create grant programs to support more affordable housing.,newsone.com,2026-03-16,News,,https://newsone.com/6852894/senate-passes-most-robust-affordable-housing-bill-decades/
"JD Vance Opposes War On Iran, But Won't Say So Publicly",Anonymous White House officials say JD Vance made his opposition to Trump’s operations in Iran clear in the time leading up to the initial attack.,newsone.com,2026-03-16,News,,https://newsone.com/6852851/jd-vance-opposes-iran-war-wont-say-publicly/
"Trump, Mike Johnson Reveal GOP Rep's 'Terminal Diagnosis' On Camera","During a luncheon with the board of the Kennedy Center, Trump revealed that Rep Neal Dunn (R-Florida) was diagnosed with terminal cancer.",newsone.com,2026-03-16,News,,https://newsone.com/6853119/trump-mike-johnson-reveal-republican-terminal-diagnosis/
Rescue Teams Struggle To Respond To Deadly Tornadoes Because Of Trump's DHS,"FEMA’s roughly $200,000 contract with the company that provides data for a mapping tool that pinpoints a tornado’s path lapsed in February.",newsone.com,2026-03-15,News,,https://newsone.com/6852786/midwest-tornado-rescue-response-hampered-trump-dhs/
Washington State Legislature Passes ‘Millionaire Tax’,The Washington state House debated for 25 hours before ultimately voting to pass an income tax that would affect only million-dollar earners.,newsone.com,2026-03-15,News,,https://newsone.com/6852852/washington-state-legislature-passes-millionaire-tax/
Snap On Sneed! Rookie News Anchor's Memphis Roast Goes Viral,"Rob Sneed, the newly-appointed anchor at FOX13 Memphis, received a warm welcome from his community: a heartfelt social media roast session!",newsone.com,2026-03-13,Black News,,https://newsone.com/6852689/rob-sneed-memphis-news-anchor-rookie-roast-goes-viral/
"DOGE Bros Used ChatGPT To Gut DEI, But Couldn't Define It","Former DOGE staffers used ChatGPT to cut humanities grants, sparking outrage over flawed, biased process targeting diversity programs.",newsone.com,2026-03-13,Nation,,https://newsone.com/6852791/doge-bros-used-chatgpt-to-gut-dei-but-couldnt-define-it/
‘White Genocide’ Story Falling Apart As ‘Refugees’ Return To South Africa,"If genocide was actually underway, why are these white refugees voluntarily returning to the place where they were supposedly hunted?",newsone.com,2026-03-13,News,,https://newsone.com/6852831/white-genocide-story-falling-apart-refugees-return-south-africa/
Prosecutors Criminalize All-Black Clothing In Texas 'Antifa Cell' Case,"Not only are prosecutors trying to cite Black clothing as evidence of Antifa terrorism, but they have also pointed to what they consider to be radical pamphlets allegedly distributed by protesters.",newsone.com,2026-03-13,Civil Rights &Amp; Social Justice,,https://newsone.com/6852752/black-clothing-criminalized-texas-antifa-cell-case/
"Trump Scales Back Mass Deportation Effort, ICE Arrests, Lawsuits Decline",We should probably consider that the administration is just lying low until the public relations nightmare created by its disastrous crackdown in Minnesota blows over.,newsone.com,2026-03-13,News,,https://newsone.com/6852653/trump-scales-back-mass-deportation-effort-ce-arrests-lawsuits-decline/
Kash Patel Announces FBI Agents Will Be Trained By UFC Fighters,Kash Patel is out here living out childhood dreams that he could only fantasize about when bullies were taking his lunch money.,newsone.com,2026-03-13,News,,https://newsone.com/6852680/kash-patel-says-fbi-agents-will-be-trained-ufc-fighters/
Poll: A Third Of Americans Skipping Meals To Cover Health Care Costs,"Health care costs have been rising in recent years, with lapsed ACA subsidies increasing premiums, leading to more people being uninsured.",newsone.com,2026-03-13,News,,https://newsone.com/6852721/americans-skip-meals-pay-health-care-costs/
Global Entry Program Restored As TSA Faces DHS Shutdown Staff Shortages,"The ongoing DHS shutdown has seen hundreds of TSA agents quit, leading to hours-long wait times at TSA checkpoints in several airports.",newsone.com,2026-03-12,News,,https://newsone.com/6852658/global-entry-program-restore-tsa-dhs-staff-shortages/
Trump Nominee Drops Out After 'White Identity' Defense Gets Him Dragged,"Meet Jeremy Carl, who Trump nominated to serve as assistant secretary of state for international organization affairs in June.",newsone.com,2026-03-12,News,,https://newsone.com/6852510/trump-nominee-jeremy-carl-white-identity/
Titanic-Themed Statue Of Trump And Epstein Erected At National Mall,"Shout out Secret Handshake, the same group that placed a statue on the National Mall last fall depicting Trump and Epstein holding hands.",newsone.com,2026-03-12,News,,https://newsone.com/6852543/titanic-themed-statue-trump-and-epstein-national-mall/
"First 6 Days Of War On Iran Cost US $11.3B, Pentagon Says","Not long ago, the U.S. government was shut down for roughly a month and a half, largely because one particular party thought we couldn’t afford to extend health care subsidies.",newsone.com,2026-03-12,News,,https://newsone.com/6852586/iran-war-costs-billions-first-six-days/
From Groceries To Cyberattacks: How The Iran War Is Affecting The US,"The economic impact of the Iran war is wide-ranging and steadily expanding across gas prices, groceries, air travel, and shipping costs.",newsone.com,2026-03-12,News,,https://newsone.com/6852674/from-groceries-cyberattacks-impact-iran-war/
Who Will Replace Marjorie Taylor Greene? These Are The Contenders,Democrat Shawn Harris will face off against Republican Clayton Fuller in a runoff election next month to determine who will finish Marjorie Taylor Greene’s term.,newsone.com,2026-03-12,Politics,,https://newsone.com/6852679/marjorie-taylor-greene-house-seat-up-for-grabs/
Democratic Rep. James Clyburn To Seek 18th Term In House,"James Clyburn, who is 85, announced he would run again Thursday at Democratic Party headquarters in Columbia, S.C.",newsone.com,2026-03-12,Politics,,https://newsone.com/6852671/democratic-rep-james-clyburn-to-seek-18th-term-in-house/
Preliminary Investigation Indicates US Launched Deadly Strike On Iranian School,Striking a school full of children is sure to be recorded as one of the most devastating single military errors in recent decades.,newsone.com,2026-03-11,News,,https://newsone.com/6852467/report-us-launched-deadly-strike-iranian-school/
Policing The Plate: The Politics Of Texas’ New SNAP Restrictions,"When your only options for grocery shopping are a corner store or a dollar store, your diet becomes much more of a survival strategy than a personal choice.",newsone.com,2026-03-11,Civil Rights &Amp; Social Justice,,https://newsone.com/6852491/texas-snap-restrictions-policing-poverty-politics/
Trump Is Holding Congress Hostage Over The SAVE Act,"This escalation is unfolding just months before the national midterm elections, where turnout among key voter groups could determine control of Congress.",newsone.com,2026-03-11,Opinion,,https://newsone.com/6852501/trump-holding-congress-hostage-over-save-act/
States Must Hold The Line Against Trump's Election Subversion,"When federal guardrails fail or are manipulated and misused, states can provide the support and protection needed while also expanding meaningful ballot access.",newsone.com,2026-03-11,Opinion,,https://newsone.com/6852483/states-voting-rights-acts-protection-black-voters/
Ex-Inmate Buys Prison To Build A Place For 2nd Chances,"Former inmate Kerwin Pittman buys prison, transforming it into a transitional housing and workforce development hub for the formerly incarcerated.",newsone.com,2026-03-11,Black History,,https://newsone.com/6852469/kerwin-pittman-ex-inmate-buys-prison/
Will Federal Agents Be Deployed To Polling Stations? DNC Lawsuit Seeks Answers,President Donald Trump has spent much of his second term doing everything but his actual job to avoid a GOP loss in the midterms.,newsone.com,2026-03-11,News,,https://newsone.com/6852460/will-federal-agents-deployed-polling-stations/
White South Carolina Man Given Life Sentence For Killing Black Child,"Charles Montgomery Allen killed 8-year-old Quarius Naqua Dunham on May 28, 2022 in Florence, South Carolina, while shooting randomly at cars.",newsone.com,2026-03-11,Crime,,https://newsone.com/6852367/charles-montgomery-allen-life-sentence-quarius-dunham/
Alabama Governor Commutes Sentence Of Black Man 2 Days Before Execution,Gov. Kay Ivey revised the sentence of 75-year-old Charles “Sonny” Burton to life without parole after Burton spent three decades on death row.,newsone.com,2026-03-11,Good News,,https://newsone.com/6852442/black-man-alabama-spared-days-before-execution/
ICE Arrests Teen Mariachi Musicians Who Once Performed At US Capitol,We didn’t need any more examples of the Trump’s immigration crackdown serving as a round-the-clock demonstration of white nationalism.,newsone.com,2026-03-11,News,,https://newsone.com/6852320/ice-arrests-teen-mariachis-who-performed-us-capitol/
'A New Day Begun' Traces The Origins Of The Black National Anthem,Keith Brown’s documentary A New Day Begun charts the 126-year history of the song to answer a key question: What does a new day mean?,newsone.com,2026-03-10,Life Liberty And The Pursuit Of Happiness,,https://newsone.com/6852266/documentary-traces-origins-black-national-anthem/
President Trump Refuses To Sign Bills Until SAVE America Act Passes,The SAVE Act would disenfranchise millions of voters by banning mail-in ballots and requiring proof of citizenship for voter registration.,newsone.com,2026-03-10,Politics,,https://newsone.com/6852271/trump-refuses-sign-bills-until-save-america-act-passes/
TPUSA FIU Chapter President Steps Down Amid Racist Group Chat Scandal,"Ian Valdes had to go because the internal white nationalist racism of Turning Point USA was exposed, not becaue it is ashamed of Valdes’ behavior.",newsone.com,2026-03-10,News,,https://newsone.com/6852264/turning-point-chapter-president-resigns-racist-group-chat/
Civil Rights Leader Dr. Bernard Lafayette Jr. Dies At 85,Dr. Bernard Lafayette Jr. was a civil rights leader whose organizing in Selma ultimately led to the introduction of the Voting Rights Act.,newsone.com,2026-03-10,Obituaries,,https://newsone.com/6852299/civil-rights-leader-bernard-lafayette-dies/
What Is A Sleeper Cell? And Should Americans Be Worried?,"Sleeper cells are secret agents posing as normal citizens, ready to carry out missions. Agencies monitor threats but work discreetly to neutralize them.",newsone.com,2026-03-10,Nation,,https://newsone.com/6852304/what-is-a-sleeper-cell-and-should-americans-be-worried/
New Yorker Wunmi Mosaku Illustration Reads Like Visual Version Of N-Word,"At the BAFTAs, the n-word was shouted out loud in a crowded auditorium. In The New Yorker, it arrives in illustration.",newsone.com,2026-03-10,Entertainment,,https://newsone.com/6852313/wunmi-mosaku-illustration-reads-like-visual-version-n-word/
Why A $1.25M Settlement For Fred Harris’ Murder Is Not Justice,"Fred’s death represents the chilling, surgical precision of a system built to fail him and everyone in its grasp.",newsone.com,2026-03-10,Civil Rights &Amp; Social Justice,,https://newsone.com/6852325/1-25million-settlement-fred-harris-murder-not-justice/
Why Is Haiti Using Explosive Drones Against Gangs — And Why Are Critics Alarmed?,"Haitian security forces’ use of explosive drones has killed over 1,200 people, including civilians, raising concerns over human rights violations.",newsone.com,2026-03-10,Black News,,https://newsone.com/6852352/why-is-haiti-using-explosive-drones-against-gangs/
Howard Students Are Rethinking Their Future In Journalism,Journalism students at Howard University are looking at the current political climate and questioning what kind of journalists they will become.,newsone.com,2026-03-10,Bison One Newsroom,,https://newsone.com/6852295/howard-university-students-rethinking-future-journalism/
"Iran War Already Increasing Gas Prices, Mortgage Rates","President Donald Trump said he wasn’t concerned about rising gas prices, despite celebrating how low prices were during the State of the Union.",newsone.com,2026-03-09,News,,https://newsone.com/6852111/iran-war-already-increasing-gas-prices-mortgage-rates/
Le[e]gal Brief: Why It Matters SCOTUS Struck Down Trump’s Tariffs,"Only months after taking office, President Donald Trump declared an economic emergency to implement tariffs against nearly every country.",newsone.com,2026-03-09,Le[E]Gal Brief With Lee Merritt,,https://newsone.com/6852127/leegal-brief-why-it-matters-the-supreme-court-struck-down-trumps-tariffs/
$2M Bond Set For Mother Accused Of Killing Her 2 Daughters,Aliyah Henderson was arrested in Cleveland on Wednesday after two girls found buried in suitcases were identified as her children.,newsone.com,2026-03-09,Crime,,https://newsone.com/6852132/bond-set-for-aliyah-henderson-accused-killing-2-daughters/
The United States Is Engaged In A War Nobody Wants,"The U.S. has been through this before, from the slow unraveling of the Vietnam War to the disastrous justifications that launched the Iraq War.",newsone.com,2026-03-09,News,,https://newsone.com/6852149/united-states-engaged-war-nobody-wants/
Cory Booker Unveils ‘Keep Your Pay Act’ To Make First $75K Of Income Tax-Free,New Jersey Sen. Cory Booker has introduced a sweeping tax proposal aimed at boosting take-home pay for working families by dramatically increasing the standard deduction with his ‘Keep Your Pay Act.’,newsone.com,2026-03-09,Black News,,https://newsone.com/6852169/cory-booker-unveils-keep-your-pay-act/
TSA Shortages Lead To Hours-long Wait Times At Airports,Airports in Houston and New Orleans have seen passengers wait in line at TSA security checkpoints for up to three hours in recent days.,newsone.com,2026-03-09,News,,https://newsone.com/6852230/tsa-shortages-lead-hours-long-wait-times-airports/
Lessons From North Carolina: A Canary In The Democracy Coal Mine,North Carolina voters and the advocates who fight to keep voting free and fair show us the importance of adapting and never giving up.,newsone.com,2026-03-06,Opinion,,https://newsone.com/6852005/north-carolina-canary-democracy-coal-mine/
DHS Policy Requiring Lawmakers Give Notice To Visit ICE Facilities Suspended,"The ruling comes as a measles outbreak was reported at Texas’ Camp East Montana, the largest ICE detention facility in the country.",newsone.com,2026-03-06,News,,https://newsone.com/6851997/dhs-rule-requiring-notice-visit-ice-facilities-suspended/
"No, The War With Iran Didn’t Happen Because Kamala Harris Lost",Blaming voters for ignoring a warning is easier than grappling with how American power actually operates in the world.,newsone.com,2026-03-06,News,,https://newsone.com/6852001/war-with-iran-didnt-happen-because-kamala-harris-lost/
"'Sinners,' 'One Battle After Another' In Tight Oscars Race","Excitement is building in Hollywood as an anonymous Oscar ballot obtained by Variety hints at how the race may unfold, with ‘Sinners’ and ‘One Battle After Another’ dominating several categories.",newsone.com,2026-03-06,Entertainment,,https://newsone.com/6852032/2026-oscars-sinners-one-battle-after-anonymous-ballot/
Who Is Congressional Candidate Rev. Frederick Haynes III?,"With a long-standing history of civic engagement and advocacy, Rev. Frederick Haynes III is vying to transition from the church to the political realm.",newsone.com,2026-03-06,Black News,,https://newsone.com/6851970/who-is-rev-frederick-haynes-iii-texas-30th-congressional-district/
Cuba Isn't Bothering Anyone. Why Does Trump Want to Invade?,"Cuba has spent the last 60 years exporting doctors, fixing vintage cars, and quietly surviving the longest embargo in modern history.",newsone.com,2026-03-06,News,,https://newsone.com/6852051/cuba-isnt-bothering-anyone-trump-wants-to-invade/
"North Carolina Tried To Make Black, Brown, And Low-Income Voters Invisible Before The Primary. Here’s How We Fought Back","For decades, voters have tried to participate in a democratic process that would give them a voice and leverage in a country that has consistently turned a deaf ear to their needs.",newsone.com,2026-03-06,Opinion,,https://newsone.com/6852044/north-carolina-tried-silence-black-brown-low-income-voters/
DOJ Releases Epstein Files Containing Trump Allegations,"Shortly after the documents were released, the House Oversight Committee voted to subpoena Attorney General Pam Bondi about the Epstein Files.",newsone.com,2026-03-06,News,,https://newsone.com/6852041/doj-releases-epstein-files-containing-trump-allegations/
The Trump Administration Threw Kristi Noem Under The Bus,Kristi Noem isn’t the only person who should be going down over the Department of Homeland Security’s handling of Trump’s deportation mandate.,newsone.com,2026-03-05,News,,https://newsone.com/6851927/trump-administration-threw-kristi-noem-under-the-bus/
Kristi Noem Gets Ate Up In House Judiciary Committee Hearing Too,Kristi Noem is not having the best week after two days of getting batted around by members of Congress over ICE operations and tactics.,newsone.com,2026-03-05,News,,https://newsone.com/6851828/kristi-noem-house-judiciary-committee-hearing/
"I Declare War: Right Now, It's Donald Trump Vs. Everybody","Donald Trump is a little man driving a big country who believes that his feelings are paramount, and his ego is insatiable.",newsone.com,2026-03-05,News,,https://newsone.com/6851873/donald-trump-iran-war-spain-ecuador-britain/
Florida Group Chat Full Of Racists Talks About Killing Black People Exposed,A group chat created by the secretary of the Miami-Dade County Republican party became a safe space for racist and Nazi rhetoric.,newsone.com,2026-03-05,News,,https://newsone.com/6851864/florida-group-chat-racists-talk-about-killing-black-people/
‘You’re Fired!’: Trump Dumps Kristi Noem For Mark Mullin As DHS Secretary,You don’t have to cry for Kristi Noem; Trump immediately gave her another job doing something none of us have heard of before.,newsone.com,2026-03-05,News,,https://newsone.com/6851911/trump-fires-kristi-noem-hires-mark-mullin-dhs-secretary/
Catholic Church Child Sexual Abuse Allegations Exposed In Rhode Island,"Widespread sexual abuse by Catholic priests in Rhode Island revealed, with repeated patterns of denial and lack of accountability.",newsone.com,2026-03-05,Crime,,https://newsone.com/6851898/more-catholic-church-child-sexual-abuse-allegations-exposed/
Virginia Supreme Court Rules Redistricting Vote Can Proceed,"Former President Barack Obama has called on Virginia voters to pass the redistricting effort, which would give Democrats four new House seats.",newsone.com,2026-03-05,Nation,,https://newsone.com/6851939/virginia-supreme-court-rules-redistricting-vote-can-proceed/
California Democratic Chair Asks Candidates To Drop Out Of Governor Race,California’s primary rules place both Republicans and Democrats in the same primary to determine the two candidates for governor.,newsone.com,2026-03-04,Politics,,https://newsone.com/6851764/california-democratic-chair-asks-candidates-drop-out/
Jasmine Crockett's Most Powerful Moments In Congress,"Jasmine Crockett’s Senate primary loss sparks unity call, showcasing her enduring impact as a civil rights champion and legislative powerhouse.",newsone.com,2026-03-04,Black News,,https://newsone.com/6851765/jasmine-crockett-most-powerful-moments-in-congress/
Kristi Noem Still Won't Admit ICE Engages In Racial Profiling,"During a grueling Senate Judiciary Committee hearing on Tuesday, Kristi Noem was brought face to face with some of those her agents have harmed.",newsone.com,2026-03-04,News,,https://newsone.com/6851697/kristi-noem-still-wont-admit-ice-engages-in-racial-profiling/
DHS Secretary Kristi Noem Grilled By Republican Senators,"During the hearing, Kristi Noem doubled down on calling Alex Pretti and Renee Good, both of whom were fatally shot by ICE, domestic terrorists.",newsone.com,2026-03-04,News,,https://newsone.com/6851723/dhs-secretary-kristi-noem-grilled-republican-senators/
Barack Obama And Bill Clinton To Attend Jesse Jackson Homegoing Service In Chicago,Chicago will become the center of remembrance on March 6 and 7 as political leaders and more gather to honor Rev. Jesse Jackson.,newsone.com,2026-03-04,Black News,,https://newsone.com/6851733/jesse-jackson-homegoing-service-chicago-barack-obama-bill-clinton/
Pardoned Jan 6 Rioter Arrested For Recording Himself Touching Women's Hair,Bryan Betancur was arrested and charged with assault and battery on Monday night following incidents on a Silver Line train in Virginia.,newsone.com,2026-03-04,Crime,,https://newsone.com/6851661/bryan-betancur-arrested-assault-battery-metro-train/
Importers Sue For Refunds After SCOTUS Strikes Down Trump Tariffs,The Trump administration is being sued as U.S. businesses and trade groups that lost money over Trump’s tariffs demand their money back.,newsone.com,2026-03-04,News,,https://newsone.com/6851651/importers-file-lawsuit-refunds-scotus-tariffs/
Kash Patel Has Turned The FBI Into His Girlfriend's Personal Chauffeur Service,FBI agents have reportedly been tasked with escorting Alexis Wilkins to a resort in Britain and a hair salon in Nashville.,newsone.com,2026-03-04,News,,https://newsone.com/6851755/kash-patel-makes-fbi-girlfriend-chauffeur-service/
North Carolina And Texas Primaries Show People’s Appetite For Democracy,High Democratic voter turnout in both states points to the determination and resilience of communities determined to shift the balance of power.,newsone.com,2026-03-04,Opinion,,https://newsone.com/6851809/primaries-show-voters-have-appetite-for-democracy/
MAGA Is Turning On Donald Trump Over Strikes Against Iran,"Donald Trump seems to be losing favor with those who have been his loudest supporters over the years, with many decrying the war in Iran.",newsone.com,2026-03-04,News,,https://newsone.com/6851630/maga-is-turning-on-donald-trump-over-strikes-against-iran/
Why Repairing State-Sponsored Theft Isn’t ‘Discrimination’,"In 2021, Evanston became the first U.S. city to pass a reparations bill, pledging $10 million to address harms caused by racist housing laws.",newsone.com,2026-03-03,News,,https://newsone.com/6851622/evanston-illinois-reparations-isnt-discrimination/
All Eyes On The Senate Race In Texas Primary Election,"While Texas entered a mid-decade redistricting effort to create new House seats, it’s the Senate race that’s created the most excitement.",newsone.com,2026-03-03,Opinion,,https://newsone.com/6851608/all-eyes-on-senate-race-texas-primary-election/
Shekinah Lee: Chicago Woman Trapped In Dubai Amid US-Israel Conflict With Iran,"Chicago woman’s Dubai trip upended by Middle East tensions; shelters in place, waits for flight home.",newsone.com,2026-03-03,News,,https://newsone.com/6851625/shekinah-lee-chicago-woman-trapped-dubai-us-israel-conflict-iran/
Minnesota Investigating Federal Agents Involved In 'Operation Metro Surge',Hennepin County Attorney Mary Moriarty announced that her office is looking into 17 cases involving federal agents’ activities in Minnesota.,newsone.com,2026-03-03,News,,https://newsone.com/6851586/minnesota-prosecutor-announces-investigation-into-operartion-metro-surge/
What’s At Stake In The North Carolina Primary,The North Carolina primary will be the first test of a new congressional map the state implemented to help the GOP maintain its House majority.,newsone.com,2026-03-03,Nation,,https://newsone.com/6851587/whats-at-stake-north-carolina-primary/
DOJ Wants To Take Away A Regular Marijuana Smoker's Gun Rights. Supreme Court Says Not So Fast,"Look, no matter how one feels about people who regularly smoke marijuana, we should all be able to agree that any notion that they are disproportionately predisposed to committing gun violence is absurd. And yet, for some reason, the U.S. Supreme Court is currently hearing a marijuana user’s challenge to a federal law that bars […]",newsone.com,2026-03-02,News,,https://newsone.com/6851556/doj-marijuana-smokers-gun-rights-supreme-court/
What Did Viola Davis Say Before Awarding Michael B. Jordan At The Actor Awards?,Viola Davis celebrated Michael B. Jordan’s SAG Award win with a nod to August Wilson’s ‘Joe Turner’s Come and Gone’,newsone.com,2026-03-02,Entertainment,,https://newsone.com/6851524/viola-davis-michael-b-jordan-actor-awards-herald-loomis/
Everything We Know About The Conflict In Iran,"U.S. service members have already died as a result of the conflict in Iran, along with Iranian Supreme Leader Ali Khamenei and 153 civilians.",newsone.com,2026-03-02,Nation,,https://newsone.com/6851523/everything-we-know-about-the-conflict-in-iran/
Laura Loomer And Other MAGAts Want To 'Round Up' And Deport All Muslims After Unprovoked Strike Against Iran,"The U.S. and Israel have launched what has been reported as a completely unprovoked attack on Iran, striking sites across the country, including the compound of Iran’s Supreme Leader Ayatollah Ali Khamenei, who was killed in the attack. And, somehow, MAGA’s big takeaway from this news is that Muslims across the country need to be […]",newsone.com,2026-03-02,News,,https://newsone.com/6851490/laura-loomer-magats-want-to-round-up-and-deport-all-muslims-after-unprovoked-iran-strike/
"MAGA Uses Texas Shooting As Excuse To Ramp Up Bigoted, Islamaphobic Rhetoric","For years, maybe even decades, every high-profile mass shooting in the U.S. has immediately resulted in partisan bickering between Democrats and Republicans, and ideological rifts between so-called liberals and so-called conservatives. Most often, both debates have largely revolved around the issue of gun control or gun rights, with the left arguing that the common denominator […]",newsone.com,2026-03-02,News,,https://newsone.com/6851522/maga-uses-texas-shooting-t0-excuse-bigoted-islamaphobic-rhetoric/
Blind Rohingya Refugee Left On Street Corner By Border Patrol Dies In Cold,"Nurul Amin Shah Alam’s body was found on Perry Street, near KeyBank Center, home to the Buffalo Sabres of the National Hockey League.",newsone.com,2026-03-02,News,,https://newsone.com/6851411/blind-refugee-border-patrol-left-street-corner-dies/
"Scouting America Bans DEI Initiatives, Transgender Scouts In Pentagon Deal",Secretary of Defense Pete Hegseth threatened to pull military support for the Boy Scout Jamboree if Scouting America didn’t make the deal.,newsone.com,2026-03-02,News,,https://newsone.com/6851489/scouting-america-bans-dei-initiatives-transgender-scouts/
Add Casey Means To The Long List Of Unqualified Trump Appointees,Casey Means is a wellness infuencer who is not a practicing physician and whose only qualifictaion seems to be loyalty to Donald Trump.,newsone.com,2026-02-28,News,,https://newsone.com/6851356/casey-means-unqualified-trump-appointees/
HUD Proposes Rule That Would Add Time Limits To Section 8 Vouchers,"The proposed rule would allow landlords to impose a two-year time limit for those on Section 8, along with increased work requirements.",newsone.com,2026-02-28,News,,https://newsone.com/6851416/hud-proposes-section-8-time-limits/
"Jonathan Majors To Star In Film Produced By The Daily Wire, Ben Shapiro","Of all the things Jonathan Majors could be doing to try and make a comeback after his disastrous fall from grace, this ain’t it.",newsone.com,2026-02-27,Entertainment,,https://newsone.com/6851285/jonathan-majors-new-film-daily-wire-ben-shapiro/
US Military Fires Anti-Drone Laser At Border Patrol Drone,Several Democrats are calling for investigations into the lack of coordination in the use of anti-drone lasers by the Pentagon and Border Patrol.,newsone.com,2026-02-27,News,,https://newsone.com/6851408/us-military-fires-anti-drone-laser-border-patrol-laser/
New ACA Plans Trump Pitched Could Increase Deductibles By $31K,"During his State of the Union address, Trump said he would lower health care prices, but the newly proposed plans would do the opposite.",newsone.com,2026-02-27,News,,https://newsone.com/6851361/aca-plans-trump-pitched-increase-deductibles-31k/
The Ancestors Want A Refund On Black History Month 2026,"From Trump’s blatant racism to the erasure of a beloved Black figure skater, this Black History Month has been a doozy.",newsone.com,2026-02-27,Black History,,https://newsone.com/6851412/ancestors-want-refund-black-history-month-2026/
DHS Says ICE Won’t Be At Polling Stations During Midterms,DHS held a call with several state election officials on Wednesday that didn’t assuage concerns about the federal government interfering in the midterms.,newsone.com,2026-02-27,News,,https://newsone.com/6851333/dhs-ice-polling-stations-2026-midterms/
More Than a Moment: What Lawrence Ross Taught Us About Tangible Solidarity,To see a man of Ross’s stature move with such protective love is a reminder of what brotherhood is supposed to look like.,newsone.com,2026-02-27,Opinion,,https://newsone.com/6851373/what-lawrence-ross-taught-about-tangible-solidarity/
What Is Bohemian Grove? Men's Only Secret Society For Ultra-Elite,"Bohemian Grove: Secretive men-only club with alleged high-profile members, linked to political/economic discussions and a controversial ritual.",newsone.com,2026-02-27,News,,https://newsone.com/6851357/what-is-bohemian-grove-mens-only-secret-society-for-ultra-elite/
Trump Administration Withholding $259M In Medicaid Funds From Minnesota,Minnesota has been under Republican scrutiny after it was found that the state’s social services programs had been defrauded by $1 billion.,newsone.com,2026-02-27,News,,https://newsone.com/6851329/trump-admin-withholding-259million-medicaid-funds-minnesota/
Report: ICE Impersonated NYPD To Arrest Columbia University Student,ICE agents showed up to the university-owned apartment where Ellie Aghayeva lives and said they were NYPD officers looking for a missing child.,newsone.com,2026-02-27,Civil Rights &Amp; Social Justice,,https://newsone.com/6851325/ice-impersonated-nypd-arrest-columbia-student/
Trump Wants To Send Ilhan Omar And Rashida Tlaib 'Back Where They Came From.' So...Minnesota And Michigan?,"Trump has repeatedly attacked both Tlaib and Omar, disparaging them and questioning their intelligence because of their ethnic backgrounds.",newsone.com,2026-02-27,News,,https://newsone.com/6851262/trump-wants-ilhan-omar-rashida-tlaib-back-where-they-come-from/
Karen Calls Cops On Black Illinois Senator Who Was Canvassing For Votes,"Ironically, Mike Simmons is currently sponsoring a bill that would make it illegal to call the police on Black people when there is no threat.",newsone.com,2026-02-26,News,,https://newsone.com/6851148/mike-simmons-karen-calls-police-black-man/
"Calling A Black Man The N-Word On Video Is Bad For Business, It Seems","A white man identified as Matt Madere was caught on video calling Marlon Cox, a Black man, the N-word because Cox wouldn’t immediately obey him.",newsone.com,2026-02-26,News,,https://newsone.com/6851163/matt-madere-called-marlon-cox-the-n-word/
Surgeon General Nominee Gives Evasive Answers During Confirmation Hearing,Surgeon General nominee Casey Means didn’t say if she would recommend parents get their children vaccinated for measles despite rising cases.,newsone.com,2026-02-26,News,,https://newsone.com/6851219/surgeon-general-nominee-casey-means-unqualified/
Laura Loomer Calls Obamas 'Anti-White Racists.' Trump Shares Her Post,Laura Loomer went on an unhinged rant on X (formerly Twitter) against Susan Rice as well as Barack and Michelle Obama.,newsone.com,2026-02-26,News,,https://newsone.com/6850921/trump-reposts-laura-loomer-calling-obamas-anti-white-rcists/
Chino XL's Death Revealed As Suicide,"The recent death of rapper Chino XL was determined to have been a suicide, drawing attention to the rate at which Black people are taking their own lives.",newsone.com,2026-02-26,Black News,,https://newsone.com/playlist/notable-black-people-suicide-deaths/
DOJ Withheld Epstein Files Accusing Trump Of Sexually Assaulting A Minor,"According to an NPR report, the DOJ withheld files related to allegations Trump sexually abused a minor in its release of files last month.",newsone.com,2026-02-26,News,,https://newsone.com/6850964/epstein-files-accuse-trump-sexual-assault-minor/
John Cornyn And Ken Paxton Fight Dirty Over US Senate Seat,The gloves have come off between two Texas Republicans fighting for a U.S. Senate seat as John Cornyn and Ken Paxton head into a 10-week runoff.,newsone.com,2026-02-26,Opinion,,https://newsone.com/6851209/john-cornyn-ken-paxton-fight-dirty-over-senate-seat/
3 Children Injured In Newark Car Crash Involving ICE Agents,Immigration and Customs Enforcement agents were reportedly chasing a person who was attempting to flee from them when a three-way crash occurred.,newsone.com,2026-02-26,News,,https://newsone.com/6851240/children-injured-in-newark-car-crash-involving-ice-agents/
Corhonda 'Hooda' Dawson Makes Record-Breaking Scuba Dives,"Corhonda ‘Hooda’ Dawson earned a place in the Guinness World Records and was honored by her hometown of Memphis, Tennessee.",newsone.com,2026-02-25,Good News,,https://newsone.com/6851131/corhonda-hooda-dawson-makes-record-breaking-scuba-dives/
House Bill Would Prevent Jan. 6 Rioters From Receiving Taxpayer Money,"Not satisfied with receiving a blanket pardon from President Donald Trump, many Jan 6 rioters have filed lawsuits against the federal government.",newsone.com,2026-02-25,News,,https://newsone.com/6851127/house-bill-would-stop-jan-6-rioters-receiving-taxpayer-money/
President Trump Sang The Same Old Song During State Of The Union Address,Trump’s State of the Union address did little to address the growing dissatisfaction with his handling of the economy and immigration.,newsone.com,2026-02-25,News,,https://newsone.com/6851032/state-of-the-union-trump-sang-same-song/
2026 Midterms Set To Be Least Competitive Due To Redistricting,The ongoing redistricting efforts have resulted in a midterm election in which only 18 of 435 House seats are competitive.,newsone.com,2026-02-25,Opinion,,https://newsone.com/6851036/2026-midterms-least-competitive-due-to-redistricting/
‘Black People Are Not Apes’ Is Not A Political Strategy,"While Trump continues deploying language that dehumanizes entire communities, the Democratic Party keeps responding with symbolism.",newsone.com,2026-02-25,Opinion,,https://newsone.com/6851062/black-people-are-not-apes-not-political-strategy/
Donald Trump's State Of The Union 2026: Meme-Worthy Moments,"From Rep. Al Green’s “Black People Aren’t Apes” sign and more, here are some notable moments from Trump’s 2026 State of the Union.",newsone.com,2026-02-25,Nation,,https://newsone.com/6851069/trump-2026-state-of-the-union-address-meme-worthy-moments/
Trump's Rambling State Of The Union Was Light On Actual Facts,Any headline that simply reports what he says without any context is complicit in Trump’s charade and doing the country a major disservice.,newsone.com,2026-02-25,Opinion,,https://newsone.com/6851070/fact-checking-donald-trump-state-of-the-union-address/
"Imprisoned Man Died From A Beating, Not A Heart Attack As Claimed",Melvin Cancer died while in custody at Central Mississippi Correctional Facility following “an altercation with correctional officers.”,newsone.com,2026-02-25,Crime,,https://newsone.com/6851122/melvin-cancer-beating-death-central-mississippi-correctional-facility/
Trump Disparages Somali Community During State Of The Union,Trump also took the opportunity to launch into a white nationalist rant about “cultures” — a clear reference to Black and brown foreign cultures.,newsone.com,2026-02-25,Opinion,,https://newsone.com/6851046/trump-calls-somalis-pirates-state-of-the-union/
Jesse Jackson Was The Last Black 'Leader',"A week after the passing of Rev. Jesse Jackson, Corey Richardson addresses the online conversations about the many of us grew up watching.",newsone.com,2026-02-25,News,,https://newsone.com/6851125/jesse-jackson-was-last-black-leader/
Why Black People Don’t Have To Accept The Apology Or The Gaslighting,"The cultural conversation has pivoted, and suddenly the white man is the fragile one while Black anger and side-eye are the problem.",newsone.com,2026-02-24,News,,https://newsone.com/6850861/black-people-dont-have-accept-john-davidson-apology/
Trump Rescinds Biden Order Tracking Misconduct Of Federal Officers,The original order was put in place to prevent police officers with documented misconduct from finding new jobs at different agencies.,newsone.com,2026-02-24,News,,https://newsone.com/6850857/trump-rescinds-order-tracking-misconduct-federal-officers/
Maryland Redistricting Effort Stalls Out Due To Lack Of Senate Votes,Maryland Senate President Bill Ferguson refused to put redistricting to a vote due to a lack of support and concerns over potential legal action.,newsone.com,2026-02-24,Opinion,,https://newsone.com/6850908/lack-senate-voters-stalls-maryland-redistricting/
Coast Guard Investigating Swastika Found In Training Facility,The incident comes after the Coast Guard stoked controversy for temporarily removing swastikas from its list of hate symbols late last year.,newsone.com,2026-02-24,News,,https://newsone.com/6850943/coast-guard-investigating-swastika-found-training-facility/
2026 State of the Union Data Shows Trump At Odds With Reality,Want to save yourself the trouble of listening to Trump’s propaganda campaign? Tune in to the People’s State of the Union and watch the official responses.,newsone.com,2026-02-24,Opinion,,https://newsone.com/6850949/2026-state-of-the-union-data-shows-trump-at-odds-with-reality/
DOJ Misspells NJ Governor's Name Several Times In Lawsuit,The lawsuit filed by the DOJ seeks to overturn Gov. Mikie Sherrill’s executive order limiting ICE presence on state property.,newsone.com,2026-02-24,News,,https://newsone.com/6850952/doj-misspells-mikie-sherrill-name-several-times-lawsuit/
Trump’s Policies Hurt Black America – And Everyone Else,"Trump has paired economic attacks with a determined effort to control how Americans think about race, history, and identity.",newsone.com,2026-02-24,Opinion,,https://newsone.com/6850971/trump-policies-hurt-black-america-everyone-else/
State Of The Union 2026: This Man Be Lying Edition,"As Donald Trump speaks to a joint session of Congress on Tuesday, Feb. 24, 2026, NewsOne is here to provide live updates on his speech.",newsone.com,2026-02-24,Opinion,,https://newsone.com/6850995/state-of-the-union-2026-live-updates-from-newsone/
Tourette's Tic Blamed For The N-Word Yelled During BAFTAs,The incident was treated less like a racial harm event that happened to two Black men and more like a “disruption” that happened to the show.,newsone.com,2026-02-23,Entertainment,,https://newsone.com/6850753/tourettes-tic-blamed-nword-being-yelled-baftas/
‘Freedom Table With Rashad Robinson’ Discusses Trump’s Attacks On DEI,Rashad Robinson and guests examine the impact of Trump’s executive orders targeting DEI and making everyone “afraid to do anything Black.”,newsone.com,2026-02-23,Freedom Table,,https://newsone.com/6850761/freedom-table-rashad-robinson-discusses-trump-attacks-dei/
Man Found Hanging In Fair Oaks Park Identified As 21-Year-Old Kyle Bassinga,"Black people, are, once again, left with more questions than answers regarding a pattern of Black people found hanging across the country.",newsone.com,2026-02-23,News,,https://newsone.com/6850764/kyle-bassinga-found-haning-fair-oaks-park/
VA Walks Back Rule That Could’ve Reduced Benefits For Disabled Vets,The Department of Veterans Affairs received widespread criticism for introducing a rule that could reduce financial aid for disabled vets.,newsone.com,2026-02-23,News,,https://newsone.com/6850767/va-walks-back-rule-reducing-benefits-disabled-vet/
Trump’s Foreign Policy Talking Points Have No Place In Black Pulpits,"Black church leaders rightly criticized Trump for his actions, but the rhetoric coming from some Black pulpits is concerning.",newsone.com,2026-02-23,International,,https://newsone.com/6850784/trump-foreign-policy-talking-points-black-church/
"After BAFTA N-Word Controversy, A Black Woman With Tourette’s Offers Crucial Context","BAFTA controversy shines light on intersections of race, disability, and accountability in media responses.",newsone.com,2026-02-23,Nation,,https://newsone.com/6850785/black-woman-with-tourettes-offers-context-to-bafta-incident/
Social Security Trust Estimated To Run Out Even Earlier Than Expected,The revised projection for Social Security’s “go-broke” date comes as the Congressional Budget Office estimates higher inflation in the coming years.,newsone.com,2026-02-23,News,,https://newsone.com/6850800/social-security-estimated-run-out-earlier-than-expected/
White NYC Professor Claims Racist Remarks Were Taken Out Of Context,"Allyson Friedman, a professor at Hunter College, was virtually attending a Community Education Council meeting when she made the remarks.",newsone.com,2026-02-23,News,,https://newsone.com/6850798/white-professor-claims-racist-remarks-taken-out-context/
"C-SPAN Says No, Trump Did Not Call In Pretending To Be John Barron","As many on social media have pointed out, John Barron is a name Trump has used in the past to speak with the media regarding himself.",newsone.com,2026-02-23,News,,https://newsone.com/6850820/cspan-donald-trump-did-not-call-as-john-barron/
Black Granny Kissing Trump During A BHM Celebration Was a Mammy Moment,"In a month meant to honor resistance to white supremacy, a Black elder publicly cradled one of the most visible modern avatars of racism.",newsone.com,2026-02-21,News,,https://newsone.com/6850723/black-granny-kissing-trump-forlesia-cook-mammy-moment/
Texas Universities Going All In On Censorship And Anti-DEI Policies,"The racism and disrespect are real in Texas, as the University of Texas adopted policies rooted in anti-Blackness and authoritarian control.",newsone.com,2026-02-20,News,,https://newsone.com/6850655/texas-universities-censorship-anti-dei-policies/
Trump Says SCOTUS Justices Who Ruled Against Tariffs Are 'Disloyal',The nine Supreme Court justices voted 6-3 in favor of a ruling that Trump exceeded his authority when imposing sweeping tariffs.,newsone.com,2026-02-20,News,,https://newsone.com/6850671/supreme-court-strikes-down-trumps-tariff-agenda/
Federal Judge Orders DHS To Provide Hearings For Detained Immigrants,"The federal judge who issued the ruling also accused ICE of committing “unlawful, wanton acts,” and called DHS’s actions “shameful.”",newsone.com,2026-02-20,News,,https://newsone.com/6850610/judge-orders-dhs-provide-hearings-detained-immigrants/
Black History Month: What Is Liberty To African Americans?,"For many Black people, the ability to go where they wanted, when they wanted, and on their own dime became a measure of their liberation.",newsone.com,2026-02-20,Life Liberty And The Pursuit Of Happiness,,https://newsone.com/6850619/black-history-month-what-is-liberty-to-african-americans/
"Polls Show Canada Really Hates Trump's 'America.' Well, Same, Canada. Same","We’re right there with you, our fine Canadian friends. We hate the way things are going in the United States right now, too.",newsone.com,2026-02-20,News,,https://newsone.com/6850547/polls-show-canada-hates-trumps-america/
Trump Administration Wants To Join Lawsuit Against LA School District,The lawsuit “targets a decades-old effort to combat the harms of segregation without requiring families to attend integrated schools.”,newsone.com,2026-02-20,News,,https://newsone.com/6850607/trump-administration-wants-to-join-lawsuit-against-lausd/
Why What's Happening At Texas Colleges Matters For HBCUs,A federal court ruling striking down the Education Department’s DEI directive shows exactly why consolidation has become the preferred tactic.,newsone.com,2026-02-20,Education,,https://newsone.com/6850658/whats-happening-texas-colleges-matters-for-hbcus/
New Poll Indicates Most Americans Think Trump Is Doing A Bad Job,The poll also revealed that 57% of adults strongly or somewhat disapprove of Trump’s handling of the Jeffrey Epstein case.,newsone.com,2026-02-20,News,,https://newsone.com/6850654/poll-trump-doing-bad-job-cruel-corrupt-racist/
Judge Blocks Voter Referendum For Virginia Redistricting,"Should the restraining order withstand appeal, the ruling would effectively end Virginia Democrats’ bid to redistrict the state’s congressional maps.",newsone.com,2026-02-20,News,,https://newsone.com/6850684/judge-blocks-voter-referendum-virginia-redistricting/
SAVE America Act Is Republicans' Next Ploy To Steal The Midterms,"Republicans have introduced two bills aimed at making voting significantly harder for Black people, naturalized citizens, and women.",newsone.com,2026-02-19,Opinion,,https://newsone.com/6850464/save-america-act-republican-ploy-steal-midterms/
What Reverend Jesse Jackson Means To Me And The Still Unfinished Movement,"Rev. Jackson taught us that progress happens because people organize, apply pressure, and refuse to accept second-class citizenship as permanent.",newsone.com,2026-02-19,News,,https://newsone.com/6850467/what-reverand-jesse-jackson-means-to-me/
"Florida Rep. Randy Fine Says He Prefers Dogs To Muslims, Now Faces Calls For His Resignation","In a post on X, Randy Fine wrote, “If they force us to choose, the choice between dogs and Muslims is not a difficult one.”",newsone.com,2026-02-19,News,,https://newsone.com/6850410/florida-rep-randy-fine-prefers-dogs-to-muslims/
Judge Declares Mistrial In Case Against Texas Anti-ICE Protesters,The judge in the case objected to a shirt worn by one of the defense attorneys which contained images of Civil Rights Movement leaders.,newsone.com,2026-02-19,Civil Rights &Amp; Social Justice,,https://newsone.com/6850439/mistrial-declared-case-against-anti-ice-protesters/
Trump Celebrates BHM By Calling On Black MAGA To Sing His Praises,"On Wednesday, Donald Trump invited his Black MAGA friends to the East Room at the White House so they could tell everyone how cool he is.",newsone.com,2026-02-19,News,,https://newsone.com/6850484/trump-celebrates-black-history-month-black-maga-sing-praises/
Arrest Made In Case Of Black USPS Mail Carrier Gunned Down In Georgia,"Dequavious “Quay” Graves was gunned down Feb. 12 while delivering mail on his postal route in Dekalb County, Georgia.",newsone.com,2026-02-19,Nation,,https://newsone.com/6850512/arrest-made-killing-black-usps-mail-carrier-georgia/
Everything We Know About The Potomac Sewage Spill,"The Potomac Interceptor pipeline broke in January, spilling millions of gallons of wastewater during the first five days of the spill.",newsone.com,2026-02-19,News,,https://newsone.com/6850564/everything-we-know-about-potomac-sewage-spill/
21-Year-Old's Body Found In Wooded Area Of Georgia Park,"The unidentified 21-year-old man was found on February 14 in Fair Oaks Park in Marietta, Georgia, northwest of the city of Atlanta.",newsone.com,2026-02-19,News,,https://newsone.com/6850568/body-found-fair-oaks-park-atlanta-marietta/
Judge Gives Trump Administration Until Friday To Restore Slavery Exhibit,"Over the last year, the Trump administration has made a concerted effort to remove Black history exhibits from national parks and monuments.",newsone.com,2026-02-19,News,,https://newsone.com/6850577/trump-admin-must-restore-slavery-exhibit-by-friday/
DHS Spokeswoman Tricia McLaughlin Is Out As MAGA Turmoil Continues,Tricia McLaughlin’s departure comes at a time when DHS is suffering from a PR nightmare following very high-profile shootings involving ICE.,newsone.com,2026-02-19,News,,https://newsone.com/6850365/maga-turmoil-tricia-mclaughlin-out-as-dhs-spokesperson/
FBI Uncooperative With State Law Enforcement In Pretti Investigation,The FBI also refused to cooperate with Minnesota’s Bureau of Criminal Apprehension to investigate the shooting death of Renee Good by an ICE agent.,newsone.com,2026-02-18,News,,https://newsone.com/6850355/fbi-uncooperative-with-state-alex-pretti-investigation/
New Lawsuit Filed Over Removal Of Exhibits At National Parks,"A lawsuit against the Trump administration Tuesday accuses it of trageting displays related to racism and slavery, sexism, LGBTQ+ rights, Indigenous communities, and climate change.",newsone.com,2026-02-18,News,,https://newsone.com/6850325/new-lawsuit-filed-over-removal-of-exhibits-at-national-parks/
DCHA: Budget Limits Its Ability To Address Resident Safety Complaints,"Budget uncertainty and D.C.’s heavily privatized housing system limit how much DCHA can intervene in long-running resident complaints, according to officials and residents.",newsone.com,2026-02-18,Bison One Newsroom,,https://newsone.com/6850394/dcha-budget-limits-ability-address-safety-complaints/
Le[e]gal Brief: Rev. Jesse Jackson Showed Us We Were Somebody,"This week’s Le[e]gal Brief honors the life and legacy of Rev. Jesse Jackson, a man who turned his “faith into a form of diplomacy.”",newsone.com,2026-02-18,Le[E]Gal Brief With Lee Merritt,,https://newsone.com/6850381/leegal-brief-rev-jesse-jackson-showed-us-we-were-somebody/
Towing Co. To Pay Black Workers Booted During Pandemic $30K,David Jewel Satterfield is accused of using his two Charlotte-based towing companies to target Black drivers during the pandemic.,newsone.com,2026-02-18,News,,https://newsone.com/6850282/towing-company-paying-black-people-booted-during-pandemic/
Community Reacts To Death Of Beloved Teacher Linda Davis,"Community members are mourning Dr. Linda Davis, a Chatham County special education teacher who was killed during an ICE arrest.",newsone.com,2026-02-18,Nation,,https://newsone.com/6850337/linda-davis-death-georgia-community-reacts/
Georgia Schoolteacher Linda Davis Killed In Collision Involving ICE,Georgia Schoolteacher Linda Davis Killed In Crash By Man Fleeing ICE,newsone.com,2026-02-18,Nation,,https://newsone.com/6850323/georgia-teacher-linda-davis-killed-ice-crash/
FAA Shut Down El Paso Airspace To Fire A Laser At Party Balloons,The FAA originally said that the 10-day shutdown was declared after cartel drones were spotted in the airspace around the El Paso airport.,newsone.com,2026-02-17,News,,https://newsone.com/6850211/faa-shut-down-el-paso-airspace-fire-laser-balloons/
Trump Predictably Makes Jesse Jackson's Death All About Himself,The president of people who think Bad Bunny should be deported used Jesse Jackson’s death as a moment to “clear” himself of racism allegations.,newsone.com,2026-02-17,News,,https://newsone.com/6850252/trump-makes-jesse-jackson-death-about-himself/
"Perspective: Without Jesse Jackson, There Is No Barack Obama",Jesse Jackson did not just run for president in 1984 and 1988; he rewired the political imagination of this country.,newsone.com,2026-02-17,News,,https://newsone.com/6850302/without-jesse-jackson-there-no-barack-obama/
"As Black History Faces Erasure, 1619-Inspired Exhibit Lands In Nation’s Capital","Launched on January 16, 2026, the exhibition features artworks from individuals of all ages, exploring themes of freedom and resistance.",newsone.com,2026-02-17,Bison One Newsroom,,https://newsone.com/6850265/black-history-1619-inspired-exhibit-washington-dc/
"Now, Even The Word ‘Black’ Is Controversial In Black History",A recent situation with Florida A&M University highlights the pressure HBCUs are under with the Trump administration’s blatant anti-Blackness.,newsone.com,2026-02-17,News,,https://newsone.com/6850255/the-word-black-controversial-black-history/
Jesse Jackson’s Campaigns Offer Blueprint For Defeating US Extremism,Jackson’s rebuke of the Reagan administration offers a clear framework for challenging political extremism and economic exploitation today.,newsone.com,2026-02-17,Civil Rights &Amp; Social Justice,,https://newsone.com/6850237/jesse-jackson-blueprint-defeating-american-extremism/
Judge: Trump Administration Must Restore Slavery Exhibit In Philadelphia,Senior Judge Cynthia M. Rufe ordered the Park Service to restore the exhibit to the way it was on Jan. 21 before the Trump admin changed it.,newsone.com,2026-02-17,News,,https://newsone.com/6850210/trump-admin-must-restore-slavery-exhibit-philadelphia/
Don Lemon Pleads Not Guilty To Charges Related To Church Protest,"Don Lemon was arrested after observing a protest against a church pastor in St. Paul, Minnesota, who is also an ICE field director.",newsone.com,2026-02-17,News,,https://newsone.com/6843352/don-lemon-pleads-not-guilty-to-church-protest-charges/
Charges Dropped Against Venezuelan Man Shot By ICE Agent In Minnesota,ICE Director Todd Lyons announced on Friday that his agency would be working with the Department of Justice to investigate the shooting.,newsone.com,2026-02-17,News,,https://newsone.com/6843219/charges-dropped-against-venezuelan-man-shot-by-ice-agent-in-minnesota-government-investigates-agents-over-alleged-lies-about-shooting/
Civil Rights Leader Jesse Jackson Dies At 84,Rev. Jesse Jackson has spent the last six decades advocating for equal rights and economic justice for low-income Black communities.,newsone.com,2026-02-17,Civil Rights &Amp; Social Justice,,https://newsone.com/6616532/civil-rights-leader-jesse-jackson-dies-at-84/
All The Black Presidents We Could’ve Had In 'America',"Because of the illusion of whiteness as a synonym for American, we’ve had a long and storied tradition of voting exclusively for white men in almost every presidential election.",newsone.com,2026-02-16,Opinion,,https://newsone.com/6850050/black-presidents-america-could-have-whiteness/
Trust In CDC Falling Under HHS Secretary Robert F. Kennedy Jr.,"HHS Secretary Robert F. Kennedy Jr. has brought his anti-vaccine stance to the CDC, with many experts criticizing him for not following the science.",newsone.com,2026-02-16,News,,https://newsone.com/6850007/trust-in-cdc-falling-under-hhs-secretary-robert-f-kennedy-jr/
New Getty Exhibit Explores Legacy of Black Arts Movement,“Photography and the Black Arts Movement” explores the role of visual art at a time when Black culture is increasingly under attack.,newsone.com,2026-02-14,Art &Amp; Design,,https://newsone.com/6843959/new-getty-exhibit-explores-black-arts-movement/
A Financial Guide For Black Families Eyeing Generational Wealth,"No matter what stage you’re in on the journey towards generational wealth, we’ve gathered tips that all Black families can utilize for help.",newsone.com,2026-02-14,Best In Black,,https://newsone.com/6774924/building-generational-wealth-black-families-financial-guide/
Lawyers For Chicago Woman Shot By Border Patrol Threaten Civil Rights Lawsuit,"Marimar Martinez was shot five tines by a Border Patrol agent in Chicago in October, and DHS did its usual job of blaming the victim.",newsone.com,2026-02-13,News,,https://newsone.com/6840894/lawyers-marimar-martinez-threaten-civil-rights-lawsuit/
Trump Continues To Struggle To Explain Away His Racist Obama Ape Video,"The president provided additional context for the video after being asked about again on Thursday, saying it was about voter fraud.",newsone.com,2026-02-13,News,,https://newsone.com/6842959/trump-tries-explain-away-racist-obama-ape-video/
EPA Rescinds Ruling Allowing Government To Regulate Greenhouse Gases,"The “endangerment finding” was a landmark ruling during President Barack Obama’s first term, allowing the EPA to strengthen emissions standards.",newsone.com,2026-02-13,Nation,,https://newsone.com/6843073/epa-rescinds-ruling-allowing-greenhouse-gas-regulation/
"On Tiffany Woods, Disaster, Displacement, And Life Without Parole",Tiffany Woods was a young Black mother in New Orleans caring for a medically fragile baby with very little support.,newsone.com,2026-02-13,News,,https://newsone.com/6843116/tiffany-woods-disaster-displacement-life-without-parole/
Show The Middle-Aged Black Man In Your Life Real Love This Valentine’s Day,"If you’re looking to show the Black man in your life some love this Valentine’s Day, let’s take a different tack.",newsone.com,2026-02-13,Opinion,,https://newsone.com/6843003/show-middle-aged-black-man-love-valentines-day/
SAVE And MEGA Acts Could Help Trump Take Over Our Elections,"Lede The fact that election administration, real integrity, and security could be affected is a feature, not a bug. It’s a poll tax on steroids.",newsone.com,2026-02-13,Opinion,,https://newsone.com/6842988/save-mega-acts-help-trump-take-over-elections/
2 Dead After South Carolina State University Shooting: Here's What We Know,A shooting at South Carolina State University on Feb. 12 prompted an immediate campus lockdown and left two dead and one injured.,newsone.com,2026-02-13,Black News,,https://newsone.com/6842709/two-dead-after-south-carolina-state-university-shooting/
On Black College Football Players And Freedom,We are living in an age where Black college football players are finally free from being exploited by institutions and have the right to decide who to play for and why.,newsone.com,2026-02-13,Football,,https://newsone.com/6840309/black-college-football-players-freedom/
ICE And Border Patrol Heads Evasive During Senate Hearing,"Todd Lyons, the acting head of ICE, said he wouldn’t deploy ICE to polling stations if Trump asked him to do so, so there’s that, I guess?",newsone.com,2026-02-13,News,,https://newsone.com/6842826/ice-border-patrol-heads-evasive-senate-hearing/
Trump Admin Has Pride Flag Removed From NYC's Stonewall Monument,The Trump administration seems determined to erase anything and anyone who doesn’t represent cis-hetero whiteness.,newsone.com,2026-02-12,Nation,,https://newsone.com/6838231/trump-admin-pride-flag-removed-from-stonewall-monument/
Trump Posts Videos With Black Celebrities To Prove He's Not Racist,Nothing says “I’m not racist; I have Black friends” than a video of you posing with a bunch of people you don’t even care baout anyway.,newsone.com,2026-02-12,News,,https://newsone.com/6838356/trump-posts-videos-with-black-celebs-prove-not-racist/
DHS Hires Apparent White Nationalist As Communications Director,"Peyton Rollins, DHS’s new communications director, frequently parrots white nationalist talking points in posts for the Labor Department.",newsone.com,2026-02-12,News,,https://newsone.com/6840281/dhs-hires-white-nationalist-communications-director/
Mother Demands Justice After Indianapolis Cop Threatens To 'Kill' Black Teen During Traffic Stop,Teen’s traffic stop encounter with police officer raises concerns; family seeks accountability and full body cam footage release.,newsone.com,2026-02-12,Black News,,https://newsone.com/6840282/trevion-taylor-indianapolis-cop-threaten-to-kill-black-teen/
"Pam Bondi Slings Insults, Throws Tantrums During House Judiciary Hearing",Pam Bondi appeared to look away as Epstein victis stood and raised their hands to say they felt ignored by her and the U.S. Department of Justice.,newsone.com,2026-02-12,Nation,,https://newsone.com/6840069/pam-bondi-misbehaves-house-judiciary-meeting/
Funny How It Became ‘Revolutionary’ When A White Skater Did A Backflip A Black Woman Mastered Decades Ago,Surya Bonaly performed an “illegal” backflip in which she landed on the blade of one skate in the 1998 Nagano Winter Olympics.,newsone.com,2026-02-12,Opinion,,https://newsone.com/6840590/surya-bonaly-backflip-ice-skating/
Surya Bonaly: Why Her Name Is Important In This Moment,Surya Bonaly became a sports icon during the 1998 Winter Olympics after landing the then-banned backflip during her figure skating routine.,newsone.com,2026-02-12,Athletes,,https://newsone.com/6840675/surya-bonaly-important-name-ice-skating-moment/
"ICE Occupation In Minneapolis Coming To An End Soon, Says Tom Homan",Border Czar Tom Homan said Thursday that President Trump “agreed” to end what has been a contentious and deadly immigration enforcement effort.,newsone.com,2026-02-12,News,,https://newsone.com/6840547/ice-occupation-minneapolis-ending-soon-tom-homan/
Gene Simmons Says Rap Doesn't Belong In The Rock Hall Of Fame,"Fun fact: Since the RRHOF inducted its first batch of artists in 1986, every single group of inductees has included non-rock artists.",newsone.com,2026-02-12,Music,,https://newsone.com/6840712/gene-simmons-rap-doesnt-belong-rock-hall-fame/
North Carolina Primaries Show Cracks In Republican Party,"Phil Berger, president pro tempore of the North Carolina state Senate, is facing a tight primary race that has huge ramifications for the GOP.",newsone.com,2026-02-12,Nation,,https://newsone.com/6840833/north-carolina-primaries-show-cracks-in-republican-party/
Mother Whose Infant Died After Drinking Cow's Milk During Hurricane Katrina Denied Parole,Tiffany Woods denied parole for infant son’s death after feeding him cow’s milk during Hurricane Katrina crisis.,newsone.com,2026-02-11,Nation,,https://newsone.com/6837928/tiffany-woods-denied-parole-katrina-infant-died/
Beware Of The Black Chaos Agents Here To Sow Discord,There are Black chaos agents who feed into Black social media algorithms their own brand of misinformation that would leave the FBI of the ’60s feeling vindicated.,newsone.com,2026-02-11,News,,https://newsone.com/6837877/beware-black-chaos-agents-here-sow-discord/
GOP Congressman Wants To Investigate Bad Bunny's Halftime Show,Rep. Andy Ogles of Tennessee sent a letter demanding an inquiry into the NFL and NBCUniversal over Bad Bunny’s halftime show.,newsone.com,2026-02-11,Nation,,https://newsone.com/6837955/andy-ogles-bad-bunny-super-bowl-halftime-show-investigation/
"In A Time Of Conflict, A 2,300-Mile Walk For Peace Arrives In The Nation’s Capital","Buddhist monks arrived in the nation’s capital this week, after walking 2,300 miles from Fort Worth, Texas, completing their “Walk for Peace.”",newsone.com,2026-02-11,Bison One Newsroom,,https://newsone.com/6838461/2300-mile-walk-for-peace-arrives-nation-capital/
Questions Arise After FAA Abruptly Closes Then Reopens El Paso Airport,"The Federal Aviation Administration has given inconsistent accounts of what led to its brief, 10-day shutdown of El Paso airspace.",newsone.com,2026-02-11,Nation,,https://newsone.com/6837822/why-did-faa-abruptly-close-reopen-el-paso-airport/
Faith On 4 Wheels: What I Learned Riding Through Trenton With A Pastor Who Refuses To Look Away,"For Pastor Mark Broach in Trenton, New Jersey, service isn’t about perfect conditions; it is about showing up anyway.",newsone.com,2026-02-11,Bison One Newsroom,,https://newsone.com/6837829/what-learned-riding-with-pastor-who-refuses-look-away/
Autoworker Who Called Trump 'Pedophile Protector' Keeps Job,"TJ Sabula. a Ford autoworker, was suspended after the incident, will now keep his job with no discipline on his record.",newsone.com,2026-02-11,Nation,,https://newsone.com/6835763/ford-auto-worker-tj-sabula-who-called-trump-pedophile-protector-keeps-job/
"MAGA Wants Bad Bunny, A US Citizen, Deported For Halftime Show","Bad Bunny was born in Puerto Rico, a territory of the United States. Since 1917, people born on the island are recognized as citizens.",newsone.com,2026-02-11,News,,https://newsone.com/6835752/maga-wants-bad-bunny-deported-for-halftime-show/
No Indicment For Dems Who Advised Troops To Refuse 'Illegal Orders',A federal grand jury declined to approve criminal charges against Sen. Mark Kelly and the other five Democratic lawmakers whom Trump accused of “seditious behavior.”,newsone.com,2026-02-11,Nation,,https://newsone.com/6837609/no-indictment-dems-advised-troops-refuse-illegal-orders/
Black Americans: Pay Attention To The ICE Raids In Oklahoma,What is happening in Oklahoma is a reminder that this country has never built an enforcement system that stayed confined to its original target.,newsone.com,2026-02-10,National,,https://newsone.com/6835263/black-americans-pay-attention-ice-raids-oklahoma/
"At Least 50 Arrested During Anti-ICE Protest Outside Federal Building In Minnesota, As Twin Cities Resistance Continues","The Hennepin County Sheriff’s Office says that while “many individuals” protested peacefully, “some agitators” hurled chunks of ice at agents.",newsone.com,2026-02-10,Nation,,https://newsone.com/6833268/at-least-50-arrested-during-anti-ice-protest-minnesota/
Celebrate Black History Month Like It’s Going Out Of Style,"With this administration, anything is possible. Black History Month could be on the chopping block, and Juneteenth may be, too",newsone.com,2026-02-10,National,,https://newsone.com/6835298/celebrate-black-history-month-like-going-out-style/
Federal Judge Blocks California’s Mask Ban Targeting ICE Agents,"After the shooting deaths of Renee Good and Alex Pretti, state and federal legislators have moved to curb ICE’s tactics and use of face masks.",newsone.com,2026-02-10,Nation,,https://newsone.com/6835749/judge-blocks-california-mask-ban-targeting-ice-agents/
The Cost of Treating Black Men’s Health Like a Joke,Black men deserve health care that feels safe and affirming with doctors who listen and systems that protect them.,newsone.com,2026-02-10,Health,,https://newsone.com/6835329/cost-treating-black-men-health-like-joke/
Megyn Kelly's Crashout Over Bad Bunny Is White Nationalism,"Are these people mad about Spanish, or are they upset because the show was an indicator white nationalism is losing its grip on “American” culture?",newsone.com,2026-02-10,Entertainment,,https://newsone.com/6835151/megyn-kellys-crashout-over-bad-bunny-white-nationalism/
Bad Bunny's Super Bowl Performance Bridges Culture And Politics,Benito Bowl was a cultural celebration grounded in the shared experience and history of marginalized people in the United States.,newsone.com,2026-02-10,Entertainment,,https://newsone.com/6835475/bad-bunny-super-bowl-performance-bridges-culture-politics/
Turning Point Halftime Show Viewership Was Another 'Patriots' Loss,"MAGA fans preferred a washed-up bigot over Bad Bunny’s epic halftime show, but viewership numbers show they’re losing the ‘culture war’.",newsone.com,2026-02-10,Entertainment,,https://newsone.com/6835521/turning-point-halftime-show-viewership-patriots-loss/
"Bomb Threats Targeting Haitians Close Schools, County Offices In Ohio","This is the second time in two years that Springfield, Ohio’s Haitian immigrant community has been the subject of hoax bomb threats.",newsone.com,2026-02-10,News,,https://newsone.com/6835777/bomb-threats-targeting-haitians-close-schools-county-offices-in-ohio/
Seattle Seahawks Win Super Bowl LX As Fans Label It The Most Boring Ever,"The Seattle Seahawks claimed a defense-dominated Super Bowl LX victory over the New England Patriots, winning 29–13.",newsone.com,2026-02-09,Sports,,https://newsone.com/6831918/seattle-seahawks-super-bowl-lx-boring-reactions/
"Bad Bunny Dances His Way Through Halftime Show With Vibes, Symbolism And Unity","Bad Bunny turned the Super Bowl halftime show into a Puerto Rican–inspired cultural spectacle, and a deeper message that social media loved.",newsone.com,2026-02-09,Entertainment,,https://newsone.com/6831689/bad-bunny-halftime-show-reactions/
FAMU Law Student Told Not To Include 'Black' In BHM Flyers,Aaliyah Steward said she was told by FAMU that she had to abbreviate Black History Month so that the word “Black” wasn’t visible.,newsone.com,2026-02-09,News,,https://newsone.com/6832619/famu-law-student-told-not-include-black-in-bhm-flyers/
One Vote: Urban One Launches 2026 Election Initiative,"Urban One will launch the One Vote – Represent The Vote, a multimedia campaign that will be broadcast on all Urban One, Inc. assets.",newsone.com,2026-02-09,Politics,,https://newsone.com/4942200/election-2026-urban-one-new-initiative-empower-black-voters/
FAMU Responds: Student Told Not To Use 'Black' On BHM Flyers,"FAMU president Marva Johnson, J.D. and Interim Dean of the College of Law Cecil Howard released statements in response to the news reports.",newsone.com,2026-02-09,News,,https://newsone.com/6833115/famu-responds-student-told-not-use-black-bhm-flyers/
Le[e]gal Brief With Lee Merritt: Can ICE Interfere With Elections?,"This week’s Le[e]gal Brief examines how ICE violated Alex Pretti’s constitutional rights, and the ways the agency may be used during the midterms.",newsone.com,2026-02-09,Le[E]Gal Brief With Lee Merritt,,https://newsone.com/6832910/leegal-brief-can-ice-interfere-with-elections/
"Benito Bowl: The Love, Beauty And Success Of The Spectacle Can't Be Denied","Despite all the hate from MAGA, Bad Bunny’s Super Bowl performance was a brilliant example of how performance can be turned into resistance.",newsone.com,2026-02-09,Entertainment,,https://newsone.com/6832934/benito-bowl-success-specitacle-cant-be-denied/
Less Than 14% Of ICE Arrests Have Violent Criminal Histories,"In 2025, ICE tripled the number of arrests it made from the year before. Of the nearly 400,000 people detained, 40% had no criminal record.",newsone.com,2026-02-09,Nation,,https://newsone.com/6833348/less-than-14-percent-ice-arrests-have-violet-criminal-histories/
"In The Face Of Threats, Black Women Continue To Show Up","Black women’s vital role in social change often goes unrecognized, but their leadership and activism continue to drive progress.",newsone.com,2026-02-09,National,,https://newsone.com/6833511/in-face-of-threats-black-women-continue-show-up/
"Why Gen Z College Students Are Crocheting, And Why It Hits Different At An HBCU",In The Loop HU is a student crocheting club founded by Jala Wallace and Milan Zeigler during their sophomore year in 2023.,newsone.com,2026-02-08,Bison One Newsroom,,https://newsone.com/6826095/gen-z-hbcu-students-crocheting/
Virginia's Proposed Congressional Map Gives Dems 10-1 Advantage,The fate of Virginia’s redistricting effort is uncertain after a judge ruled last week that the redistricting process was illegitimate.,newsone.com,2026-02-08,Nation,,https://newsone.com/6828423/virginia-congressional-gives-dems-midterm-advantage/
Sen. Tim Scott Copes With Finally Realizing His MAGA Daddy Is 'Racist',"Tim Scott has been one of Donald Trump’s loudest supporters, yet even he had an adverse reaction to Trump’s video depicting the Obamas as apes.",newsone.com,2026-02-07,News,,https://newsone.com/6826002/sen-tim-scott-copes-with-finally-realizing-his-maga-daddy-is-racist/
Arkansas State Scandal: Student Racism Incidents Go Viral,"Last week, a Black female ASU student was called the n-word by her dormitory RA, and another student had a swastika drawn on their back.",newsone.com,2026-02-07,News,,https://newsone.com/6825811/arkansas-state-scrambles-as-incidents-involving-racial-slurs-and-swastikas-go-viral/
Trump Posted His Obama Ape Video. The Power Move Is Laughing At Him,"Dr. Stacey Patton writes, “I’m not doing Racism History 101 every time somebody posts a monkey, banana, watermelon, or jungle meme.”",newsone.com,2026-02-06,News,,https://newsone.com/6826311/trump-posted-obama-ape-video-power-move-laughing-at-him/
"Rev. Osagyefo Sekou’s Son, Gabriel Sekou, Found Safe","Gabriel Sekou was last seen on the morning of February 6 in St. Louis. He was wearing red pants, a blue hoodie, and might be in a manic state.",newsone.com,2026-02-06,Nation,,https://newsone.com/6826126/rev-osagyefo-sekous-son-gabriel-sekou-is-missing-in-st-louis/
Marsha Blackburn Attacks SCOTUS Justice KBJ For Attending The Grammys,"Unlike the head of the current administration and many of his fans, Ketanji Brown Jackson understands the rules governing her position.",newsone.com,2026-02-06,Nation,,https://newsone.com/6826071/marsha-blackburn-attacks-justice-ketanji-brown-jackson-for-attending-grammys/
A Timeline Of Donald Trump's Insults Against Barack Obama,"Trump’s racist attacks on Obama, including birtherism and mocking memes, continued for over a decade despite bipartisan condemnation.",newsone.com,2026-02-06,News,,https://newsone.com/6825925/donald-trump-insults-barack-obama-timeline/
DC’s New Initiatives Address Longstanding Health Disparities,"While recent policy shifts and healthcare initiaties aim to address inequities, questions remain about their efficacy and reach.",newsone.com,2026-02-06,Bison One Newsroom,,https://newsone.com/6826033/new-initiatives-address-longstanding-health-disparities-washington-dc/
"Nashville Republicans Blame DEI For Winter Storm Power Outages. No, Seriously","Two people have died, and an estimated 6,000 people are still without power in Nashville, after a devastating winter storm.",newsone.com,2026-02-06,Nation,,https://newsone.com/6825917/nashville-republicans-blame-dei-winter-storm-power-outages/
Supreme Court Allows California To Use Redrawn Map In Midterms,"California held a special election in November, in which voters approved a redistricting measure that neutralizes the Texas congressional map.",newsone.com,2026-02-06,Nation,,https://newsone.com/6825810/scotus-allows-california-use-redrawn-map-midterms/
Burst Pipe Leads To Howard University Dining Hall Shutdown,The Bethune Annex Café shutdown comes amid broader worries about food access that have been building since the start of the 2025 academic year.,newsone.com,2026-02-06,Bison One Newsroom,,https://newsone.com/6825757/burst-pipe-leads-howard-university-dining-hall-shutdown/
Donald Trump Shares Racist Depiction Of The Obamas As Apes,"This isn’t the first time Donald Trump has shared dumb, racist, and immature AI videos of his political “rivals” on social media.",newsone.com,2026-02-06,News,,https://newsone.com/6825359/donald-trump-shares-racist-depiction-of-obamas-as-apes/
Polls Continue To Show Majority Of Americans Disapprove Of ICE,Separate polls find that most Americans disapprove of ICE’s tactics and believe Kristi Noem should be removed from her job.,newsone.com,2026-02-06,Nation,,https://newsone.com/6823588/polls-show-majority-americans-disapprove-ice-trump-administration/
How Black History Month Changed America,"Black History Month transformed America by restoring hidden histories, shaping education, and empowering Black communities.",newsone.com,2026-02-05,Black History,,https://newsone.com/6823271/how-black-history-month-changed-america/
Trump's EEOC Investigates Nike Over Vague Anti-White Discrimination Claims,"Trump-appointed EEOC chair, Andrea Lucas cited “compelling indications” that Nike’s DEI practices “may violate federal prohibitions against race discrimination.”",newsone.com,2026-02-05,News,,https://newsone.com/6822934/eeoc-investigates-nike-over-anti-white-discrimination-claims/
Kamala Harris Relaunches KamalaHQ As Gen Z Media Hub 'Headquarters',Kamala Harris relaunches viral campaign account as Gen Z-focused media hub to drive political engagement beyond elections.,newsone.com,2026-02-05,Nation,,https://newsone.com/6823526/kamala-hq-media-hub/
National Park Service Removes Brochures For Medgar Evers Monument,"The brochures described Byron De La Beckwith, the Klan member who killed Evers, as racist, something the Trump administration objects to.",newsone.com,2026-02-05,News,,https://newsone.com/6823278/park-service-removes-brochures-for-medgar-evers-monument/
Trump Sends Mixed Messages On Immigration In Super Bowl Interview,"President Donald Trump said that ICE should use a “softer touch,” but still said that Alex Pretti and Renee Good were “no angels” in the interview.",newsone.com,2026-02-05,News,,https://newsone.com/6823339/trump-sends-mixed-messages-immigration-super-bowl-interview/
Can NABJ Protect Black Journalists — Or Just Mourn Us After?,The question sitting under everything right now is: Does NABJ actually understand how to operate under authoritarian pressure?,newsone.com,2026-02-05,Civil Rights &Amp; Social Justice,,https://newsone.com/6823244/can-nabj-protect-black-journalists-just-mourn-us-after/
Decoded: Keisha Blain On The Erasure Of Black History,Professor Keisha Blain explains how the federal government is being weaponized to continually erase Black History from public spaces.,newsone.com,2026-02-05,National,,https://newsone.com/6820913/decoded-keisha-blain-erasure-black-history/
Mayor Brandon Johnson Signs Order To Hold ICE Agents Accountable,"Chicago Mayor Brandon Johnson is a Black man who loves his city, and he won’t let it be ruled by white nationalism.",newsone.com,2026-02-05,Nation,,https://newsone.com/6821199/chicago-mayor-brandon-johnson-signs-order-to-hold-ice-agents-accountable/
Rev. James Lawson Jr.'s Memoir 'Nonviolent' Drops On Feb. 17,Rev. James Lawson Jr.’s role in the nonviolent resistance movement has been documented. A new memoir delves more into his life’s path.,newsone.com,2026-02-05,News,,https://newsone.com/6820980/rev-james-lawson-memoir-nonviolent-drops-february-17/
"When Men Harm Children, We Ask All The Wrong Questions","When harm happens at the hands of the men in our lives, the first question is rarely “Why did he do this?” More often, it’s “Why did she trust him?”",newsone.com,2026-02-05,Nation,,https://newsone.com/6823108/when-men-harm-children-we-ask-wrong-questions/
Black History Month: Celebration Vs. Performance,"Black History Month’s purpose of education and remembrance is threatened by commercialization and performative gestures, requiring commitment beyond February.",newsone.com,2026-02-04,Black History,,https://newsone.com/6818652/black-history-month-celebration-performance/
Congress Passes Spending Bill To Avoid 2nd Government Shutdown,"The bill funds most federal agencies through September, but only provides funding for DHS, TSA, and FEMA through next week.",newsone.com,2026-02-04,Nation,,https://newsone.com/6818563/congress-passes-spending-bill-to-avoid-2nd-government-shutdown/
Fulton County Files Lawsuit Seeking Return Of Seized Election Materials,"President Donald Trump has repeatedly alleged, without evidence, that there was voter fraud in Fulton County during the 2020 elections.",newsone.com,2026-02-04,Nation,,https://newsone.com/6821014/fulton-county-seeks-return-election-materials/
Trump Wants To 'Nationalize' Voting And Control Elections,Trump wants to “nationalize the voting” for the same reason he pushes for the redistricting of voting maps for Republican-led states.,newsone.com,2026-02-04,Nation,,https://newsone.com/6818691/trump-wants-nationalize-voting-and-control-elections/
Right-Wing Group Calls ICE 'Defensive Player Of The Year' In Pro-ICE Billboard,"The billboard was paid for by American Sovereignty, a conservative advocacy group that says it did so to salute ICE agents.",newsone.com,2026-02-04,Nation,,https://newsone.com/6820452/billboard-declares-ice-defensive-player-of-the-year/
Georgia FBI Election Raid Signals Looming Threat To Midterm Elections,We’ve already experienced how this president lies to the media and his base in an effort to disrupt election administration and control the outcome of elections.,newsone.com,2026-02-04,Nation,,https://newsone.com/6820796/georgia-fbi-election-raid-signals-looming-midterms-threat/
"Texas Man Attacks High School Girl, Gets Beat Up By Teens","Texas resident Chad Michael Watts, got jumped on camera by a group of teenagers at an anti-ICE protest after he attacked a girl there.",newsone.com,2026-02-04,Nation,,https://newsone.com/6820789/texas-man-attacks-high-school-girl-beat-up-by-teens/
Nobody Wants This: ICE Is Catching L's At Every Turn In Minnesota,"White House Border Czar Tom Homan is removing hundreds of agents from the state, and a government attorney is leaving because “this job sucks.”",newsone.com,2026-02-04,Nation,,https://newsone.com/6820988/ice-is-catching-ls-at-every-turn-in-minnesota/
Nekima Levy Armstrong Speaks Out About Doctored Arrest Image,"“They couldn’t break me by arresting me,” Levy Armstrong said, “so they doctored an image to show the world a false iteration of that time to make me look weak.”",newsone.com,2026-02-03,Nation,,https://newsone.com/6818358/nekima-levy-armstrong-speaks-out-about-doctored-arrest-image/
Target Under Pressure To Take A Stand Against ICE,"Target’s headquarters are in Minneapolis, where anti-ICE sentiments have reached a fever pitch after ICE agents killed two U.S. citizens in the city.",newsone.com,2026-02-03,Nation,,https://newsone.com/6818702/target-under-pressure-take-stand-against-ice/
ICE Claims Detainee Injured Himself By Running Headfirst Into A Wall,"When ICE agents brought Alberto Castañeda Mondragón into a Minnesota hospital, he was suffering from multiple skull fractures and brain hemorrhages.",newsone.com,2026-02-03,Nation,,https://newsone.com/6818085/ice-claims-detainee-injured-himself-running-into-wall/
Phony Stark AKA Elon Musk Downplays Epstein Files After 'Wildest Party' Email Revealed,Musk said he never attended any Epstein parties and has repeatedly called for anyone who committed crimes connected to Epstein to be prosecuted.,newsone.com,2026-02-03,News,,https://newsone.com/6817979/elon-musk-downplays-epstein-files-after-email-revealed/
Trump Admin Blocked From Targeting Haitian Immigrants,U.S. District Judge Ana Reyes of Washington granted a request to pause the termination of Temporary Protected Status for Haitians while a lawsuit challenging it proceeds.,newsone.com,2026-02-03,Nation,,https://newsone.com/6817976/trump-admin-blocked-from-targeting-haitian-immigrants/
Maryland’s State House Passes New Congressional Map,"After a judge ruled Virginia’s redistricting effort was illegal, Maryland represents the Democrats’ only viable redistricting effort.",newsone.com,2026-02-03,Nation,,https://newsone.com/6818228/maryland-state-house-passes-new-congressional-map/
Body Cameras Won't Change Anything For Kristi Noem Or ICE,Noem announced that federal officers—long resistant to the very transparency demanded of local police—would begin wearing body-worn cameras.,newsone.com,2026-02-03,Nation,,https://newsone.com/6818336/kristi-noem-ice-body-cameras/
8 US Travel Destinations That Showcase Black History For Families,"Visiting historic neighborhoods, museums, and cultural landmarks invites meaningful conversations and reminds us that history is rooted in real people, places, and experiences.",newsone.com,2026-02-03,Travel,,https://newsone.com/6818417/8-us-travel-destinations-that-showcase-black-history/
Trump Openly Said He Wants To Punish The Poor. Believe Him,"When Donald Trump says housing prices should stay high to protect homeowners, he’s repeating one of the oldest scripts in the country: protect wealth at the top and call it fairness.",newsone.com,2026-02-02,Business &Amp; Economy,,https://newsone.com/6816125/trump-openly-said-wants-punish-poor-people-believe-him/
Why Black History Month Matters At 100 More Than Ever,"Black History Month marks 100 years, but the fight to protect Black history is far from over amid censorship and erasure.",newsone.com,2026-02-02,Black History,,https://newsone.com/6815921/why-black-history-month-matters-at-100-more-than-ever/
"On Kanye West, Black Men’s Choices, And The Limits Of Forgiveness","Forgiveness, especially the kind that requires a greater degree of vulnerability and complex emotional honesty, is rarely modeled for us in healthy ways.",newsone.com,2026-02-02,Celebrity News,,https://newsone.com/6815835/kanye-west-black-men-choices-limits-forgiveness/
One Man’s Fight To Live As Health Care Hangs In The Balance,"Will Greenfield depends on skilled nurses, respiratory therapy, home health aides, ventilators, and adaptive equipment.",newsone.com,2026-02-02,Bison One Newsroom,,https://newsone.com/6815732/one-man-fight-live-health-care-hangs-balance/
"At Trump’s Summit, Nicki Minaj Summoned The Ghost Of The 'Hottentot Venus'","A Black woman with a pronounced, hyper-visible body stepping into an overwhelmingly white space of political power has never been a neutral act in Western history.",newsone.com,2026-02-02,Celebrity,,https://newsone.com/6815700/nicki-minaj-summoned-the-ghost-of-the-hottentot-venus-at-trump-summit/
Malcolm Nance Explains The Growing Backlash Against ICE,Intelligence expert Malcolm Nance explains how President Donald Trump’s immigration campaign is backfiring and why we all need to be in the fight.,newsone.com,2026-02-02,National,,https://newsone.com/6815592/malcolm-nance-explains-growing-backlash-against-ice/
"Man Impersonates Federal Officer, Tries To Free Luigi Mangione","During a hearing on Friday, a federal judge ruled that prosecutors would not be able to seek the death penalty against Luigi Mangione.",newsone.com,2026-02-02,Nation,,https://newsone.com/6815575/man-impersonates-federal-officer-tries-free-luigi-mangione/
"Grammy Awards: Bad Bunny, Billie Eilish And Kehlani Use Music’s Biggest Night To Call Out ICE","Bad Bunny, Kehlani, and Billie Eilish didn’t waste their Grammy Award win moments to call out ICE for what their doing to immigrants.",newsone.com,2026-02-02,Entertainment,,https://newsone.com/6814584/grammy-awards-bad-bunny-kehlani-billie-eilish-call-out-ice/
Teen Trump Supporter Drives Into Student At Anti-ICE Protest,"The teenager, who has not been identified, drove by the protest multiple times before revving the engine and running into a female student.",newsone.com,2026-02-02,Nation,,https://newsone.com/6808729/teen-trump-supporter-drives-into-student-anti-ice-protest/
Pastor Lawrence Blake Led A Ministry Of Compassion And Accountability,"Elder Lawrence Blake, who served on the pastoral staff of West Angeles Church of God in Christ, died last week at 54.",newsone.com,2026-02-02,Obituaries,,https://newsone.com/6815975/elder-lawrence-blake-led-with-compassion-accountability/
Celebrities Who Have Publicly Spoken Out Against ICE,"Celebrities that have condemned ICE, called for accountability after fatal shootings, demanded action on human rights and democratic values.",newsone.com,2026-01-30,Celebrity News,,https://newsone.com/6806079/celebrities-speaking-out-against-ice/
ICE Refuses To Allow Detainee To Attend His Son’s Funeral,Maher Tarabishi was the primary caregiver for his ill son before he was detained by ICE agents last year during a routine immigration check-in.,newsone.com,2026-01-30,Nation,,https://newsone.com/6806396/ice-refuses-allow-detainee-attend-his-son-funeral/
Don Lemon Arrested Over Anti-ICE Church Protest He Covered,"Federal agents arrested Don Lemon on thursday in Los Angeles, where he was covering the Grammy Awards according to his attorney.",newsone.com,2026-01-30,Nation,,https://newsone.com/6808081/don-lemon-arrested-over-anti-ice-church-protest-he-covered/
Is ICE A Terrorist Organization? Intelligence Expert Malcolm Nance Explains,Intelligence Expert Malcolm Nance breaks down the various types of terrorism and provides an overview of ICE’s place on the terror spectrum.,newsone.com,2026-01-30,News,,https://newsone.com/6808318/is-ice-a-terrorist-organization-intelligence-expert-malcolm-nance-explains/
"Don Lemon’s Arrest Is A Warning Shot At Black, Independent Journalists",Arresting a Black journalist no longer protected by a corporate network is an example of the state testing the perimeter of power.,newsone.com,2026-01-30,Nation,,https://newsone.com/6808584/don-lemon-arrest-warning-shot-black-journalists/
Notable Figures React To Don Lemon's Arrest,"Widespread outrage from public figures like Jemele Hill, Hakeem Jeffries, and Karen Bass over the arrest of Don Lemon and the violation of his first ammendment right",newsone.com,2026-01-30,Black News,,https://newsone.com/6808486/notable-figures-react-to-don-lemon-arrest/
"Nationwide Strikes, Protests Against ICE This Weekend","A nationwide “economic blackout” is being staged on Friday, as more state officials take action to end ICE cooperation and hold agents accountable.",newsone.com,2026-01-30,Civil Rights &Amp; Social Justice,,https://newsone.com/6808674/nationwide-strikes-protests-against-ice-this-weekend/
Alex Pretti: DOJ Will Conduct Civil Rights Investigation,Lede Deputy Attorney General Todd Blanche announced the DOJ will conduct a civil rights investigation in the death of Alex Pretti.,newsone.com,2026-01-30,Civil Rights &Amp; Social Justice,,https://newsone.com/6808562/alex-pretti-doj-will-conduct-civil-rights-investigation/
"What The DOJ’s Actions Signal About Speech, Power, And Black America","This moment cannot be separated from a broader political climate in which Black people who dare to use their voices are increasingly targeted, censored, and criminalized for telling the truth.",newsone.com,2026-01-30,Civil Rights &Amp; Social Justice,,https://newsone.com/6808946/doj-speech-power-black-america-don-lemon-georgia-fort/
Black Journalists And Black Freedom Go Hand-In-Hand,"Georgia Fort and Don Lemon, two independent Black journalists, were arrested for covering an anti-ICE protest in St. Paul, Minnesota.",newsone.com,2026-01-30,Civil Rights &Amp; Social Justice,,https://newsone.com/6808914/black-journalists-black-freedom-go-hand-in-hand/
'This Is A MAGA Town': Couple Accused Of Beating Woman,Richard Mitchell and Sara Tresnak have been charged with ethic intimidation followihg a Jan. 10 fight at the Hanover Eagles in Penn Township.,newsone.com,2026-01-30,News,,https://newsone.com/6806365/this-maga-town-couple-accused-beating-woman/
Movement For Black Lives Responds To Arrests Of Don Lemon And Anti-ICE Protesters In Minnesota,"Besides Don Lemon, federal agents arrested Trahern Jeen Crews, Georgia Fort — who went live on Facebook — and Jamael Lydell Lundy.",newsone.com,2026-01-30,Civil Rights &Amp; Social Justice,,https://newsone.com/6808903/movement-for-black-lives-responds-black-journalists-arrests/
What Is The ‘Melania’ Documentary And Does Anyone Care?,"“Melania,” a documentary that follows First Lady Melania Trump leading up to the 2025 inauguration, is tracking to be a box-office bomb.",newsone.com,2026-01-29,Film,,https://newsone.com/6806124/what-is-melania-documentary-does-anyone-care/
Man Who Sprayed Rep. Ilhan Omar Charged With Federal Assault,"According to the FBI, 55-year-old Anthony Kazmierczak sprayed Omar with a concoction of apple cider vinegar and water.",newsone.com,2026-01-29,Nation,,https://newsone.com/6806241/man-charged-with-federal-assault-for-spraying-rep-ilhan-omar-with-apple-cider-vinegar/
Federal Agents Who Killed Alex Pretti Placed On Leave,Sources say Alex Pretti suffered a broken rib during a previous encounter with federal immigration agents about a week prior to his death.,newsone.com,2026-01-29,Opinion,,https://newsone.com/6803815/federal-agents-who-killed-alex-pretti-placed-on-leave/
Trump Admin Blocked From Targeting Documented Immigrants,"The ruling blocks a recently announced Trump administration policy aiming to remove the legal status of some 5,600 lawful refugees in Minnesota.",newsone.com,2026-01-29,News,,https://newsone.com/6805543/trump-admin-blocked-from-targeting-documented-immigrants/
Sonya Massey: Murderer Sentenced To 20 Years In Prison,Sean Grayson was convicted of second-degree murder in October 2025 for the July 2024 shooting death of Sonya Massey.,newsone.com,2026-01-29,News,,https://newsone.com/6805886/sonya-massey-murderer-sentenced-20-years-prison/
Federal Judge Rules Virginia Redistricting Effort Is Illegal,Virginia Democrats were set to unveil a new Congressional map this week that would’ve potentially put four new House seats into play.,newsone.com,2026-01-29,Politics,,https://newsone.com/6805688/federal-judge-rules-virginia-redistricting-effort-illegal/
Ghislaine Maxwell Reveals List Of Epstein 'Co-Conspirators',"According to reports, a new petition from convicted Jeffrey Esptein accomplice Ghislaine Maxwell has a striking revelation in it, alleging that there were more people involved in the late financier’s abuse who haven’t been charged. The news comes as many question the Department of Justice’s further blockage of the release of files related to Epstein. […]",newsone.com,2026-01-29,News,,https://newsone.com/6804231/ghislaine-maxwell-reveals-list-of-epstein-co-conspirators/
Fulton County Election Records From 2020 Seized By FBI,"President Donald Trump has long been obsessed with Georgia’s 2020 election results, with leaked audio revealing he asked the Secretary of State to “find him votes.”",newsone.com,2026-01-29,Nation,,https://newsone.com/6806275/fulton-county-election-records-from-2020-seized-by-fbi/
Trump Administration Ends Immigration Operations In Maine,The Republican senator also posted that she asked Homeland Security Secretary Kristi Noem to pause operations in Minnesota as well.,newsone.com,2026-01-29,Nation,,https://newsone.com/6806003/sen-susan-collins-enhanced-ice-activities-over-maine/
Italian Leaders Upset ICE Will Assist At Winter Olympics,DHS spokesperson Tricia McLaughlin says that ICE will only be “supporting” the US diplomatic security service at the Games.,newsone.com,2026-01-28,Opinion,,https://newsone.com/6801203/italian-leaders-upset-ice-will-assist-at-winter-olympics/
Le[e]gal Brief Episode 3: How To ‘Melt The ICE’,"In this week’s episode of ‘Le[e]gal Brief,’ Lee Merritt, Esq., explains several legal avenues you can use to push back against rights violations by ICE.",newsone.com,2026-01-28,Le[E]Gal Brief With Lee Merritt,,https://newsone.com/6803662/leegal-brief-episode-3-how-to-melt-the-ice/
"I Was Born In Houston, Gave Birth There, And Almost Died There",The Black maternal health crisis in Houston cannot be understood solely as a healthcare failure; it is a reproductive justice crisis.,newsone.com,2026-01-28,Health,,https://newsone.com/6803365/black-maternal-health-crisis-houston-janell-green-smith/
Kristi Noem Throws Stephen Miller Under The Bus As ICE Melts,"Some Democrats are arguing — probably correctly — that if Noem gets removed, nothing really changes in regard to the larger issue with ICE.",newsone.com,2026-01-28,Opinion,,https://newsone.com/6803526/kristi-noem-throws-stephen-miller-under-the-bus/
State Terror Has Arrived – For White Folks,"For Black folks, masked men with guns, arbitrary detention, children seized, bodies made disposable, and law operating as spectacle rather than protection have never been unthinkable.",newsone.com,2026-01-28,Opinion,,https://newsone.com/6802089/state-terror-has-arrived-for-white-folks/
White Man Attacks Rep. Ilhan Omar On Stage With Liquid Spray,The incident happened during a Minneapolis town hall where Rep. Ilhan Omar was hosting to speak about ICE with community members.,newsone.com,2026-01-28,Opinion,,https://newsone.com/6803098/white-man-attacks-rep-ilhan-omar-liquid-spray/
Maine Citizens Monitoring ICE Say Feds Are Intimidating Them,"Observers in Maine say federal agents, some wearing masks and tactical gear, have shown up to their homes to threaten them with arrest.",newsone.com,2026-01-28,Opinion,,https://newsone.com/6801055/maine-citizens-monitoring-ice-say-feds-intimidating-them/
