title,description,source,date_of_publication,category,author,link
How two Black women are helping shape communications at Nissan and its luxury brand,"Ashli Bobo and Lloryn Love-Carter discuss the 2027 INFINITI QX65, Black representation in automotive and connecting with consumers.",thegrio.com,2026-07-31,Featured,Jahaura Michelle,https://thegrio.com/2026/07/31/black-women-shaping-future-infiniti/
Hunter Biden gets blunt about how Black women are the backbone of the Democratic Party: ‘Black women got my dad elected’,"When asked about Black women and their support of his father, Hunter Biden kept it plain. Without Black women, his dad wouldn't have been president.",thegrio.com,2026-07-31,Politics,Brandon Caldwell,https://thegrio.com/2026/07/31/hunter-biden-black-women-democratic-party/
John Legend to play Harry Belafonte in Hugh Masekela drama ‘The Road Home’,"John Legend will play Harry Belafonte in The Road Home, a Hugh Masekela drama about apartheid, music and the Graceland controversy.",thegrio.com,2026-07-31,Entertainment,Odafe Oghen,https://thegrio.com/2026/07/31/john-legend-harry-belafonte-the-road-home/
Georgia mother charged after 1-year-old son dies in hot car outside hospital where she worked,Authorities say the Georgia toddler was left inside the vehicle for nearly nine hours before he was discovered.,thegrio.com,2026-07-31,News,Bolarinwa Oladeji,https://thegrio.com/2026/07/31/georgia-mother-charged-hot-car-death-hospital/
"Black voters turning out in greater numbers despite voting restrictions in the South, study finds",A study finds Black voter turnout increased in Southern communities despite redistricting efforts critics say weaken Black voting power.,thegrio.com,2026-07-31,Politics,Peter Kerich,https://thegrio.com/2026/07/31/black-voter-turnout-south-study/
Official autopsy completed in Nolan Wells investigation as grand jury review looms,The report will not be released publicly while prosecutors continue investigating the 18-year-old's death.,thegrio.com,2026-07-31,News,Peter Kerich,https://thegrio.com/2026/07/31/nolan-wells-autopsy-completed-grand-jury-review/
Family of Gabriel Johnson says he suffered stroke in ICE custody: ‘We’ve been trying to do it the right way’,"The family of Gabriel Johnson, a Liberian refugee detained by ICE, are fighting to have him released amid suffering a stroke.",thegrio.com,2026-07-31,Featured,Kay Wicker,https://thegrio.com/2026/07/31/nc-family-speaks-out-says-their-father-gabriel-johnson-suffered-stroke-in-ice-custody-weve-been-trying-to-do-it-the-right-way/
Black women are shaping podcast culture—so why aren’t they among its highest earners?,No Black women made Forbes' 2026 list of the highest-paid podcasters. Here are 12 Black women-led podcasts we hope to see on it next year.,thegrio.com,2026-07-31,Lifestyle,Haniyah P.,https://thegrio.com/2026/07/31/black-women-are-shaping-podcast-culture-so-why-arent-they-among-its-highest-earners/
"Brittney Griner seeks divorce from wife Cherelle Griner, court records show","WNBA star Brittney Griner has filed for divorce from Cherelle Griner according to Georgia court records, after a seven-year marriage.",thegrio.com,2026-07-31,Featured,Peter Kerich,https://thegrio.com/2026/07/31/brittney-griner-files-for-divorce-from-wife-cherelle/
‘Love Island USA’s’ Clarke Carraway makes ‘difficult decision’ to end things with Taylor Williams,"""Love Island USA"" star Clarke Carraway has split from Taylor Williams, with a source saying she made the ""difficult decision"" to part ways.",thegrio.com,2026-07-31,Entertainment,Bolarinwa Oladeji,https://thegrio.com/2026/07/31/clarke-carraway-taylor-williams-love-island-split/
"Talarico vows to take on corruption, from Ken Paxton to Supreme Court, to protect Black voters",James Talarico tells theGrio corruption in government is threatening Black communities' economic security and access to the ballot box.,thegrio.com,2026-07-31,Politics,Gerren Keith Gaynor,https://thegrio.com/2026/07/31/talarico-corruption-ken-paxton-supreme-court-black-voters/
"Louis Carr outlines his fall vision for BET as focus on HBCU, storytelling take center stage","Seven months into his tenure, BET President Louis Carr already has a vision for the fall for the network and more.",thegrio.com,2026-07-31,Entertainment,Brandon Caldwell,https://thegrio.com/2026/07/31/louis-carr-bet-president-interview/
Disney+ pulls the plug on ‘Wonder Man’ months after announcing a second season,"Marvel's Wonder Man will not return for Season 2 on Disney+, despite a previous renewal announcement. Here's what happened and what it means",thegrio.com,2026-07-31,Entertainment,Bolarinwa Oladeji,https://thegrio.com/2026/07/31/wonder-man-season-2-canceled-disney-plus/
‘I have moved on’: Mahershala Ali puts ‘Blade’ conversation to rest ahead of upcoming ‘Your Mother Your Mother Your Mother’ film,"Mahershala Ali has officially closed the chapter on 'Blade.' Speaking with GQ, he explains why he's moving on from the MCU.",thegrio.com,2026-07-31,Entertainment,Brandon Caldwell,https://thegrio.com/2026/07/31/mahershala-ali-blade-your-mother-your-mother-your-mother/
Trump State Department mislabels several countries on Africa map,The erroneous map sparked backlash and renewed scrutiny of the Trump administration's approach to the continent.,thegrio.com,2026-07-31,Politics,Gerren Keith Gaynor,https://thegrio.com/2026/07/31/trump-state-department-mislabels-several-countries-on-africa-map/
These colleges are stepping up for students impacted by Howard University’s mass unenrollment,"From New York to Maryland, colleges are opening their doors with expedited admissions and support for students who unenrolled from Howard.",thegrio.com,2026-07-31,Lifestyle,Haniyah P.,https://thegrio.com/2026/07/31/these-colleges-are-stepping-up-for-students-impacted-by-howard-universitys-mass-unenrollment/
Actress Malynda Hale says ‘Bull Street’ taught her to advocate for herself — then Hollywood pushed her to do it,Actress Malynda Hale opens up to theGrio about starring “Bull Street” and the message of advocacy she hopes others gain from her story.,thegrio.com,2026-07-31,Entertainment,Kay Wicker,https://thegrio.com/2026/07/31/actress-malynda-hale-says-bull-street-taught-her-to-advocate-for-herself-then-hollywood-pushed-her-to-do-it/
‘Not biologically related’: Great-granddaughter of Ida B. Wells clears up theory Nolan Wells is a descendant of the famed journalist and activist,"After a rumor stating Ida B. Wells and Nolan Wells were related spread like wildfire, her grand-granddaughter is debunking it.",thegrio.com,2026-07-31,News,Brandon Caldwell,https://thegrio.com/2026/07/31/nolan-wells-ida-b-wells-rumor-debunked/
Maryland launches $800 relief program for students affected by Howard University disenrollment,Wes Moore offers an $800 credit and expedited Maryland admissions support to students disenrolled by Howard University.,thegrio.com,2026-07-31,Featured,Odafe Oghen,https://thegrio.com/2026/07/31/maryland-aid-howard-students-wes-moore-credit/
"Tony Hicks, who found forgiveness alongside the family of the teen he killed, dies at 45",His work with the Tariq Khamisa Foundation became a nationally recognized example of restorative justice and violence prevention.,thegrio.com,2026-07-31,News,Bolarinwa Oladeji,https://thegrio.com/2026/07/31/tony-hicks-violence-prevention-advocate-dies/
Shon Barnes resigns as Seattle police chief following criticism over Bite of Seattle shooting response,Seattle Police Chief Shon Barnes has resigned after criticism over the city's handling of public communication following the deadly Bite of,thegrio.com,2026-07-31,News,Bolarinwa Oladeji,https://thegrio.com/2026/07/31/seattle-police-chief-shon-barnes-resigns-festival-shooting/
"Arlene Smith, pioneering Chantels co-founder and voice behind ‘Maybe,’ dies at 84","Arlene Smith, co-founder and lead singer of the Chantels, dies at 84 after helping Black girl groups reshape early R&B and pop.",thegrio.com,2026-07-31,Entertainment,Odafe Oghen,https://thegrio.com/2026/07/31/arlene-smith-legacy-chantels-singer-dies/
Tyla removes Lagos stop from ‘A*POP World Tour’ itinerary amid backlash in Nigeria,Tyla’s Lagos tour date disappears after boycott calls tied the show to xenophobic attacks against Nigerians in South Africa.,thegrio.com,2026-07-31,Entertainment,Odafe Oghen,https://thegrio.com/2026/07/31/tyla-lagos-tour-date-xenophobia-backlash/
‘God be givin hella motion’: Marshawn Lynch embraces unexpected career behind the camera,Lynch says he's still learning the craft after earning credentials to photograph the United States' World Cup match against Australia.,thegrio.com,2026-07-31,News,Bolarinwa Oladeji,https://thegrio.com/2026/07/31/marshawn-lynch-world-cup-photographer-faith-quote/
ESSENCE Ventures invests in REVOLT parent company in major Black media partnership,"ESSENCE Ventures has invested in REVOLT's parent company, Offscript Worldwide, creating a partnership designed to expand Black-owned media.",thegrio.com,2026-07-31,Entertainment,Peter Kerich,https://thegrio.com/2026/07/31/essence-ventures-revolt-partnership-black-owned-media/
Judge orders competency evaluation for Eric Bieniemy’s son in mother’s shooting case,"Elijah Bieniemy faces multiple felony charges after authorities say his mother, Mia Bieniemy, was shot inside the family's Virginia home.",thegrio.com,2026-07-31,News,Bolarinwa Oladeji,https://thegrio.com/2026/07/31/eric-bieniemy-son-elijah-competency-evaluation-shooting/
"Black Iowa students are arrested at nearly four times the rate of their peers, ACLU report finds",Researchers found Black students were referred to law enforcement twice as often and arrested 3.7 times as often as their peers.,thegrio.com,2026-07-31,News,Odafe Oghen,https://thegrio.com/2026/07/31/iowa-school-police-report-black-students/
Nara Smith says daughter’s cancer journey led her to a community of support,Nara Smith says her daughter's cancer diagnosis initially felt isolating but ultimately connected her with a supportive community.,thegrio.com,2026-07-30,Featured,Peter Kerich,https://thegrio.com/2026/07/30/nara-smith-daughters-cancer-community-support/
Katt Williams’ ’72 Hours’ cameo hints his Kevin Hart truce started before fans knew,Katt Williams’ 72 Hours cameo suggests his feud with Kevin Hart cooled before their public reconciliation at Netflix’s 2026 roast.,thegrio.com,2026-07-30,Entertainment,Odafe Oghen,https://thegrio.com/2026/07/30/katt-williams-72-hours-cameo-kevin-hart-feud/
Barack Obama endorses Iowa Senate candidate Josh Turek with a game of basketball,Barack Obama endorses Josh Turek in a basketball video as the Iowa Democrat campaigns for an open U.S. Senate seat.,thegrio.com,2026-07-30,Politics,Odafe Oghen,https://thegrio.com/2026/07/30/obama-endorsement-josh-turek-basketball-video/
Howard University readmits more than 200 students after enrollment backlash,HU says families misunderstood financial and administrative requirements as officials work to reverse hundreds of unexpected unenrollments.,thegrio.com,2026-07-30,News,Bolarinwa Oladeji,https://thegrio.com/2026/07/30/howard-university-students-readmitted-unenrollment/
Zendaya shares a rare glimpse into her relationship with Tom Holland: ‘My best friend’,"Zendaya shared a rare glimpse into her relationship with Holland, saying making the Spider-Man films together has been ""a privilege.""",thegrio.com,2026-07-30,Entertainment,Bolarinwa Oladeji,https://thegrio.com/2026/07/30/zendaya-tom-holland-best-friend-spider-man-premiere/
‘It’s not either/or’: Mayor Zohran Mamdani on what NYC owes its Black residents,Mamdani laid out why he believes fixing citywide costs and repairing Black-specific harms aren't competing priorities.,thegrio.com,2026-07-30,Politics,Peter Kerich,https://thegrio.com/2026/07/30/black-new-yorkers-affordability-crisis-mamdani/
Marvin Sapp signs with Roc Nation Distribution for new gospel album ‘Restoration’,"Gospel legend Marvin Sapp has partnered with Roc Nation Distribution ahead of his upcoming album Restoration, the first gospel release.",thegrio.com,2026-07-30,Entertainment,Peter Kerich,https://thegrio.com/2026/07/30/marvin-sapp-roc-nation-distribution-restoration-album/
"Black-owned ‘Just for Teens’ skincare expands to nearly 10,000 Dollar General stores","Black-owned Just for Teens will expand to nearly 10,000 Dollar General stores by September after more than doubling its retail presence.",thegrio.com,2026-07-30,Featured,Odafe Oghen,https://thegrio.com/2026/07/30/just-for-teens-expansion-dollar-general-stores/
6-year-old recovering after near-drowning at D.C. summer soccer camp,"Adonis Jackson has been removed from a ventilator after nearly drowning at a Washington, D.C., summer camp.",thegrio.com,2026-07-30,News,Peter Kerich,https://thegrio.com/2026/07/30/6-year-old-recovering-after-near-drowning-at-d-c-summer-soccer-camp/
New $50K reward in Nolan Wells case sparks fresh questions online,"The father of one of Nolan Wells’ reported friends, Warren Hudson, announced a $50K reward, urging people to come forward with information",thegrio.com,2026-07-30,News,Haniyah P.,https://thegrio.com/2026/07/30/new-50k-reward-in-nolan-wells-case-sparks-fresh-questions-online/
Prosecutors say teen at center of D4vd murder case was not pregnant when she died,"Prosecutors say Celeste Rivas was not pregnant when she died, clarifying an amended death certificate in the D4vd murder case.",thegrio.com,2026-07-30,News,Odafe Oghen,https://thegrio.com/2026/07/30/celeste-rivas-pregnancy-status-d4vd-case/
Shiloh Hendrix’s fundraiser nears $1 million after guilty verdict in case involving autistic Black child,"Shiloh Hendrix's fundraiser has topped $920,000 after her guilty verdict in the Minnesota playground case involving an autistic Black child.",thegrio.com,2026-07-30,News,Peter Kerich,https://thegrio.com/2026/07/30/shiloh-hendrix-fundraiser-guilty-verdict/
Teen missing for four years found alive after authorities say she was held captive since she disappeared,Investigators say Walker disappeared at age 15 and was held against her will until authorities located her roughly 730 miles from home.,thegrio.com,2026-07-30,News,Bolarinwa Oladeji,https://thegrio.com/2026/07/30/missing-teen-found-alive-captive-virginia-kidnapping/
‘Love Island USA’ stars Aniya and Carl reveal where their relationship stands after the villa,"The pair addressed their relationship status and life after the show during a candid appearance on ""Watch What Happens Live.""",thegrio.com,2026-07-30,Entertainment,Bolarinwa Oladeji,https://thegrio.com/2026/07/30/aniya-carl-love-island-usa-relationship-status-wwhl/
Friend of Nolan Wells sends cease-and-desist over allegations connected to death investigation,"Bart Edmiston Jr., a friend of Nolan Wells, has sent a cease and desist to a social media personality his attorney says falsely linked him to",thegrio.com,2026-07-30,News,Bolarinwa Oladeji,https://thegrio.com/2026/07/30/nolan-wells-friend-bart-edmiston-cease-and-desist/
"DNA confirms Chicago woman’s decades-old abuse allegations, but prosecutors say it’s too late to charge former teacher","DNA evidence links a former Chicago teacher to a former student’s daughter, but prosecutors say the case is too old for criminal charges.",thegrio.com,2026-07-30,News,Odafe Oghen,https://thegrio.com/2026/07/30/chicago-teacher-dna-case-nancy-alexander/
16 Black classics you should have on your shelf,"As many work to create and maintain their own Black libraries, we have rounded up 16 Black classic books by Black authors.",thegrio.com,2026-07-30,Books,Kay Wicker,https://thegrio.com/2026/07/30/16-black-classics-you-should-have-on-your-shelf/
James Talarico says earning Black Texans’ trust is central to his Senate campaign,"In an exclusive interview with theGrio, Talarico discusses his outreach to Black voters as a new poll suggests those efforts are resonating.",thegrio.com,2026-07-30,Politics,Gerren Keith Gaynor,https://thegrio.com/2026/07/30/james-talarico-black-voters-texas-thegrio/
Attorney Ben Crump announces plans to tap experts in Nolan Wells investigation,During a recent press conference attorney Ben Crump revealed plans to work with audio engineering and oceanic experts in Nolan Wells case.,thegrio.com,2026-07-30,News,Haniyah P.,https://thegrio.com/2026/07/30/attorney-ben-crump-announces-plans-to-tap-experts-in-nolan-wells-investigation/
K. Michelle is finally releasing the country album she was told she couldn’t make,"K. Michelle announces her debut country album, “Jesus & Whiskey,” after years of being discouraged from pursuing the genre.",thegrio.com,2026-07-30,Entertainment,Janeé Bolden,https://thegrio.com/2026/07/30/k-michelle-country-album-jesus-and-whiskey/
Mandela Barnes shockingly suspends campaign to become Wisconsin’s first Black governor,Barnes' exit comes after a turbulent Democratic primary marked by candidate shakeups and reports of pending media scrutiny.,thegrio.com,2026-07-30,Politics,Gerren Keith Gaynor,https://thegrio.com/2026/07/30/mandela-barnes-suspends-campaign-to-become-wisconsin-first-black-governor/
Tomi Adeyemi isn’t the first author to reject a Hollywood adaptation…,"As backlash mounts after Tomi Adeyemi said she was distancing herself from “Children of Blood and Bone,” we think of others.",thegrio.com,2026-07-30,Books,Kay Wicker,https://thegrio.com/2026/07/30/tomi-adeyemi-isnt-the-first-author-to-reject-a-hollywood-adaptation/
"Barack Obama shares 2026 summer playlist featuring Doechii, Drake, Raye and Luther Vandross","Barack Obama released his 2026 summer playlist featuring Doechii, Drake, Luther Vandross, Chaka Khan, Tyla, Earth, Wind & Fire and more.",thegrio.com,2026-07-30,Entertainment,Janeé Bolden,https://thegrio.com/2026/07/30/barack-obama-2026-summer-playlist-doechii-drake-black-music/
Elon Musk to spend up to $120 million on Republican Senate races despite saying he ‘got too involved in politics’,"Elon Musk has authorized his super PAC to spend up to $120 million backing Republicans in the 2026 midterms, deepening the GOP's",thegrio.com,2026-07-30,News,Bolarinwa Oladeji,https://thegrio.com/2026/07/30/elon-musk-120-million-republicans-2026-midterms/
Former NFL star Ahman Green reveals early-onset Parkinson’s diagnosis,"Former Green Bay Packers star Ahman Green revealed he has early-onset Parkinson’s disease, sharing how he plans to fight the diagnosis.",thegrio.com,2026-07-30,Health,Janeé Bolden,https://thegrio.com/2026/07/30/ahman-green-early-onset-parkinsons-diagnosis-packers/
Pennsylvania man faces ethnic intimidation charges over alleged threats to Black sheriff,"Investigators say two racially charged voicemails targeted Delaware County Sheriff Siddiq Kamara, a Black Muslim public official.",thegrio.com,2026-07-29,News,Bolarinwa Oladeji,https://thegrio.com/2026/07/29/sean-keenan-racist-voicemails-sheriff-siddiq-kamara/
Oprah’s South African girls’ academy will close in 2027 as she expands access to education,Winfrey says the move is an evolution of her mission and will help more young women pursue their education.,thegrio.com,2026-07-29,News,Bolarinwa Oladeji,https://thegrio.com/2026/07/29/oprah-winfrey-south-africa-academy-scholarships-transition/
‘Michael’ is headed to streaming after its billion-dollar box office run,The biopic starring Jaafar Jackson begins streaming on Starz Aug. 10 following a theatrical run that grossed more than $1 billion worldwide.,thegrio.com,2026-07-29,Entertainment,Bolarinwa Oladeji,https://thegrio.com/2026/07/29/michael-jackson-biopic-streaming-date-starz/
Nolan Wells’ mother subpoenas social media accounts as investigation continues,Christine Wells-Wonsley asks court to compel Meta and TikTok to release Nolan Wells’ account records as her family continues seeking answers.,thegrio.com,2026-07-29,News,Peter Kerich,https://thegrio.com/2026/07/29/nolan-wells-mother-seeks-social-media-accounts/
Tyler Perry’s ‘Beauty in Black’ returns this August with more power plays and family drama,"Season 3 premieres Aug. 27 on Netflix, continuing Kimmie's rise as buried secrets and revenge threaten the Bellarie family.",thegrio.com,2026-07-29,Entertainment,Odafe Oghen,https://thegrio.com/2026/07/29/beauty-in-black-season-3-netflix-premiere/
"Ivy League schools received 178 times more foundation funding than HBCUs, report finds","A renewed analysis found the funding gap persisted between 2015 and 2019, despite growing attention to HBCU philanthropy in recent years.",thegrio.com,2026-07-29,Featured,Odafe Oghen,https://thegrio.com/2026/07/29/hbcu-foundation-funding-gap-ivy-league/
Usher adds onstage disclaimer at latest ‘R&B Tour’ stop: ‘Don’t bring your a— up here if you don’t wanna be here’,Usher responds to Gabrielle Cheyenne’s viral concert moment with a funny stage warning during the R&B Tour’s Birmingham stop.,thegrio.com,2026-07-29,Entertainment,Odafe Oghen,https://thegrio.com/2026/07/29/usher-stage-warning-gabrielle-cheyenne/
Cardi B shuts down surgery rumors: ‘I’m very honest about my surgery’,"Cardi B is denying new surgery rumors, crediting her touring schedule and a recent breakup for her weight loss during a candid Instagram",thegrio.com,2026-07-29,Entertainment,Bolarinwa Oladeji,https://thegrio.com/2026/07/29/cardi-b-denies-surgery-weight-loss-tour-breakup/
Inaugural ATL Labor Day Classic aims to make Morehouse-Clark Atlanta rivalry a destination event,"The inaugural ATL Labor Day Classic will feature the DTLR HBCU Welcome Back Tour, live performances, scholarships and health programs.",thegrio.com,2026-07-29,Sports,Odafe Oghen,https://thegrio.com/2026/07/29/atl-labor-day-classic-dtlr-live-performances/
Marsai Martin named When We All Vote co-chair ahead of 2026 midterms,"The actress and producer is expanding her civic leadership role, urging Gen Z voters to register, organize and show up at the polls.",thegrio.com,2026-07-29,Politics,Odafe Oghen,https://thegrio.com/2026/07/29/marsai-martin-when-we-all-vote-co-chair/
"‘Once you name the pattern, it’s tough to unsee it’: What the Nolan Wells coverage reveals about media bias",Journalist Janai Norman says narratives in Nolan Wells' coverage reveal a concerning pattern in media that readers must learn to recognize.,thegrio.com,2026-07-29,Featured,Haniyah P.,https://thegrio.com/2026/07/29/what-the-nolan-wells-coverage-reveals-about-media-bias/
"Black teen sues Indianapolis police, city after bodycam contradicts officer’s attempted-murder allegation",Dailen Brewer files an Indianapolis police lawsuit after bodycam footage contradicts an officer’s attempted-murder allegation.,thegrio.com,2026-07-29,News,Odafe Oghen,https://thegrio.com/2026/07/29/indianapolis-police-lawsuit-dailen-brewer/
Black father questions police response after dispute at New Jersey Crunch Fitness,Andrew Cox Sr. says he believes race played a role after staff rejected his son's digital school ID and summoned officers.,thegrio.com,2026-07-29,News,Odafe Oghen,https://thegrio.com/2026/07/29/crunch-fitness-police-call-black-father-son/
Beyoncé joins a growing list of fully Black-owned wine and spirit brands,"As Beyoncé gains full ownership of her whiskey brand, SirDavis, we round up several other brands that are similarly fully Black-owned.",thegrio.com,2026-07-29,Lifestyle,Kay Wicker,https://thegrio.com/2026/07/29/beyonce-joins-a-growing-list-of-fully-black-owned-wine-and-spirit-brands/
James Talarico on viral defense of Jasmine Crockett: ‘I felt offended by folks going after a great public servant’,Talarico tells theGrio why he rebuked supporters criticizing U.S. Rep. Jasmine Crockett and how he's earning Black voters' trust.,thegrio.com,2026-07-29,Politics,Gerren Keith Gaynor,https://thegrio.com/2026/07/29/james-talarico-on-viral-defense-of-jasmine-crockett-texas-senate/
"‘I never want to hear about it again’: Tomi Adeyemi speaks out regarding ‘Children of Blood and Bone,’ recalls leaving set sobbing","Tomi Adeyemi is speaking out about her experience on the set of 'Children of Blood and Bone,' calling it the 'worst thing' she's experienced.",thegrio.com,2026-07-29,Entertainment,Brandon Caldwell,https://thegrio.com/2026/07/29/tomi-adeyemi-speaks-out-children-of-blood-and-bone-adaptation/
Diddy’s release date from prison moved up despite recent infraction over fight with another inmate,"Diddy could be a free man by the end of January 2028, according to a new update from the Federal Bureau of Prisons.",thegrio.com,2026-07-29,Entertainment,Brandon Caldwell,https://thegrio.com/2026/07/29/diddy-release-date-moved-up-federal-prison/
‘I’m in this journey alone’: Rep. LaMonica McIver says some Democrats have left her to fight her federal case by herself,"Reps. LaMonica McIver and Jasmine Crockett addressed leadership, politics and Democratic Party support during a fireside discussion.",thegrio.com,2026-07-29,Politics,Jahaura Michelle,https://thegrio.com/2026/07/29/lamonica-mciver-legal-fight-newark/
Chiefs coach Andy Reid gives positive update about his Eric Bieniemy wife’s condition days after she was allegedly shot by their son,"The Kansas City Chiefs have provided an update on Mia Bieniemy, the wife of offensive coordinator Eric Bieniemy, who was shot Sunday.",thegrio.com,2026-07-29,Sports,Brandon Caldwell,https://thegrio.com/2026/07/29/mia-bieniemy-update-eric-bieniemy/
Desmond Scott and Kristy Scott finalize divorce as popular social media couple move on,"Kristy Scott and Desmond scott have reached a settlement in their divorce, resolving issues including property, custody and more.",thegrio.com,2026-07-29,Lifestyle,Brandon Caldwell,https://thegrio.com/2026/07/29/kristy-scott-desmond-scott-finalize-divorce/
What’s really going on in these run clubs?,Organizers and members of Black run clubs react to the speculation about what's going on in run clubs sweeping the nation.,thegrio.com,2026-07-29,Lifestyle,Kay Wicker,https://thegrio.com/2026/07/29/whats-really-going-on-in-these-run-clubs/
"If AI destroys the books, who preserves Black history?",Reports of AI companies buying and destroying books to train AI models have sparked discussions about history preservation.,thegrio.com,2026-07-29,Featured,Haniyah P.,https://thegrio.com/2026/07/29/if-ai-destroys-the-books-who-preserves-black-history/
Ketanji Brown Jackson says Supreme Court service came with one unexpected downside,"In an interview with Michelle Obama for her 'IMO' podcast, Justice Ketanji Brown Jackson reveals the most 'startling' change in her life.",thegrio.com,2026-07-29,Lifestyle,Brandon Caldwell,https://thegrio.com/2026/07/29/ketanji-brown-jackson-michelle-obama-interview/
New report raises concerns about Black representation behind the scenes in British television,A UK TV diversity report found that Black Lives Matter commitments failed to create lasting structural change behind the camera.,thegrio.com,2026-07-28,Entertainment,Odafe Oghen,https://thegrio.com/2026/07/28/uk-tv-diversity-report-black-lives-matter-pledges/
‘Always been about possibility’: Viola Davis invests $1.2 million in new community center named after her mother in Rhode Island,Viola Davis is giving back to the community that shaped her. The EGOT winner and her husband are donating $1.2M to establish a community center.,thegrio.com,2026-07-28,Lifestyle,Brandon Caldwell,https://thegrio.com/2026/07/28/viola-davis-million-donation-rhode-island-center/
The Who We Are Project asks whether America is at a tipping point,Chicago Mayor Brandon Johnson opens a new conversation series exploring political tipping points and why America may now be entering another.,thegrio.com,2026-07-28,Politics,Gerren Keith Gaynor,https://thegrio.com/2026/07/28/the-who-we-are-project-chicago-mayor-brandon-johnson/
Ciara to invest $50K in city youth programs ahead of upcoming school year,"Ciara is once again giving back to the city of Atlanta, this time with a $50K initiative to various city programs for Atlanta youth.",thegrio.com,2026-07-28,Lifestyle,Brandon Caldwell,https://thegrio.com/2026/07/28/ciara-50k-initative-atlanta-ciara-day/
"DeSean Jackson, Michael Vick to lead Delaware State and Norfolk State in second HBCU Battle of the Legends clash","For the second straight year, DeSean Jackson's Delaware State Hornets will meet Michael Vick's Norfolk State Spartans in Philly.",thegrio.com,2026-07-28,Sports,Brandon Caldwell,https://thegrio.com/2026/07/28/desean-jackson-michael-vick-norfolk-state-delaware-state-game/
"Monica Baskin, Ph.D., becomes first Black woman named to lead an NCI-designated cancer center",The Monica Baskin appointment makes her the first Black woman named to lead an NCI-designated cancer center.,thegrio.com,2026-07-28,Featured,Odafe Oghen,https://thegrio.com/2026/07/28/monica-baskin-appointment-vcu-massey-cancer-center/
A Black woman enhanced the audio in a call related to Nolan Wells’ case. What she heard has people listening closely,"Audio engineer, Jeanetta Brantley, cleaned up the Sea Tow audio tied to Nolan Wells’ case, now social media is listening closely.",thegrio.com,2026-07-28,Lifestyle,Haniyah P.,https://thegrio.com/2026/07/28/a-black-woman-enhanced-the-audio-in-a-call-related-to-nolan-wells-case-what-she-heard-has-people-listening-closely/
Loved ‘Children of Blood and Bone’? Add these 8 Black fantasy books to your reading list,"If the new ‘Children of Blood and Bone’ trailer has you craving more magic, gods and African-inspired worlds, start with these books.",thegrio.com,2026-07-28,Featured,Haniyah P.,https://thegrio.com/2026/07/28/loved-children-of-blood-and-bone-add-these-8-black-fantasy-books-to-your-reading-list/
"‘Good embarrassment’: When ‘The Odyssey’ didn’t invite one of its giants to the premiere, his fiancée gave him an epic surprise","Lloyd Ejimbe’s fiancée, Nneka Banks, shares details of how she surprised “The Odyssey” actor with a Hollywood moment of his own.",thegrio.com,2026-07-28,Entertainment,Kay Wicker,https://thegrio.com/2026/07/28/good-embarrassment-when-the-odyssey-didnt-invite-one-of-its-giants-to-the-premiere-his-fiancee-gave-him-an-epic-surprise/
‘She makes me better’: Karl-Anthony Towns shares what Jordyn Woods means to him as they prepare to tie the knot,"In a conversation with The New York Times, Karl-Anthony Towns reflects on the Knicks title win and his fiancé, Jordyn Woods.",thegrio.com,2026-07-28,Lifestyle,Brandon Caldwell,https://thegrio.com/2026/07/28/karl-anthony-towns-jordyn-woods-new-york-times/
New court filings shed light on Tay Keith’s estate after his death at 29,"The paperwork reportedly shows the producer left no will, with his assets now set to be managed through the estate administration process.",thegrio.com,2026-07-28,Entertainment,Odafe Oghen,https://thegrio.com/2026/07/28/tay-keith-estate-music-catalog-luxury-cars-no-will/
Two historic Black-owned banks plan merger to create the nation’s largest Black-owned bank,"Optus Bank and Mechanics & Farmers Bank plan to merge, creating the largest Black-owned bank in the U.S., impacting Black communities.",thegrio.com,2026-07-28,Business,Peter Kerich,https://thegrio.com/2026/07/28/largest-black-owned-bank-merger-optus-mf-bank/
"15-year-old arrested as Seattle festival shootout leaves three dead, including a suspect","A shootout that killed three at a Seattle food festival near the Space Needle may have been gang-related, with a 15-year-old now in custody.",thegrio.com,2026-07-28,News,Bolarinwa Oladeji,https://thegrio.com/2026/07/28/seattle-food-festival-shooting-gang-related-victims/
What’s really anti-Black? The bonnet ban debate keeps getting bigger as Nikole Hannah-Jones and more weigh in,"From Tignon laws to what constitutes as anti-Black, unpacking where the debate around bonnets and du-rags in public has led.",thegrio.com,2026-07-28,Lifestyle,Kay Wicker,https://thegrio.com/2026/07/28/whats-really-anti-black-the-bonnet-ban-debate-keeps-getting-bigger-as-nikole-hannah-jones-and-more-weigh-in/
Kelly Rowland shares how giving up alcohol reshaped her approach to self-care,"Kelly Rowland is opening up about her year-and-a-half sobriety journey and how giving up alcohol has transformed her sleep, clarity and",thegrio.com,2026-07-28,News,Bolarinwa Oladeji,https://thegrio.com/2026/07/28/kelly-rowland-sobriety-wellness-reflection/
‘Children of Blood and Bone’ brings the world of Orïsha to life in debut trailer,"An all-star cast, including Cynthia Erivo, Damson Idris, Viola Davis and more star in the film adaptation of 'Children of Blood and Bone'",thegrio.com,2026-07-28,Entertainment,Brandon Caldwell,https://thegrio.com/2026/07/28/children-of-blood-and-bone-trailer/
New York opens college pathway at SUNY and CUNY for disenrolled Howard students,New York will offer expedited SUNY and CUNY admissions and an $800 credit to eligible students affected by Howard University's disenrollment.,thegrio.com,2026-07-28,Featured,Peter Kerich,https://thegrio.com/2026/07/28/new-york-offers-howard-university-disenrolled-students-new-college-path/
Marcye Scott and Everton Blair lead crowded race to replace the late Ga. Rep. David Scott,"Georgia's 13th Congressional District heads to a special election Tuesday, with a runoff likely if no candidate wins a majority.",thegrio.com,2026-07-28,Politics,Odafe Oghen,https://thegrio.com/2026/07/28/georgia-special-election-marcye-scott-everton-blair/
The ‘Power’ Universe expands with new Netflix streaming deal,The international rollout is expected to introduce millions of new viewers to the STARZ franchise created by Courtney A. Kemp and EP 50 Cent.,thegrio.com,2026-07-28,Entertainment,Peter Kerich,https://thegrio.com/2026/07/28/the-power-universe-expands-with-new-netflix-streaming-deal/
"Da’Jon Hayes-Burr, honored for defending a 12-year-old from harassment, killed months later",The 15-year-old was recognized by local and state leaders in Kentucky for his bravery months before he was fatally shot.,thegrio.com,2026-07-28,News,Bolarinwa Oladeji,https://thegrio.com/2026/07/28/dajon-hayes-burr-louisville-teen-hero-killed/
‘Our president is trifling’: Stephen A. Smith blasts Trump for calling LeBron James ‘racist’,"Smith defended LeBron James despite their long-running feud, saying Trump's remarks were ""beyond the pale"" and ""unpresidential.""",thegrio.com,2026-07-28,Politics,Gerren Keith Gaynor,https://thegrio.com/2026/07/28/stephen-a-smith-blasts-trump-for-calling-lebron-james-racist/
Martha’s Vineyard home linked to Uncle Nearest remains in limbo,"A buyer has backed out and another won't close until founder Fawn Weaver's legal challenge is resolved, according to court filings.",thegrio.com,2026-07-28,News,Bolarinwa Oladeji,https://thegrio.com/2026/07/28/uncle-nearest-marthas-vineyard-home-sale-weaver-objection/
‘I went to the concert for Chris Brown’: Woman behind viral Usher clip speaks out,Gabrielle Cheyenne says the now-viral moment had nothing to do with disliking Usher and everything to do with which artist she came to see.,thegrio.com,2026-07-28,Entertainment,Odafe Oghen,https://thegrio.com/2026/07/28/gabrielle-cheyenne-usher-stage-moment-chris-brown/
"Betye Saar, whose art redefined Black resistance, dies at 99","Best known for The Liberation of Aunt Jemima, Saar helped transform the landscape of American art through her groundbreaking work.",thegrio.com,2026-07-28,Featured,Odafe Oghen,https://thegrio.com/2026/07/28/betye-saar-legacy-pioneering-black-artist-dies/
Zendaya and Lupita Nyong’o help power ‘The Odyssey’ toward $1 billion,Nolan's epic has earned $639.6 million worldwide in two weeks as the IMAX blockbuster continues to dominate the global box office.,thegrio.com,2026-07-27,Entertainment,Bolarinwa Oladeji,https://thegrio.com/2026/07/27/the-odyssey-box-office-639-million-zendaya/
Philadelphia cheesesteak shops roll out royal welcome for LeBron James,Pat's King of Steaks and Geno's Steaks are rolling out special tributes after James announced he'll join the 76ers for the 2026-27 season.,thegrio.com,2026-07-27,Sports,Odafe Oghen,https://thegrio.com/2026/07/27/philadelphia-welcomes-lebron-james-cheesesteaks/
"Lil Baby continues to show up for Atlanta, one backpack at a time","Lil Baby’s annual back-to-school drive provides over 4,000 kids with school supplies, family fun, and more.",thegrio.com,2026-07-27,Lifestyle,Kay Wicker,https://thegrio.com/2026/07/27/lil-baby-continues-to-show-up-for-atlanta-one-backpack-at-a-time/
Former NFL player Daniel Adongo deported to Kenya by ICE,The Daniel Adongo deportation sent the former Indianapolis Colts linebacker back to Kenya after ICE said he overstayed his visa.,thegrio.com,2026-07-27,Sports,Odafe Oghen,https://thegrio.com/2026/07/27/daniel-adongo-deportation-kenya-ice/
Who is David Jonsson? Meet the man getting ready to take on the role of ‘Black Panther’,Ryan Coogler announced that actor David Jonsson will carry on Chadwick Boseman’s legacy in “Black Panther III.”,thegrio.com,2026-07-27,Entertainment,Haniyah P.,https://thegrio.com/2026/07/27/who-is-david-jonsson-meet-the-man-getting-ready-to-take-on-the-role-of-black-panther/
Prince’s ‘Purple Rain’ musical sets 2027 Broadway debut at Majestic Theatre,"Prince’s Purple Rain Broadway musical will debut in 2027 at the Majestic Theatre, bringing the film to the stage with over 20 classic songs.",thegrio.com,2026-07-27,Entertainment,Peter Kerich,https://thegrio.com/2026/07/27/prince-purple-rain-broadway-musical-2027/
Beyoncé and Jay-Z enjoy Lauryn Hill concert with Blue Ivy and Kelly Rowland,"The Carter family attended Hill's East Hampton performance, which also featured a surprise reunion with Wyclef Jean.",thegrio.com,2026-07-27,Entertainment,Odafe Oghen,https://thegrio.com/2026/07/27/beyonce-jay-z-lauryn-hill-hamptons-concert/
Virginia mother of four dies after contracting Salmonella during Kenya mission trip,Ayla Garcia traveled to serve orphaned children before becoming ill. Her loved ones say sickle cell disease worsened the infection.,thegrio.com,2026-07-27,News,Peter Kerich,https://thegrio.com/2026/07/27/ayla-garcia-kenya-mission-trip-salmonella-death/
Kai Cenat and Tyla set first livestream reunion since viral ‘we’re friends though’ moment,The Kai and Tyla livestream reunion takes the stars to Disney World more than two years after their viral “we’re friends though” exchange.,thegrio.com,2026-07-27,Entertainment,Odafe Oghen,https://thegrio.com/2026/07/27/kai-cenat-tyla-livestream-reunion/
Howard University reinstates dozens of freshmen after mass enrollment removals spark backlash,Howard University has reinstated 46 incoming freshmen after 502 students were removed from the fall class over financial and enrollment deadlines.,thegrio.com,2026-07-27,News,Bobby Pen,https://thegrio.com/2026/07/27/howard-university-freshmen-reinstated/
"Ms. Rachel responds to criticism over speaking out about Nolan Wells, ICE, genocide and other humanitarian crises","Ms Rachel responded to criticism after speaking on Nolan Wells, saying supporting children’s humanity shouldn't be called controversial.",thegrio.com,2026-07-27,News,Peter Kerich,https://thegrio.com/2026/07/27/ms-rachel-nolan-wells-response-backlash/
Family and community question suicide ruling in death of Black teen found hanged in Charlotte,"The death Nzita, found hanged near a Charlotte church, was ruled a suicide in days, but her family and experts are are raising questions.",thegrio.com,2026-07-27,News,Bolarinwa Oladeji,https://thegrio.com/2026/07/27/juliana-nzita-charlotte-teen-hanging-suicide-questions/
Nolan Wells’ friend says he ‘beats himself up every night’ for leaving Horn Island before disappearance,"The Tracestin Shepherd interview details his regret over leaving Horn Island, while Nolan Wells’ parents say they had never met him.",thegrio.com,2026-07-27,News,Odafe Oghen,https://thegrio.com/2026/07/27/tracestin-shepherd-interview-nolan-wells/
‘Love Island USA’ fan favorite Nic Vansteenberghe speaks out after split from Olandria Carthen,"""The rumors are true. I didn't want to give people false hope, so I want to clear the air,"" Nic wrote on July 26.",thegrio.com,2026-07-27,Entertainment,Bolarinwa Oladeji,https://thegrio.com/2026/07/27/nic-vansteenberghe-olandria-carthen-split-statement/
"Deadly shooting at Bite of Seattle festival leaves three dead, manhunt underway",Three people were killed and four injured in a shooting at the Bite of Seattle food festival near the Space Needle.,thegrio.com,2026-07-27,News,Bolarinwa Oladeji,https://thegrio.com/2026/07/27/seattle-food-festival-shooting-space-needle/
Chiefs coach Eric Bieniemy’s son charged after wife Mia Bieniemy is reportedly shot at family home,"Eric Bieniemy's son, Elijah,has been arrested and charged with three felonies after a shooting that reportedly injured Mia Bieniemy.",thegrio.com,2026-07-27,Sports,Peter Kerich,https://thegrio.com/2026/07/27/eric-bieniemy-son-arrested-mia-bieniemy-shooting/
Search continues for critically missing Los Angeles teen Syncere Pshyra Evans,The Syncere Evans search continues as Los Angeles authorities seek help locating the critically missing 16-year-old.,thegrio.com,2026-07-27,News,Odafe Oghen,https://thegrio.com/2026/07/27/syncere-evans-search-missing-los-angeles-teen/
Secret Service agent charged in alleged fraternity hazing that nearly killed University of Miami student,A Secret Service agent working from the Miami office was arrested with two others in connection to a violent and near deadly hazing incident.,thegrio.com,2026-07-27,News,Brandon Caldwell,https://thegrio.com/2026/07/27/secret-service-agent-arrested-hazing-kappa-alpha-psi/
Trump says Obama was ‘bad’ for the auto industry: ‘I’ve done more for you than your parents!’,"As Trump claimed credit for reviving the auto industry, critics warned Black workers and manufacturers are feeling economic uncertainty.",thegrio.com,2026-07-27,Politics,Gerren Keith Gaynor,https://thegrio.com/2026/07/27/trump-obama-auto-industry-ive-done-more-for-you-than-your-parents/
Tuskegee University’s new dress code ignites mixed reactions,"From educators to incoming students, many react to Tuskegee University’s updated dress code banning bonnets, du-rags, pajamas, and more.",thegrio.com,2026-07-27,Hbcu,Kay Wicker,https://thegrio.com/2026/07/27/tuskegee-universitys-new-dress-code-ignites-mixed-reactions/
911 will mean more than an emergency number in Mayor Brandon Scott’s Baltimore,Baltimore is looking to expand its 911 service to reach those who need intervention other than the police and the threat of incarceration.,thegrio.com,2026-07-27,News,Brandon Caldwell,https://thegrio.com/2026/07/27/baltimore-expanded-911-mental-health-system/
"The Obamas’ Higher Ground backs new Netflix comedy starring Whoopi Goldberg, Jenifer Lewis and more",The upcoming film “Women Like Us” is the latest Black led production backed by Barack and Michelle Obama’s media company Higher Ground.,thegrio.com,2026-07-27,Entertainment,Haniyah P.,https://thegrio.com/2026/07/27/the-obamas-higher-ground-backs-new-netflix-comedy-starring-whoopi-goldberg-jenifer-lewis-and-more/
D4vd to stand trial for murder as chilling details continue to emerge in Celeste Rivas murder case,Singer D4vd faces life in prison or a possible death penalty after being ordered to stand trial for the murder of Celeste Rivas.,thegrio.com,2026-07-27,News,Brandon Caldwell,https://thegrio.com/2026/07/27/d4vd-to-stand-trial-murder-celeste-rivas/
"Fred Hammond, The Clark Sisters and Deitrick Haddon are taking gospel music to the Las Vegas Strip","The Clark Sisters, Fred Hammond and Deitrick Haddon will launch the Legends of Gospel Vegas residency at Virgin Hotels Las Vegas.",thegrio.com,2026-07-26,Entertainment,Bobby Pen,https://thegrio.com/2026/07/26/fred-hammond-legends-of-gospel-vegas-residency/
21 Savage’s family calls for action on illegal guns after 14-year-old ‘nephew’ dies by suicide,"21 Savage's family says 14-year-old nephew died by suicide after allegedly shooting his 12-year-old sister, prompting a plea to curb",thegrio.com,2026-07-26,News,Bolarinwa Oladeji,https://thegrio.com/2026/07/26/21-savage-nephew-dies-suicide-shooting-family/
"Tuskegee University’s new dress code bans bonnets, du-rags and bedroom shoes in class","Tuskegee University’s new dress code bans bonnets, do-rags and bedroom shoes in class while strengthening attendance and cellphone policies.",thegrio.com,2026-07-26,Featured,Bobby Pen,https://thegrio.com/2026/07/26/tuskegee-university-dress-code-bonnets-do-rags/
"David Jonsson to play T’Challa’s son in ‘Black Panther 3’, arriving December 2028","David Jonsson has been cast as T'Challa's son in ""Black Panther 3,"" set for release Dec. 15, 2028, with Ryan Coogler returning to direct.",thegrio.com,2026-07-26,Entertainment,Bolarinwa Oladeji,https://thegrio.com/2026/07/26/black-panther-3-david-jonsson-tchalla-son-2028/
"Nolan Wells’ mother targeted with one-star reviews on her work profile, supporters say","Supporters say Nolan Wells' mother, Christine Wonsley, has been targeted with one-star reviews on her professional profile amid the ongoing",thegrio.com,2026-07-26,News,Bolarinwa Oladeji,https://thegrio.com/2026/07/26/nolan-wells-mother-christine-wonsley-negative-reviews/
‘P-Valley’ co-stars Tyler Lepley and Miracle Watts officially tie the knot after years together,"""P-Valley"" star Tyler Lepley and Miracle Watts are officially married, tying the knot on July 25 after years of dating and a nearly two-year",thegrio.com,2026-07-26,Entertainment,Bolarinwa Oladeji,https://thegrio.com/2026/07/26/tyler-lepley-miracle-watts-wedding-married/
Iran War Widow Says ‘Nobody Has Reached Out’ To Explain Husband’s Removal From Death Toll,Iran war widow says no one in the Trump administration has explained why her husband was removed from the Pentagon’s public death toll.,thegrio.com,2026-07-26,News,TheGrio,https://thegrio.com/2026/07/26/iran-war-widow-husband-removed-death-toll/
Usher ends steamy onstage performance after realizing fan appears uncomfortable,Usher ended an intimate concert performance in Nashville after noticing that a fan invited onstage appeared uncomfortable.,thegrio.com,2026-07-26,Entertainment,Bobby Pen,https://thegrio.com/2026/07/26/usher-fan-onstage-uncomfortable-performance/
The same state where enslaved Africans first arrived will give Black voters the first voice in the 2028 Democratic race,"The DNC voted to keep South Carolina as the first presidential primary in 2028, cementing Black voters' role in choosing the next nominee.",thegrio.com,2026-07-26,Politics,Gerren Keith Gaynor,https://thegrio.com/2026/07/26/south-carolina-black-voters-2028-presidential-primary-election/
Trump Administration reveals it canceled clean-energy grants for states that voted for Kamala Harris in 2024 election,"In a filing, the Trump admin confirmed it canceled grants for projects belonging to states that voted for Kamala Harris in the 2024 election.",thegrio.com,2026-07-25,Politics,Brandon Caldwell,https://thegrio.com/2026/07/25/trump-administration-clean-energy-grants-kamala-harris/
‘Not going back and forth with y’all’: Jamal Bryant addresses Dr. Cheyenne Bryant after degree drama resurfaces,Pastor Jamal Bryant is once again addressing Dr. Cheynne Bryant after she sent him a cease-and-desist letter and more.,thegrio.com,2026-07-25,Lifestyle,Brandon Caldwell,https://thegrio.com/2026/07/25/jamal-bryant-cheyenne-bryant-doctor-transcripts/
Azzi Fudd makes WNBA history as first rookie to win 3-point contest,Dallas Wings rookie Azzi Fudd made WNBA history by becoming the first rookie to win the league's 3-point contest during All-Star Weekend in Chicago.,thegrio.com,2026-07-25,Sports,Bobby Pen,https://thegrio.com/2026/07/25/azzi-fudd-wnba-3-point-contest/
Jussie Smollett and Karamo Brown tour Obama Presidential Center together,Jussie Smollett and Karamo Brown enjoyed an Obama Center tour connected to Brown’s longstanding work with the Obama Foundation.,thegrio.com,2026-07-25,Lifestyle,Odafe Oghen,https://thegrio.com/2026/07/25/jussie-smollett-karamo-brown-obama-center-tour/
"WNBA faces growing scrutiny over racism, player safety and inclusion during All-Star weekend","As the WNBA reaches new heights in public consciousness, racism and player safety concerns are big topics heading into All-Star Weekend.",thegrio.com,2026-07-25,Sports,Odafe Oghen,https://thegrio.com/2026/07/25/wnba-scrutiny-racism-player-safety-inclusion/
‘Humbled and honored’: Tami Roman hits back at critics as she becomes an honorary member of Sigma Gamma Rho Sorority,Tami Roman has a message for those who may want to criticize her or Sigma Gamma Rho for making her an honorary member.,thegrio.com,2026-07-25,Lifestyle,Brandon Caldwell,https://thegrio.com/2026/07/25/tami-roman-honorary-member-sigma-gamma-rho/
Barack Obama makes surprise appearance at WNBA All-Star practice in Chicago,"Barack Obama surprised WNBA All-Stars during practice at the Obama Presidential Center in Chicago, praising players for helping grow women’s basketball.",thegrio.com,2026-07-25,Politics,Bobby Pen,https://thegrio.com/2026/07/25/barack-obama-wnba-all-star-practice-chicago/
"UDC places athletic director, lifeguards and aquatics manager on leave after camper’s near-drowning","The UDC near-drowning investigation: university to place its athletic director, aquatics manager and lifeguards on administrative leave.",thegrio.com,2026-07-25,News,Odafe Oghen,https://thegrio.com/2026/07/25/udc-near-drowning-investigation-staff-leave/
Simone Biles undergoes medical procedure weeks after saying she ‘almost died’,Simone Biles took to social media to playfully wish her husband a happy birthday while she was recovering from a recent medical procedure.,thegrio.com,2026-07-25,Lifestyle,Odafe Oghen,https://thegrio.com/2026/07/25/simone-biles-health-update-medical-procedure/
Colin Kaepernick awarded with newly-minted ACLU honor a decade after his historic NFL protest,Colin Kaepernick and Bruce Springsteen were awarded with the first Ralph Ellison Award for Defenders of Civil Rights and Civil Liberties.,thegrio.com,2026-07-25,Lifestyle,Brandon Caldwell,https://thegrio.com/2026/07/25/colin-kaepernick-ralph-ellison-award-aclu/
"Sha’Carri Richardson, Noah Lyles win U.S. 100-meter titles at U.S. Nationals","Sha'Carri Richardson and Noah Lyles captured the 100-meter titles at the U.S. Track and Field Championships, delivering standout performances",thegrio.com,2026-07-25,Sports,Peter Kerich,https://thegrio.com/2026/07/25/shacarri-richardson-noal-lyles-nationals/
LeBron James joins the Philadelphia 76ers in what he calls his ‘last decision’,LeBron James joins 76ers for his record-extending 24th NBA season after seriously considering retirement following his Lakers exit.,thegrio.com,2026-07-24,Sports,Odafe Oghen,https://thegrio.com/2026/07/24/lebron-james-joins-76ers/
‘I miss my sonshine’: Nolan Wells’ mother shares emotional message amid fight for answers,"Christine Wonsley shared an emotional message honoring her son and vowed she and his father ""will not stop"" advocating for justice.",thegrio.com,2026-07-24,News,Odafe Oghen,https://thegrio.com/2026/07/24/nolan-wells-mother-misses-son/
Family of 13-year-old Daryl Lowry launches independent investigation into death in state custody,Attorneys say the inquiry will examine how Lowry was placed in the foster home and who was responsible for supervising him before his death.,thegrio.com,2026-07-24,News,Bolarinwa Oladeji,https://thegrio.com/2026/07/24/daryl-lowry-family-attorney-foster-placement-questions/
Sherri Shepherd rejects age-based rules about her style and says she’s loving herself exactly as she is,"Sherri Shepherd is pushing back on ageist criticism of her wardrobe, telling critics she loves her legs and has no plans to cover up at 59.",thegrio.com,2026-07-24,News,Bolarinwa Oladeji,https://thegrio.com/2026/07/24/sherri-shepherd-responds-ageist-fashion-criticism/
Simone Biles and Jonathan Owens keep the offseason romance going in the Dominican Republic,"The Olympic champion celebrated her husband's birthday with a heat-emoji-laden repost, capping a summer of beach trips and high-profile",thegrio.com,2026-07-24,News,Bolarinwa Oladeji,https://thegrio.com/2026/07/24/simone-biles-jonathan-owens-tropical-vacation-birthday/
"Keith Porter Sr. turns grief into action, calls for justice in son’s death and for Lorenzo Salgado Araujo","The grieving father says fear cannot stop communities from speaking out, calling on Houston residents to ""make some humongous noise.""",thegrio.com,2026-07-24,News,Peter Kerich,https://thegrio.com/2026/07/24/keith-porter-father-speaks-out-ice-shooting/
Here’s what happened when Gabourey Sidibe asked the internet for advice on saging while filming ‘American Horror Story’,Gabourey Sidibe reveals “American Horror Story” isn’t working with a consultant witch during filming of the next season.,thegrio.com,2026-07-24,Lifestyle,Kay Wicker,https://thegrio.com/2026/07/24/heres-what-happened-when-gabourey-sidibe-asked-the-internet-for-advice-on-saging-while-filming-american-horror-story/
Angel Reese says creating her Barbie doll is a ‘full-circle moment’: ‘I’ve been a Barbie girl for as long as I can remember’,"Angel Reese reflects designing a Barbie that celebrates every chapter of her journey from LSU to the WNBA, and inspires the next generation.",thegrio.com,2026-07-24,Lifestyle,Haniyah P.,https://thegrio.com/2026/07/24/angel-reese-says-creating-her-barbie-doll-is-a-full-circle-moment-ive-been-a-barbie-girl-for-as-long-as-i-can-remember/
"Madison police shooting victim identified as Corey Ruiz amid protests, growing calls for accountability","As an independent investigation begins, protesters and the family's legal team are demanding greater transparency into the fatal encounter.",thegrio.com,2026-07-24,News,Peter Kerich,https://thegrio.com/2026/07/24/corey-ruiz-police-shooting-madison-protests/
"Keke Palmer, Lil Wayne, Raven-Symoné, Delroy Lindo, Idris Elba, and more, to receive stars on the Hollywood Walk of Fame","Lil Wayne, Keke Palmer, Idris Elba, Charlamagne tha God and Grandmaster Flash are among the 32 names selected for the Hollywood Walk of",thegrio.com,2026-07-24,Entertainment,Bolarinwa Oladeji,https://thegrio.com/2026/07/24/hollywood-walk-of-fame-class-2027-lil-wayne-keke-palmer/
‘Love Island USA’ winner Trinity Tatum signs with WME after breakout season,Trinity Tatum signs with WME after winning “Love Island USA” Season 8 and growing her social media audience to more than 3 million followers.,thegrio.com,2026-07-24,Entertainment,Odafe Oghen,https://thegrio.com/2026/07/24/trinity-tatum-signs-with-wme/
Cardi B gives fans a rare look at her children as they embrace their Dominican roots,"The rapper shared videos of Kulture, Wave and Blossom exploring the countryside during a family trip to the Dominican Republic.",thegrio.com,2026-07-24,Entertainment,Bolarinwa Oladeji,https://thegrio.com/2026/07/24/cardi-b-kids-spanish-dominican-republic-vacation/
Chris Brown opts for guilty plea in 2023 London nightclub assault case,Chris Brown and his vocal coach have each pleaded guilty to lesser charges stemming from a 2023 London nightclub fight.,thegrio.com,2026-07-24,Entertainment,Brandon Caldwell,https://thegrio.com/2026/07/24/chris-brown-guilty-plea-2023-london-nightclub-brawl/
"Mississippi Gov. Tate Reeves blames Ben Crump and Al Sharpton for threats, stoking division in Nolan Wells case",The Miss. governor made the remarks as federal authorities investigate threats tied to the high-profile death of 18-year-old Nolan Wells.,thegrio.com,2026-07-24,News,Peter Kerich,https://thegrio.com/2026/07/24/mississippi-governor-blames-ben-crump-al-sharpton-nolan-wells-threats/
How the Malcolm-Jamal Warner and Chadwick Boseman estate disputes spotlight a crisis affecting Black families nationwide,"More than 70% of Black Americans die without a will or trust, leaving loved ones vulnerable to lengthy probate disputes, attorneys say.",thegrio.com,2026-07-24,Lifestyle,Kay Wicker,https://thegrio.com/2026/07/24/how-the-malcolm-jamal-warner-and-chadwick-boseman-estate-disputes-spotlight-a-crisis-affecting-black-families-nationwide/
‘We were in emergency’: Friend who was with Nolan Wells on Horn Island offers account of why Wells didn’t return on boat he traveled on,"Warren Hudson, the individual who called Nolan Wells' family to tell them he was missing, is speaking out about his disappearance.",thegrio.com,2026-07-24,News,Brandon Caldwell,https://thegrio.com/2026/07/24/warren-hudson-speaks-nolan-wells-case/
How Funmi Monet bottled feelings and memory into a fragrance brand launching at Sephora,"Launching at Sephora, Funmi Monet's Influxious reimagines everything from skin scents to vacation fragrances through a diasporic lens.",thegrio.com,2026-07-24,Business,Haniyah P.,https://thegrio.com/2026/07/24/how-funmi-monet-bottled-feelings-and-memory-into-a-fragrance-brand-launching-at-sephora/
President Trump rebuked after calling LeBron James ‘racist’ because ‘he doesn’t like [me]’,"Trump revived his feud with James, accusing him of being ""maybe a racist"" hours after announcing his move to the Philadelphia 76ers.",thegrio.com,2026-07-24,Politics,Gerren Keith Gaynor,https://thegrio.com/2026/07/24/trump-rebuked-after-calling-lebron-james-racist/
Republican Rep. Nancy Mace slammed for ‘racist’ bill to eliminate Congressional Black Caucus,"The proposal to eliminate race-based congressional caucuses sparked swift backlash from Democrats, who called it a racist political stunt.",thegrio.com,2026-07-24,Politics,Gerren Keith Gaynor,https://thegrio.com/2026/07/24/nancy-mace-racist-bill-to-eliminate-congressional-black-caucus/
Destiny’s Child to release previously unheard remixes ‘in the next 30 days’ says Mathew Knowles,"Destiny’s Child remixes featuring Missy Elliott and other guest rappers will arrive within 30 days, Mathew Knowles says.",thegrio.com,2026-07-24,Entertainment,Odafe Oghen,https://thegrio.com/2026/07/24/destinys-child-remixes-missy-elliott/
Jay-Z seeks to block bankruptcy from wiping out six-figure judgment won in yearslong paternity lawsuit,"Jay-Z is asking a court to prevent a $119,000 judgment from being wiped out in the bankruptcy of grandmother of a man claiming to be his son.",thegrio.com,2026-07-24,Entertainment,Bolarinwa Oladeji,https://thegrio.com/2026/07/24/jay-z-lillie-coley-bankruptcy-debt-paternity-claim/
Anthony Edwards marries longtime girlfriend Shannon Jackson,The Anthony Edwards wedding took place July 16 as the Timberwolves star married longtime girlfriend Shannon Jackson after six years together.,thegrio.com,2026-07-24,Featured,Odafe Oghen,https://thegrio.com/2026/07/24/anthony-edwards-wedding-shannon-jackson/
Mike Tyson reveals what he wants to be remembered for after years of dismissing legacy talk as ego,"Mike Tyson says his legacy isn't his boxing titles but the amateur showcase he's building for young fighters, ahead of his second Mike Tyson",thegrio.com,2026-07-24,News,Bolarinwa Oladeji,https://thegrio.com/2026/07/24/mike-tyson-legacy-amateur-boxing-invitational/
Mississippi DA says Nolan Wells autopsy report will stay sealed until grand jury review,Mississippi prosecutors say Nolan Wells' autopsy report will remain sealed until a grand jury reviews the case into the 18-year-old's death.,thegrio.com,2026-07-24,News,Peter Kerich,https://thegrio.com/2026/07/24/mississippi-da-says-nolan-wells-autopsy-report-will-stay-sealed-until-grand-jury-review/
Criminalist details blood evidence in D4vd murder case at preliminary hearing,"An LAPD criminalist testified that blood found in D4vd's garage was consistent with the DNA of Celeste Rivas Hernandez, the 14-year-old he is",thegrio.com,2026-07-24,News,Bolarinwa Oladeji,https://thegrio.com/2026/07/24/d4vd-garage-blood-dna-celeste-rivas-hearing/
‘One of the mistakes’: Oprah reveals to Keke Palmer one of her biggest career regrets and why she never did it again,"When it comes to ""Run On,"" Oprah's attempt at a song for 'The Oprah Winfrey Show""? She tells Keke Palmer it was a bad idea.",thegrio.com,2026-07-24,Entertainment,Brandon Caldwell,https://thegrio.com/2026/07/24/oprah-failed-music-single-run-on-keke-palmer/
"‘All I ever wanted to do was be accepted’: Ryan Clark reflects on his time at ESPN, his regrets and why he’s always community minded",Ryan Clark is breaking his silence about being let go from ESPN in an emotional episode of 'The Pivot' podcast.,thegrio.com,2026-07-24,Entertainment,Brandon Caldwell,https://thegrio.com/2026/07/24/ryan-clark-addresses-espn-layoff-pivot/
Keke Palmer announces she’s receiving a star on the Hollywood Walk of Fame in emotional post,"Keke Palmer has announced she's receiving a star on the Hollywood Walk of Fame, sharing the news in an emotional video dedicated to her",thegrio.com,2026-07-23,Entertainment,Bolarinwa Oladeji,https://thegrio.com/2026/07/23/keke-palmer-hollywood-walk-of-fame-star/
Protestors interrupt press conference following viral video of fatal police shooting in Madison,"Protestors interrupted a press conference in Madison, Wisc. where police identified the victim of fatal shooting Wednesday night.",thegrio.com,2026-07-23,Featured,Nhari Djan,https://thegrio.com/2026/07/23/protestors-interrupt-press-conference-following-viral-video-of-fatal-police-shooting-in-madison/
SC hasn’t elected a Democratic governor since 1998. Jermaine Johnson hopes to change that and make history,Jermaine Johnson believes South Carolina voters are ready for change as he seeks to become the state's first Black governor.,thegrio.com,2026-07-23,Politics,Gerren Keith Gaynor,https://thegrio.com/2026/07/23/sc-hasnt-elected-a-democratic-governor-since-1998-jermaine-johnson-hopes-to-change-that-and-make-history/
‘Inartful comparison’: USA Today columnist addresses invoking Emmett Till in Caitlin Clark story,A USA Today columnist received backlash for using Emmett Till in an article arguing that Caitlin Clark weaponized her whiteness in games.,thegrio.com,2026-07-23,News,Nhari Djan,https://thegrio.com/2026/07/23/inartful-comparison-usa-today-columnist-addresses-invoking-emmett-till-in-caitlin-clark-story/
"Why Mara Brock Akil hopes Black men read ‘The Revelation of Dionne Daphne,’ the book that’s sending Black women to get tested for STIs","In this exclusive interview, Mara Brock Akil opens up about her debut novel, “The Revelation of Dionne Daphne”",thegrio.com,2026-07-23,Books,Kay Wicker,https://thegrio.com/2026/07/23/why-mara-brock-akil-hopes-black-men-read-the-revelation-of-dionne-daphne-the-book-thats-sending-black-women-to-get-tested-for-stis/
"Mississippi Medical examiner in Nolan Wells case also handled Trey Reed investigation, drawing renewed scrutiny","Mississippi's medical examiner is facing scrutiny after handling the deaths of Nolan Wells, Trey Reed and other Black residents.",thegrio.com,2026-07-23,News,Peter Kerich,https://thegrio.com/2026/07/23/mississippi-medical-examiner-nolan-wells-trey-reed/
Trinity Tatum says she regrets her viral clash with Tierra ‘TiTi’ Davis on ‘Love Island USA’,"""Love Island USA"" star Trinity Tatum says she regrets her explosive exchange with Casa Amor bombshell Tierra Davis, even as fans continue to",thegrio.com,2026-07-23,Entertainment,Bolarinwa Oladeji,https://thegrio.com/2026/07/23/trinity-tatum-regrets-tierra-davis-clash-love-island/
Cardi B responds to the internet’s obsession with her love life amid Maduka Okoye rumors,"Cardi B appears to address the drama between Maduka Okoye and his baby mama, saying she's been dealing with ""lies and bulls***"" about her",thegrio.com,2026-07-23,Entertainment,Bolarinwa Oladeji,https://thegrio.com/2026/07/23/cardi-b-maduka-okoye-baby-mama-drama-response/
"Protests erupt after Madison, Wis., police fatally shoot man in viral video",Madison police shooting sparks protests after an officer fatally shot a man activists identified as Black during an attempted arrest.,thegrio.com,2026-07-23,News,Odafe Oghen,https://thegrio.com/2026/07/23/madison-police-shooting-protests-viral-video/
Stephen Curry becomes first active player with dedicated Basketball Hall of Fame exhibit,"Stephen Curry becomes the first active NBA player with a dedicated Basketball Hall of Fame exhibit, celebrating his career.",thegrio.com,2026-07-23,Sports,Peter Kerich,https://thegrio.com/2026/07/23/stephen-curry-first-active-player-hall-of-fame-exhibit/
Former PIX11 anchor Ojinika Obiekwe awarded more than $2.4 million in retaliation case,The Ojinika Obiekwe lawsuit ended with a $2.4 million verdict after jurors found that PIX11 retaliated against the former anchor.,thegrio.com,2026-07-23,News,Odafe Oghen,https://thegrio.com/2026/07/23/ojinika-obiekwe-lawsuit-pix11-verdict/
Malcolm-Jamal Warner’s widow says his death is still the ‘worst day’ of her life,"Malcolm-Jamal Warner's widow, Tenisha Warner, reflects on his accidental drowning one year later and how she is honoring his legacy.",thegrio.com,2026-07-23,Featured,Peter Kerich,https://thegrio.com/2026/07/23/malcolm-jamal-warner-widow-drowning-one-year-later/
‘What happened to Truth and Service?’: Incoming Howard freshmen speak out after sudden unenrollment emails,"Howard University freshmen say they were unenrolled despite believing their financial aid, grants and scholarships covered their tuition.",thegrio.com,2026-07-23,Featured,Haniyah P.,https://thegrio.com/2026/07/23/what-happened-to-truth-and-service-incoming-howard-freshmen-speak-out-after-sudden-unenrollment-emails/
"When Black reality TV stars become villains, does racism follow? ‘Love Island’ stars Titi and KC have some thoughts","""Love Island USA"" stars KC and Titi open up about how they've been managing the online backlash since their season wrapped.",thegrio.com,2026-07-23,Entertainment,Kay Wicker,https://thegrio.com/2026/07/23/when-black-reality-tv-stars-become-villains-does-racism-follow-love-island-stars-titi-and-kc-have-some-thoughts/
Nun speaks out after being detained by ICE on way to church: ‘There are many others in this same situation’,"Sister Leticia Ugboaja, a nun and registered nurse, described being detained on her way to Mass during a press conference.",thegrio.com,2026-07-23,News,Nhari Djan,https://thegrio.com/2026/07/23/nun-speaks-out-after-being-detained-by-ice-on-way-to-church-there-are-many-others-in-this-same-situation/
Howard University releases statement about un-enrollment emails sent to incoming freshman,"In a statement shared with theGrio, the HBCU addressed the growing discourse surround incoming Howard University freshmen’s enrollment",thegrio.com,2026-07-23,Hbcu,Haniyah P.,https://thegrio.com/2026/07/23/howard-university-releases-statement-about-un-enrollment-emails-sent-to-incoming-freshman/
Eric Adjepong addresses allegations after no-contact order involving daughter becomes public,"The chef says his daughter remains his ""foremost priority"" and that he will honor the court process while contesting the public narrative.",thegrio.com,2026-07-23,News,Bolarinwa Oladeji,https://thegrio.com/2026/07/23/eric-adjepong-responds-protective-order-daughter/
Tyler Perry Studios embraces virtual production while pledging to preserve jobs behind the camera,Virtual production stage at Tyler Perry Studios will use LED technology and real-time tools while keeping crews central to the process.,thegrio.com,2026-07-23,Featured,Odafe Oghen,https://thegrio.com/2026/07/23/virtual-production-stage-tyler-perry-studios/
African American Heritage Action Fund awards $3 million to preserving historic sites,The African American Cultural Heritage Action Fund awarded $3 million in grants to preserve 27 historic Black sites across the United States.,thegrio.com,2026-07-22,Featured,Peter Kerich,https://thegrio.com/2026/07/22/african-american-heritage-action-fund-awards-3-million-to-preserving-historic-sites/
Attorney challenges 1st-degree murder case against Tenn. mother accused of fatally shooting man under daughter’s bed,A Tennessee mother's attorney argues she did not act with premeditation after fatally shooting a man under her 13-year-old daughter's bed.,thegrio.com,2026-07-22,News,Peter Kerich,https://thegrio.com/2026/07/22/attorney-tennessee-mom-shooting-not-premeditated/
"R&B singer Nivea reveals leukemia diagnosis, says faith carried her through treatment","R&B singer Nivea has revealed she was diagnosed with leukemia earlier this year, opening up about her treatment and renewed outlook on life.",thegrio.com,2026-07-22,Entertainment,Bolarinwa Oladeji,https://thegrio.com/2026/07/22/nivea-leukemia-diagnosis-health-reveal/
Pathologists say they ‘cannot rule out foul play’ in preliminary autopsy results of Nolan Wells,Attorney Ben Crump shared the preliminary findings of the independent autopsy of Nolan Wells in the ongoing investigation.,thegrio.com,2026-07-22,News,Haniyah P.,https://thegrio.com/2026/07/22/pathologists-say-they-cannot-rule-out-foul-play-in-preliminary-autopsy-results-of-nolan-wells/
Ludacris reveals traffic inspired his hit song ‘Move B—h’,Move Bitch inspiration came from Ludacris sitting in traffic before the 2001 song,thegrio.com,2026-07-22,Entertainment,Odafe Oghen,https://thegrio.com/2026/07/22/move-bitch-inspiration-ludacris-traffic/
Lil Wayne opens up on making music behind bars and the show that got him through,Lil Wayne detailed how he recorded music over the phone from his Rikers Island cell in 2010 and revealed the show he watched to make the,thegrio.com,2026-07-22,Entertainment,Bolarinwa Oladeji,https://thegrio.com/2026/07/22/lil-wayne-recording-music-rikers-island-jail/
What the independent autopsy revealed about Nolan Wells’ death: 7 key findings,"Experts found several issues in the independent autopsy of Nolan Wells, including a missing throat and discoloration on the back of his head.",thegrio.com,2026-07-22,News,Haniyah P.,https://thegrio.com/2026/07/22/what-the-independent-autopsy-revealed-about-nolan-wells-death-7-key-findings/
EXCLUSIVE: Aunjanue Ellis-Taylor talks playing an FBI agent consumed by obsession in Apple TV+’s ‘Lucky’,"Aunjanue Ellis-Taylor speaks with theGrio about playing FBI Agent Billie Rand in ""Lucky,"" alongside Anya Taylor-Joy and Annette Bening.",thegrio.com,2026-07-22,Entertainment,Janeé Bolden,https://thegrio.com/2026/07/22/aunjanue-ellis-taylor-lucky-apple-tv-interview/
Raphael Warnock calls for probe into redistricting officials,Georgia senator Raphael Warnock says Congress should examine whether race influenced new voting maps after elections.,thegrio.com,2026-07-22,Politics,Peter Kerich,https://thegrio.com/2026/07/22/raphael-warnock-redistricting-investigation/
Black former Six Flags employee seeks $25 million over alleged racial discrimination,Six Flags lawsuit seeks at least $25 million after a Black former employee alleged racial discrimination and wrongful termination.,thegrio.com,2026-07-22,News,Odafe Oghen,https://thegrio.com/2026/07/22/six-flags-lawsuit-racial-discrimination/
‘The People’s Mayor!’: Mamdani praised after calling for arrest of ‘war criminal’ Israeli PM Benjamin Netanyahu,New York City Mayor Zohran Mamdani doubled down on his call for Israeli Prime Minister Benjamin Netanyahu to be arrested for war crimes.,thegrio.com,2026-07-22,Politics,Gerren Keith Gaynor,https://thegrio.com/2026/07/22/the-peoples-mayor-mamdani-praised-after-calling-for-arrest-of-war-criminal-israeli-pm-benjamin-netanyahu/
‘White pride rally’: Jasmine Crockett hits back at Republicans’ targeting of Smithsonian museum,"Crockett defended the Smithsonian's presentation of racism in America, arguing efforts to challenge them are an attempt to erase history.",thegrio.com,2026-07-22,Politics,Gerren Keith Gaynor,https://thegrio.com/2026/07/22/white-pride-rally-jasmine-crockett-smithsonian-museum-hearing/
Wendy Williams’ guardian settles lawsuit with A&E over controversial documentary,Wendy Williams lawsuit settlement ends Sabrina Morrissey’s legal battle with A&E over the controversial Lifetime documentary.,thegrio.com,2026-07-22,Entertainment,Odafe Oghen,https://thegrio.com/2026/07/22/wendy-williams-lawsuit-settlement-ae-documentary/
OpenAI says experimental AI model escaped testing environment and hacked external servers,The company says the experimental model exploited a previously unknown vulnerability before accessing external systems.,thegrio.com,2026-07-22,News,Bolarinwa Oladeji,https://thegrio.com/2026/07/22/openai-model-escaped-hacked-hugging-face-servers/
‘Love Island USA’ fan favorites Olandria Carthen and Nic Vansteenberghe have called it quits,"Olandria and Nic breakup comes one year after the Love Island USA fan favorites left the villa, with distance and schedules blamed.",thegrio.com,2026-07-22,Entertainment,Odafe Oghen,https://thegrio.com/2026/07/22/olandria-nic-breakup-love-island-usa/
Judge Mathis sees ‘reasonable suspicion’ in the case of Nolan Wells,Judge Mathis speaks out about the mysterious death of Nolan Wells and why he thinks it warrants a thorough investigation.,thegrio.com,2026-07-22,News,Kay Wicker,https://thegrio.com/2026/07/22/judge-mathis-sees-reasonable-suspicion-in-the-case-of-nolan-wells/
Atlanta police investigate video showing officers using force on Black man near Kai Cenat event,Atlanta police investigation examines video appearing to show officers using force on a young Black man near a Kai Cenat event.,thegrio.com,2026-07-22,News,Odafe Oghen,https://thegrio.com/2026/07/22/atlanta-police-investigation-kai-cenat-event/
‘Damage has already been done’: Nolan Wells parents say early conclusions shaped the narrative around his death,"During a recent press conference, Nolan Wells’ parents and attorney discussed the dangers of the conflicting narratives surrounding his case.",thegrio.com,2026-07-22,News,Haniyah P.,https://thegrio.com/2026/07/22/damage-has-already-been-done-nolan-wells-parents-say-early-conclusions-shaped-the-narrative-around-his-death/
Mississippi teen Nolan Wells’ friend shares his account as family continues to seek answers,A man who identifies himself as a friend of Nolan Wells spoke about the teen's final hours during an interview with Brandon Tatum.,thegrio.com,2026-07-22,News,Peter Kerich,https://thegrio.com/2026/07/22/mississippi-teen-nolan-wells-friend-shares-his-account-as-family-continues-to-seek-answers/
11-year-old boy spends 100 hours reading to shelter dogs to help them find forever homes,"Boy reads to animals for 100 hours at a Florida shelter, becoming the first child to reach the Pawsitive Reading program milestone.",thegrio.com,2026-07-22,Featured,Odafe Oghen,https://thegrio.com/2026/07/22/boy-reads-to-animals-shelter-100-hours/
Black women’s equal pay day hits different when everyone is worried about keeping a job,"Black Women’s Equal Pay Day has arrived when job loss, systemic failings, rising living costs, and more threaten its progress.",thegrio.com,2026-07-22,Women,Kay Wicker,https://thegrio.com/2026/07/22/black-womens-equal-pay-day-hits-different-when-everyone-is-worried-about-keeping-a-job/
"Black Americans carry twice the medical debt of white borrowers, study finds","UC Berkeley study found Black Americans carry nearly twice the medical debt of white borrowers, highlighting persistent racial disparities.",thegrio.com,2026-07-22,Featured,Peter Kerich,https://thegrio.com/2026/07/22/black-medical-debt-study-2026/
6-year-old hospitalized after near-drowning at soccer camp as lifeguard was reportedly on lunch break,Nike camp near-drowning left 6-year-old Adonis Jackson hospitalized after a lifeguard said he was away from the UDC pool for lunch.,thegrio.com,2026-07-22,News,Odafe Oghen,https://thegrio.com/2026/07/22/nike-camp-near-drowning-adonis-jackson/
One Black woman’s masculine first name routinely stuns people. Her parents did it on purpose,"Years after proudly claiming her name, Christopher Stewart understands the reasons why her parents named her as such.",thegrio.com,2026-07-22,Lifestyle,Brandon Caldwell,https://thegrio.com/2026/07/22/christopher-stewart-black-woman-white-name-corporate-america/
Cardi B isn’t sugarcoating things in new Zevia ad spots,Cardi B joins Zevia’s latest campaign to keep it real at the height of demand for healthier soda alternatives.,thegrio.com,2026-07-22,Entertainment,Kay Wicker,https://thegrio.com/2026/07/22/cardi-b-isnt-sugarcoating-things-in-new-zevia-ad-spots/
Louisiana Democrat Cleo Fields reveals political future after SCOTUS approved redistricting,Rep. Cleo Fields (D-La.) announced that he will not seek re-election to his seat but instead will run for a state office in Louisiana.,thegrio.com,2026-07-22,Politics,Brandon Caldwell,https://thegrio.com/2026/07/22/cleo-fields-wont-seek-reelection-house-of-representatives/
‘I wasn’t forced?’: Ryan Clark addresses reports of his ESPN exit as friends and collegues lend support,Ryan Clark is pushing back on the notion he wasn't forced off the air during his final 'NFL Live' appearance before he was laid off by ESPN.,thegrio.com,2026-07-22,Sports,Brandon Caldwell,https://thegrio.com/2026/07/22/ryan-clark-addresses-last-day-espn/
"Tasha Cobbs Leonard, Pastor Mike Jr to be honored at 2026 Stellar Awards",Tasha Cobbs Leonard and Pastor Mike Jr. will be honored by their peers at the 41st Stellar Gospel Music Awards on August 15.,thegrio.com,2026-07-22,Entertainment,Brandon Caldwell,https://thegrio.com/2026/07/22/tasha-cobbs-leonard-pastor-mike-jr-stellar-awards-honors/
Newly surfaced Horn Island video may offer key clues in Nolan Wells investigation,Footage believed to show the 18-year-old just hours before he disappeared has reportedly been turned over to investigators.,thegrio.com,2026-07-21,News,Bolarinwa Oladeji,https://thegrio.com/2026/07/21/nolan-wells-new-video-horn-island-final-sighting/
‘You’re not alone’: Black men rally behind 12-year-old after alleged racial slur,"Black men rally around a 12-year-old boy after racial harassment, while supporters promise to stand by him when school resumes.",thegrio.com,2026-07-21,Featured,Odafe Oghen,https://thegrio.com/2026/07/21/black-men-rally-boy-racial-harassment/
Jasmine Crockett appears to react to Talarico’s fierce defense of her,A recent rebuke by Talarico of his supporters who attacked Crockett went viral as he works to mobilize support from Black voters in Texas.,thegrio.com,2026-07-21,Politics,Gerren Keith Gaynor,https://thegrio.com/2026/07/21/jasmine-crockett-appears-to-react-to-talarico-fierce-defense-of-her-with-humor/
Former gymnastics hopeful Taylor Lindsay-Noel finds new purpose after paralysis,Former Canadian gymnast Taylor Lindsay-Noel shares how a training accident left her paralyzed at 14 and how she rebuilt her life.,thegrio.com,2026-07-21,Featured,Peter Kerich,https://thegrio.com/2026/07/21/taylor-lindsay-noel-paralysis-new-purpose/
Ryan Clark to headline MEAC Football Media Day on ESPN+ one day after ESPN layoff,Ryan Clark MEAC Football Media Day will stream on ESPN+ one day after ESPN ended the analyst’s 11-year tenure during NFL Live.,thegrio.com,2026-07-21,Sports,Odafe Oghen,https://thegrio.com/2026/07/21/ryan-clark-meac-football-media-day-espn-plus/
Rep. Al Green accuses Trump administration of possible cover-up in deadly ICE shooting in Texas,Al Green demands an ICE shooting investigation after accusing the administration of a possible cover-up in Lorenzo Salgado Araujo’s death.,thegrio.com,2026-07-21,News,Odafe Oghen,https://thegrio.com/2026/07/21/al-green-ice-shooting-investigation-houston/
Nancy Grace turns her attention to Nolan Wells’ case and supporters say the pressure is only just beginning,"Social media is celebrating Nancy Grace taking on the Nolan Wells case, with fans convinced her coverage will bring fresh scrutiny.",thegrio.com,2026-07-21,News,Bolarinwa Oladeji,https://thegrio.com/2026/07/21/nancy-grace-nolan-wells-case-social-media-reaction/
Malcolm-Jamal Warner’s widow files lawsuit over family trust and prenup,"Filed on the anniversary of the actor's death, the lawsuit seeks funds from the Warner Family Trust and names his mother as defendant.",thegrio.com,2026-07-21,News,Bolarinwa Oladeji,https://thegrio.com/2026/07/21/malcolm-jamal-warner-widow-lawsuit-prenup-mother/
U.S. school closures surge as enrollment declines and districts face budget cuts,U.S. school closures are accelerating as public school districts across the country grapple with fewer students and tighter budgets.,thegrio.com,2026-07-21,Featured,Peter Kerich,https://thegrio.com/2026/07/21/us-school-closures-enrollment-budget-cuts/
Veteran Black police sergeant settles retaliation lawsuits against San Diego for $3.1 million,Arthur Scott settlement resolves two lawsuits for $3.1 million after the Black San Diego police sergeant alleged racism and retaliation.,thegrio.com,2026-07-21,News,Odafe Oghen,https://thegrio.com/2026/07/21/arthur-scott-settlement-san-diego-police/
Philomina Kane didn’t need a patent to protect Kin Apparel — she did so by building a strong brand,"After finally securing a trademark for ""satin-lined hoodies,"" Kin Apparel's founder is opening up about the legal strategy and more.",thegrio.com,2026-07-21,Business,Kay Wicker,https://thegrio.com/2026/07/21/philomina-kane-didnt-need-a-patent-to-protect-kin-apparel-she-did-so-by-building-a-strong-brand/
HBCU baseball player Johan Sandoval speaks out after release from ICE detention,Johan Sandoval speaks out after his release from ICE custody: The Savannah baseball star describes fear and difficult detention conditions.,thegrio.com,2026-07-21,Sports,Odafe Oghen,https://thegrio.com/2026/07/21/johan-sandoval-speaks-out-ice-release/
Oprah recalls how one conversation about ownership changed the course of her career,Oprah Winfrey reflected on the executive who called her arrogant for dreaming and the faith that proved him wrong.,thegrio.com,2026-07-21,Featured,Haniyah P.,https://thegrio.com/2026/07/21/oprah-recalls-how-one-conversation-about-ownership-changed-the-course-of-her-career/
Cam Newton among ESPN cuts as company continues mass layoffs,"Former NFL MVP Cam Newton is among the major names let go from ESPN as the company and its parent company, Disney, go through layoffs.",thegrio.com,2026-07-21,News,Brandon Caldwell,https://thegrio.com/2026/07/21/cam-newton-espn-layoffs/
20 destinations Black travelers can’t seem to get enough of,"Black tourism is on the rise, as reflected in tourism dollars, and why we are traveling may say more than where.",thegrio.com,2026-07-21,Lifestyle,Kay Wicker,https://thegrio.com/2026/07/21/20-destinations-black-travelers-cant-seem-to-get-enough-of/
Can white people code-switch? Unpacking the internet’s latest debate,"As white creators claim to “code switch” on social media, they're revealing just how little they understand about why it exists.",thegrio.com,2026-07-21,Lifestyle,Haniyah P.,https://thegrio.com/2026/07/21/can-white-people-code-switch-unpacking-the-internets-latest-debate/
The 10 books on July’s BLK Bestsellers List,"Discover the top 10 books on BLK’s Bestsellers List in July, featuring Viola Davis, Mara Brock Akil, Clay Cane and more.",thegrio.com,2026-07-21,Featured,Jahaura Michelle,https://thegrio.com/2026/07/21/the-10-books-on-julys-blk-bestsellers-list/
Nancy Mace criticizes Smithsonian exhibit featuring RuPaul during congressional hearing,"Nancy Mace criticized the Smithsonian over RuPaul's images during a congress hearing, arguing they expose children to inappropriate content.",thegrio.com,2026-07-21,Featured,Peter Kerich,https://thegrio.com/2026/07/21/nancy-mace-rupaul-smithsonian-hearing/
EEOC moves to end 1966 rule on racial data collection that would ‘resegregate’ America,"Andrea Lucas, the Trump-appointed chair of the EEOC, says the decades-old rule encourages employers to discriminate against white men.",thegrio.com,2026-07-21,Politics,Gerren Keith Gaynor,https://thegrio.com/2026/07/21/eeoc-to-end-1966-rule-on-racial-data-collection-resegregate-america/
Cause of death for Daniel Erving revealed as family continues to raise questions about his death,"As an autopsy revealed the cause of death for Texas teen Daniel Erving, his mother and others continue to raise questions.",thegrio.com,2026-07-21,News,Brandon Caldwell,https://thegrio.com/2026/07/21/daniel-erving-cause-of-death/
Snoop Dogg biopic gets official release date as ‘Outer Banks’ star Jonathan Daviss to play the music legend,"'Snoop,' the upcoming R-rated film about the life and legend of Snoop Dogg starring Jonathan Daviss, officially has a release date.",thegrio.com,2026-07-21,Entertainment,Brandon Caldwell,https://thegrio.com/2026/07/21/snoop-dogg-biopic-release-date/
"‘Cruel, evil, greedy’: Malcolm-Jamal Warner’s mother Pamela reflects on year-long journey after her son’s passing as his widow sues her","As she mourns her son, Pamela Warner is seemingly addressing the lawsuit filed by her daughter-in-law over $1.2 million.",thegrio.com,2026-07-21,News,Brandon Caldwell,https://thegrio.com/2026/07/21/pamela-warner-malcolm-jamal-warner-death-lawsuit/
Wes Moore is in demand on the campaign trail. The 2028 chatter isn’t going away.,"Moore tells theGrio he's focused on helping Democrats win in November, even as he continues to fuel presidential speculation.",thegrio.com,2026-07-20,Politics,Gerren Keith Gaynor,https://thegrio.com/2026/07/20/wes-moore-in-demand-2026-campaign-trail-2028-chatter/
"Tracee Ellis Ross says isolating as it may be, mental health doesn’t have to be managed alone","In this exclusive interview, Tracee Ellis Ross opens up about making her Broadway debut in “Every Brilliant Thing.”",thegrio.com,2026-07-20,Lifestyle,Kay Wicker,https://thegrio.com/2026/07/20/tracee-ellis-ross-says-isolating-as-it-may-be-mental-health-doesnt-have-to-be-managed-alone/
‘Nolan’s life mattered!’ Ben Crump continues plea for justice for Nolan Wells because ‘he’s our son too’,Attorney Ben Crump says the ferocious search for the truth about what happened to Nolan Wells is bigger than just one person.,thegrio.com,2026-07-20,News,Haniyah P.,https://thegrio.com/2026/07/20/nolans-life-mattered-ben-crump-continues-plea-for-justice-for-nolan-wells-because-hes-our-son-too/
‘Timing wasn’t good’: Shamea Morton addresses viral ‘RHOA’ dinner and admits she crossed a line with Porsha Williams,Shamea Morton reveals she crossed the line in her dinner back-and-forth argument with Porsha Williams on the 'Real Housewives of Atlanta.',thegrio.com,2026-07-20,Entertainment,Brandon Caldwell,https://thegrio.com/2026/07/20/shamea-morton-porsha-williams-rhoa-fight/
Marshall Faulk says NFL is no longer the ‘next level’ for HBCU players,Marshall Faulk says the path between HBCU players and the NFL may now include a move to an FBS program before reaching the pros.,thegrio.com,2026-07-20,Sports,Odafe Oghen,https://thegrio.com/2026/07/20/marshall-faulk-hbcu-players-nfl-next-level/
Lamine Yamal’s 3-year-old brother stole the spotlight after Spain’s World Cup victory,"Lamine Yamal celebrated Spain's 2026 World Cup win with his 3 year old brother Keyne, who ran into his arms on the field after the victory",thegrio.com,2026-07-20,News,Bolarinwa Oladeji,https://thegrio.com/2026/07/20/lamine-yamal-brother-keyne-world-cup-final-celebration/
Marvel Studios boss calls himself ‘a faliure’ for Mahershala Ali’s ‘Blade’ movie never getting made,"Marvel Studios boss Kevin Feige is getting candid on the Mahershala Ali 'Blade' movie not being made, caling hismelf a 'loser and faliure.'",thegrio.com,2026-07-20,Entertainment,Brandon Caldwell,https://thegrio.com/2026/07/20/kevin-feige-mahershala-ali-blade-movie/
Dr. Michael L. Lomax to retire after more than two decades leading UNCF,Michael L. Lomax retires as UNCF president in June 2027 after more than two decades of expanding scholarships and strengthening HBCUs.,thegrio.com,2026-07-20,News,Odafe Oghen,https://thegrio.com/2026/07/20/michael-l-lomax-retires-uncf-president-2027/
Ryan Clark laid off from ESPN during appearance on ‘NFL Live’ ahead of wider layoffs,"ESPN has let go of NFL analyst Ryan Clark, two years after the former Pittsburgh Steeler and Super Bowl champ signed an extension.",thegrio.com,2026-07-20,Featured,Brandon Caldwell,https://thegrio.com/2026/07/20/ryan-clark-laid-off-espn/
World Cup final erupts into brawl as Argentina players clash with Spain after heartbreaking loss,"Spain defeated Argentina to win the 2026 FIFA World Cup, but a violent post-match brawl involving Leandro Paredes overshadowed the historic victory.",thegrio.com,2026-07-20,Sports,Bobby Pen,https://thegrio.com/2026/07/20/world-cup-final-brawl-spain-argentina-2026/
‘We’ll continue to fight for you’: Nolan Wells’ parents honor their son in emotional funeral service,"Christine and Elmore Wonsley shared heartfelt tributes to their son, Nolan Wells, at his funeral, ""never stop saying his name.""",thegrio.com,2026-07-20,News,Haniyah P.,https://thegrio.com/2026/07/20/well-continue-to-fight-for-you-nolan-wells-parents-honor-their-son-in-emotional-funeral-service/
WNBA suspends Sandy Brondello after Angel Reese comment during game,WNBA suspends Toronto Tempo coach Sandy Brondello for one game after her comment about Angel Reese. She apologized following the incident.,thegrio.com,2026-07-20,Sports,Peter Kerich,https://thegrio.com/2026/07/20/sandy-brondello-angel-reese-comment-suspension/
IShowSpeed performs at World Cup closing ceremony as father travels 12 hours by bus to support him,The IShowSpeed World Cup closing ceremony performance became a family milestone after his father traveled 12 hours by bus to support him.,thegrio.com,2026-07-20,Entertainment,Odafe Oghen,https://thegrio.com/2026/07/20/ishowspeed-world-cup-closing-ceremony-father-bus-trip/
James Talarico tells his supporters to keep Jasmine Crockett’s name ‘out of your mouth’,"""She's a leader in this country, and she deserves the utmost respect,"" said Talarico, the Democratic nominee for U.S. Senate, at a town hall.",thegrio.com,2026-07-20,Politics,Gerren Keith Gaynor,https://thegrio.com/2026/07/20/talarico-tells-supporters-to-keep-jasmine-crockett-name-out-of-your-mouth/
"Paige Hurd marries Royce O’Neale, honors late godfather DMX in wedding ceremony",Paige Hurd honors DMX at her wedding to Royce O’Neale with a custom aisle arrangement blending his music with the traditional Wedding March.,thegrio.com,2026-07-20,Featured,Odafe Oghen,https://thegrio.com/2026/07/20/paige-hurd-honors-dmx-wedding-royce-oneale/
Cardi B and Nigerian soccer star Maduka Okoye spotted together again during Venice dinner,Cardi B and Maduka Okoye were spotted dining together in Venice after their Paris Fashion Week appearance fueled dating speculation.,thegrio.com,2026-07-20,Featured,Odafe Oghen,https://thegrio.com/2026/07/20/cardi-b-maduka-okoye-venice-dinner/
Sephora is adding braiding hair to its shelves — here are the Black-owned brands leading the way,"Ruka Hair is making history at Sephora, opening the door for more Black entrepreneurs redefining braiding hair and protective styling.",thegrio.com,2026-07-20,Lifestyle,Haniyah P.,https://thegrio.com/2026/07/20/sephora-is-adding-braiding-hair-to-its-shelves-here-are-the-black-owned-brands-leading-the-way/
Memphis mother charged with murder after allegedly shooting man found hiding under daughter’s bed,"A Memphis mother is facing a murder charge after police say she shot a 20-year-old man she discovered hiding under her 13-year-old daughter’s bed, sparking intense debate online.",thegrio.com,2026-07-20,News,Bobby Pen,https://thegrio.com/2026/07/20/memphis-mother-charged-shooting-man-under-daughters-bed/
President Trump booed during FIFA World Cup final trophy ceremony after Spain’s victory,The president also received scattered boos earlier in the match before joining FIFA President Gianni Infantino for the trophy presentation.,thegrio.com,2026-07-20,Sports,Peter Kerich,https://thegrio.com/2026/07/20/trump-booed-world-cup-final-trophy-ceremony/
Why ‘Married At First Sight’s Nikki and Shawn are striking such a nerve,"“Married at First Sight” debuted on Peacock on July 16, introducing 20 new singles and at least one headline-making couple.",thegrio.com,2026-07-20,Lifestyle,Kay Wicker,https://thegrio.com/2026/07/20/why-married-at-first-sights-nikki-and-shawn-are-striking-such-a-nerve/
"LaToya Malcolm, former Miss Universe Jamaica contestant and actress, dies at 35","LaToya Malcolm, a former Miss Universe Jamaica contestant who won the Bikini International Title in 2024, has died. She was 35.",thegrio.com,2026-07-20,News,Brandon Caldwell,https://thegrio.com/2026/07/20/latoya-malcolm-miss-universe-jamaica-contestant-dies/
"Rev. Al Sharpton and Tyler Perry put up $100,000 reward seeking answers in Nolan Wells’ death","“I didn't come here to make money. I came here to give money,"" Al. Sharpton said, announcing a $50k reward that Tyler Perry quickly matched.",thegrio.com,2026-07-20,News,Haniyah P.,https://thegrio.com/2026/07/20/rev-al-sharpton-and-tyler-perry-put-up-100000-reward-seeking-answers-in-nolan-wells-death/
"Former NFL running back Le’Veon Bell arrested in Ohio over alleged $50,000 child support debt",Former NFL star Le'Veon Bell's lawyers say the child support payments are based on a salary he no longer earns.,thegrio.com,2026-07-20,Featured,Bolarinwa Oladeji,https://thegrio.com/2026/07/20/leveon-bell-arrested-child-support-debt/
"Jordan Chiles flips, vogues and dips her way through a WWE entrance at Fanatics Fest","Jordan Chiles delivered a WWE-style entrance inspired by Bianca Belair at Fanatics Fest, complete with flips, voguing and a dramatic dip.",thegrio.com,2026-07-19,Sports,Bobby Pen,https://thegrio.com/2026/07/19/jordan-chiles-bianca-belair-wwe-entrance/
‘Stand for something’: Jenifer Lewis calls out celebrity silence on global issues,Jenifer Lewis challenges celebrities to speak up about injustice and use their platforms for more than posing during “Outlaws with TS Madison.”,thegrio.com,2026-07-19,Entertainment,Bobby Pen,https://thegrio.com/2026/07/19/jenifer-lewis-celebrities-stand-for-something/
‘Lord have mercy on your soul’ Nolan Wells’ mother responds to anonymous hate mail before funeral,"Nolan Wells' mother, Christine Wells Wonsley, revealed that hate mail was sent to the family's home just days before her son's funeral, calling out",thegrio.com,2026-07-19,News,Bolarinwa Oladeji,https://thegrio.com/2026/07/19/nolan-wells-mother-hate-mail-before-funeral/
Why experts say tap-to-pay scams are becoming harder to spot,Fraudsters are using stolen card information and digital wallets to make tap-to-pay purchases. Here is how consumers can protect themselves.,thegrio.com,2026-07-19,News,Bobby Pen,https://thegrio.com/2026/07/19/why-experts-say-tap-to-pay-scams-are-becoming-harder-to-spot/
Tristan and Andrew Tate arrested in Miami as U.K. prosecutors expand rape and trafficking charges,Andrew and Tristan Tate were arrested in Miami as British prosecutors seek their extradition on expanded rape and trafficking charges.,thegrio.com,2026-07-19,News,Bobby Pen,https://thegrio.com/2026/07/19/andrew-tristan-tate-arrested-uk-rape-trafficking-charges/
U.S. and Iran inch closer to broader war after American troops are killed,The U.S. launched new strikes against Iran after two American service members were killed at a military base in Jordan.,thegrio.com,2026-07-19,News,Bobby Pen,https://thegrio.com/2026/07/19/us-strikes-iran-american-troops-killed-jordan/
"LeBron James’ free-agency decision is delaying NBA schedule, Adam Silver says","The NBA legend's latest free-agent decision is delaying marquee dates on the league's calendar, according to Adam Silver.",thegrio.com,2026-07-18,Sports,Odafe Oghen,https://thegrio.com/2026/07/18/lebron-james-free-agency-decision-delays-nba-schedule/
"Telfar scared fans with a ‘severe downsizing’ announcement, but the reveal was pure marketing genius",Telfar alarmed fans with a “severe downsizing” announcement before revealing its new $78 Baby Bag Charm in a clever marketing campaign.,thegrio.com,2026-07-18,Business,Bobby Pen,https://thegrio.com/2026/07/18/telfar-downsizing-baby-bag-charm/
"80K Twins’ Kamar Williams contacts family after disappearance, asks for more time away","Kamar Williams of the 80K Twins has alerted his family he is fine, days after his twin took to social media in serch of his brother.",thegrio.com,2026-07-18,Lifestyle,Odafe Oghen,https://thegrio.com/2026/07/18/kamar-williams-80k-twins-social-media-disappearance/
LeBron James says Jay-Z taught him how to move like a mogul,"LeBron James calls Jay-Z a big brother and explains how the rap mogul’s mentorship shaped his approach to business, success and life.",thegrio.com,2026-07-18,Business,Bobby Pen,https://thegrio.com/2026/07/18/lebron-james-jay-z-mentorship-business-life/
Supreme Court actress? Matt Damon recalls being drama class classmates with Justice Ketanji Brown Jackson,Ketanji Brown Jackson's revelation she shared a drama class with Matt Damon still has the actor gushing to this day.,thegrio.com,2026-07-18,Entertainment,Brandon Caldwell,https://thegrio.com/2026/07/18/ketanji-brown-jackson-matt-damon-drama-class/
Wes Moore explains why he won’t soften message on issues Black Americans face,"In a new interview, Maryland Gov. Wes Moore continued to stress why he won't hedge or soften his message regarding Black Americans.",thegrio.com,2026-07-18,Politics,Peter Kerich,https://thegrio.com/2026/07/18/wes-moore-black-issues-comments/
75-year-old community volunteer shot while distributing food in Georgia,"75-year-old Dorothy Gordon remains hospitalized in Atlanta, days after she was shot while volunteering to pass out groceries.",thegrio.com,2026-07-18,News,Odafe Oghen,https://thegrio.com/2026/07/18/dorothy-gordon-shooting-community-volunteer-east-point-georgia/
Two Philadelphia women plead guilty to $3.4 million Minnesota Medicaid fraud scheme,Two Philadelphia women pleaded guilty to conspiring to steal $3.4 million from Minnesota's Medicaid funded housing program for vulnerable,thegrio.com,2026-07-18,News,Bolarinwa Oladeji,https://thegrio.com/2026/07/18/philadelphia-women-guilty-minnesota-medicaid-housing-fraud/
Man crashes through security gate at Beyoncé and Jay-Z’s East Hampton home,A man crashed through the security gate at Beyoncé and Jay-Z’s East Hampton home before being arrested by police.,thegrio.com,2026-07-18,Entertainment,Odafe Oghen,https://thegrio.com/2026/07/18/man-crashes-gate-beyonce-jay-z-east-hampton-home/
"Baron Davis’ sister sues former NBA star, claiming he sold her home without warning",Lawsuit against Baron Davis alleges he sold his sister’s Northridge home without warning after she funded repairs.,thegrio.com,2026-07-18,Sports,Odafe Oghen,https://thegrio.com/2026/07/18/lawsuit-against-baron-davis-sister-home-sale/
Watch the livestream Nolan Wells’ funeral,TheGrio will livestream Nolan Wells' funeral and homecoming service on July 20 as mourners across the country prepare to pay respects.,thegrio.com,2026-07-18,News,Brandon Caldwell,https://thegrio.com/2026/07/18/nolan-wells-funeral-livestream-details/
"Two U.S. soldiers killed, third service member missing after Iranian attacks in Jordan","Two U.S. soldiers were killed and a third is missing following Iranian attacks on a base in Jordan, per U.S. Central Command.",thegrio.com,2026-07-18,News,Brandon Caldwell,https://thegrio.com/2026/07/18/two-us-soldiers-killed-attack-iran-war/
Atlanta’s unhoused say they’re treated as ‘less than human’ during the World Cup,"Atlanta's treatment of encampment clearings earned newring the World Cup, with the unhoused saying personal items were thrown away.",thegrio.com,2026-07-18,News,Bolarinwa Oladeji,https://thegrio.com/2026/07/18/atlanta-unhoused-world-cup-park-sweep-treatment/
WNBA coach apologizes to Angel Reese for calling her a ‘protected species’ during game,"Tempo head coach Sandy Brondello apologized to WNBA star Angel Reese, one day after calling her a ""protected species"" during a game.",thegrio.com,2026-07-18,Sports,Brandon Caldwell,https://thegrio.com/2026/07/18/angel-reese-sandy-brondello-apology-protected-species/
North Carolina Republicans move to reduce Sunday and campus early voting,Early voting changes in North Carolina could reduce Sunday voting and move polling sites away from college campuses.,thegrio.com,2026-07-18,Politics,Odafe Oghen,https://thegrio.com/2026/07/18/north-carolina-early-voting-changes-sunday-campus-sites/
Andrew Gillum tests negative for drugs following Alabama arrest as he preps to clear his name,Former Florida gubernatorial candidate Andrew Gillum tested negative for drugs after volunteering for tests after his recent arrest.,thegrio.com,2026-07-17,News,Brandon Caldwell,https://thegrio.com/2026/07/17/andrew-gillum-negative-drug-test/
"AMBER Alert for Georgia girl called off after she’s found safe, though questions about suspect linger","Georgia teen Layla Carter, who was reported missing earlier this week, has been found safe in Jacksonville, Florida.",thegrio.com,2026-07-17,News,Bolarinwa Oladeji,https://thegrio.com/2026/07/17/layla-carter-georgia-found-safe-amber-alert-canceled/
Michelle Obama shows off her dance moves to ‘Wobble’ at Martha’s Vineyard birthday party,"Michelle Obama let her hair down a bit on Martha's Vineyard earlier this week, hitting the ""Wobble"" and enjoying fun with friends.",thegrio.com,2026-07-17,Lifestyle,Odafe Oghen,https://thegrio.com/2026/07/17/michelle-obama-wobble-marthas-vineyard/
"‘History will write itself’: Keisha Lance Bottoms talks historic Georgia campaign and says of criticisms, she has no regrets","In a wide-ranging interview with theGrio, Bottoms defends decision to pause her political career and not seek re-election as Atlanta mayor.",thegrio.com,2026-07-17,Politics,Gerren Keith Gaynor,https://thegrio.com/2026/07/17/keisha-lance-bottoms-thegrio-interview-georgia-election/
New judge assigned to Karmelo Anthony’s case as handshake deal between prosecutors and Anthony’s old legal team comes to light,"As new details emerge about Karmelo Anthony's original trial, a new judge has been appointed to hear post-trial proceedings.",thegrio.com,2026-07-17,News,Brandon Caldwell,https://thegrio.com/2026/07/17/karmelo-anthony-new-judge-prior-deal-prosecutors/
"‘Another difficult loss’: Marla Gibbs, Regina King and Jackée Harry deliver heartfelt tributes to late ‘227’ co-star Hal Williams","Hal Williams former '227' co-stars Marla Gibbs and Regina King pen heartfelt tributes to the late actor, who died earlier this week.",thegrio.com,2026-07-17,Entertainment,Brandon Caldwell,https://thegrio.com/2026/07/17/marla-gibbs-regina-king-jackee-harry-hal-williams-tribute/
Lupita Nyong’o says she ‘co-directed’ a scene with Christopher Nolan for ‘The Odyssey’,Lupita Nyong’o co-directed a scene after Christopher Nolan asked her to guide background actors during filming.,thegrio.com,2026-07-17,Entertainment,Odafe Oghen,https://thegrio.com/2026/07/17/lupita-nyongo-co-directed-scene-christopher-nolan-odyssey/
‘People fail to understand that we are also individuals’: Combs’ twins open up about life after their father’s conviction,"Jessie and D'Lila Combs say they refuse to let their father's legal troubles define them as they launch their fashion brand, 12Twenty1.",thegrio.com,2026-07-17,Entertainment,Haniyah P.,https://thegrio.com/2026/07/17/people-fail-to-understand-that-we-are-also-individuals-combs-twins-open-up-about-life-after-their-fathers-conviction/
Zaire Wade pleads not guilty in domestic violence case,Zaire Wade pleaded not guilty to felony domestic violence charges during a court appearance in California.,thegrio.com,2026-07-17,Sports,Peter Kerich,https://thegrio.com/2026/07/17/zaire-wade-pleads-not-guilty-in-domestic-violence-case/
Tom Holland stokes Zendaya marriage rumors with playful joke during ‘The Odyssey’ press tour,"Tom Holland makes marriage joke about Zendaya during ""The Odyssey"" press tour. Both actors have roles in the film.",thegrio.com,2026-07-17,Entertainment,Bolarinwa Oladeji,https://thegrio.com/2026/07/17/tom-holland-zendaya-marriage-joke-odyssey-press-tour/
80K Twins’ Kamar Williams reported missing as twin brother pleads for help,Kamar Williams of the viral 80K Twins has been reported missing after his twin brother Kiyel shared a social media appeal asking for help.,thegrio.com,2026-07-17,News,Peter Kerich,https://thegrio.com/2026/07/17/80k-twins-kamar-williams-missing-brother-appeal/
First look at ‘Children of Blood and Bone’ draws mixed reactions from fans,"Children of Blood and Bone first look reveals Regina King, Cynthia Erivo and the film’s star-studded cast.",thegrio.com,2026-07-17,Entertainment,Odafe Oghen,https://thegrio.com/2026/07/17/children-of-blood-and-bone-first-look-regina-king-cynthia-erivo/
Craig Melvin tells viewers he’s ‘safe and sound’ after intruder incident on ‘Today’ show set,"Craig Melvin addressed the ""Today"" show intruder incident on air as NBC fired a security guard and the suspect, Andrew Truelove, faced hate",thegrio.com,2026-07-17,News,Bolarinwa Oladeji,https://thegrio.com/2026/07/17/craig-melvin-today-show-intruder-arrest-response/
Nolan Wells investigation expands as FBI probes reported threats,Friends of Nolan Wells and others connected to the case say they've faced harassment and death threats as the search for answers continues.,thegrio.com,2026-07-17,News,Haniyah P.,https://thegrio.com/2026/07/17/nolan-wells-investigation-expands-as-fbi-probes-reported-threats/
Civil rights groups slam Trump’s election speech as attempt to undermine Black voters ahead of November,"“If we vote and we stay organized as a movement, Trump’s plan is going to fall flat on its face,"" said NAACP President Derrick Johnson.",thegrio.com,2026-07-17,Politics,Gerren Keith Gaynor,https://thegrio.com/2026/07/17/civil-rights-groups-slam-trump-election-speech-undermine-black-voters/
Eric Benét says Jay-Z lyric about Halle Berry divorce felt like a compliment,"Eric Benét says he was never upset by Jay-Z's ""Kill Jay-Z"" lyric about his divorce from Halle Berry and now sees it as a compliment.",thegrio.com,2026-07-17,Entertainment,Peter Kerich,https://thegrio.com/2026/07/17/eric-benet-jay-z-kill-jay-z-lyric/
Jackson State quarterback reveals Cam Newton mentored him from childhood,"Jackson State QB Jared Lockhart reflects on being mentored by Cam Newton when he was growing up, even playing on his youth team.",thegrio.com,2026-07-17,Sports,Odafe Oghen,https://thegrio.com/2026/07/17/cam-newton-mentored-jared-lockhart-jackson-state-quarterback/
Toast on Lenox responds after facing criticism over photo of owner alongside Georgia Republican gubernatorial candidate,Toast on Lenox says it does not endorse gubernatorial candidate Rick Jackson after a photo with owner Tamara Young sparked backlash online.,thegrio.com,2026-07-17,Politics,Peter Kerich,https://thegrio.com/2026/07/17/toast-on-lenox-statement-rick-jackson-photo/
"Denise Oliver-Vélez, revolutionary organizer turned trailblazing broadcaster and educator, dead at 78","Denise Oliver-Vélez, a pioneering member of the Young Lords and Black Panther Party and a trailblazing broadcaster and educator, has died at",thegrio.com,2026-07-17,News,Bolarinwa Oladeji,https://thegrio.com/2026/07/17/denise-oliver-velez-young-lords-black-panther-dies-78/
‘It’s not a safe home no more’: Black man speaks out after South Carolina neighbor sentenced to prison for shooting at him,Jonathan Felkel will spend nine years in prison after pleading guilty to a federal hate crime related to shooting at his Black neighbor.,thegrio.com,2026-07-17,News,Brandon Caldwell,https://thegrio.com/2026/07/17/south-carolina-man-guilty-hate-crime-nine-years-prison/
Tamika Mallory weighs in after Jay-Z questions the Target boycott in freestyle,Activist Tamika Mallory calls out Jay-Z’s stance on the Target boycott backlash is reminiscent of many social media users' feelings.,thegrio.com,2026-07-17,Music,Haniyah P.,https://thegrio.com/2026/07/17/tamika-mallory-weighs-in-after-jay-z-questions-the-target-boycott-in-freestyle/
Nara Smith shares her daughter Whimsy is in remission after cancer battle,"Nara Smith says her 2-year-old daughter Whimsy is in remission after months of cancer treatment, supporting families facing childhood cancer.",thegrio.com,2026-07-17,Health,Peter Kerich,https://thegrio.com/2026/07/17/nara-smith-daughter-remission-cancer-update/
Pro-Trump CNN guest skewered by veteran journalist: ‘I won’t be lectured by a child’,"Charles Blow’s exchange with CNN panelist Lydia Moynihan went viral after he responded, “I won’t be lectured by a child,” during the debate.",thegrio.com,2026-07-16,News,Janeé Bolden,https://thegrio.com/2026/07/16/pro-trump-cnn-guest-skewered-by-veteran-journalist-i-wont-be-lectured-by-a-child/
Allen Media Group celebrates three 2026 Daytime Emmy Award nominations,Two courtroom shows and one travel/lifestlye show under the Allen Media Group umbrella have been nominated for 2026 Daytime Emmy Awards.,thegrio.com,2026-07-16,Entertainment,Brandon Caldwell,https://thegrio.com/2026/07/16/allen-media-group-2026-daytime-emmy-award-nominations/
Deadly flooding returns to Texas Hill Country reviving memories of last year’s Camp Mystic disaster,"At least one person has died as catastrophic flooding forces evacuations and rescues across the Texas Hill Country, a year after floods",thegrio.com,2026-07-16,News,Bolarinwa Oladeji,https://thegrio.com/2026/07/16/texas-hill-country-flooding-evacuations-camp-mystic-anniversary/
Ava DuVernay returns to Netflix with ‘14th’ documentary on citizenship,"Ava DuVernay 14th documentary examines citizenship, equal protection and the modern fight over the constitutional amendment.",thegrio.com,2026-07-16,Entertainment,Odafe Oghen,https://thegrio.com/2026/07/16/ava-duvernay-14th-documentary-netflix-citizenship/
Sheinelle Jones reflects on how becoming a mother changed the way she talks about her body,Sheinelle Jones says she is mindful of how she talks about her body image because her teenage daughter is always watching.,thegrio.com,2026-07-16,Health,Peter Kerich,https://thegrio.com/2026/07/16/sheinelle-jones-body-image-daughter/
Recovered audio captures friends calling for boat help before Nolan Wells vanished,"Newly obtained audio sheds light on the moments before Nolan Wells' friends left Horn Island, capturing the group calling for boat assistance",thegrio.com,2026-07-16,News,Bolarinwa Oladeji,https://thegrio.com/2026/07/16/nolan-wells-new-audio-horn-island-boat-assistance/
Raven-Symoné and Adrienne Bailon share first ‘Cheetah Girls’ reboot rehearsals,Raven-Symoné and Adrienne Bailon-Houghton shared rehearsal footage from the Cheetah Girls reboot as fans celebrated the return.,thegrio.com,2026-07-16,Film,Peter Kerich,https://thegrio.com/2026/07/16/raven-symone-and-adrienne-bailon-share-first-cheetah-girls-reboot-rehearsals/
Zendaya and Law Roach turned ‘The Odyssey’ press tour into a masterclass in fashion storytelling,"From Schiaparelli couture to ancient-inspired accessories, every look reinforced Zendaya’s modern take on Athena in ""The Odyssey.""",thegrio.com,2026-07-16,Featured,Haniyah P.,https://thegrio.com/2026/07/16/zendaya-and-law-roach-turned-the-odyssey-press-tour-into-a-masterclass-in-fashion-storytelling/
Black-owned ATL brunch spot sparks debate after owner was pictured with conservative politician,A trendy Black-owned restaurant in Atlanta is under fire after one of its owners was seen pictured with the Republican gubernatorial nominee.,thegrio.com,2026-07-16,Politics,Nhari Djan,https://thegrio.com/2026/07/16/black-owned-atl-brunch-spot-sparks-debate-after-owner-was-pictured-with-conservative-politician/
Meet the Black woman behind NYC Mayor Mamdani’s $900M ‘Fast Buses’ plan to transform city,"Black women make up 2% of the engineering workforce, making Diniece Mendes's role in transforming the U.S.'s largest bus system significant.",thegrio.com,2026-07-16,Politics,Gerren Keith Gaynor,https://thegrio.com/2026/07/16/meet-the-black-woman-behind-nyc-mayor-mamdani-fast-buses/
JD Vance downplays racist remark about Michelle Obama at White House UFC event,"“I work in politics, people say crazy stuff all the time,” Vance said during a podcast interview with “The Joe Rogan Experience.""",thegrio.com,2026-07-16,Politics,Gerren Keith Gaynor,https://thegrio.com/2026/07/16/jd-vance-downplays-racist-remark-about-michelle-obama/
Knicks cap championship season with a clean sweep at the 2026 ESPYs,"After a historic championship win, the New York Knicks swept at the 2026 ESPYS, winning in every category they were nominated for.",thegrio.com,2026-07-16,Sports,Haniyah P.,https://thegrio.com/2026/07/16/knicks-cap-championship-season-with-a-clean-sweep-at-the-2026-espys/
NFL legend Jerry Rice shows off surprising speed chasing a heckler at the American Century Championship,"Jerry Rice chased down a heckler at a Lake Tahoe celebrity golf tournament, and the burst of speed had fans convinced the NFL legend still",thegrio.com,2026-07-16,News,Bolarinwa Oladeji,https://thegrio.com/2026/07/16/jerry-rice-chases-heckler-lake-tahoe-golf-tournament/
Man arrested after reportedly lunging at ‘Today’ host Craig Melvin while shouting racial slurs,"A man has been arrested after breaking into “Today” show set, looking for Al Rocker and shouting the N-word at Craig Melvin.",thegrio.com,2026-07-16,News,Haniyah P.,https://thegrio.com/2026/07/16/man-arrested-after-reportedly-lunging-at-today-host-craig-melvin-while-shouting-racial-slurs/
"Syd opens up on marriage, sobriety and finding her voice ahead of new album ‘Beard’","Syd is opening up about marriage, sobriety and self-acceptance ahead of her third solo album ""Beard,"" revealing she wed wife Simone in a",thegrio.com,2026-07-16,Music,Bolarinwa Oladeji,https://thegrio.com/2026/07/16/syd-beard-album-marriage-simone-new-era/
Jarron Collins delivers emotional Arthur Ashe Award speech for his late twin brother Jason at the 2026 ESPYs,Jason Collins ESPYs tribute: His twin brother Jarron delivered an emotional Arthur Ashe Award speech two months after Jason’s death.,thegrio.com,2026-07-16,Featured,Odafe Oghen,https://thegrio.com/2026/07/16/jason-collins-espys-tribute-jarron-arthur-ashe-award/
"Hal Williams, who helped define two generations of Black sitcoms, dies at 91","Hal Williams dies at 91 after memorable roles on ""Sanford and Son,"" and ""227"" among other hit shows.",thegrio.com,2026-07-16,Entertainment,Odafe Oghen,https://thegrio.com/2026/07/16/hal-williams-dies-227-sanford-and-son-actor/
Rep. Kamlager-Dove addresses why some Black Americans are ‘quietly outraged’ at White House actions during BET appearance,Rep. Kamlager-Dove tells BET's The Jason Lee Show why Black and Brown communities should stay engaged with policies from the White House.,thegrio.com,2026-07-16,News,Peter Kerich,https://thegrio.com/2026/07/16/rep-kamlager-dove-addresses-why-black-americans-are-quietly-outraged-at-white-house-actions-during-bet-appearance/
China Anne McClain to make Broadway debut in ‘The Great Gatsby’ musical,"China Anne McClain will make her Broadway debut in the musical adaptation of F. Scott Fitzgerald's novel, ""The Great Gatsby.""",thegrio.com,2026-07-16,Entertainment,Nhari Djan,https://thegrio.com/2026/07/16/china-anne-mcclain-to-make-broadway-debut-in-the-great-gatsby-musical/
FaithActs brings Connecticut governor candidates together to hear directly from Bridgeport voters,FaithActs brought Connecticut governor candidates together in Bridgeport to answer residents' questions on closing school funding gap.,thegrio.com,2026-07-16,Politics,Jahaura Michelle,https://thegrio.com/2026/07/16/faithacts-connecticut-governor-forum/
More than 200 young women attend free hockey camp as PWHL expands diversity push,PWHL diversity efforts brought more than 200 girls and women together for a free three-day hockey camp in Ontario.,thegrio.com,2026-07-16,Sports,Odafe Oghen,https://thegrio.com/2026/07/16/pwhl-diversity-efforts-women-of-color-hockey-camp/
Why some Southern Black Democrats say redistricting is a ‘familiar betrayal’,Southern Black Democrats betrayal: Black lawmakers say their party’s redistricting strategy could sacrifice Black-majority districts.,thegrio.com,2026-07-16,Politics,Odafe Oghen,https://thegrio.com/2026/07/16/southern-black-democrats-betrayal-redistricting-districts/
R. Kelly’s latest bid for freedom now awaits decision from Trump administration,R. Kelly sentence commutation request is pending after his attorneys formally asked President Trump to reduce his 30-year sentence.,thegrio.com,2026-07-16,Music,Odafe Oghen,https://thegrio.com/2026/07/16/r-kelly-sentence-commutation-trump-request-pending/
"‘This loss, this grief, this pain, it’s insurmountable’ Nolan Wells’ mother Christine on the loss of her son","Days after losing her son in a mysterious incident in Mississippi, Nolan Wells’ mother Christine, opens up about the grieving process.",thegrio.com,2026-07-16,Lifestyle,Haniyah P.,https://thegrio.com/2026/07/16/this-loss-this-grief-thats-pain-its-insurmountable-nolan-wells-mother-christine-on-the-loss-of-her-son/
The Harriet Tubman Museum and Educational Center calls for help following break-in,"The Harriet Tubman Museum in Maryland, which relies solely on donations, is seeking community support following a recent robbery.",thegrio.com,2026-07-15,Lifestyle,Haniyah P.,https://thegrio.com/2026/07/15/the-harriet-tubman-museum-and-educational-center-calls-for-help-following-break-in/
Family of Zenobia Weatherspoon urges public to stop sharing graphic videos after body found,Zenobia Weatherspoon's family is urging people to stop sharing graphic videos as Chicago police investigate the death of the 38-year-old.,thegrio.com,2026-07-15,News,Peter Kerich,https://thegrio.com/2026/07/15/zenobia-weatherspoon-investigation-family-urges-respect/
"Houston rapper Judy World fatally stabbed in front of her 10-year-old daughter, family calls for murder charge","Judy World stabbing death: Houston rapper Krystal Jordan was fatally stabbed, and her family is calling for a murder charge.",thegrio.com,2026-07-15,News,Odafe Oghen,https://thegrio.com/2026/07/15/judy-world-stabbing-death-krystal-jordan-houston-rapper/
"‘Married to Medicine: LA’ alum Lia Jones files for restraining order, alleges ex-husband is ‘actively recruiting’ someone to murder her","""Married to Medicine"" star Lia Jones claims her ex-husband Colin Dias tried to hire a neighbor to kill her, filing for a restraining order",thegrio.com,2026-07-15,News,Bolarinwa Oladeji,https://thegrio.com/2026/07/15/lia-jones-colin-dias-murder-solicitation-restraining-order/
Tracee Ellis Ross reflects on the funny encounters she had with stars like Michael Jackson growing up,"‘I met some of the most extraordinary people,’ Tracee Ellis Ross shares funny stories from her childhood as Diana Ross’ daughter.",thegrio.com,2026-07-15,Lifestyle,Haniyah P.,https://thegrio.com/2026/07/15/tracee-ellis-ross-reflects-on-the-funny-encounters-she-had-with-stars-like-michael-jackson-growing-up/
Civil rights leaders announce new March on Washington to defend voting rights on anniversary of Dr. King’s ‘I Have a Dream’ speech,March on Washington 2026 Defend the Vote: Civil rights leaders will march August 28 over the Voting Rights Act ruling.,thegrio.com,2026-07-15,News,Odafe Oghen,https://thegrio.com/2026/07/15/march-on-washington-2026-defend-the-vote-august-28/
Nolan Wells’ family announces funeral service details as investigation of death continues,"Nolan Wells' mother announced funeral services for the 18-year-old student athlete, as the family continues seeking answers.",thegrio.com,2026-07-15,News,Bolarinwa Oladeji,https://thegrio.com/2026/07/15/nolan-wells-funeral-services-july-20-ocean-springs/
Supporters rally as KevOnStage draws online debate over resurfaced remarks about masturbation,"KevOnStage is trending after a resurfaced podcast clip about masturbation sparked debate over his Christianity, with fans and famous friends",thegrio.com,2026-07-15,News,Bolarinwa Oladeji,https://thegrio.com/2026/07/15/kevonstage-resurfaced-clip-online-debate-supporters/
Black leaders say this is why Todd Blanche is not qualified amid AG confirmation hearing,Critics say the acting attorney general has used the Justice Department to advance President Trump’s political agenda rather than uphold,thegrio.com,2026-07-15,Politics,Gerren Keith Gaynor,https://thegrio.com/2026/07/15/black-leaders-say-this-is-why-todd-blanche-is-not-qualified-amid-ag-confirmation-hearing/
"Diddy offloads one Star Island property for $55 million, keeps the mansion next door","Sean ""Diddy"" Combs has sold his Star Island estate in Miami for $55 million while serving a federal prison sentence. The imprisoned mogul",thegrio.com,2026-07-15,Entertainment,Bolarinwa Oladeji,https://thegrio.com/2026/07/15/diddy-offloads-one-star-island-property-for-55-million-keeps-the-mansion-next-door/
Nolan Wells’ case to be presented to grand jury as family meets with the Mississippi DA,"After meeting with District Attorney, Nolan Wells’ family's legal team says investigators will jointly examine cellphone evidence.",thegrio.com,2026-07-15,News,Haniyah P.,https://thegrio.com/2026/07/15/nolan-wells-case-to-be-presented-to-grand-jury-as-family-meets-with-the-mississippi-da/
‘Real Housewives of Atlanta’ star Kelli Potter could have bank accounts seized over $217K debt,"“RHOA” star Kelli Potter could have funds seized from her bank accounts after a $217,301 judgment over an unpaid business debt.",thegrio.com,2026-07-15,Television,Odafe Oghen,https://thegrio.com/2026/07/15/kelli-potter-bank-accounts-debt-seizure-rhoa/
Chelsea Gray speaks out on racist abuse as Hilton fires employee behind message,Hilton Grand Vacations has fired an employee who sent a racist message to Aces guard Chelsea Gray after her on court dust up with Caitlin,thegrio.com,2026-07-15,News,Bolarinwa Oladeji,https://thegrio.com/2026/07/15/chelsea-gray-racist-message-hilton-fires-employee/
Rep. Jasmine Crockett calls out ‘racial components’ in Nolan Wells case,Rep. Jasmine Crockett says you would have to be ‘blind’ not to suspect race is a part of the ongoing Nolan Wells investigation.,thegrio.com,2026-07-15,News,Haniyah P.,https://thegrio.com/2026/07/15/rep-jasmine-crockett-calls-out-racial-components-in-nolan-wells-case/
Gabby Thomas wins Budapest 200m as Team USA sweeps podium,Gabby Thomas won the women's 200m at the Gyulai István Memorial as Team USA swept the podium ahead of the U.S. Championships.,thegrio.com,2026-07-15,Sports,Peter Kerich,https://thegrio.com/2026/07/15/gabby-thomas-wins-budapest-200m-team-usa-sweep/
Folarin Balogun opens up on red card controversy after USMNT World Cup loss,"Folarin Balogun says the controversy over his overturned World Cup red card created ""outside noise"" for the USMNT before its loss to Belgium.",thegrio.com,2026-07-15,Sports,Peter Kerich,https://thegrio.com/2026/07/15/folarin-balogun-red-card-outside-noise-usmnt/
Baby born at 22 weeks in the U.K finally goes home after months in hospital,"A baby born at just 22 weeks has gone home after months in neonatal care, with his family calling his survival a miracle.",thegrio.com,2026-07-15,Featured,Peter Kerich,https://thegrio.com/2026/07/15/baby-born-at-22-weeks-goes-home-after-months-in-hospital/
Fan who allegedly called WNBA star Chelsea Gray the N-word over Caitlin Clark foul fired from job,A fan who allegedly called Las Vegas Aces guard Chelsea Gray the N-word after an incident with Caitlin Clark has been fired from his job.,thegrio.com,2026-07-14,Sports,Brandon Caldwell,https://thegrio.com/2026/07/14/fan-fired-chelsea-gray-racial-slur-wnba/
Funeral details for Nolan Wells are revealed as his family awaits answers,"Funeral details have been revealed for 18-year-old Nolan Wells. As a community prepares to lay him to rest, they're still demanding answers.",thegrio.com,2026-07-14,News,Brandon Caldwell,https://thegrio.com/2026/07/14/nolan-wells-funeral-arrangements/
‘I want more Black kids in baseball’: Jordan Walker’s Home Run Derby win came with a bigger mission,"As the Cardinals' star Jordan Walker celebrates his Home Run Derby win, he hopes to inspire more Black children to pick up a bat.",thegrio.com,2026-07-14,Sports,Haniyah P.,https://thegrio.com/2026/07/14/i-want-more-black-kids-in-baseball-jordan-walkers-home-run-derby-win-came-with-a-bigger-mission/
‘I was so mad at God’: Meagan Good looks back on divorce from DeVon Franklin and why she now considers it the ‘biggest blessing’ for them,"In a sit-down with fellow actress Danielle Brooks, Meagan Good opened up about the effects of her divorce and why she was mad at God at the time.",thegrio.com,2026-07-14,Lifestyle,Brandon Caldwell,https://thegrio.com/2026/07/14/meagan-good-divorce-danielle-brooks-interview/
Issa Rae to celebrate a decade of ‘Insecure’ with multi-date podcast tour,"Issa Rae is taking 10 years of ""Insecure"" on the road with an anniversary tour featuring candid conversations and untold stories about the show.",thegrio.com,2026-07-14,Entertainment,Brandon Caldwell,https://thegrio.com/2026/07/14/issa-rae-insecure-anniversary-tour/
‘This is what losers do’: Gov. Wes Moore calls out Trump ahead of expected primetime speech on election fraud,"During an exclusive interview with theGrio, America's lone Black governor says the facts and the law are not on President Trump's side.",thegrio.com,2026-07-14,Politics,Gerren Keith Gaynor,https://thegrio.com/2026/07/14/wes-moore-trump-primetime-speech-election-fraud/
Tyler Perry says he rejected multi-million dollar settlement before sexual assault suit intensified,The media mogul is seeking sanctions against Mario Rodriguez and pushing back against questions about his sexuality.,thegrio.com,2026-07-14,Entertainment,Bolarinwa Oladeji,https://thegrio.com/2026/07/14/tyler-perry-accuser-settlement-sexual-assault-lawsuit/
‘Black tears are just as painful’: Ben Crump on why Nolan Wells’ family deserves answers,Ben Crump tells theGrio that Nolan Wells' civil case is part of a broader effort to ensure Black lives receive equal justice under the law.,thegrio.com,2026-07-14,Lifestyle,Haniyah P.,https://thegrio.com/2026/07/14/black-tears-are-just-as-painful-ben-crump-on-why-nolan-wells-family-deserves-answers/
‘It doesn’t add up’: Daniel Erving’s family demands answers after evidence tampering arrests,"The 18-year-old’s death was ruled an accidental drowning, but his family is questioning why two teens allegedly discarded his cellphone.",thegrio.com,2026-07-14,News,Bolarinwa Oladeji,https://thegrio.com/2026/07/14/daniel-erving-lake-ray-hubbard-arrests-evidence-tampering/
Paige Bueckers calls out lack of Black women coaches in the WNBA: ‘It was built on a lot of Black women’,Paige Bueckers Black coaches WNBA: The Dallas Wings star’s comments sparked backlash over the league’s lack of representation.,thegrio.com,2026-07-14,Sports,Odafe Oghen,https://thegrio.com/2026/07/14/paige-bueckers-black-coaches-wnba-comments-backlash/
"Sheriff says investigation into Nolan Wells’ death won’t be rushed, as family awaits answers",Jackson County Sheriff Ledbetter says investigators are committed to a thorough investigation despite growing public pressure for answers.,thegrio.com,2026-07-14,News,Peter Kerich,https://thegrio.com/2026/07/14/nolan-wells-sheriff-investigation-update/
"University of Alabama student, friend found shot dead while house-sitting, suspect arrested","A University of Alabama student, a father, and a dog were found shot to death at a house in Tuscaloosa. Police arrested a suspect.",thegrio.com,2026-07-14,News,Peter Kerich,https://thegrio.com/2026/07/14/alabama-student-found-shot-dead-house-sitting-suspect-arrested/
Judge scolds Trump for improper self-dealing in $1.8 billion settlement of IRS lawsuit,"""There was never a case or controversy; and there was never a question as to who would prevail,"" writes Judge Kathleen M. Williams.",thegrio.com,2026-07-14,Politics,Gerren Keith Gaynor,https://thegrio.com/2026/07/14/judge-scolds-trump-for-improper-self-dealing-in-1-8-billion-settlement-of-irs-lawsuit/
Newly released Senatobia police report leaves major questions unanswered in killing of 1-year-old Kohen Wiley,"The report omits key details about the officers involved and how the encounter escalated, fueling the family's calls for transparency.",thegrio.com,2026-07-14,News,Haniyah P.,https://thegrio.com/2026/07/14/newly-released-senatobia-police-report-leaves-major-questions-unanswered-in-killing-of-1-year-old-kohen-wiley/
‘This lil Harlem girl stood beside the GOAT’: Teyana Taylor reflects on Yankee Stadium moment despite audio issues,"Fans noticed apparent audio issues during Taylor's appearance at Jay-Z's final ""Extra Innings"" concert — here's how she responded.",thegrio.com,2026-07-14,Entertainment,Odafe Oghen,https://thegrio.com/2026/07/14/teyana-taylor-yankee-stadium-performance-audio-issues/
Uncle Nearest founder Fawn Weaver is out as receiver prepares company for sale,"Fawn Weaver has been terminated as CEO of Uncle Nearest by the court appointed receiver overseeing the whiskey company, which is now being",thegrio.com,2026-07-14,Entertainment,Bolarinwa Oladeji,https://thegrio.com/2026/07/14/fawn-weaver-terminated-uncle-nearest-ceo-receiver/
"Exploring Belize: Historical sites, rich cuisine, and a wellness sanctuary","Whether you're craving cultural immersion or a rejuvenating escape, Belize offers a well-rounded getaway with something for every traveler.",thegrio.com,2026-07-14,Lifestyle,Dominique Fluker,https://thegrio.com/2026/07/14/exploring-belize-historical-sites-rich-cuisine-and-a-wellness-sanctuary/
‘Beyond the Gates’ stars Tamara Tunie and Karla Mosley make Daytime Emmy history with landmark nominations,"From Tamara Tunie& Karla Mosley to Sherri Shepherd, Tamron Hall, and more, Black talent dominate the 2026 Daytime Emmy nominations.",thegrio.com,2026-07-14,Entertainment,Haniyah P.,https://thegrio.com/2026/07/14/beyond-the-gates-stars-tamara-tunie-and-karla-mosley-make-daytime-emmy-history-with-landmark-nominations/
"Delaware NAACP, governor call for review after viral traffic stop video of Dover mother",A video showing a state trooper using a Taser on Sierra Hopkins during an arrest in front of her four children is now under investigation.,thegrio.com,2026-07-13,News,Bolarinwa Oladeji,https://thegrio.com/2026/07/13/sierra-hopkins-dover-delaware-trooper-arrest-naacp/
Jay-Z lyric about Colin Kaepernick’s NFL settlement draws scrutiny,A lyric from the rap mogul's Yankee Stadium performance reignited scrutiny over Kaepernick's 2019 agreement with the NFL.,thegrio.com,2026-07-13,Entertainment,Odafe Oghen,https://thegrio.com/2026/07/13/colin-kaepernick-nfl-settlement-non-disparagement-agreement-jay-z/
Friend of Nolan Wells shares his account as investigation continues,Tracestin Shepherd shared new details about July 4 while authorities continue investigating the circumstances surrounding Wells' death.,thegrio.com,2026-07-13,News,Peter Kerich,https://thegrio.com/2026/07/13/friend-of-nolan-wells-shares-his-account-as-investigation-continues/
Nolan Wells’ family says conflicting stories about mystery girl raise new questions,"Nolan Wells' parents heard two versions of his final hours: one where he stayed for a girl, the other where he returned to the boat.",thegrio.com,2026-07-13,News,Haniyah P.,https://thegrio.com/2026/07/13/who-is-katie-family-of-nolan-wells-says-conflicting-stories-about-girl-he-was-last-seen-with-dont-add-up/
"Trinity Tatum wins ‘Love Island USA’ Season 8, joining the show’s growing legacy of Black winners","Love Island USA Season 8 fan favorites Trinity and Bryce took home the $100,000 prize, continuing a trend longtime viewers have embraced.",thegrio.com,2026-07-13,Entertainment,Haniyah P.,https://thegrio.com/2026/07/13/trinity-tatum-wins-love-island-usa-season-8-joining-the-shows-growing-legacy-of-black-winners/
Brooklyn basketball star Kinu Rochford remembered as community mourns after fatal Harlem tournament shooting,Friends and family honored the beloved basketball player while calling attention to the lasting impact he had on and off the court.,thegrio.com,2026-07-13,News,Odafe Oghen,https://thegrio.com/2026/07/13/harlem-basketball-tournament-shooting-kinu-rochford/
"10 Black-owned summer camps helping kids build confidence, culture and community","Explore 10 Black-owned summer camps offering STEM, outdoor adventures, arts, leadership and cultural learning for children across the U.S.",thegrio.com,2026-07-13,Featured,Jahaura Michelle,https://thegrio.com/2026/07/13/10-black-owned-summer-camps-helping-kids-build-confidence-culture-and-community/
Why the dream of homeownership isn’t completely dead for Black America,"Despite a bruising economy and rising housing rates, some Black Americans are putting fear to the side in a quest for homeownership.",thegrio.com,2026-07-13,Featured,Brandon Caldwell,https://thegrio.com/2026/07/13/black-homeownership-stats-bucking-trends/
The ‘Summer of Jay-Z’ is real and goes far beyond his Yankee Stadium residency,"Jay-Z can still command attention. After three nights of shows and increased fan demand, it's clear the ""Jay-Z Summer"" is still a thing.",thegrio.com,2026-07-13,Entertainment,Brandon Caldwell,https://thegrio.com/2026/07/13/jay-z-yankee-stadium-summer-of-hov/
Whoopi Goldberg compares ‘nepo baby’ label to ‘DEI hire’ label—calls it another way to discredit people,Whoopi Goldberg says questioning someone’s success based on their parents’ careers isn’t all that different from questioning a DEI hire.,thegrio.com,2026-07-13,Lifestyle,Haniyah P.,https://thegrio.com/2026/07/13/whoopi-goldberg-compares-nepo-baby-label-to-dei-hire-label-calls-it-another-way-to-discredit-people/
Lindsey Graham’s death sparks debate and strong opinions in Black community,"For Black Americans, the passing of Graham has elicited strong opinions about his legacy and the harm it caused their communities.",thegrio.com,2026-07-13,Politics,Gerren Keith Gaynor,https://thegrio.com/2026/07/13/lindsey-grahams-death-sparks-debate-strong-opinions-in-black-community/
Rapper Boosie suing two pro-Trump lobbyists for $300K over failed pardon attempt,"Louisiana rapper Boosie has filed a lawsuit against two pro-Trump lobbyists, accusing them of bilking him for $300K in an effort to secure a pardon.",thegrio.com,2026-07-13,Entertainment,Brandon Caldwell,https://thegrio.com/2026/07/13/boosie-sues-300k-pardon-trump-lobbyist/
"Jay-Z almost ‘walked away’ from ‘The Blueprint.’ 25 years later, its healing power still resonates.","25-years later, Jay-Z’s ""The Blueprint"" offered Black New York the same relief the album gave a broken city in 2001.",thegrio.com,2026-07-13,Entertainment,Haniyah P.,https://thegrio.com/2026/07/13/jay-z-almost-walked-away-from-the-blueprint-25-years-later-its-healing-power-still-resonates/
"‘Michael’ movie crosses $1 billion, becoming first biopic to reach historic box office milestone","The Michael movie has crossed $1 billion at the global box office, becoming the first biopic in history to reach the milestone.",thegrio.com,2026-07-13,Entertainment,Peter Kerich,https://thegrio.com/2026/07/13/michael-movie-1-billion-box-office/
"Jay-Z brings out Beyoncé, Rihanna, Usher, Pharrell, Jeezy, and more, for star-studded Yankee Stadium finale","The rap icon closed his three-night residency with nearly 50 songs, a parade of surprise guests and fireworks over the Bronx.",thegrio.com,2026-07-13,Entertainment,Bolarinwa Oladeji,https://thegrio.com/2026/07/13/jay-z-yankee-stadium-residency-finale-beyonce-rihanna-usher/
‘I didn’t want people to get trampled’: Jay-Z apologizes after security breach delays final Yankee Stadium show for hours,"Jay-Z's final Yankee Stadium concert was delayed for hours after security concerns halted entry, but the rapper rewarded fans with surprise guests including Rihanna, Usher and Jeezy.",thegrio.com,2026-07-13,Entertainment,Bobby Pen,https://thegrio.com/2026/07/13/jay-z-final-yankee-stadium-show-delayed-security/
"Hundreds gather in Mississippi to honor Nolan Wells, demand transparency as investigation continues",The peaceful demonstration brought the community together to honor Wells and demand transparency as the investigation continues.,thegrio.com,2026-07-13,News,Odafe Oghen,https://thegrio.com/2026/07/13/nolan-wells-ocean-springs-protest-community-march-transparency/
Private equity firms can no longer buy single-family homes under new federal law championed by Sen. Raphael Warnock,Sen. Raphael Warnock's proposal banning large private equity firms from buying additional single-family homes is now federal law.,thegrio.com,2026-07-13,Politics,Jahaura Michelle,https://thegrio.com/2026/07/13/raphael-warnock-housing-proposal-federal-law/
‘We don’t know him’: Family of Nolan Wells dispute friend’s claim about him volunteering to stay behind on Horn Island the day he disappeared,The mother of Nolan Wells and Ben Crump are dispusting Tracestin Shepherd's claim of Nolan volunteering to stay behind in a new interview.,thegrio.com,2026-07-13,News,Brandon Caldwell,https://thegrio.com/2026/07/13/nolan-wells-family-grio-interview/
Exclusive: Ben Crump and Nolan Wells’ parents open up about his death and their fight for answers,"Ben Crump and Nolan Wells' parents discuss the investigation, unanswered questions and why they continue demanding transparency.",thegrio.com,2026-07-13,News,Jahaura Michelle,https://thegrio.com/2026/07/13/ben-crump-nolan-wells-parents-grio-interview/
"Lindsey Graham, longtime U.S. Senator who denied existence of systemic racism, dies at 71","Graham infamously said that Black people could ""go anywhere"" in South Carolina, as long as they were ""conservative.""",thegrio.com,2026-07-12,Politics,Gerren Keith Gaynor,https://thegrio.com/2026/07/12/senator-lindsey-graham-denied-existence-of-systemic-racism-dies-at-71/
‘They say I sold out’: Jay-Z challenges Target partnership critics in Yankee Stadium freestyle,"Jay-Z addressed criticism of his Target partnership during a Yankee Stadium freestyle, pushing back against boycott critics with pointed new lyrics.",thegrio.com,2026-07-12,Featured,Bobby Pen,https://thegrio.com/2026/07/12/jay-z-target-partnership-yankee-stadium-freestyle/
"Designer Eriq Bruce brings his RIQUE runway debut to Houston, honoring Black women and Southern style","South Carolina-born designer Eriq Bruce brings RIQUE’s runway debut to Houston, honoring his late mother, Black women and Southern style.",thegrio.com,2026-07-12,Fashion Week,Bobby Pen,https://thegrio.com/2026/07/12/eriq-bruce-rique-runway-debut-houston/
‘You better love what you see’: Sheryl Lee Ralph brings a self-love lesson to Paris Couture Week,"Sheryl Lee Ralph made her Paris Haute Couture Week debut in three glamorous looks styled by her daughter, Ivy Coco Maurice.",thegrio.com,2026-07-12,Entertainment,Bobby Pen,https://thegrio.com/2026/07/12/sheryl-lee-ralph-paris-couture-week-debut/
Simone Biles says she was mistaken for Dominique Dawes and Sha’Carri Richardson before sunrise,"Simone Biles revealed she was mistaken for Dominique Dawes twice and Sha’Carri Richardson once before 6 a.m., sparking a familiar conversation about Black identity and recognition.",thegrio.com,2026-07-12,Entertainment,Bobby Pen,https://thegrio.com/2026/07/12/simone-biles-mistaken-dominique-dawes-shacarri-richardson/
‘Our words have weight’: Brandy addresses criticisms of her Mississippi homecoming appearance in touching Instagram post,"In a touching Instagram post, Brandy seemingly responded to critiques of her homecoming appearance in Mississippi earlier this week.",thegrio.com,2026-07-11,Lifestyle,Brandon Caldwell,https://thegrio.com/2026/07/11/brandy-mississippi-appearance-response-criticisms/
"Beyoncé fills in for Mary J. Blige, Blue Ivy plays live piano as big guests join Jay-Z for opening night of Yankee Stadium run",Beyoncé Blue Ivy Jay-Z Yankee Stadium: Beyoncé subbed for Blige and Blue Ivy played live piano at night one.,thegrio.com,2026-07-11,Entertainment,Odafe Oghen,https://thegrio.com/2026/07/11/beyonce-blue-ivy-jay-z-yankee-stadium-reasonable-doubt-anniversary/
Chaka Zulu shares the untold story behind ESSENCE Fest’s emotional Aaliyah tribute,"In an exclusive interview with theGrio, Chaka Zulu reveals how Legacy Music Group and Missy Elliott helped bring Aaliyah's unforgettable ESSENCE Fest tribute to life.",thegrio.com,2026-07-11,Entertainment,Bobby Pen,https://thegrio.com/2026/07/11/chaka-zulu-aaliyah-essence-fest-tribute/
Trump declares Iran ceasefire over again as uncertainty grows,"Trump says the Iran ceasefire is over again while talks continue, raising new questions about military action and the impact on Americans.",thegrio.com,2026-07-11,Politics,Peter Kerich,https://thegrio.com/2026/07/11/trump-iran-ceasefire-declared-over-again/
Warrior Con founder wants sickle cell patients centered beyond ‘cure’ headlines,"Dr. Lakiea Bailey discusses Warrior Con, sickle cell crisis, treatment access and why patients are often “faking being well.”",thegrio.com,2026-07-11,Health,Bobby Pen,https://thegrio.com/2026/07/11/warrior-con-founder-sickle-cell-pain-advocacy/
"Dave Chappelle steals the spotlight during Usher’s Washington, D.C., show with a handful of Usher Bucks","Dave Chappelle turned the R&B tour into a Chappelle Show sketch on Friday night, popping up to throw out Usher Bucks during 'Nice & Slow.'",thegrio.com,2026-07-11,Entertainment,Bobby Pen,https://thegrio.com/2026/07/11/dave-chappelle-spotted-usher-dc-concert-usher-bucks/
"Jayden Adams, South African soccer star, dies weeks after helping national team in World Cup","Jayden Adams, a member of South Africa's national team, dies at 25 weeks after South Africa's run in the World Cup ended.",thegrio.com,2026-07-11,Sports,Brandon Caldwell,https://thegrio.com/2026/07/11/jayden-adams-south-african-soccer-star-dies/
New data shows Stuyvesant High School’s incoming class includes only 3 Black students out of 777,"Just three Black students were admitted to Stuyvesant High School's incoming class of 777, according to new city data, reigniting debate over",thegrio.com,2026-07-11,News,Bolarinwa Oladeji,https://thegrio.com/2026/07/11/stuyvesant-high-school-three-black-students-admitted/
Media mogul Byron Allen donates $100K to Nolan Wells GoFundMe to support family financial needs,"Media mogul Byron Allen has donated a six-figure sum to Nolan Wells' GoFundMe, a show of support for his family in their trying time.",thegrio.com,2026-07-11,News,Brandon Caldwell,https://thegrio.com/2026/07/11/byorn-allen-donation-nolan-wells-gofundme/
Amena Brown’s new book is a love letter to every way we Black girl,"In ""Never Tell a Black Girl How to Black Girl,"" Amena Brown celebrates joy, identity and the beautifully unspoken language Black women share.",thegrio.com,2026-07-10,Books,Haniyah P.,https://thegrio.com/2026/07/10/amena-browns-new-book-is-a-love-letter-to-every-way-we-black-girl/
Black family ends UNC Wilmington scholarship rather than remove support for Black students,A longtime Black donor family is ending new UNCW scholarships after refusing to remove language supporting African American students.,thegrio.com,2026-07-10,Featured,Peter Kerich,https://thegrio.com/2026/07/10/black-family-ends-unc-wilmington-scholarship-rather-than-remove-support-for-black-students/
Stefon Diggs’ sexual assault accuser says he turned over more than 100 pages of messages in civil case,Christopher Griffith says iMessage and Instagram communications support his sexual assault claims against the NFL star.,thegrio.com,2026-07-10,Featured,Odafe Oghen,https://thegrio.com/2026/07/10/stefon-diggs-christopher-griffith-lawsuit-text-evidence/
Former Michigan staffer sues university over records tied to Sherrone Moore investigation,Paige Shiver alleges the school denied multiple public records requests related to the investigation that led to the coach's firing.,thegrio.com,2026-07-10,Sports,Odafe Oghen,https://thegrio.com/2026/07/10/paige-shiver-lawsuit-michigan-sherrone-moore-foia-record/
NAACP marks America’s 250th birthday with record $20 million campaign to mobilize millions of Black voters,The civil rights organization says its largest-ever midterm investment aims to reach 6.5 million Black voters across 14 states.,thegrio.com,2026-07-10,News,Bolarinwa Oladeji,https://thegrio.com/2026/07/10/naacp-20-million-gotv-campaign-2026-midterms/
CDC investigates growing parasite outbreak linked to fresh produce,Cyclosporiasis outbreak 2026: Over 450 people are sick across 18 states as CDC surveillance was quietly scaled back.,thegrio.com,2026-07-10,Featured,Odafe Oghen,https://thegrio.com/2026/07/10/cyclosporiasis-outbreak-2026-produce-cdc-tracking/
"Ben Crump, Rev. Al Sharpton hold press conference with grieving parents of Nolan Xavier Wells: ‘This does not smell right’",Parents of Nolan Xavier Wells open up about the support they have received since his disappearance on July 4.,thegrio.com,2026-07-10,News,Kay Wicker,https://thegrio.com/2026/07/10/ben-crump-rev-al-sharpton-hold-press-conference-with-grieving-parents-of-nolan-xavier-wells-this-does-not-smell-right/
11 upcoming books by Black authors to add to your July reading list,"Discover this month's books, featuring new releases and must-read titles from Black authors across four categories.",thegrio.com,2026-07-10,Featured,Jahaura Michelle,https://thegrio.com/2026/07/10/11-new-books-black-authors-july/
"After a physician responded to their patient online, a nuanced debate was ignited",How one Threads post spiraled into a debate over the increasingly strained relationship between patients and physicians.,thegrio.com,2026-07-10,Lifestyle,Kay Wicker,https://thegrio.com/2026/07/10/after-a-physician-responded-to-their-patient-online-a-nuanced-debate-was-ignited/
Colin Kaepernick helped fund the independent autopsy for Nolan Wells,Nolan Wells parents press conference: The Wonsleys revealed deleted Snapchat and a recorded argument with Crump and Sharpton in Harlem.,thegrio.com,2026-07-10,News,Odafe Oghen,https://thegrio.com/2026/07/10/nolan-wells-parents-press-conference-deleted-snapchat-recorded-altercation/
"Trump fires members of elections agency, escalating his target of voting ahead of midterms","""Trump is terrified of the sacred power we all hold as voters, and that’s why he wants to rig this election,"" says NAACP's Derrick Johnson.",thegrio.com,2026-07-10,Politics,Gerren Keith Gaynor,https://thegrio.com/2026/07/10/trump-fires-members-of-elections-agency/
Kinsley Wilson opens up about Miss Spelman controversy and why she’s stepping down,"The former Co-Miss Spelman says unanswered questions, public scrutiny and emotional toll ultimately led her to resign.",thegrio.com,2026-07-10,News,Bolarinwa Oladeji,https://thegrio.com/2026/07/10/kinsley-wilson-steps-down-co-miss-spelman/
"Iran plotted to assassinate Donald Trump, according to shared intelligence","While on Air Force One on Wednesday, Trump even told reporters, ""If I go, you go"" when pressed on the possibility of a credible threat.",thegrio.com,2026-07-10,Politics,Gerren Keith Gaynor,https://thegrio.com/2026/07/10/iran-plotted-to-assassinate-donald-trump-according-to-shared-intelligence/
Back to the fade: Jay-Z reveals old-school look during night one of Yankee Stadium residency,"During night one of the JAY-Z 30 celebration at Yankee Stadium, JAY-Z revealed he's no long rocking the fro he debuted at the Roots Picnic.",thegrio.com,2026-07-10,Entertainment,Brandon Caldwell,https://thegrio.com/2026/07/10/jay-z-reveals-fade-haircut-jay-z-30-concert/
"SZA reveals autism diagnosis, shedding light and awareness about how Black health goes underdiagnosed","With her autism revelation, SZA might have shined a light for Black men, women and families to no longer feel understood and undiagnosed.",thegrio.com,2026-07-10,Lifestyle,Brandon Caldwell,https://thegrio.com/2026/07/10/sza-autism-underdiagnosed-black-men-women-children/
Kamala Harris says Democrats must ‘grow a backbone’ as she calls for major reforms to protect voting rights,"""We cannot be afraid to have a conversation about systemic reforms to restore voting rights,"" said Harris.",thegrio.com,2026-07-10,Politics,Gerren Keith Gaynor,https://thegrio.com/2026/07/10/kamala-harris-says-democrats-must-grow-a-backbone-voting-rights/
JaNa Craig celebrates Free Slurpee Day and shares a heartfelt message for the Black women of ‘Love Island USA’,"Love Island USA alum JaNa Craig talks her 7-Eleven partnership, binge-watching Season 8 and why she's proud of the Black women in the villa.",thegrio.com,2026-07-10,Entertainment,Haniyah P.,https://thegrio.com/2026/07/10/jana-craig-celebrates-free-slurpee-day-and-shares-a-heartfelt-message-for-the-black-women-of-love-island-usa/
NAACP President calls on Trump DOJ to investigate deaths of young Black men in Tennessee,"The deaths of two Black men in Tennessee have prompted the NAACP to call for a federal investigation, demanding full accountability.",thegrio.com,2026-07-10,News,Brandon Caldwell,https://thegrio.com/2026/07/10/naacp-calls-for-federal-investigation-deaths-black-men-tennesseee/
Coco Gauff’s Wimbledon run ends in heartbreaking semifinal thriller,The 21-year-old pushed Karolina Muchova to the limit before falling in a tense three-set match on Centre Court.,thegrio.com,2026-07-10,Sports,Odafe Oghen,https://thegrio.com/2026/07/10/coco-gauff-wimbledon-semifinal-loss-muchova-2026/
Zaire Wade charged with felony weeks after domestic violence arrest,Zaire Wade has been charged with a felony following his domestic violence arrest in California. He is scheduled to be arraigned on July 16.,thegrio.com,2026-07-10,News,Peter Kerich,https://thegrio.com/2026/07/10/zaire-wade-charged-with-felony-weeks-after-domestic-violence-arrest/
"‘The agony is debilitating’: Tyler Perry to cover Nolan Wells’ funeral costs, speaks out about his death","Tyler Perry confirms that he will be paying for the funeral of Nolan Wells, the 18-year-old who mysteriously died in Mississippi.",thegrio.com,2026-07-10,News,Brandon Caldwell,https://thegrio.com/2026/07/10/tyler-perry-to-pay-nolan-wells-funeral/
Family of 8-year-old killed by falling tree branch at California camp wins $19 million settlement,"The wrongful death lawsuit alleged camp officials failed to address visible signs of decay before the branch fell, killing Lamar McGlothurn.",thegrio.com,2026-07-09,News,Odafe Oghen,https://thegrio.com/2026/07/09/lamar-mcglothurn-settlement-king-gillette-ranch-calabasas/
Black father reflects on son’s first police stop after viral video sparks debate,"A Black father has shared video of his son's first police encounter in Williamsport, where the teen was handcuffed after being stopped for",thegrio.com,2026-07-09,News,Bolarinwa Oladeji,https://thegrio.com/2026/07/09/black-father-son-first-police-encounter-williamsport/
Cardi B sparks dating rumors with Nigerian soccer star Maduka Okoye,"A brief interaction at Paris Fashion Week fueled romance rumors, but the pair have not confirmed a relationship.",thegrio.com,2026-07-09,Entertainment,Bolarinwa Oladeji,https://thegrio.com/2026/07/09/cardi-b-maduka-okoye-dating-rumors-paris/
Family of Nolan Wells to hold press conference with Ben Crump and Al Sharpton,"The family of the deceased high school graduate, Nolan Wells, will hold a press conference alongside Ben Crump and Rev. Al Sharpton.",thegrio.com,2026-07-09,News,Nhari Djan,https://thegrio.com/2026/07/09/family-of-nolan-wells-to-hold-press-conference-with-ben-crump-and-al-sharpton/
Why ‘The Cheetah Girls’ meant so much to Black girls and why the reboot debate feels so personal,The conversation around Cheetah Girls Next Gen isn't just about casting. It's about protecting the legacy that helped girls feel seen.,thegrio.com,2026-07-09,Lifestyle,Haniyah P.,https://thegrio.com/2026/07/09/why-the-cheetah-girls-meant-so-much-to-black-girls-and-why-the-reboot-debate-feels-so-personal/
Paraguay senate passes motion condemning senator for racist comments about Kylian Mbappé,Paraguay's senate passed a motion on Wednesday (July 8) to condemn the senator who made racist comments about Kylian Mbappé.,thegrio.com,2026-07-09,Sports,Nhari Djan,https://thegrio.com/2026/07/09/paraguay-senate-passes-motion-condemning-senator-for-racist-comments-about-kylian-mbappe/
Black unemployment remains high as Trump downplays jobs gap,"Black unemployment remained unchanged at 6.6% in June, with experts warning the racial disparity continues to be overlooked.",thegrio.com,2026-07-09,Featured,Peter Kerich,https://thegrio.com/2026/07/09/black-unemployment-remains-high-as-trump-downplays-jobs-gap/
Savannah James defends LeBron amid Lakers exit criticism: ‘People have made careers out of talking about him’,The longtime partner of the NBA superstar pushed back against the scrutiny surrounding his Lakers departure on her podcast.,thegrio.com,2026-07-09,News,Bolarinwa Oladeji,https://thegrio.com/2026/07/09/savannah-james-defends-lebron-critics-lakers-exit/
‘Big godd-mn deal!’: Congressman Menefee calls for justice after ICE fatally shoots Houston man,"""What other profession has the power to take somebody's life in the middle of a street?"" said U.S. Rep. Christian Menefee (D-Texas).",thegrio.com,2026-07-09,Politics,Gerren Keith Gaynor,https://thegrio.com/2026/07/09/christian-menefee-houston-ice-shooting-lorenzo-salgado-araujo/
"After 11-year-old Angelique Cunningham’s Lake Erie death, new court documents reveal key allegations",The woman charged with felony child endangerment is accused of swimming to shore and calling a friend instead.,thegrio.com,2026-07-09,Featured,Odafe Oghen,https://thegrio.com/2026/07/09/angelique-cunningham-death-kristen-gerrie-lake-erie-bond/
Ben Crump points to conflicting accounts in Nolan Wells case as family demands answers,Attorney Ben Crump is highlighting conflicting accounts and possible deleted phone messages in the Nolan Wells case as the teen's family,thegrio.com,2026-07-09,News,Bolarinwa Oladeji,https://thegrio.com/2026/07/09/ben-crump-nolan-wells-conflicting-accounts-investigation/
Who is Maduka Okoye? Meet the goalkeeper the internet can’t stop talking about,"He's not playing in the World Cup, but goalkeeper Maduka Okoye is still winning the internet, one viral clip (and Cardi B rumor) at a time.",thegrio.com,2026-07-09,Sports,Haniyah P.,https://thegrio.com/2026/07/09/who-is-maduka-okoye-meet-the-goalkeeper-the-internet-cant-stop-talking-about/
Descendants forum unites Black history groups as debate over slavery’s history intensifies,The Descendants Forum is bringing together Black descendant-led organizations to preserve slavery's history as the Trump administration reshapes public narratives.,thegrio.com,2026-07-09,Featured,Peter Kerich,https://thegrio.com/2026/07/09/descendants-forum-unites-black-history-groups-as-debate-over-slaverys-history-intensifies/
Black Smithsonian chief disputes Trump White House’s claim of ‘extreme political activism’,"Lonnie Bunch writes, ""Our work is driven by scholarship, accuracy, and an uncompromising commitment to tell the fullness of America’s story.”",thegrio.com,2026-07-09,Politics,Gerren Keith Gaynor,https://thegrio.com/2026/07/09/smithsonian-lonnie-bunch-trump-white-house-national-museum-american-history/
"Beyond the Inkwell, the Black history of Martha’s Vineyard runs much deeper","For generations, Black educators, whalers, and families have built a legacy across the island that extends well beyond its famous beach.",thegrio.com,2026-07-09,Lifestyle,Kay Wicker,https://thegrio.com/2026/07/09/beyond-the-inkwell-the-black-history-of-marthas-vineyard-runs-much-deeper/
Kamala Harris speaks out after Houston man is fatally shot by ICE officer: ‘Horrifying’,"""We continue to be outraged by the horrific and cruel actions of ICE under the Trump Administration,"" said the 2024 presidential nominee.",thegrio.com,2026-07-09,Politics,Gerren Keith Gaynor,https://thegrio.com/2026/07/09/kamala-harris-houston-ice-shooting/
Tara Setmayer says a burst pipe in her family’s 100-year-old home has turned into a fight to save it. She’s far from alone,Tara Setmayer is opening up about the fight to save her home as insurance companies continue to deny and drop homeowners around the country.,thegrio.com,2026-07-09,Lifestyle,Kay Wicker,https://thegrio.com/2026/07/09/tara-setmayer-says-a-burst-pipe-in-her-familys-100-year-old-home-has-turned-into-a-fight-to-save-it-shes-far-from-alone/
Bowie State nursing graduates achieve 100% pass rate on NCLEX,Bowie State University's nursing school has completed the NCLEX with a 100% pass rate for the first time in the school's history.,thegrio.com,2026-07-09,Health,Nhari Djan,https://thegrio.com/2026/07/09/bowie-state-nursing-graduates-achieve-100-pass-rate-on-nclex/
Charges filed against former Bucknell coach in death of Calvin ‘CJ’ Dickey Jr.,Former Bucknell strength coach Mark Kulbis has been charged with felony hazing in the 2024 death of freshman football player Calvin Dickey Jr.,thegrio.com,2026-07-08,News,Bolarinwa Oladeji,https://thegrio.com/2026/07/08/bucknell-coach-mark-kulbis-charged-hazing-calvin-dickey-death/
"Amid backlash for attending Taylor Swift’s wedding, Simone Biles reminds fans that some things aren’t meant for social media",Simone Biles is reminding people of a very valuable social media lesson after she responded in kind for attending Taylor Swift's wedding.,thegrio.com,2026-07-08,Lifestyle,Brandon Caldwell,https://thegrio.com/2026/07/08/simone-biles-response-fan-taylor-swift-wedding/
"Questions mount after Ill. man, Jerard Jackson, found dead near Electric Forest festival in Michigan",Authorities continue investigating the death of the 28-year-old as his family disputes investigators' preliminary findings.,thegrio.com,2026-07-08,News,Peter Kerich,https://thegrio.com/2026/07/08/electric-forest-festival-investigation-continues/
Jermaine Dupri sues Sony Music for $18 million in unpaid royalties,"The So So Def founder claims the music giant underpaid artists including Mariah Carey, Usher, Xscape, Bow Wow and Da Brat over decades.",thegrio.com,2026-07-08,Entertainment,Odafe Oghen,https://thegrio.com/2026/07/08/jermaine-dupri-sony-lawsuit-18-million-unpaid-royalties/
Nolan Xavier Wells’ family retains Ben Crump as search for answers continues,"The team plans an independent review while seeking the release of records, witness accounts, and autopsy findings in the Mississippi case.",thegrio.com,2026-07-08,News,Odafe Oghen,https://thegrio.com/2026/07/08/nolan-wells-ben-crump-family-attorney-horn-island-investigation/
Marshawn Kneeland CTE diagnosis revealed after former Cowboys player’s death,Marshawn Kneeland's CTE was diagnosed at Stage 1 after the former Dallas Cowboys defensive end died in 2025.,thegrio.com,2026-07-08,Sports,Peter Kerich,https://thegrio.com/2026/07/08/marshawn-kneeland-cte-diagnosis-revealed-after-former-cowboys-players-death/
"Everything we know about the Nolan Wells search and investigation, so far","A full timeline of the Nolan Wells case, tracing the 18 year old's disappearance on Horn Island, the multi-agency search, and his family's",thegrio.com,2026-07-08,News,Bolarinwa Oladeji,https://thegrio.com/2026/07/08/nolan-wells-horn-island-case-timeline/
Investigation continues after two Black Georgia teens found dead in Webster County,Zekevian James Jo’Quavious Jones: Two young Black men found dead in Georgia woods are being investigated as a double homicide.,thegrio.com,2026-07-08,Featured,Odafe Oghen,https://thegrio.com/2026/07/08/zekevian-james-joquavious-jones-webster-county-georgia-double-homicide/
New Portsmouth museum celebrating Black women gets $1M boost from Virginia,"Virginia lawmakers have invested $1 million in the Museum of Black Women Innovators in Portsmouth, set to honor 250 Black women whose",thegrio.com,2026-07-08,News,Bolarinwa Oladeji,https://thegrio.com/2026/07/08/museum-black-women-innovators-portsmouth-virginia-funding/
How Mara Brock Akil and Oprah found healing after childhood sexual abuse,Mara Brock Akil shares how childhood sexual abuse influenced her debut novel as she and Oprah Winfrey reflect on healing and resilience.,thegrio.com,2026-07-08,Featured,Jahaura Michelle,https://thegrio.com/2026/07/08/how-mara-brock-akil-and-oprah-found-healing-after-childhood-sexual-abuse/
"MC Sparky D, pioneering female battle rapper of the Roxanne Wars, dies at 61",The Brooklyn-born rapper helped shape one of hip-hop's earliest rivalries before later dedicating her life to ministry.,thegrio.com,2026-07-08,Entertainment,Odafe Oghen,https://thegrio.com/2026/07/08/mc-sparky-d-death-roxanne-wars-icon-dies-61/
‘Dispel rumors with facts’: Mississippi judge speaks out after rumors swirl in Nolan Wells case,A Jackson County judge whose son was with Nolan Wells on the day he disappeared is addressing that day and why she deactivated her Facebook.,thegrio.com,2026-07-08,News,Brandon Caldwell,https://thegrio.com/2026/07/08/nolan-wells-judge-investigation/
22 Black-owned brands to shop this summer,"From swimwear to beach gear to hosting gifts, beauty, kids' entertainment, and more, we’ve gathered top Black-owned brands.",thegrio.com,2026-07-08,Lifestyle,Kay Wicker,https://thegrio.com/2026/07/08/22-black-owned-brands-to-shop-this-summer/
"From Sterling to Quinta and Zendaya, meet the Black nominees leading this year’s Emmy conversation",The nominee list for the 2026 Primetime and Creative Arts Emmy Awards are here and Black talent is represented from top to bottom.,thegrio.com,2026-07-08,Entertainment,Brandon Caldwell,https://thegrio.com/2026/07/08/black-nominees-2026-emmy-awards/
The Nolan Wells case is reigniting conversations about other Black youth whose deaths raised questions,"As the investigation into Nolan Wells continues, several other recent deaths of Black youth and young adults are gaining traction.",thegrio.com,2026-07-08,Lifestyle,Kay Wicker,https://thegrio.com/2026/07/08/the-nolan-wells-case-is-reigniting-conversations-about-other-black-youth-whose-deaths-raised-questions/
Former Jackson Mississippi mayor faces years in prison after pleading guilty to bribery scheme,"Former Jackson, Miss. mayor Chokwe Antar Lumumba faces up to five years in prison after pleading guilty to conspiracy charges.",thegrio.com,2026-07-08,News,Brandon Caldwell,https://thegrio.com/2026/07/08/chokwe-antar-lumumba-ex-jackson-mississippi-mayor-guilty-conspiracy/
France’s Kylian Mbappé and football federation respond to Paraguayan senator’s racist remarks,"The France captain condemned the comments, calling the senator ""unworthy"" of her office as French football officials pursue legal action.",thegrio.com,2026-07-07,News,Bolarinwa Oladeji,https://thegrio.com/2026/07/07/kylian-mbappe-paraguay-senator-celeste-amarilla-racist-attack/
Nipsey Hussle’s children receive inheritance as estate case comes to an end,Nipsey Hussle estate payout: Emani and Kross Asghedom received their inheritance in cash and assets from his $11 million estate.,thegrio.com,2026-07-07,Featured,Odafe Oghen,https://thegrio.com/2026/07/07/nipsey-hussle-estate-payout-emani-kross-inheritance/
Will Smith and Jada Pinkett Smith reportedly living together again after years apart,Will and Jada Smith are reportedly living together again after years apart. A new report says Jada moved back in with Will two years ago.,thegrio.com,2026-07-07,Featured,Peter Kerich,https://thegrio.com/2026/07/07/will-and-jada-living-together/
Contract talks heat up as Essence Fest wraps another year in New Orleans,"With the current agreement expiring this fall, city leaders and organizers are working to keep the iconic celebration in its longtime home.",thegrio.com,2026-07-07,Entertainment,Bolarinwa Oladeji,https://thegrio.com/2026/07/07/essence-festival-new-orleans-contract-negotiations-future/
‘One of the amazing ones’: Brother of woman surrounded by white supremacists in viral July 4 photo speaks out,The family of a woman at the center of one of the most viral photos July 4th weekend says she's 'amazing' and she's more than a symbol.,thegrio.com,2026-07-07,News,Brandon Caldwell,https://thegrio.com/2026/07/07/bernita-bowlding-viral-patriot-front-photo-family-speaks/
‘Never forgotten’: Fundraiser for Nolan Wells reaches six figures overnight as tributes pour in,A GoFundMe established for Mississippi teen Nolan Wells has reached six figures with thousands donating to help his family.,thegrio.com,2026-07-07,News,Brandon Caldwell,https://thegrio.com/2026/07/07/nolan-wells-gofundme/
Ciara celebrates 10 years with Russell Wilson by dropping a surprise love song,"The Grammy winner marked the milestone with never-before-seen wedding footage, a heartfelt tribute and her new single, ""Yes.""",thegrio.com,2026-07-07,Featured,Odafe Oghen,https://thegrio.com/2026/07/07/ciara-russell-wilson-10th-anniversary-yes-single/
5 ways Black Americans’ civil rights victories have changed life for everyone in the U.S.,Cardi B recently celebrated how the progress that Black Americans have fought for continues to shape immigrant life in the United States.,thegrio.com,2026-07-07,Lifestyle,Kay Wicker,https://thegrio.com/2026/07/07/5-ways-black-americans-civil-rights-victories-have-changed-life-for-everyone-in-the-u-s/
Investigation into Nolan Wells’ death intensifies as authorities question viral beach video and offer early timeline of events,"Investigators are looking into all factors surrounding the death of Nolan Wells, from a viral video to the belief the teen might have drowned.",thegrio.com,2026-07-07,News,Brandon Caldwell,https://thegrio.com/2026/07/07/nolan-wells-investigation-timeline/
Tyler Perry reveals painful setback behind ‘Why Did I Get Married Again?’,"The filmmaker said he pushed through production despite the injury, with ""Watch my shoulder"" becoming a running joke on set.",thegrio.com,2026-07-07,Entertainment,Bolarinwa Oladeji,https://thegrio.com/2026/07/07/tyler-perry-broken-collarbone-why-did-i-get-married-again-filming/
"Karmelo Anthony’s legal team calls for trial judge to recuse himself, files motion for new trial",Karmelo Anthony's new legal team has filed a motion for a new trial and a recusal from the judge who presided over the trial.,thegrio.com,2026-07-07,News,Brandon Caldwell,https://thegrio.com/2026/07/07/karmelo-anthony-files-motion-new-trial-judge-recusal/
Why so many in Black America see themselves in the story of Nolan Wells,"As the Nolan Xavier Wells story continues to unfold in Mississippi, many are speaking up about being “the only one.”",thegrio.com,2026-07-07,Lifestyle,Kay Wicker,https://thegrio.com/2026/07/07/why-so-many-in-black-america-see-themselves-in-the-story-of-nolan-wells/
Coco Gauff adds another milestone to her historic rise at Wimbledon,"After battling back against Jessica Pegula, Gauff joined an exclusive group by reaching the final four at every Grand Slam before turning 23.",thegrio.com,2026-07-07,Sports,Peter Kerich,https://thegrio.com/2026/07/07/coco-gauff-adds-another-milestone-to-her-historic-rise-at-wimbledon/
"Jaylen Brown keeps promise to young fan, invites him to special event after emotional viral moment","After Gio's emotional reaction to Brown's trade went viral, the former Celtics star followed through with a personal invitation.",thegrio.com,2026-07-07,News,Bolarinwa Oladeji,https://thegrio.com/2026/07/07/jaylen-brown-surprises-young-celtics-fan-gio/
"Big Tigger’s estranged wife, Alicia Brown, arrested on outstanding kidnapping warrant","Alicia Brown, the estranged wife of media personality Big Tigger, is behind bars on kidnapping charges, according to multiple reports.",thegrio.com,2026-07-07,Entertainment,Brandon Caldwell,https://thegrio.com/2026/07/07/alicia-brown-big-tigger-wife-arrested-kidnapping/
Trump Administration ends near decade long plan for Harriet Tubman to be on $20 bill,The Trump Administration is shelving an Obama era proposal to put Harriet Tubman on the $20 bill to replace Andrew Jackson.,thegrio.com,2026-07-07,Politics,Brandon Caldwell,https://thegrio.com/2026/07/07/trump-administration-scraps-plan-harriet-tubman-20-bill/
"Marcellus Wiley’s wife, Annemarie, files for divorce, restraining order after his arrest","Court documents include allegations of long-term abuse and seek a restraining order, custody of the couple's children and spousal support.",thegrio.com,2026-07-07,News,Bolarinwa Oladeji,https://thegrio.com/2026/07/07/marcellus-wiley-annemarie-divorce-restraining-order-allegations/
Former Florida gubernatorial candidate Andrew Gillum arrested in Alabama on drug charges,The former Florida Democratic gubernatorial nominee was taken into custody in Daphne and later released as authorities continue investigating.,thegrio.com,2026-07-07,News,Peter Kerich,https://thegrio.com/2026/07/07/andrew-gillum-arrested-alabama/
"Lupita Nyong’o, Zendaya and Travis Scott bring standout style to ‘The Odyssey’ premiere",The Odyssey premiere fashion: Zendaya showed out and Lupita Nyong’o led the London red carpet in a stunning outfit.,thegrio.com,2026-07-07,Featured,Odafe Oghen,https://thegrio.com/2026/07/07/the-odyssey-premiere-fashion-zendaya-lupita-nyongo-london/
HBCU student-athlete Johan Sandoval detained by ICE in New York,The Savannah State baseball standout was taken into custody weeks after being named MVP of the 2026 HBCU Baseball All-Star Game.,thegrio.com,2026-07-07,Sports,Odafe Oghen,https://thegrio.com/2026/07/07/johan-sandoval-ice-detained-savannah-state-hbcu-baseball/
Lil Wayne shuts down engagement rumors and reveals why he missed tour opener,"The rapper says he's single, explains his Maine no-show was due to an epilepsy-related health concern, and apologizes to fans.",thegrio.com,2026-07-07,Entertainment,Odafe Oghen,https://thegrio.com/2026/07/07/lil-wayne-madi-cannon-split-engagement-denied-maine-concert/
"Amid ‘Spend Dat’ backlash, Yung Miami thanks Monica for her support: ‘This is sisterhood, this is Black excellence’","Yung Miami's 'Spend Dat,' is a smash hit and amid the backlash from the song, Monica stepped up to show support on stage.",thegrio.com,2026-07-06,Entertainment,Brandon Caldwell,https://thegrio.com/2026/07/06/yung-miami-monica-spend-dat-reaction-esssence-fest/
‘Sage the entire building’: The most hilarious reactions to Trump supporters sheltering at the ‘Blacksonian’ during Freedom 250,The jokes were plentiful after Trump supporters were ordered to shelter at the NMAAHC during Freedom 250 festivities on Saturday.,thegrio.com,2026-07-06,Politics,Brandon Caldwell,https://thegrio.com/2026/07/06/most-hilarious-reactions-trump-suporters-nmaahc-shelter-freedom-250/
Three years in and Black Threads is proving Black people are anything but a monolith,"Three years ago, Meta launched Threads as a low-priority text-based app, and Black users are leaving their mark.",thegrio.com,2026-07-06,Lifestyle,Kay Wicker,https://thegrio.com/2026/07/06/three-years-in-and-black-threads-is-proving-black-people-are-anything-but-a-monolith/
Big Tigger says he’s stepping away from radio to focus on family amid legal battle,The veteran DJ cited public speculation and his ongoing legal case in announcing a temporary step away from broadcasting.,thegrio.com,2026-07-06,Entertainment,Odafe Oghen,https://thegrio.com/2026/07/06/big-tigger-stepping-away-radio-v103-arrest/
‘A special soul’: Family of missing Mississippi teen shares heartbreaking update as search is called off,"The family of 18-year-old Nolan Wells is asking for space to grieve after a body was discovered off Horn Island, Mississippi on Monday.",thegrio.com,2026-07-06,News,Brandon Caldwell,https://thegrio.com/2026/07/06/nolan-wells-mississippi-teen-search/
Tennessee National Guard fatally shoots 20-year-old man during Memphis response,A Tennessee National Guard shooting in Memphis left 20-year-old Tyrin Johnson dead after authorities said he pulled a gun on them.,thegrio.com,2026-07-06,News,Peter Kerich,https://thegrio.com/2026/07/06/tennessee-national-guard-shooting-memphis/
Taylor Swift and Travis Kelce reportedly took over Madison Square Garden for their wedding — but this Black celebrity did it first,Remember when Sly Stone shut down Madison Square Garden for his nuptials with model and actress Kathy Silva in 1974?,thegrio.com,2026-07-06,Lifestyle,Kay Wicker,https://thegrio.com/2026/07/06/taylor-swift-and-travis-kelce-reportedly-took-over-madison-square-garden-for-their-wedding-but-this-black-celebrity-did-it-first/
Authorities recover body amid search for missing 18-year-old Nolan Wells on Horn Island,Authorities have not confirmed the identity of the person found as investigators continue their search on the Mississippi island.,thegrio.com,2026-07-06,News,Bolarinwa Oladeji,https://thegrio.com/2026/07/06/body-found-horn-island-search-nolan-wells/
Racist abuse targeting IShowSpeed at World Cup match fuels debate over Argentina’s history,"The streamer was subjected to racial slurs during Argentina's match against Cabo Verde, prompting renewed discussion online.",thegrio.com,2026-07-06,News,Bolarinwa Oladeji,https://thegrio.com/2026/07/06/ishowspeed-argentina-racism-history-world-cup/
Grambling State alumnus Eric Washington remembered after deadly LA shooting on July 4,The respected violence intervention advocate and Grambling State alumnus was among two people killed during a holiday celebration.,thegrio.com,2026-07-06,News,Peter Kerich,https://thegrio.com/2026/07/06/grambling-state-alumnus-eric-washington-remembered-after-deadly-la-shooting-on-july-4/
Search underway for 18-year-old Nolan Wells after disappearance on Mississippi’s Horn Island,"Nolan Xavier Wells disappeared during a July 4 outing, prompting a coordinated search involving the Coast Guard and other agencies.",thegrio.com,2026-07-06,News,Bolarinwa Oladeji,https://thegrio.com/2026/07/06/nolan-wells-missing-horn-island-search-ocean-springs/
‘Share the story’: Gravesite believed to belong to one of the oldest free Black persons in America restored in Boston,A gravesite belonging to what is believed to be one of the oldest free Black men in America was discovered and restored in Boston.,thegrio.com,2026-07-06,News,Brandon Caldwell,https://thegrio.com/2026/07/06/historic-gravesite-oldest-free-black-person-restored-boston/
"Trailblazing Black business mogul George E. Johnson, who built Ultra Sheen and Afro Sheen, dies at 99","George E. Johnson, the pioneering founder of Johnson Products behind Ultra Sheen and Afro Sheen, has died at 99 at his home in Chicago.",thegrio.com,2026-07-06,News,Bolarinwa Oladeji,https://thegrio.com/2026/07/06/george-e-johnson-black-hair-care-pioneer-dies-99/
Trump posts doctored image of the Obamas boarding an Air Force One covered in graffiti,The altered Truth Social post is the latest in a series of manipulated images targeting the former president and first lady.,thegrio.com,2026-07-06,News,Odafe Oghen,https://thegrio.com/2026/07/06/trump-obama-air-force-one-photo-doctored-graffiti/
"Aaliyah tribute, Doug E. Fresh’s all-star set and T.I. with an orchestra close out ESSENCE Fest 2026","Mya, Normani, Chlöe, Ryan Destiny and Sevyn Streeter honored Aaliyah as Doug E. Fresh and T.I. helped close ESSENCE Fest 2026.",thegrio.com,2026-07-06,Entertainment,Bobby Pen,https://thegrio.com/2026/07/06/aaliyah-tribute-essence-fest-2026-finale/
Babyface steals the show before Brandy and Monica make the wait worth it at ESSENCE Fest,"Babyface, Brandy, Monica, Patti LaBelle and Leon Thomas delivered a marathon night of R&B at ESSENCE Festival that was well worth the wait.",thegrio.com,2026-07-05,Entertainment,Bobby Pen,https://thegrio.com/2026/07/05/babyface-steals-the-show-before-brandy-and-monica-make-the-wait-worth-it-at-essence-fest/
"Folarin Balogun’s red card suspension lifted by FIFA, Brooklyn-born striker cleared to play Belgium",Folarin Balogun red card suspension lifted: FIFA invoked Article 27 to clear the USMNT striker for Monday’s Belgium match.,thegrio.com,2026-07-05,Featured,Odafe Oghen,https://thegrio.com/2026/07/05/folarin-balogun-red-card-suspension-lifted-usmnt-belgium/
Keri Hilson breaks down her viral “music can harm” tweet and weighs in on the state of the industry,Keri Hilson music can harm tweet: Hilson addressed her viral X post at Essence and weighed in on the music industry.,thegrio.com,2026-07-05,Entertainment,Odafe Oghen,https://thegrio.com/2026/07/05/keri-hilson-music-can-harm-tweet-essence-festival-2026/
"Vic Mensa defends Megan Thee Stallion, points to gap between how male and female rappers are judged","Vic Mensa is speaking out on behalf of Megan Thee Stallion, arguing she's become a test case for how society treats Black women who are",thegrio.com,2026-07-05,Entertainment,Bolarinwa Oladeji,https://thegrio.com/2026/07/05/vic-mensa-megan-thee-stallion-double-standard/
Naomi Osaka stuns world No. 1 Aryna Sabalenka to reach first Wimbledon quarterfinal,"Naomi Osaka defeated world No. 1 Aryna Sabalenka 6-2, 7-6 to reach her first Wimbledon quarterfinal, ending a difficult head-to-head history.",thegrio.com,2026-07-05,News,Bolarinwa Oladeji,https://thegrio.com/2026/07/05/naomi-osaka-beats-sabalenka-wimbledon-quarterfinals/
Trump supporters took shelter in the African American History Museum during the July 4 storm. The internet had thoughts.,NMAAHC shelter July 4: Trump supporters took refuge in the African American Museum as storms hit D.C.,thegrio.com,2026-07-05,Politics,Odafe Oghen,https://thegrio.com/2026/07/05/nmaahc-shelter-july-4-trump-supporters-african-american-museum/
"GloRilla says she’s trying not to overthink her second album, teases a Destiny’s Child member as a feature","GloRilla says the follow-up to ""Glorious"" will have a summer vibe and that a Destiny’s Child member will be featured.",thegrio.com,2026-07-05,Music,Odafe Oghen,https://thegrio.com/2026/07/05/glorilla-second-album-destiny-child-feature/
Ex-NFL player and sportscaster Marcellus Wiley arrested on domestic battery charge in Florida,Former NFL star Marcellus Wiley was arrested in Florida on a domestic battery charge and is being held without bond,thegrio.com,2026-07-05,News,Bolarinwa Oladeji,https://thegrio.com/2026/07/05/arcellus-wiley-arrested-domestic-battery-florida/
Author Tomi Adeyemi says she won’t watch her own book’s movie adaptation,"Author Tomi Adeyemi has publicly distanced herself from the film adaptation of ""Children of Blood and Bone,"" saying she will not watch it.",thegrio.com,2026-07-04,Entertainment,Bolarinwa Oladeji,https://thegrio.com/2026/07/04/tomi-adeyemi-children-blood-bone-film-adaptation-distance/
Still clocked in: What independence day owes my ancestors,Author Jonathan Conyers reflects on what 250 years of American independence means to him as a descendant of enslaved people.,thegrio.com,2026-07-04,Opinion,Jonathan Conyers,https://thegrio.com/2026/07/04/still-clocked-in-what-independence-day-owes-my-ancestors/
Michelle Obama gets candid about the ‘freedom’ of life after 50 at ESSENCE Fest,Former First Lady Michelle Obama reflected on life after age 50 during a conversation with Keke Palmer at Essence Festival.,thegrio.com,2026-07-04,Featured,Bobby Pen,https://thegrio.com/2026/07/04/michelle-obama-gets-candid-about-the-freedom-of-life-after-50-at-essence-fest/
Red Lobster creditors sue former CEO and Thai Union over the Endless Shrimp deal that helped push the chain into bankruptcy,The Red Lobster Endless Shrimp lawsuit targets ex-CEO Paul Kenny and Thai Union over the deal that sank the chain.,thegrio.com,2026-07-04,Business,Odafe Oghen,https://thegrio.com/2026/07/04/red-lobster-endless-shrimp-lawsuit-paul-kenny-thai-union/
Serena Williams pulls out of Wimbledon doubles match with sister Venus due to knee injury,Serena Williams has withdrawn from her Wimbledon doubles match alongside sister Venus due to a right knee injury sustained during her,thegrio.com,2026-07-04,News,Bolarinwa Oladeji,https://thegrio.com/2026/07/04/serena-williams-withdraws-wimbledon-doubles-venus-knee-injury/
What to Black Americans is USA’s 250th under the presidency of Donald Trump?,"From the legacy of slavery to today’s battles over voting rights, education, and reparations, Black leaders say America’s work is",thegrio.com,2026-07-04,Politics,Gerren Keith Gaynor,https://thegrio.com/2026/07/04/black-americans-usa-250-donald-trump/
Jaylen Brown was labeled a problem at 19. Boston just proved the label stuck,"Author Jonathan Conyers argues that Jaylen Brown continues to be punished by the NBA for being ""a man who reads and speaks his mind.""",thegrio.com,2026-07-04,Entertainment,Jonathan Conyers,https://thegrio.com/2026/07/04/opinion-jaylen-brown-was-labeled-a-problem-at-19-boston-just-proved-the-label-stuck/
Bad Bunny’s earthquake aid reaches Venezuela as country’s president publicly thanks him,"Bad Bunny Venezuela earthquake aid: Benito sent 42,000 pounds of supplies as Venezuela’s president publicly thanked him.",thegrio.com,2026-07-04,News,Odafe Oghen,https://thegrio.com/2026/07/04/bad-bunny-venezuela-earthquake-aid/
Cardi B says Caribbeans and Latinos can thrive in America because of the civil rights movement,"The Bronx-born rapper told CNN that Black Americans fought for equality, benefiting Latinos and Caribbeans.",thegrio.com,2026-07-04,Politics,Odafe Oghen,https://thegrio.com/2026/07/04/cardi-b-civil-rights-comments-caribbeans-latinos-black-americans/
"Masked Patriot Front members march through Washington, D.C. on the Fourth of July, chanting ‘Reclaim America’",The Patriot Front DC march on July 4 saw masked members chant Reclaim America while carrying Confederate flags.,thegrio.com,2026-07-04,News,Odafe Oghen,https://thegrio.com/2026/07/04/patriot-front-dc-march-confederate-flags-july-4-metro/
"Mara Brock Akil reveals the exact amount she needs to make the ‘Girlfriends’ movie, and the cast is ready",The Mara Brock Akil said the full cast is ready to film a 'Girlfriends' movie. Now she just needs the funding.,thegrio.com,2026-07-03,Featured,Odafe Oghen,https://thegrio.com/2026/07/03/mara-brock-akil-girlfriends-movie-50-million-cast-ready/
Eddie Glaude has a warning for America’s 250th: ‘Freedom snatching’ never stopped,"Princeton professor Eddie Glaude Jr. tells theGrio the story of Moses Gordon and warns of America's cycle of ""freedom snatching.""",thegrio.com,2026-07-03,News,Bolarinwa Oladeji,https://thegrio.com/2026/07/03/eddie-glaude-freedom-snatching-america-250-moses-gordon/
"Jay-Z, Teyana Taylor, Cardi B, and hundreds of A-listers descend on the Hamptons for Michael Rubin’s 2026 White Party","Michael Rubin's White Party is back with Cardi B, Alicia Keys, Lil Wayne, and Jay-Z all in attendance.",thegrio.com,2026-07-03,Featured,Odafe Oghen,https://thegrio.com/2026/07/03/michael-rubin-white-party-2026-hamptons-celebrities/
New autopsy raises questions in Mississippi police shooting that killed 1-year-old Kohen Wiley,A preliminary Mississippi police shooting autopsy raises new questions about the fatal police shooting that killed 1-year-old Kohen Wiley.,thegrio.com,2026-07-03,Featured,Peter Kerich,https://thegrio.com/2026/07/03/mississippi-police-shooting-autopsy-baby-death/
6 books to read this Independence Day that explore the meaning of freedom,"Celebrate Independence Day with recommended reads that explore Black history, freedom and the people who helped shape the American story.",thegrio.com,2026-07-03,Featured,Jahaura Michelle,https://thegrio.com/2026/07/03/6-books-to-read-this-independence-day-that-explore-the-meaning-of-freedom/
Thomas Jefferson’s Black descendant reflects ahead of America’s 250th birthday: ‘I wish he had done more to free enslaved people’,"Shannon LaNier, Thomas Jefferson’s Black sixth great-grandson, reflects on slavery, Sally Hemings, and July 4.",thegrio.com,2026-07-03,Featured,Odafe Oghen,https://thegrio.com/2026/07/03/shannon-lanier-thomas-jefferson-legacy-america-250-july-4/
"Alicia Brown, wife of Big Tigger, responds to Francesca Amiker’s defamation lawsuit against her",Alicia Brown has responded after Big Tigger's radio co-host Francesca Amiker filed a federal defamation lawsuit accusing her of falsely,thegrio.com,2026-07-03,News,Bolarinwa Oladeji,https://thegrio.com/2026/07/03/alicia-brown-responds-francesca-amiker-defamation-lawsuit/
"Johnny White, 70, hospitalized after neighbor’s alleged assault in Newark, New York","Johnny White, a 70-year-old Black man, suffered a broken eye socket and facial fractures after an alleged attack by his neighbor.",thegrio.com,2026-07-03,News,Bolarinwa Oladeji,https://thegrio.com/2026/07/03/johnny-white-newark-assault-brandon-watt-hate-crime/
Massachusetts city sets curfew ahead of Cape Verde World Cup match,"The city of Brockton will enact a curfew during the Cape Verde World Cup match Friday, following reports of violence at postgame celebrations.",thegrio.com,2026-07-02,Featured,Nhari Djan,https://thegrio.com/2026/07/02/massachusetts-city-sets-curfew-ahead-of-cape-verde-world-cup-match/
‘Excited and disappointed’: Jaylen Brown speaks out after trade to 76ers,Jaylen Brown released a statement after news of his trade from the Boston Celtics to the Philadelphia 76ers broke on Wednesday.,thegrio.com,2026-07-02,Featured,Nhari Djan,https://thegrio.com/2026/07/02/excited-and-disappointed-jaylen-brown-speaks-out-after-trade-to-76ers/
"Meet Yinka Ogunbiyi, the woman behind the world’s first hair braiding robot","HaloBraid aims to cut braid appointments in half, ease the physical toll on stylists, and give Black women back their precious time.",thegrio.com,2026-07-02,Lifestyle,Kay Wicker,https://thegrio.com/2026/07/02/meet-yinka-ogunbiyi-the-woman-behind-the-worlds-first-hair-braiding-robot/
The 2026 BET Awards posts highest ratings since 2019,BET reported that the BET Awards this past Sunday hit its highest viewership ratings among adults 18-49 since 2019,thegrio.com,2026-07-02,Entertainment,Nhari Djan,https://thegrio.com/2026/07/02/the-2026-bet-awards-posts-highest-ratings-since-2019/
Man killed at Florida Walmart after parking dispute as woman claims self-defense,The woman involved remained at the scene and claimed she acted in self-defense. The Broward Sheriff's Office is investigating.,thegrio.com,2026-07-02,News,Bolarinwa Oladeji,https://thegrio.com/2026/07/02/bart-diguglielmo-army-veteran-shot-walmart-parking-lot-north-lauderdale/
Savannah James and April McDaniel launch Signed to grow their women-focused brands,"The holding company will unite Crown+Conquer, Let It Break, and the ""Everybody's Crazy"" podcast while laying the foundation for ventures.",thegrio.com,2026-07-02,Featured,Odafe Oghen,https://thegrio.com/2026/07/02/savannah-james-signed-company-marcypen-jay-z-crown-conquer/
Virginia Beach mom turned rental car into a home while fighting to keep her autistic son safe,"After losing her ride-share income, Aaliyah McCurdy found support through a local moms group as she works to rebuild her family's future.",thegrio.com,2026-07-02,Featured,Peter Kerich,https://thegrio.com/2026/07/02/rideshare-account-deactivated-autistic-son/
Chlöe Bailey shares how she discovered a cheating ex and why she kept quiet at first,The singer laughed at her own reaction while reflecting on a past relationship and the lessons she learned about love and heartbreak.,thegrio.com,2026-07-02,Featured,Odafe Oghen,https://thegrio.com/2026/07/02/chloe-bailey-cheating-call-her-daddy-lash-extensions/
"Trump made over $1 billion last year, mostly from crypto, new financial disclosure shows",The White House has maintained that Trump has no conflicts of interest and plays no role in the family business.,thegrio.com,2026-07-02,News,Bolarinwa Oladeji,https://thegrio.com/2026/07/02/trump-financial-disclosure-billion-crypto-real-estate/
Chris Brown ordered to pay $13 million to housekeeper injured in 2020 dog attack,Chris Brown has been ordered to pay nearly $13 million to his former housekeeper in the Chris Brown dog attack case.,thegrio.com,2026-07-02,Featured,Peter Kerich,https://thegrio.com/2026/07/02/chris-brown-dog-attack-lawsuit/
"Lonzo Ball disputes LaVar Ball’s account of parents’ split, says mother was ‘damn near forced to leave’","The NBA guard said his mother's departure was not voluntary, calling his father's public account ""not how it went down.""",thegrio.com,2026-07-02,Featured,Odafe Oghen,https://thegrio.com/2026/07/02/lonzo-ball-lavar-tina-split-forced-to-leave/
"National’s pitcher Cade Cavalli apologizes for ‘sit down, boy’ remark made to Willson Contreras","The Nationals pitcher said there was ""no ill intention"" behind the comment but has learned why the phrase is viewed differently.",thegrio.com,2026-07-02,News,Bolarinwa Oladeji,https://thegrio.com/2026/07/02/cade-cavalli-willson-contreras-sit-down-boy-apology/
14 Black tennis players to know at Wimbledon this year,"From Serena and Venus Williams to Frances Tiafoe and more, we round up the Black tennis players at Wimbledon you should have on your radar.",thegrio.com,2026-07-02,Entertainment,Kay Wicker,https://thegrio.com/2026/07/02/14-black-tennis-players-to-know-at-wimbledon-this-year/
29-year-old democratic socialist Melat Kiros defeats longtime Democratic congresswoman in Colorado upset,The Melat Kiros DeGette primary upset extends a nationwide democratic socialist wave to Colorado’s 1st District.,thegrio.com,2026-07-01,Politics,Odafe Oghen,https://thegrio.com/2026/07/01/melat-kiros-degette-primary-colorado-democratic-socialis/
‘Could have lost my life’: Pregnant Washington mother recovering after dog attack forced doctors to induce labor for her newborn son,"A GoFundMe has been established for a Washington woman who was attacked by dogs while pregnant, forcing doctors to induce her labor.",thegrio.com,2026-07-01,Lifestyle,Brandon Caldwell,https://thegrio.com/2026/07/01/pregnant-woman-attacked-dogs-gives-birth/
"After four season run, ‘Godfather of Harlem’ to end with two-hour series finale",MGM+ is closing the book on 'Godfather of Harlem.' The streamer's flagship show is to end after four seasons with a two-hour finale.,thegrio.com,2026-07-01,Entertainment,Brandon Caldwell,https://thegrio.com/2026/07/01/godfather-of-harlem-to-end-series-finale/
‘A lot happened’: Serayah gets real on Jacob Latimore split and why clairty is key in relationships,Serayah is opening up about what she likes in relationships and why things with former flame Jacob Latimore didn't work.,thegrio.com,2026-07-01,Lifestyle,Brandon Caldwell,https://thegrio.com/2026/07/01/serayah-talks-jacob-latimore-split-relationships/
Karamo Brown confirms he’s dating a ‘celebrity’ amid Jussie Smollett dating rumors,"Amid dating rumors with Jussie Smollett, Karamo Brown opens up about his new love and how he’s found “the one.”",thegrio.com,2026-07-01,Lifestyle,Kay Wicker,https://thegrio.com/2026/07/01/karamo-brown-confirms-hes-dating-a-celebrity-amid-jussie-smollett-dating-rumors/
Danny Glover reveals that he’s living with Alzheimer’s disease: ‘I don’t feel like it’s the end of my life’,The legendary actor and activist Danny Glover reveals he was diagnosed with Alzheimer’s disease in 2023 and opens up about life now.,thegrio.com,2026-07-01,Health,Kay Wicker,https://thegrio.com/2026/07/01/danny-glover-reveals-that-hes-living-with-alzheimers-disease-i-dont-feel-like-its-the-end-of-my-life/
Brother of NFL player Calais Campbell charged with murder after their mother is found dead,Calais Campbell's older brother Ciarre has been charged with aggravated assault and murder in relation to the death of their mother.,thegrio.com,2026-07-01,Crime,Brandon Caldwell,https://thegrio.com/2026/07/01/calais-campbell-brother-charged-murder-mother-found-dead/
‘Y.M.C.A.’ co-writer and Village People lead singer Victor Willis passes away at 74,"The singer, songwriter and original frontman helped create some of disco's biggest hits, including ""Y.M.C.A.,"" ""Macho Man"" and ""In the Navy.""",thegrio.com,2026-07-01,Featured,Bolarinwa Oladeji,https://thegrio.com/2026/07/01/victor-willis-village-people-dead-74/
"Coco Jones gets candid, says she’s tired of feeling like she’s ‘almost there’ despite career success","The Grammy-winning singer opened up about creative uncertainty, saying she's still searching for her sound and inviting fans into the process.",thegrio.com,2026-07-01,Entertainment,Peter Kerich,https://thegrio.com/2026/07/01/coco-jones-gets-candid-says-shes-tired-of-feeling-like-shes-almost-there-despite-career-success/
Netflix announces release date for Tyler Perry’s ‘Why Did I Get Married Again?’,Taraji P. Henson and Tyler Perry open up about the next installment of the “Why Did I Get Married?” franchise.,thegrio.com,2026-07-01,Entertainment,Kay Wicker,https://thegrio.com/2026/07/01/netflix-announces-release-date-for-tyler-perrys-why-did-i-get-married-again/
Ginuwine is officially off the market after proposing to Jannette Escartin,"R&B star Ginuwine is engaged to 28 year old Miami realtor Jannette Escartin after proposing in Washington, D.C., TMZ has confirmed.",thegrio.com,2026-07-01,Entertainment,Bolarinwa Oladeji,https://thegrio.com/2026/07/01/ginuwine-engaged-jannette-escartin-miami-realtor/
India Arie says ‘Spend Dat’ being the song of the summer says something about where we are as a culture — maybe she’s right,India.Arie clarifies her statements after calling out the song “Spend Dat” amid growing backlash against the summer anthem.,thegrio.com,2026-07-01,Entertainment,Kay Wicker,https://thegrio.com/2026/07/01/india-arie-says-spend-dat-being-the-song-of-the-summer-says-something-about-where-we-are-as-a-culture-maybe-shes-right/
Alyssa Thomas says WNBA players received death threats and racial slurs after Caitlin Clark incident,The Phoenix Mercury star says the league failed to protect Black players following her suspension and criticized the commissioner's response.,thegrio.com,2026-07-01,Sports,Odafe Oghen,https://thegrio.com/2026/07/01/alyssa-thomas-caitlin-clark-foul-fallout-death-threats-wnba/
Druski explains why he believes his viral megachurch parody resonated with so many people,"Druski says his viral megachurch skit was meant to highlight uncomfortable truths, ahead of the 2026 BET Awards.",thegrio.com,2026-07-01,Entertainment,Peter Kerich,https://thegrio.com/2026/07/01/druski-megachurch-skit-message/
Family accepts GBI’s conclusion in deaths of Georgia twins Qaadir and Naazir Lewis,"More than a year after the brothers were found dead on Bell Mountain, relatives say independent reviews supported the state's findings.",thegrio.com,2026-07-01,News,Bolarinwa Oladeji,https://thegrio.com/2026/07/01/qaadir-naazir-lewis-twins-bell-mountain-suicide-ruling/
