title,description,source,date_of_publication,category,author,link
Model Nara Smith Now Says She Isn’t A Tradwife—But TikTok Isn’t Buy It,"Smith has been known as one of the biggest tradwife content creators on TikTok, but after a recent podcast appearance, the influencer appears to be backpedaling against every idea that made her a household name.",theroot.com,2026-07-31,Entertainment,Mahalia Otshudy,https://www.theroot.com/model-nara-smith-now-says-she-isnt-a-tradwife-but-tikto-2000118923
Inside the ‘Children of Blood & Bone’ Movie Deal Nightmare,"Tomi Adeyemi is once again speaking out against the upcoming film adaptation of her book, ‘Children of Blood and Bone.’ Here’s how this exciting news turned into a whole heap of drama.",theroot.com,2026-07-31,Entertainment,Shanelle Genai,https://www.theroot.com/inside-the-children-of-blood-bone-movie-deal-nightmar-2000118735
Afroman Now Suing Ohio Deputy Who Accused Him of Defamation in Latest Legal Twist,"After defeating Ohio sheriff’s deputies in court over his viral raid videos, Afroman is now suing one deputy for malicious prosecution.",theroot.com,2026-07-31,Criminal Justice,Phenix S Halley,https://www.theroot.com/afroman-now-suing-ohio-deputy-who-accused-him-of-defama-2000118898
Wisconsin Governor’s Race Takes Unexpected Turn After Democrat Mandela Barnes Withdraws,"Mandela Barnes exits Wisconsin’s governor race, leaving Democrats with a wide-open primary and a new battle for the nomination.",theroot.com,2026-07-31,Politics,Phenix S Halley,https://www.theroot.com/wisconsin-governor-s-race-takes-unexpected-turn-after-d-2000117586
What We Can Expect From LeBron James’ New Docuseries,LeBron is heading to the 76ers—and an ESPN documentary crew is capturing it all. Here’s what to expect from King James’ final NBA chapter.,theroot.com,2026-07-31,Sports,Rashad Grove,https://www.theroot.com/what-we-can-expect-from-lebron-james-new-docuseries-2000118902
Black Dynasties: How These Iconic Families Build Generational Wealth,"Ahead of Black Business Month, meet the Black families who transformed talent, creativity and determination into lasting businesses, cultural influence, and generational wealth across industries.",theroot.com,2026-07-31,News,Phenix S Halley,https://www.theroot.com/black-dynasties-how-these-iconic-families-build-genera-2000118911
Inside the Escape of an $11M Prison Con Artist,"Federal agents continue searching for Arthur Lee Cofield Jr., accused of masterminding multimillion-dollar fraud from prison before escaping in May.",theroot.com,2026-07-31,Crime,Phenix S Halley,https://www.theroot.com/inside-the-escape-of-an-11m-prison-con-artist-2000118979
The Most Iconic Fictional Black Businesses We Wish Were Real,"From “Moesha’s” The Den to Nipsey’s from “Martin,” we’re throwing it back to the ultimate fictional Black-owned spots on screen for Black Business Month!",theroot.com,2026-07-31,Entertainment,Angela Wilson,https://www.theroot.com/the-most-iconic-fictional-black-businesses-we-wish-were-2000118953
A Running List of Everything President Trump Is Planning to Name After Himself,"From $100 bills with Trump’s signature on it to renaming buildings in his honor, here’s everything President Trump has named or renamed after himself.",theroot.com,2026-07-31,News,Phenix S Halley,https://www.theroot.com/a-running-list-of-everything-president-trump-is-plannin-2000084164
Professor: Why Are Our Gospel Icons Now Performing on the Las Vegas Strip?,OPINION: Confusing a Las Vegas payday with divine favor proves Christians have bought into the market’s gospel.,theroot.com,2026-07-31,Opinion,Lawrence Ware,https://www.theroot.com/professor-why-are-our-gospel-icons-now-performing-on-t-2000118893
Why Do Us Black Folks Always Have to Prove That We Were Wronged?,"When a Black person is hurt or harmed in this country, especially by white people or by the state, we are not simply allowed to be wronged.",theroot.com,2026-07-31,Culture,LaTosha Brown,https://www.theroot.com/why-do-us-black-folks-always-have-to-prove-that-we-were-2000118626
New Report: Economic Realities Worsening for Black Men and Boys,"The “Economic State of Black Men and Boys in the United States” report examines more than 20 million lives, revealing growing disparities at every stage.",theroot.com,2026-07-30,Culture,Phenix S Halley,https://www.theroot.com/new-report-economic-realities-worsening-for-black-men-2000118586
To Bedazzle or Not to Bedazzle? Why Black Social Media Is Divided Over this Latest Men’s Fashion Trend,"After stepping out in a bedazzled fit, rapper Fabolous was clowned by folks online for being the latest guy to take part in the polarizing menswear trend.",theroot.com,2026-07-30,Beauty + Style,Mahalia Otshudy,https://www.theroot.com/to-bedazzle-or-not-to-bedazzle-why-black-social-media-2000118636
Hollywood Star Marsai Martin Has a Midterm Elections Message for Gen Z Voters: ‘Participating Is Contagious’,"With nearly 50 million eligible Gen Z voters, Marsai Martin says showing up at the polls could reshape America’s future.",theroot.com,2026-07-30,Culture,Phenix S Halley,https://www.theroot.com/hollywood-star-marsai-martin-has-a-midterm-elections-me-2000118741
Indianapolis Black Teen Falsely Accused of Attempted Murder in Viral Clip Now Suing Police Officer Over Claims,Prosecutors dismissed attempted murder charges against an Indianapolis teen after reviewing body camera footage. Now he’s demanding accountability in federal court.,theroot.com,2026-07-30,Criminal Justice,Phenix S Halley,https://www.theroot.com/indianapolis-black-teen-falsely-accused-of-attempted-mu-2000118775
Honoring Late Great Essence Magazine Pioneers Who Shaped the Golden Age of Black Culture,The author honors the legacy of several late Essence pioneers whose contributions to Black culture remain unforgettable.,theroot.com,2026-07-30,Culture,Harriette Cole,https://www.theroot.com/honoring-late-great-essence-magazine-pioneers-who-shape-2000118749
Louisiana Men Convicted After Secretly Taking Out Millions in Life Insurance Policies on Aspiring Rappers,"Chevez Robillard named himself a beneficiary on numerous multi-million life insurance policies on unsuspecting aspiring artists. Now, he and Calvin Kemp was just convicted for it.",theroot.com,2026-07-30,Crime,Angela Wilson,https://www.theroot.com/louisiana-men-convicted-after-secretly-taking-out-milli-2000118783
Obama’s Answer to Matt Barnes’ Race Question Is a Reminder That Blackness Isn’t a Monolith,"When Matt Barnes asked Barack Obama when he realized the world would always see him as a Black man, the former president didn’t respond with a story about exclusion. Instead, he reflected on his upbringing and the lesson that showed him there is no single way to be Black.",theroot.com,2026-07-30,Culture,Shellie M. Scott,https://www.theroot.com/obama-s-answer-to-matt-barnes-race-question-is-a-remin-2000118809
Marvin Sapp Partners With Jay-Z’s Roc Nation—Gospel Fans Are Not Happy,Marvin Sapp’s new deal with Jay’Z’s label Roc Nation has church folks online speaking out. But is it really warranted given certain gospel and hip-hop collabs in the past? Let’s get into it!,theroot.com,2026-07-30,Entertainment,Shanelle Genai,https://www.theroot.com/marvin-sapp-partners-with-jay-z-s-roc-nation-gospel-fan-2000118797
Who Is Mumia Abu-Jamal? The Black Man Behind One of America’s Most Polarizing Racial Bias Cases,"Almost 45 years after his conviction, Mumia Abu-Jamal’s fight for freedom has reached the international stage at last.",theroot.com,2026-07-30,Culture,Phenix S Halley,https://www.theroot.com/who-is-mumia-abu-jamal-the-black-man-behind-one-of-ame-2000118782
David Jonsson Films to Watch Before Black Panther 3,"Before Black Panther 3 hits theaters, get to know the new star David Jonsson and the stellar projects you may have seen him in!",theroot.com,2026-07-30,Entertainment,Shanelle Genai,https://www.theroot.com/david-jonsson-films-to-watch-before-black-panther-3-2000118840
Will Hollywood Face the Complicated Truth About Harry Belafonte?,"As John Legend prepares to portray Harry Belafonte in The Road Home, Hollywood must confront the icon’s views on Black women.",theroot.com,2026-07-30,Culture,Ty Cole,https://www.theroot.com/will-hollywood-face-the-complicated-truth-about-harry-b-2000118824
How New Jersey Is Becoming the New Hollywood and the Surprising Black Projects Filmed There,New Jersey is quickly becoming the newest home for TV and movie productions with more than handful of our fave Black projects being filmed there instead of Hollywood. Let’s get into it!,theroot.com,2026-07-29,Entertainment,Shanelle Genai,https://www.theroot.com/how-new-jersey-is-becoming-the-new-hollywood-and-the-su-2000118623
How These Black Actors Transformed Originally ‘White’ Characters,"As Michael B. Jordan prepares to breath new life in ‘The Thomas Crown Affair,’ let’s take a look at other Black stars who remade white movies and absolutely shined!",theroot.com,2026-07-29,Entertainment,Shanelle Genai,https://www.theroot.com/how-these-black-actors-transformed-originally-white-cha-2000118662
"As AI Demands Thousands in Skilled Labor, Will Black Workers See Real Wealth?",Tech giants like Meta and Google are racing to build AI data centers. Could this blue-collar trade recruitment boom help close the Black racial wealth gap?,theroot.com,2026-07-29,News,Angela Wilson,https://www.theroot.com/as-ai-demands-thousands-in-skilled-labor-will-black-wo-2000118692
New York Mayor Zohran Mamdani Doubles Down on Reparations Promise as He Reveals Next Steps for Black Residents,"In an exclusive interview with The Root, Mamdani explains why confronting New York’s slavery history is essential to understanding the reparations debate.",theroot.com,2026-07-29,Culture,Phenix S Halley,https://www.theroot.com/new-york-mayor-zohran-mamdani-doubles-down-on-reparatio-2000118650
Africa’s Richest Man to Give Billions in Massive Handover Plan,"Africa’s richest man, Aliko Dangote, will donate a third of his $36.5 billion fortune—marking one of the largest charitable commitments ever by an African billionaire!",theroot.com,2026-07-29,News,Angela Wilson,https://www.theroot.com/africa-s-richest-man-to-give-billions-in-massive-handov-2000118615
Why Access Is the Real Back-To-School Challenge for Black Students,A former White House official breaks down why closing the information gap is critical for Black students—because no one can pursue opportunities they don’t know exist.,theroot.com,2026-07-29,Education,Erica Loewe,https://www.theroot.com/why-access-is-the-real-back-to-school-challenge-for-bla-2000118317
The 2026 FIFA World Cup Final Exposed Argentina for Racism … Now We Can’t Unsee It,"Weeks after the World Cup, the fallout over racist incidents has sparked a global conversation about Argentina’s long history of anti-Blackness and racial erasure.",theroot.com,2026-07-29,Culture,Asheea Smith,https://www.theroot.com/the-2026-fifa-world-cup-final-exposed-argentina-for-rac-2000117346
The Revolutionary Roots Behind New York Mayor Zohran Mamdani’s Name,"Before Zohran Kwame Mamdani caused political disruption in the New York mayoral race, his namesake, Kwame Nkrumah, was sparking a revolution across Africa. Here is everything you should know about the iconic Pan-Africanist.",theroot.com,2026-07-29,Culture,Mahalia Otshudy,https://www.theroot.com/the-revolutionary-roots-behind-new-york-mayor-zohran-ma-2000118543
A Peek Inside These Black Celebs’ New York City Homes,"From Carmelo Anthony to Keke Palmer, check out some of our fave Black celeb homes in New York City.",theroot.com,2026-07-29,Entertainment,Shanelle Genai,https://www.theroot.com/a-peek-inside-these-black-celebs-new-york-city-homes-2000118535
"No Will, Millions in Assets: Here’s What Happens to Tay Keith’s Estate Now",Court filings reveal what’s inside Tay Keith’s estate and how his fortune will now be divided under Tennessee inheritance law.,theroot.com,2026-07-29,Entertainment,Phenix S Halley,https://www.theroot.com/no-will-millions-in-assets-heres-what-happens-to-tay-2000118514
Woman Sends Brutal Message to Usher’s Loyal Fans After Her Awkward Concert Appearance Goes Viral,She wanted Breezy and got Mr. Raymond instead.,theroot.com,2026-07-28,Culture,Ty Cole,https://www.theroot.com/woman-sends-brutal-message-to-usher-s-loyal-fans-after-2000118512
Inside Howard’s Enrollment Debacle—And the Colleges Cashing In,"Outside institutions are stepping in for Howard’s disenrolled students, exposing how administrative problems can quickly become reputational challenges nationwide.",theroot.com,2026-07-28,Culture,Phenix S Halley,https://www.theroot.com/inside-howard-s-enrollment-debacle-and-the-colleges-cas-2000118434
Judge Mathis Warns Nolan Wells’ Death Could Be ‘Emmett Till All Over’ After New Autopsy Findings,An independent autopsy revealed discoloration on Nolan Wells’ head—and Judge Greg Mathis sees chilling parallels to the murder of Emmett Till.,theroot.com,2026-07-28,News,Angela Wilson,https://www.theroot.com/judge-mathis-warns-nolan-wells-death-could-be-emmett-2000118437
All Our Favorite Famous Black Celebs And Their Surprisingly Unique Real Names,"As Keke Palmer’s shock over Oprah Winfrey’s real name continues to circulate, let’s take a look at other Black celebs whose real names might surprise you!",theroot.com,2026-07-28,Entertainment,Shanelle Genai,https://www.theroot.com/all-our-favorite-famous-black-celebs-and-their-surprisi-2000118363
Exclusive: Mayor Mamdani on Combating Reverse Great Migration as it Grips Black NYC Residents,"Black New Yorkers are leaving in historic numbers, and Mamdani says affordability reforms could keep the city’s legacy alive.",theroot.com,2026-07-28,Culture,Phenix S Halley,https://www.theroot.com/exclusive-mayor-mamdani-on-combating-reverse-great-mig-2000118382
"Wife of Star Kansas City Chiefs Coach Believed to Have Been Shot By 27-Year-Old Son, According to Police","When police responded to a shooting at Kansas City Chiefs OC Eric Bieniemy’s house, they found his wife shot multiple times. But the alleged gunman wasn’t an intruder.",theroot.com,2026-07-28,Criminal Justice,Angela Wilson,https://www.theroot.com/wife-of-star-kansas-city-chiefs-coach-believed-to-have-2000118372
"All the Legendary Black Women Starring in This New Netflix Film: Whoopi Goldberg, Vivica A.Fox and More!",Black Hollywood icoons are all about to share the silver screen together in a new movie for Netflix. Here’s what we know!,theroot.com,2026-07-28,Entertainment,Shanelle Genai,https://www.theroot.com/all-the-legendary-black-women-starring-in-this-new-netf-2000118427
NYC Mayor Zohran Mamdani Sits Down With Charles Blow in an Exclusive Interview,"More than 200 Days after taking office, New York City Mayor Zohran Mamdani sat down Thursday for a 20-minute, wide-ranging interview at New York’s City Hall.",theroot.com,2026-07-28,Politics,Charles Blow,https://www.theroot.com/nyc-mayor-zohran-mamdani-sits-down-with-charles-blow-in-2000118410
The Most Stylish Black Women on TikTok Over Age 40,We scoured TikTok to find some of the most fashionable Black women who prove that great style has no age limit.,theroot.com,2026-07-28,Beauty + Style,Angela Johnson,https://www.theroot.com/the-most-stylish-black-women-on-tiktok-over-age-40-2000116567
"As Black Families Fight for Sickle Cell Care, Trump’s Healthcare Rollbacks Just Created a Whole New Struggle","As policymakers debate healthcare changes, sickle cell families say access to treatment, research, and survival hang in the balance.",theroot.com,2026-07-28,Culture,Phenix S Halley,https://www.theroot.com/as-black-families-fight-for-sickle-cell-care-trumps-he-2000118356
Why Black Americans Feel A Strong Need to Protect Each Other,"According to a Pew Research study, over 70% of Black Americans feel a duty to protect one another. From protests to college students fostering community, here’s how that solidarity lives in everyday moments.",theroot.com,2026-07-28,News,Mahalia Otshudy,https://www.theroot.com/why-black-americans-feel-a-strong-need-to-protect-each-2000118329
Why Black Folks Can’t Get Enough of the Juicy Details Behind Netflix’s ‘A Toxic Love Story’ Drama,Netflix’s new documentary has Black folks online chatting about the wild story it revolves around. Let’s talk about it!,theroot.com,2026-07-28,Entertainment,Shanelle Genai,https://www.theroot.com/why-black-folks-cant-get-enough-of-the-juicy-details-be-2000118326
WATCH: An Exclusive Interview With NYC Mayor Mamdani On Race and Power,"NYC Mayor Zohran Mamdani talks to Journalist Charles Blow on Race, Power and American politics",theroot.com,2026-07-28,News,The Root Staff,https://www.theroot.com/watch-an-exclusive-interview-with-nyc-mayor-mamdani-on-2000118422
The Best HBCU Fashions to Look Forward to This Fall,"From school uniforms with a pop to swaggy styles all their own, check out these HBCU students could be stepping this upcoming semester!",theroot.com,2026-07-27,Culture,Shanelle Genai,https://www.theroot.com/the-best-hbcu-fashions-to-look-forward-to-this-fall-2000118265
All the Black British Actors Killing It In Hollywood Right Now,"After the announcement that Black British actor David Jonsson will play the new Black Panther, we are taking a look at more Black British actors taking over Hollywood.",theroot.com,2026-07-27,Entertainment,Mahalia Otshudy,https://www.theroot.com/all-the-black-british-actors-killing-it-in-hollywood-ri-2000118211
Kelly Rowland Finally Reveals Her Health and Beauty Secrets to Aging Like Fine Wine,"As people online continue to rave about how gorgeous Kelly Rowland is, we’ve now got some new insight into her health and wellness routine!",theroot.com,2026-07-27,Beauty + Style,Shanelle Genai,https://www.theroot.com/kelly-rowland-finally-reveals-her-health-and-beauty-sec-2000118199
How Meta’s Secret $50 Billion AI Center Could Have a Devastating Toll on the Black South,A New York Times report just exposed how Meta secretly landed a $50B AI data center in Louisiana. But behind the project lies a familiar Southern reality of environmental injustice.,theroot.com,2026-07-27,News,Angela Wilson,https://www.theroot.com/how-meta-s-secret-50-billion-ai-center-could-have-a-de-2000118193
Why Black Folks Are Mad at Marvel’s New British Black Panther,The actor slated to carry on the mantle of The Black Panther was finally revealed over the weekend and the choice is causing quite a stir online! Lets’ get into it!,theroot.com,2026-07-27,Entertainment,Shanelle Genai,https://www.theroot.com/why-black-folks-are-mad-at-marvels-new-british-black-pa-2000118187
A DEI Expert’s Take: Howard’s Unenrollment Misstep Isn’t Proof White Schools Do It Better,Hold Howard accountable—but stop romanticizing majority-white campuses that face their own severe safety and infrastructure failures.,theroot.com,2026-07-27,Education,Randi Bryant,https://www.theroot.com/a-dei-expert-s-take-howard-s-unenrollment-misstep-isnt-2000118173
14 Scandals Within the Black Church That Shook Us,"Black churches have always served as pillars of their neighborhoods. Still, several have been rocked by national scandals that completely shocked the Black community.",theroot.com,2026-07-27,Culture,Phenix S Halley,https://www.theroot.com/14-scandals-within-the-black-church-that-shook-us-2000066378
Darlene Love at 85: Soul Icon Stuns Fans With Youthful Look,85? Folks online are in awe of Icon Darlene Love’s youthful beauty after her recent appearance on the Today show.,theroot.com,2026-07-26,Entertainment,Mahalia Otshudy,https://www.theroot.com/darlene-love-at-85-soul-icon-stuns-fans-with-youthful-2000118130
What Really Happened To These Young Black Men?,"From disputed investigations to families seeking transparency, these cases highlight the lasting questions surrounding the deaths of young Black men nationwide.",theroot.com,2026-07-26,Culture,Phenix S Halley,https://www.theroot.com/what-really-happened-to-these-young-black-men-2000117876
Lamar Odom Finally Catches a Break in DUI Case,Lamar Odom has finally received a much-needed legal win related to his January 2026 DUI incident. Let’s get into it!,theroot.com,2026-07-26,Entertainment,Shanelle Genai,https://www.theroot.com/lamar-odom-finally-catches-a-break-in-dui-case-2000118059
Everything You Need to Know About D4vd’s Preliminary Hearing,"Inside the courtroom, prosecutors detailed forensic evidence and allegations as the defense pushed back against the case surrounding Celeste’s death.",theroot.com,2026-07-26,Crime,Phenix S Halley,https://www.theroot.com/everything-you-need-to-know-about-d4vd-s-preliminary-he-2000117990
Professor Sets An AI Trap and Catches 32 Students Red-Handed,Reading is fundamental. The kids might’ve missed that lesson.,theroot.com,2026-07-25,Education,Ty Cole,https://www.theroot.com/professor-sets-an-ai-trap-and-catches-32-students-red-h-2000117892
Black Social Media Turns to Memes and ‘Comfort’ as Nancy Grace Covers Nolan Wells Case,"Desperate for answers in Nolan Wells’ case, Black social media is turning to an unlikely ally in Nancy Grace and using memes to hype her up.",theroot.com,2026-07-25,Entertainment,Shanelle Genai,https://www.theroot.com/black-social-media-turns-to-memes-and-comfort-as-nancy-2000117890
"EXCLUSIVE: The Ultimate Afrobeats Summer Playlist, Curated by Odeal",Odeal sat down with The Root to talk about his favorite Afrobeats/Afro-R&B hits and his forthcoming EP—just in time for summer!,theroot.com,2026-07-25,Entertainment,Shanelle Genai,https://www.theroot.com/exclusive-the-ultimate-afrobeats-summer-playlist-cura-2000118020
The CBC is Forgetting About the Black Working Class,Former congressional candidate Morgan Harper argues that recent CBC endorsements in Michigan expose a growing divide between the political establishment and the Black working class.,theroot.com,2026-07-25,Opinion,Morgan Harper,https://www.theroot.com/the-cbc-is-forgetting-about-the-black-working-class-2000117864
What Ryan Clark’s Emotional Response to ESPN Firing Really Means,"Pulled off air mid-broadcast, the veteran analyst opens up about the internal tensions that led to the end of his decade-long run at the network.",theroot.com,2026-07-25,Sports,Rashad Grove,https://www.theroot.com/what-ryan-clark-s-emotional-response-to-espn-firing-rea-2000118101
‘It took me Down to the Studs’ Jonathan Majors Repents,"Reflecting on his public fall from grace, Jonathan Majors says accountability has prepared him for whatever comes next in Hollywood.",theroot.com,2026-07-24,Entertainment,Shanelle Genai,https://www.theroot.com/it-took-me-down-to-the-studs-jonathan-majors-repents-2000117807
‘No Do-rags’ The Debate Behind Tuskegee University’s New Dress Code,"Students and alumni at Tuskegee University are split on whether new policies regarding dress code, cell phone use and attendance cause more harm than good.",theroot.com,2026-07-24,Education,Phenix S Halley,https://www.theroot.com/no-do-rags-the-debate-behind-tuskegee-universitys-new-d-2000117814
The Best Red Carpet Fits From WNBA All-Star Weekend,"As the WNBA All-Star Weekend kicks off, we’re looking at the best Black fashion we’ve noticed on the red carpet.",theroot.com,2026-07-24,Beauty + Style,Mahalia Otshudy,https://www.theroot.com/the-best-red-carpet-fits-from-wnba-all-star-weekend-2000117819
Wisconsin Shooting: About The Victim and New Investigation Details,"More onThe Wisconsin Shooting: From witness videos to protests, here’s what we know about the police shooting.",theroot.com,2026-07-24,Criminal Justice,Phenix S Halley,https://www.theroot.com/wisconsin-shooting-about-the-victim-and-new-investigat-2000117824
Black Louisiana Pastor Found Guilty of Stealing $340K from His Congregation,Pastor Dale Sanders was convicted of defrauding his Louisiana congregation. Here’s how he got there in the first place!,theroot.com,2026-07-24,Culture,Shanelle Genai,https://www.theroot.com/black-louisiana-pastor-found-guilty-of-stealing-340k-f-2000117827
"At 108 Years Old, This Independent Black Woman Shares Her Tips For a Long, Fulfilling Life","At 108, Susan Young Browne still drives and lives alone. Now, she’s sharing her five daily secrets for a long life.",theroot.com,2026-07-24,News,Angela Wilson,https://www.theroot.com/at-108-years-old-this-independent-black-woman-shares-h-2000117851
Sorry LeBron: That Philly Move Proves You Are Not Better Than Michael Jordan,"Philadelphia isn’t a new chapter. It’s the final confirmation that LeBron’s career has always been about finding the next contender, not becoming one.",theroot.com,2026-07-24,News,Lawrence Ware,https://www.theroot.com/sorry-lebron-that-philly-move-proves-you-are-not-bette-2000117894
A Mom Found a Man Under Her Daughter’s Bed. Now She Faces Murder Charges,"After finding a stranger hiding under a juvenile’s bed in her Memphis home, Kendra Scott allegedly shot him in the back of the head on the front porch.",theroot.com,2026-07-24,Crime,Angela Wilson,https://www.theroot.com/a-mom-found-a-man-under-her-daughter-s-bed-now-she-fac-2000117939
"Marlon Wayans Says Parents Shouldn’t Whoop Their Kids, and There’s Science to Support Him",Marlon Wayans just dropped a hot take about parents who whoop their kids. But he may have science on his side. Let’s talk about it!,theroot.com,2026-07-24,Entertainment,Shanelle Genai,https://www.theroot.com/marlon-wayans-says-parents-shouldnt-whoop-their-kids-a-2000118002
"A Look Inside Floyd Mayweather’s $18.5M Miami Mansion, Just Sold!",Famed boxer Floyd Mayweather previous home in Miami Beach finally sold for $18.5 million. Let’s take a look at what’s inside!,theroot.com,2026-07-24,Entertainment,Shanelle Genai,https://www.theroot.com/a-look-inside-floyd-mayweathers-18-5m-miami-mansion-j-2000117719
What Black Families Can Learn From Celebrity Estate Feuds,"Chadwick Boseman and Malcolm-Jamal Warner’s families are the latest to end up in court, but their stories reveal a much bigger conversation about wills, inheritance and protecting Black wealth.",theroot.com,2026-07-23,Culture,Shanelle Genai,https://www.theroot.com/what-black-families-can-learn-from-celebrity-estate-feu-2000117548
Latest Officer-Involved Shooting Revives Racial Tension for Black Wisconsin Residents,"After a man was shot and killed in Wisconsin by a police officer, protesters have taken to the streets, remembering the state’s dark racial past.",theroot.com,2026-07-23,Culture,Phenix S Halley,https://www.theroot.com/latest-officer-involved-shooting-revives-racial-tension-2000117707
Black Journalist Awarded $2.4M in Discrimination Lawsuit Against New York News Station,"After filing a bombshell lawsuit against news station PIX11 in 2025, veteran journalist Ojinika “Oji” Obiekwe got the last laugh.",theroot.com,2026-07-23,Culture,Phenix S Halley,https://www.theroot.com/black-journalist-awarded-2-4m-in-discrimination-lawsui-2000117759
"As America Turns 250, Its Capital Still Can’t Vote","Nearly 700,000 people live in the nation’s capital. We work, raise our children and pay federal taxes. Not one of us can cast a vote that counts in Congress.",theroot.com,2026-07-23,Opinion,Dorian Warren,https://www.theroot.com/as-america-turns-250-its-capital-still-cant-vote-2000117573
The Nolan Wells Case: Full Timeline and Key Questions,"We’re breaking down the complete timeline in the Nolan Wells’ investigation of what we know, what we don’t, and what’s next.",theroot.com,2026-07-23,News,Angela Wilson,https://www.theroot.com/the-nolan-wells-case-full-timeline-and-key-questions-2000117648
Meet Chazz and Chaze Clemons: The 16-Year-Old Founders of the Viral Glizzy Street Hot Dogs,These two young viral entrepreneurs have turned their hot dog stand into a thriving and viral brand.,theroot.com,2026-07-23,News,Rashad Grove,https://www.theroot.com/meet-chazz-and-chaze-clemons-the-16-year-old-founders-2000117338
Breaking Down the Biggest HBCU Homecomings By the Numbers,"From North Carolina A&T’s “Greatest Homecoming on Earth” to Howard to Jackson State, we gathered the biggest HBCU homecomings by the numbers!",theroot.com,2026-07-23,Culture,Angela Wilson,https://www.theroot.com/breaking-down-the-biggest-hbcu-homecomings-by-the-numbe-2000117481
Chrisette Michele Responds to Critics Who Questioned Her Autism Diagnosis,"Singer Chrisette Michele is opening up about the negativity she experienced after sharing her autism diagnosis. But, there’s a scientific explanation for why she’s just now getting it.",theroot.com,2026-07-23,Entertainment,Shanelle Genai,https://www.theroot.com/chrisette-michele-responds-to-critics-who-questioned-he-2000117605
How a Mixup at a Georgia Pharmacy Became Nearly Fatal For This 78-Year-Old Woman,"After a Georgia woman was mistakenly given fentanyl instead of her prescription medication, new concerns have been raised about elder safety and the responsibility of pharmaceutical systems.",theroot.com,2026-07-23,Culture,Phenix S Halley,https://www.theroot.com/how-a-mixup-at-a-georgia-pharmacy-became-nearly-fatal-f-2000117625
"Professor: ‘The Odyssey’ Is a Great Movie, But The Black Actors Are Barely Seen","Conservatives spent months raging about a “woke” Odyssey. Then the movie came out, and the Black actors they feared barely had enough screen time to matter.",theroot.com,2026-07-23,News,Lawrence Ware,https://www.theroot.com/professor-the-odyssey-is-a-great-movie-but-the-black-2000117656
"TikTok Reacts to Don Lemon, and Hunter Biden’s Viral Interview","The LGBTQ community has long been the target of attacks from the Republican Party, and Hunter Biden might have revealed the real reason why.",theroot.com,2026-07-23,Politics,Mahalia Otshudy,https://www.theroot.com/tiktok-reacts-to-don-lemon-and-hunter-bidens-viral-int-2000117555
"Stephen A. Smith Reacts to Ryan Clark’s ESPN Exit, Proves Even the Network’s Biggest Star Has Limited Power","As the de facto face of ESPN and its highest-paid talent, even Stephen A. Smith couldn’t stop the latest round of corporate cuts.",theroot.com,2026-07-22,Sports,Rashad Grove,https://www.theroot.com/stephen-a-smith-reacts-to-ryan-clarks-espn-exit-prove-2000117394
A Black Family’s Fight for Their Enslaved Ancestor’s Famous Artwork,Exclusive: The historic campaign to reclaim formally enslaved ceramicist David Drake’s pottery asks who should own artwork created.,theroot.com,2026-07-22,News,Phenix S Halley,https://www.theroot.com/a-black-family-s-fight-for-their-enslaved-ancestor-s-fa-2000116973
"How One TikTok Lash Tech Took Her Hustle on the Road, Serving Customers From Her Passenger Seat","Instead of renting out a beauty salon, eyelash technician and tiktoker Jade has discovered the ultimate business move by doing her clients lashes in her car.",theroot.com,2026-07-22,Beauty,Mahalia Otshudy,https://www.theroot.com/how-one-tiktok-lash-tech-took-her-hustle-on-the-road-s-2000117361
Nancy Grace Takes On The Nolan Wells Case—and Black Social Media Is Thrilled,Legal analyst Nancy Grace’s scrutiny of Nolan Wells’ death is fueling hopes that renewed attention could bring long-awaited answers and accountability.,theroot.com,2026-07-22,Criminal Justice,Phenix S Halley,https://www.theroot.com/nancy-grace-takes-on-the-nolan-wells-case-and-black-soc-2000117298
Why Oprah Winfrey’s Most Painful Dating Experience is a Powerful Lesson On Self-Worth,Oprah recently sat down with Keke Palmer for an eye-opening conversation about life and love. Let’s dig into one of the most memorable moments!,theroot.com,2026-07-22,Entertainment,Shanelle Genai,https://www.theroot.com/why-oprah-winfrey-s-most-painful-dating-experience-is-a-2000117358
Missing Remains: New Nolan Wells Autopsy Reveals Critical Questions,Missing Organs? The family of Nolan Wells and civil rights attorney Ben Crump reveal the results of a second autopsy for Nolan Wells after his untimely death.,theroot.com,2026-07-22,Criminal Justice,Phenix S Halley,https://www.theroot.com/missing-remains-new-nolan-wells-autopsy-reveals-critic-2000117388
Exclusive: This Nine-City Tour is Spreading ‘Joy & Justice’ to Black Women and Girls Across the South,LaTosha Brown and Chanceé Lundy explain how the organization is reimagining philanthropy on their Joy & Justice Tour.,theroot.com,2026-07-22,Black Joy,Shellie M. Scott,https://www.theroot.com/exclusive-this-nine-city-tour-is-spreading-joy-justi-2000116960
Expert: How Trump’s Policies Are Reshaping Economic Security for Black Women,"We spoke with Jocelyn Frye, president of the National Partnership for Women & Families, about the impact of President Trump’s policies on Black women’s economic growth.",theroot.com,2026-07-22,Culture,Phenix S Halley,https://www.theroot.com/expert-how-trump-s-policies-are-reshaping-economic-sec-2000117236
All the Times Megyn Kelly Couldn’t Keep Michelle Obama’s Name Out of Her Mouth,"Megyn Kelly regularly shares harsh words for Michelle Obama, and we’ve got all the receipts!",theroot.com,2026-07-22,Politics,Shanelle Genai,https://www.theroot.com/all-the-times-megyn-kelly-couldnt-keep-michelle-obamas-2000117434
"He Lived in an East Nashville Park for Years. Then, Tennessee Made His Survival a Crime","Across 14 states, new anti-camping laws effectively criminalize homelessness, punishing unhoused people with prison time and steep fines.",theroot.com,2026-07-22,News,Angela Wilson,https://www.theroot.com/he-lived-in-an-east-nashville-park-for-years-then-ten-2000117407
These Beautiful Black Women Have the Most Insane Face Cards,"After TikToker @clair.huxtable_ sparked a conversation about women she thinks are the idea beauty standard, we’re adding a couple more gorgeous Black stars to her list.",theroot.com,2026-07-22,Beauty,Mahalia Otshudy,https://www.theroot.com/these-beautiful-black-women-have-the-most-insane-face-c-2000116875
Why You Won’t See Amanda Seales on the ‘Insecure’ Anniversary Tour,"Amanda Seales won’t be part of ‘Insecure’s’ 10th anniversary tour, and there’s a complicated reason why. Let’s get into it!",theroot.com,2026-07-22,Entertainment,Shanelle Genai,https://www.theroot.com/why-you-wont-see-amanda-seales-on-the-insecure-annivers-2000117402
JaNa Craig and Kenny Rodriguez’s ‘Love Island Drama’ Just Got A Whole Lot Messier,The ‘Love Island’ fan favorites’ breakup has taken another dramatic turn after Kenny Rodriguez’s podcast interview sparked a fiery response from JaNa Craig.,theroot.com,2026-07-21,Entertainment,Shanelle Genai,https://www.theroot.com/jana-craig-and-kenny-rodriguezs-love-island-drama-just-2000117316
Beyond the ESPN Firing: Why Ryan Clark’s Sudden Exit Is the Best Thing to Happen to His Career,An abrupt exit from the network isn’t a setback—it’s the ultimate green light for the Sports Emmy winner to claim total ownership of his media empire.,theroot.com,2026-07-21,News,Rashad Grove,https://www.theroot.com/beyond-the-espn-firing-why-ryan-clark-s-sudden-exit-is-2000117299
From Offset to Okoye: Why Cardi B’s Latest Dating Rumors Are Raising Red Flags,Rumors are heating up about Cardi B’s new potential love interest. But new allegations surrounding Maduka Okoye have fans asking if this is just another chapter in her bad dating history!,theroot.com,2026-07-21,Entertainment,Shanelle Genai,https://www.theroot.com/from-offset-to-okoye-why-cardi-b-s-latest-dating-rumor-2000117289
Need Cancer Support? Here Are 13 Resources for Black Patients and Families,"To close out Minority Mental Health Awareness Month, here are Black-led resources to help you navigate cancer—so you never have to do it alone.",theroot.com,2026-07-21,Culture,Asheea Smith,https://www.theroot.com/need-cancer-support-here-are-13-resources-for-black-pa-2000116934
"A Peek Inside Ciara and Russell Wilson’s $45 Million California Mansion, Now Up for Grabs!","For $45 million, you can live like NFL star Russell Wilson and Grammy-wining singer Ciara. Let’s take a look at their California home, now up for grabs!",theroot.com,2026-07-21,Entertainment,Shanelle Genai,https://www.theroot.com/a-peek-inside-ciara-and-russell-wilsons-45-million-cal-2000117193
"‘Resilient, But Not Invincible’: New Poll Highlights the Economic Realities and Hope of Black Women","Partnering with The Root, the NCBCP and Black Women’s Roundtable released the 10th annual “Power of the Sister Vote” poll, detailing Black women’s perspectives on economic security, DEI, and the state of the country.",theroot.com,2026-07-21,News,Phenix S Halley,https://www.theroot.com/resilient-but-not-invincible-new-poll-highlights-the-2000117243
Why American Fans Have Decided to Turn Masego Into a Meme Rather Than Worry About How to Pronounce His Name,Singer and saxophonist Masego is in hot water with his American fans thanks to a viral clip. And now he’s paying the price for it! Let’s talk about it.,theroot.com,2026-07-21,Entertainment,Shanelle Genai,https://www.theroot.com/why-american-fans-have-decided-to-turn-masego-into-a-me-2000117249
How Bebe Moore Campbell Fought for Mental Health Equity For People of Color When No One Else Would,"This Minority Mental Health Awareness Month, we’re remembering Bebe Moore Campbell, the educator and author who inspired the annual observance.",theroot.com,2026-07-21,Culture,Phenix S Halley,https://www.theroot.com/how-bebe-moore-campbell-fought-for-mental-health-equity-2000116705
Moving Beyond Survival: How Private Schools Can Support Black and Brown Student Success,A Black parent and school leader explains why private institutions must stop offloading the responsibility of creating a sense of belonging for Black students onto Black parents.,theroot.com,2026-07-21,Opinion,Lisa Johnson,https://www.theroot.com/moving-beyond-survival-how-private-schools-can-support-2000117229
D4vd Preliminary Hearing Begins Today: Full Timeline in Celeste Rivas Murder Case,"Ahead of the long-awaited preliminary hearing surrounding singer D4vd, we’re catching you up on everything that led to his arrest and his connection to Celeste Rivas.",theroot.com,2026-07-21,Crime,Phenix S Halley,https://www.theroot.com/d4vd-preliminary-hearing-begins-today-full-timeline-in-2000091925
These 12-Year-Old Twins Built a Thriving 3D Printed Toy Business,"Aaron and Alain Osirus built their 3D-printed toy business, A3D, from a $600 loan—here’s how they did it!",theroot.com,2026-07-20,News,Angela Wilson,https://www.theroot.com/these-12-year-old-twins-built-a-thriving-3d-printed-toy-2000116982
More Reasons Black People Should Side-Eye Trump’s Big Speech About ‘Ballot Security’,Donald Trump is doing his best to steal the upcoming midterms from you because he can’t stand the fact that Black folks are willing to stand up to him.,theroot.com,2026-07-20,Opinion,Antjuan Seawright,https://www.theroot.com/more-reasons-black-people-should-side-eye-trumps-big-sp-2000116956
Hate for Nolan Wells’ Mom Reflects a Double Burden for Black Families Mourning in the Spotlight,"Like Trayvon Martin, Eric Garner and George Floyd, Nolan Wells’ family is now enduring online harassment that many Black families face when grieving in public.",theroot.com,2026-07-20,Criminal Justice,Phenix S Halley,https://www.theroot.com/hate-for-nolan-wells-mom-reflects-a-double-burden-for-b-2000116957
"As Tia Mowry Debuts New Romance, New Details About Her Coparenting Agreement With Cory Hardrict Emerge",Tia Mowry’s divorce from Cory Hardict is back in the spotlight thanks to new boundaries and parameters. Here’s what we know.,theroot.com,2026-07-20,Entertainment,Shanelle Genai,https://www.theroot.com/as-tia-mowry-debuts-new-romance-new-details-about-her-2000116955
How Angel Reese’s ‘Protected Species’ Incident Exposes a Double Standard About Respect in the WNBA,"A suspension and apology may address one incident, but Angel Reese’s case exposes the ongoing struggle over race, respect and accountability in sports.",theroot.com,2026-07-20,Culture,Phenix S Halley,https://www.theroot.com/how-angel-reese-s-protected-species-incident-exposes-2000116986
Honoring a Beautiful Young Life: The Funeral of Nolan Wells,"Family, friends, and community leaders gather to honor Nolan Wells’ life while calling for remembrance, reflection and continued pursuit of truth.",theroot.com,2026-07-20,Criminal Justice,Phenix S Halley,https://www.theroot.com/honoring-a-beautiful-young-life-the-funeral-of-nolan-w-2000117061
The Nation’s Largest HBCU is Preparing for a Record-Breaking Homecoming,"Essence Fest, the crown for Black culture’s biggest event is up for grabs. NC A&T State University expects 200K visitors to attend Homecoming!",theroot.com,2026-07-20,Culture,Angela Wilson,https://www.theroot.com/the-nations-largest-hbcu-is-preparing-for-a-record-brea-2000117064
What Makes a Man ’90s Fine?’ These Men Have the Blueprint,"From Jalen Hurts to Lance Gross and Aaron Pierre, these men prove ’90s fine men still exist. You just have to know where to look!",theroot.com,2026-07-20,Entertainment,Shanelle Genai,https://www.theroot.com/what-makes-a-man-90s-fine-these-men-have-the-blueprint-2000117006
A Letter to Black Men With Anxiety: You Are Seen,I am a Black man who struggles with anxiety and self-doubt. I am also a man who is learning to stop treating his pain like a secret that needs to be kept.,theroot.com,2026-07-20,Opinion,Sebastien Vante,https://www.theroot.com/a-letter-to-black-men-with-anxiety-you-are-seen-2000117160
Why Some Black Folks Are Turning to LinkedIn to Find Love,"Forget traditional dating apps, a new way to find love has entered the villa: using LinkedIn to find your match. Here’s how the Black internet feels about it!",theroot.com,2026-07-20,Black Love,Shanelle Genai,https://www.theroot.com/why-some-black-folks-are-turning-to-linkedin-to-find-lo-2000117158
Ben Crump Raises New Questions After Nolan Wells’ Funeral as Witness Accounts Continue to Conflict,"Following Wells’ funeral, Ben Crump renewed calls for transparency, warning that investigative delays can allow critical evidence to fade.",theroot.com,2026-07-20,Criminal Justice,Phenix S Halley,https://www.theroot.com/ben-crump-raises-new-questions-after-nolan-wells-funera-2000117180
Black Stars Who Beat the ‘Disney Curse’ and Built Lasting Careers,"From Broadway to blockbuster films and Grammy-winning music, these Black former Disney stars transformed childhood fame into lasting careers.",theroot.com,2026-07-19,Black Excellence,Phenix S Halley,https://www.theroot.com/black-stars-who-beat-the-disney-curse-and-built-lasting-2000116835
Gen Z: Here’s The Life Advice You Need to Hear in Your 20s,"Social media has plenty of advice, but these no-nonsense lessons for navigating your 20s are worth carrying into adulthood.",theroot.com,2026-07-19,Culture,Asheea Smith,https://www.theroot.com/gen-z-heres-the-life-advice-you-need-to-hear-in-your-2-2000116407
"All About the Howard Chaplain, First Black Divine Nine Member Who Is Now America’s Youngest Bishop",Former Howard University chaplain Robert P. Boxie III makes history as America’s youngest active Catholic bishop and the first Divine Nine member elevated to the hierarchy.,theroot.com,2026-07-19,News,Rashad Grove,https://www.theroot.com/all-about-the-howard-chaplain-first-black-divine-nine-2000116568
WATCH: Parents Outraged After Summer Camp Turns into Fight Club,A summer camp in a Chicago suburb has been shut down after concerns that an underground fight club involving children went way too far.,theroot.com,2026-07-19,News,Phenix S Halley,https://www.theroot.com/watch-parents-outraged-after-summer-camp-turns-into-fi-2000116812
The Most Unforgivable Tyler Perry Character Wigs,"Tyler Perry’s plots have a lot of villains, but many viewers can agree that none are worse than the hair department.",theroot.com,2026-07-19,News,Angela Wilson,https://www.theroot.com/the-most-unforgivable-tyler-perry-character-wigs-2000116163
Carol Ammons Built a Legacy Fighting for Justice in Illinois. Now She’s Fighting Federal Charges,"Ill. State Rep. Carol Ammons’ federal corruption case is prompting concerns about public trust, political accountability and the legacy of Black progressive leadership.",theroot.com,2026-07-18,News,Phenix S Halley,https://www.theroot.com/carol-ammons-built-a-legacy-fighting-for-justice-in-ill-2000116839
Nara Smith Shares Positive Update on Her Baby’s Cancer Journey,Influencer Nara Smith is finally sharing some news about her two-year-old daughter’s cancer journey!,theroot.com,2026-07-18,Entertainment,Shanelle Genai,https://www.theroot.com/nara-smith-shares-positive-update-on-her-babys-cancer-j-2000116814
"Bianca Censori Explores Power, Trauma, and the Burden of Kingship in New Video for Ye’s ‘King’","The song “King” by Ye begins with a declaration, signaling the dawn of a new era that coincides with the crowning of a new king.",theroot.com,2026-07-18,Opinion,Emann Odufu,https://www.theroot.com/bianca-censori-explores-power-trauma-and-the-burden-o-2000115961
Stefon Diggs’ Fall From Grace: Where Does He Go Now?,From elite playmaker to unsigned free agent: how a heavy contract and mounting legal battles sidelined one of the NFL’s premier talents.,theroot.com,2026-07-18,News,Rashad Grove,https://www.theroot.com/stefon-diggs-fall-from-grace-where-does-he-go-now-2000116276
Even More Black TV Shows To Watch In 2026,"From the return of ‘Diarra From Detroit’ to the all-new ‘Fightland’ series, Black shows are coming in hot during the summer of 2026. Let’s take a look!",theroot.com,2026-07-18,Entertainment,Shanelle Genai,https://www.theroot.com/even-more-black-tv-shows-to-watch-in-2026-2000079790
"The ‘Children of Blood and Bone’ Cast Has Been Revealed, and It’s Full of Black Star Power","From Regina King to Viola Davis, ‘Children of Blood and Bone’ is bringing together an all-star cast worthy of one of fantasy’s biggest stories!",theroot.com,2026-07-18,Entertainment,Shanelle Genai,https://www.theroot.com/the-children-of-blood-and-bone-cast-has-been-revealed-2000116720
"Inside Alpine, NJ: The Luxury Haven for Black Entertainment Royalty","We explore the Black icons who have curated lives of ultimate luxury in one of America’s most exclusive enclaves: Alpine, New Jersey.",theroot.com,2026-07-17,Culture,Mahalia Otshudy,https://www.theroot.com/inside-alpine-nj-the-luxury-haven-for-black-entertain-2000116571
Why an R. Kelly Clemency Could Spark a Surprising Cultural Embrace,"The conversation surrounding R. Kelly ‘s clemency filing raises difficult questions about accountability, forgiveness, cultural acceptance and more. Let’s talk about it!",theroot.com,2026-07-17,Entertainment,Shanelle Genai,https://www.theroot.com/why-an-r-kelly-clemency-could-spark-a-surprising-cultu-2000116649
Nolan Wells’ Mother Honors His Memory in a New Emotional Video,"Nolan Wells’ mother, Christine Wonsley, recently shared a tearful clip online about the tragic loss of her son.",theroot.com,2026-07-17,News,Angela Wilson,https://www.theroot.com/nolan-wells-mother-honors-his-memory-in-a-new-emotional-2000116653
Black Expert Fact Checks Trump’s ‘Really Big Speech’,"Attorney Nicole Robinson fact-checks Trump’s primetime election speech, from foreign interference claims to assertions about widespread voter fraud.",theroot.com,2026-07-17,Politics,Phenix S Halley,https://www.theroot.com/black-expert-fact-checks-trumps-really-big-speech-2000116630
Andrew Gillum Tests Negative for Drugs: Latest Updates on His Legal Status,Andrew Gillum’s latest arrest comes years after his public addiction struggle and the federal corruption case that ended without convictions.,theroot.com,2026-07-17,Politics,Phenix S Halley,https://www.theroot.com/andrew-gillum-tests-negative-for-drugs-latest-updates-2000114946
The King Speaks: 5 Bombshells LeBron James Dropped at Fanatics Fest,“The King” sent shockwaves through NYC during a live recording of his ‘Mind the Game podcast.’,theroot.com,2026-07-17,News,Rashad Grove,https://www.theroot.com/the-king-speaks-5-bombshells-lebron-james-dropped-at-f-2000116707
9 Leading Civil Rights Groups Predict the Largest Coverage Decline in Modern History—And Black Americans Will Suffer Most,A harrowing new report from nine civil rights organizations warn of a massive healthcare rollback threatening millions of families of color by 2034.,theroot.com,2026-07-17,Culture,Angela Wilson,https://www.theroot.com/9-leading-civil-rights-groups-predict-the-largest-cover-2000116695
We Now Have an Alleged Motive Behind the Deadly East St. Louis Family Shootings,"According to East St. Louis authorities, two suspects allegedly carried out a mass shooting against family members in order to protect their teenage romance.",theroot.com,2026-07-17,Crime,Phenix S Halley,https://www.theroot.com/we-now-have-an-alleged-motive-behind-the-deadly-east-st-2000116765
Lamine Yamal’s 3-Year-Old Brother Keyne Is Stealing the World Cup Spotlight,"While Lamine Yamal has been making headlines as a soccer prodigy, his little brother, Keyne, has sent social media into a frenzy over how adorable he is.",theroot.com,2026-07-17,Culture,Mahalia Otshudy,https://www.theroot.com/lamine-yamals-3-year-old-brother-keyne-is-stealing-the-2000116609
Exclusive: Nikole Hannah-Jones Talks About Her Mission to Put Challenged Books Directly Into the Hands of Children in Iowa,"Books by writers of color have been under attack by conservative activists who want to remove their works from libraries and schools around the country. As the Trump administration has rolled out a series of rollbacks on diversity, equity, and inclusion initiatives, the book bans are showing no signs of slowing down. Today, the state […]",theroot.com,2026-07-17,It'S Lit,Angela Johnson,https://www.theroot.com/exclusive-nikole-hannah-jones-talks-about-her-mission-2000116821
"A Look at JLo’s $50 Million Beverly Hills Mansion, Now Up for Grabs Again",Jennifer Lopez’s lavish Beverly Hills home is back on the market. Here’s what you get for the $50 million price tag!,theroot.com,2026-07-17,Entertainment,Shanelle Genai,https://www.theroot.com/a-look-at-jlos-50-million-beverly-hills-mansion-now-u-2000116626
‘The Odyssey’ Is the Latest Reminder That Black Actors Shouldn’t Have to Defend Their Place in Fantasy,The backlash surrounding Christopher Nolan’s new film stresses how Black actors are often expected to justify their presence in stories built on imagination.,theroot.com,2026-07-16,Entertainment,Shanelle Genai,https://www.theroot.com/the-odyssey-is-the-latest-reminder-that-black-actors-sh-2000116470
An Influencer Criticized Her Own Natural Hair—and Sparked a Debate on Black Self-Hate,The debate surrounding AmandaUpNext is about more than jokes—it’s about why negative conversations around Black hair have become so normalized in the first place.,theroot.com,2026-07-16,Beauty,Shanelle Genai,https://www.theroot.com/an-influencer-criticized-her-own-natural-hair-and-spark-2000116535
Judy World’s Family Demands Justice in Rapper’s Fatal Stabbing,"Houston police have charged Kayla Wynita Rodgers with manslaughter in connection with Judy World’s death, but the rapper’s family is demanding a murder charge.",theroot.com,2026-07-16,Crime,Phenix S Halley,https://www.theroot.com/judy-world-s-family-demands-justice-in-rappers-fatal-st-2000116525
Black Stars Who Showed Out On the ESPYs Red Carpet,Legendary athletes and entertainers all gathered together in NYC for the 2026 ESPYS. Let’s see who nailed their red carpet look!,theroot.com,2026-07-16,Beauty + Style,Shanelle Genai,https://www.theroot.com/black-stars-who-showed-out-on-the-espys-red-carpet-2000116387
Famous Civil Rights Group Push For Reparations in New York,"A new report argues Black New Yorkers continue to experience harms from slavery and discriminatory policies, calling for reparations beyond financial compensation.",theroot.com,2026-07-16,Culture,Phenix S Halley,https://www.theroot.com/famous-civil-rights-group-push-for-reparations-in-new-y-2000116441
How Nolan Wells’ Death Sparked a Powerful Movement Across FoodTok,Black food creators are celebrating the life of Nolan Wells online by sharing recipes and building community.,theroot.com,2026-07-16,Opinion,Zackory Kirk,https://www.theroot.com/how-nolan-wells-death-sparked-a-powerful-movement-acros-2000116473
Hal Williams and Other Black Stars We Lost in 2026,We are honoring all of the Black stars who left us in 2026.,theroot.com,2026-07-16,Entertainment,The Root Staff,https://www.theroot.com/hal-williams-and-other-black-stars-we-lost-in-2026-2000083991
Five Members of One Black Family in East St. Louis Were Killed. Now A Boy and a Girl Are Charged,"Authorities believe two Black teens executed five members of one family, leaving an Illinois community in shock.",theroot.com,2026-07-16,Crime,Phenix S Halley,https://www.theroot.com/five-members-of-one-black-family-in-east-st-louis-were-2000116368
Look Inside Motown’s Original House Where Michael Jackson Became Famous,"Motown’s famous house is expanding with more exciting exhibitions in 2027. As we wait to see what’s new, we’re taking a look at the place where many Motown hits were made.",theroot.com,2026-07-16,Culture,Mahalia Otshudy,https://www.theroot.com/look-inside-motown-s-original-house-where-michael-jack-2000116442
New Developments in Nolan Wells Case After Family Meets With DA,Nolan Wells’ family says investigators agreed to a joint cellphone review as authorities prepare to present the completed investigation to a grand jury.,theroot.com,2026-07-16,Criminal Justice,Phenix S Halley,https://www.theroot.com/new-developments-in-nolan-wells-case-after-family-meets-2000116467
Another Election Fraud Speech? Expert Says Trump Is Setting the Stage for a Bigger Midterm Showdown,"In an exclusive interview, one legal expert gives her grave warnings and predictions about the stakes of Trump’s highly anticipated primetime speech on Thursday (July 16).",theroot.com,2026-07-16,Politics,Phenix S Halley,https://www.theroot.com/another-election-fraud-speech-expert-says-trump-is-set-2000116512
NBC Speaks After ‘TODAY Show’ Security Breach Targeting Craig Melvin,NBC News is now speaking out about the scary incident that went down between The Today Show cohost Craig Melvin and an intruder. Here’s what we know!,theroot.com,2026-07-16,Entertainment,Shanelle Genai,https://www.theroot.com/nbc-speaks-after-today-show-security-breach-targeting-c-2000116515
Stop Treating Our Survival as a Success Story: What Black Women Actually Want From the Economy,New polling shows Black women are asking for economic policies that prioritize dignity and financial security.,theroot.com,2026-07-15,Opinion,Aisha Nyandoro,https://www.theroot.com/stop-treating-our-survival-as-a-success-story-what-bla-2000116245
‘Insecure’ Turns 10: A Look at the Moments That Made the Show Iconic,The cast of ‘Insecure’ is honoring its 10th anniversary by hitting the road for a fun tour soon. Let’s take a look at some of the show’s most unforgettable moments!,theroot.com,2026-07-15,Entertainment,Shanelle Genai,https://www.theroot.com/insecure-turns-10-a-look-at-the-moments-that-made-the-2000116315
Can the Black Woman Trump Tapped to Lead the CDC Restore the Agency’s Reputation?,Trump’s CDC nominee has the credentials. Now senators are asking whether she’ll defend science when it conflicts with the administration.,theroot.com,2026-07-15,Culture,Phenix S Halley,https://www.theroot.com/can-the-black-woman-trump-tapped-to-lead-the-cdc-restor-2000116356
The Origins of the Watermelon Stereotype,The fruit that has been weaponized as a racist stereotype started out as a symbol of Black independence—until it was hijacked.,theroot.com,2026-07-15,Black Excellence,Angela Wilson,https://www.theroot.com/the-origins-of-the-watermelon-stereotype-2000116299
Nolan Wells’ Inner Circle Clears up Internet Myths,"As the tragic death of Nolan Wells continues to spark debates over misinformation and race, some of the athlete’s closest circle are speaking out against conflicting narratives.",theroot.com,2026-07-15,News,Phenix S Halley,https://www.theroot.com/nolan-wells-inner-circle-clears-up-internet-myths-2000116288
Coco Jones Faces Backlash Over Creative Shift on New Single – What it Says About Black Women in Music,The reaction to Coco Jones’ single ‘Body So Tea’ raises questions about how much room Black women artists have to evolve in the industry. Let’s talk about it!,theroot.com,2026-07-15,Entertainment,Shanelle Genai,https://www.theroot.com/coco-jones-faces-backlash-over-creative-shift-on-new-si-2000116286
House of the Dragon’s Funniest Black Memes,"From Uncle Corlys to Sheepstealer, Black Twitter and Black TikTok have turned Westeros into the cookout.",theroot.com,2026-07-15,Entertainment,Lawrence Ware,https://www.theroot.com/house-of-the-dragons-funniest-black-memes-2000116261
Sen. Raphael Warnock Just Executed a Masterclass Political Play to Save Black Wealth,Georgia’s first Black senator is at the center of a bipartisan legislative victory aimed at helping more Americans achieve the dream of homeownership.,theroot.com,2026-07-15,News,Phenix S Halley,https://www.theroot.com/sen-raphael-warnock-just-executed-a-masterclass-politi-2000116209
How Uncle Nearest Founder Was Fired From Her $1B Empire,The future of Uncle Nearest is up in the air as ongoing investigations have led to the shocking termination of founder and CEO Fawn Wear.,theroot.com,2026-07-15,Criminal Justice,Phenix S Halley,https://www.theroot.com/how-uncle-nearest-founder-was-fired-from-her-1b-empir-2000116257
Everything Else You Need to Know About Project 2026,"The Heritage Foundation’s Project 2026 goes beyond marriage and birth rates. Here’s what you missed, and why some say it’s already taking shape.",theroot.com,2026-07-14,News,Phenix S Halley,https://www.theroot.com/everything-else-you-need-to-know-about-project-2026-2000116172
Inside the NBA Summer League With New Stars Darryn Peterson and Darius Acuff Jr.,"Launched in 1986, the league marks four decades of transforming collegiate prospects into savvy professionals prepared for the modern NBA lifestyle.",theroot.com,2026-07-14,Sports,Rashad Grove,https://www.theroot.com/inside-the-nba-summer-league-with-new-stars-darryn-pete-2000115458
Do You Know the Sad Story of Amy Winehouse? The White English Soul Singer Who Black People Loved,"Since this year marks the 20th anniversary of Amy Winehouse’s iconic album “Back to Black,” we’re looking into the musician’s life and how her career was inspired by Black culture.",theroot.com,2026-07-14,Entertainment,Mahalia Otshudy,https://www.theroot.com/do-you-know-the-sad-story-of-amy-winehouse-the-white-e-2000115935
The ‘Fibroid Slayer’ Shares Exclusive Tips For Relief,"Most fibroids never require treatment, but when they do, Black women have more options than ever. Here’s what to know and what to ask before your next doctor’s appointment.",theroot.com,2026-07-14,Health,Shellie M. Scott,https://www.theroot.com/the-fibroid-slayer-shares-exclusive-tips-for-relief-2000115835
Everything You Need to Know About Spain’s 19-Year-Old Soccer Star Lamine Yamal,"If you’ve paid any attention to the World Cup this summer, you’ve likely noticed 19-year-old Spanish superstar Lamine Yamal. Now, we’re breaking down why he’s so great.",theroot.com,2026-07-14,Culture,Mahalia Otshudy,https://www.theroot.com/everything-you-need-to-know-about-spains-19-year-old-so-2000116091
Southern Black Democrats Call Out Party Neglect Amidst Redistricting Battles,Black Democratic leaders are warning that internal divisions over redistricting strategy are weakening the party’s promise to protect Black political representation nationwide.,theroot.com,2026-07-14,News,Phenix S Halley,https://www.theroot.com/southern-black-democrats-call-out-party-neglect-amidst-2000116110
The Real Prize on Love Island: Four Black Women Rewriting the Narrative,"For the first time, all four women in the Love Island USA finale are Black, signaling a bigger shift in reality dating television.",theroot.com,2026-07-14,Entertainment,Phenix S Halley,https://www.theroot.com/the-real-prize-on-love-island-four-black-women-rewriti-2000116100
Druski and More Black Creatives Who Made TIME100 Creators List,Black creators are taking over social media and now they’ve gotten recognized in a big way thanks to TIME Magazine. Let’s see who made the cut!,theroot.com,2026-07-14,Entertainment,Shanelle Genai,https://www.theroot.com/druski-and-more-black-creatives-who-made-time100-creato-2000116102
"Kiely Williams’ Sister Calls Out New Cheetah Girls Reboot, Now the Internet is Coming For Her",The sister of 3LW singer and OG Cheetah Girl Kiely Williams is calling out the new film. But not everyone online is on her side!,theroot.com,2026-07-13,Entertainment,Shanelle Genai,https://www.theroot.com/kiely-williams-sister-calls-out-new-cheetah-girls-reboo-2000115960
Sen. Lindsey Graham’s Eulogies Clash With His Legacy in Black America,"The polite Washington eulogies are already colliding with a much sharper question: How should Black Americans remember a politician whose words whispered inclusion, but whose actions spoke a language of systematic exclusion",theroot.com,2026-07-13,News,Phenix S Halley,https://www.theroot.com/sen-lindsey-grahams-eulogies-clash-with-his-legacy-in-2000115845
Why 14-Year-Old Blue Ivy Carter is the New Blueprint for Celebrity,"Blue Ivy Carter keeps proving she’s more than music royalty, showcasing talent in performance, fashion, beauty and big-sister duties with effortless confidence.",theroot.com,2026-07-13,Entertainment,Phenix S Halley,https://www.theroot.com/why-14-year-old-blue-ivy-carter-is-the-new-blueprint-fo-2000116014
"The Home Run Derby is Today, But Baseball is Still Afraid to Call Barry Bonds Its Greatest Hitter",Steroids damaged Barry Bonds’ legacy. White America’s discomfort with an unapologetically great Black man finished the job.,theroot.com,2026-07-13,Opinion,Lawrence Ware,https://www.theroot.com/the-home-run-derby-is-today-but-baseball-is-still-afra-2000115932
Nolan Wells Investigation: The Surprising Reaction From White People Online,"While the internet remain dominated by speculation, white users are increasingly sharing their thoughts about what went down on Nolan Wells’ boat trip.",theroot.com,2026-07-13,News,Angela Wilson,https://www.theroot.com/nolan-wells-investigation-the-surprising-reaction-from-2000115867
"Boosie Badazz Thought $600k Could Buy Him a Pardon. Now, He’s Lost the Money and Still Dealing With the Drama.","Rapper Boosie Badazz is trying to recover $300,000 after dealing with lobbyists in his quest to get a presidential pardon from President Trump. Let’s get into the drama!",theroot.com,2026-07-13,Entertainment,Shanelle Genai,https://www.theroot.com/boosie-badazz-thought-600k-could-buy-him-a-pardon-now-2000115897
Why Black Barbers Are Being Trained As Mental Health Advocates,"As suicide rates among Black youth climb, Brooklyn barbers and stylists are being trained as the new frontline of mental health.",theroot.com,2026-07-13,Health,Shellie M. Scott,https://www.theroot.com/why-black-barbers-are-being-trained-as-mental-health-ad-2000113844
"20 Years After ‘Madea’s Family Reunion,’ Here’s What the Cast is Up to Now",This year marks the 20th anniversary of one of Tyler Perry’s most popular works. We’re taking a look at where the cast is now.,theroot.com,2026-07-13,Entertainment,Shanelle Genai,https://www.theroot.com/20-years-after-madeas-family-reunion-heres-what-the-ca-2000115831
All of Jay-Z’s Special Guests Who Showed Up Onstage For His Yankee Stadium Residency,Jay-Z brought out tons of iconic stars to help him perform his hit songs during his three-night NYC residency. We’ve got a list of everyone who showed up and out onstage.,theroot.com,2026-07-13,Entertainment,Mahalia Otshudy,https://www.theroot.com/all-of-jay-zs-special-guests-who-showed-up-onstage-for-2000115828
Brandy Delivers Powerful Response to Body-Shamers After Public Event,"After facing scrutiny over her appearance, Brandy shared a heartfelt Instagram message reminding critics that everyone carries an unseen story.",theroot.com,2026-07-13,Entertainment,Phenix S Halley,https://www.theroot.com/brandy-delivers-powerful-response-to-body-shamers-after-2000115832
NFL Player Chris Johnson Talks About Life After ALS Diagnosis,"Former NFL running back Chris Johnson is using his ALS diagnosis to encourage others to seek answers, ask questions and advocate for their own healthcare.",theroot.com,2026-07-13,Health,Shellie M. Scott,https://www.theroot.com/nfl-player-chris-johnson-talks-about-life-after-als-dia-2000113633
"Expert, Poll:Why Americans Are Losing Pride in the Country","Rev. Barber explains why polls claim pride in the nation has fallen sharply over the past decade, especially among people of color.",theroot.com,2026-07-13,News,Phenix S Halley,https://www.theroot.com/expert-poll-why-americans-are-losing-pride-in-the-coun-2000113684
Mara Brock Akil Reveals Her Heartbreaking Story of Childhood Abuse,Mara Brock Akil is sharing details of a devastating personal hardship through her debut novel.,theroot.com,2026-07-12,Entertainment,Shanelle Genai,https://www.theroot.com/mara-brock-akil-reveals-her-heartbreaking-story-of-chil-2000115652
Letitia James Stops Man from Stealing Harlem Homeowner’s Deeds.,"A Long Island man was convicted of stealing Harlem properties through fraudulent deeds, targeting homeowners and threatening generational wealth in the community.",theroot.com,2026-07-12,Crime,Phenix S Halley,https://www.theroot.com/letitia-james-stops-man-from-stealing-harlem-homeowners-2000115619
Trump’s Obama Obsession: All of the Insults and Racist Tropes Over the Years,Former President Barack Obama said President Trump is obsessed with him. Let’s take a look at Trump’s two-decade fixation.,theroot.com,2026-07-12,News,Phenix S Halley,https://www.theroot.com/trump-s-obama-obsession-all-of-the-insults-and-racist-2000115662
13 Reality TV Stars Who Understood the Fashion Assignment,"Between major finales dropping this week and recent Hollywood red carpets, we’re shouting out the Black reality icons rewriting the style rulebook.",theroot.com,2026-07-12,Beauty + Style,Mahalia Otshudy,https://www.theroot.com/13-reality-tv-stars-who-understood-the-fashion-assignme-2000115697
Lingering Questions in the Nolan Wells Case That Need Answering … Now,"From his final moments to the official investigation, here is everything his loved ones are demanding to know.",theroot.com,2026-07-12,Criminal Justice,Phenix S Halley,https://www.theroot.com/lingering-questions-in-the-nolan-wells-case-that-need-a-2000115684
Best Black Celeb Fashion Moments We’re Obsessed With This Summer,Black celebrities have been serving looks all summer and we can’t get enough of the breathtaking fashion! Here are some of the best looks we’ve spotted this season so far.,theroot.com,2026-07-11,Beauty + Style,Mahalia Otshudy,https://www.theroot.com/best-black-celeb-fashion-moments-we-re-obsessed-with-th-2000115723
Beyoncé Stuns Fans as the Ultimate Tina Knowles Lookalike at Jay-Z’s NYC Show,"As Jay-Z celebrated 30 years of “Reasonable Doubt,” fans couldn’t stop talking about Beyoncé’s resemblance to her mom.",theroot.com,2026-07-11,Entertainment,B.Kadijat Towolawi,https://www.theroot.com/beyonc-stuns-fans-as-the-ultimate-tina-knowles-lookali-2000115720
"Best TV Shows, Movies to Watch on Prime Video Right Now!","From new shows like “Spider-Noir’ to Oscar-winning films, Prime Video has more than enough options for you to tune into this weekend! Let’s take a look!",theroot.com,2026-07-11,Entertainment,Shanelle Genai,https://www.theroot.com/best-tv-shows-movies-to-watch-on-prime-video-right-now-2000115668
Chicago’s Harold’s Chicken Caught in Massive Family Battle,"Months after Harold’s Chicken CEO Kristen Pierce-Sherrod died, her family is in a heated legal battle over who will now own the iconic Chicago brand.",theroot.com,2026-07-11,News,Angela Wilson,https://www.theroot.com/chicagos-harold-s-chicken-caught-in-massive-family-batt-2000115748
"‘He Just Wanted Peace’: Parents Honor Nolan Wells’ Life, Raise Questions About Final Hours","Nolan Wells’ grieving family remembered his compassion, questioned the investigation and renewed calls for transparency surrounding his mysterious death.",theroot.com,2026-07-10,Criminal Justice,Phenix S Halley,https://www.theroot.com/he-just-wanted-peace-parents-honor-nolan-wells-life-r-2000115567
"Anok Yai, Deborah Ayorinde and Other Black Women Who Could Play Helen of Troy – the Most Beautiful Woman in the World","Lupita Nyong’o isn’t the only Black woman who could rightly play Helen of Troy, a.k.a. the most beautiful woman in the world. Let’s take a look at even more!",theroot.com,2026-07-10,Beauty,Shanelle Genai,https://www.theroot.com/anok-yai-deborah-ayorinde-and-other-black-women-who-co-2000115553
Black People’s Version of the Viral ‘Netflix Documentary’ TikTok Trend Is the Best Thing On the Internet Right Now!,"The “Netflix documentary” trend is taking over TikTok, and Black creators are absolutely nailing it. Only the culture could deliver this level of cinematic comedy—here are the best videos you need to see.",theroot.com,2026-07-10,Entertainment,Shanelle Genai,https://www.theroot.com/black-peoples-version-of-the-viral-netflix-documentary-2000115461
Expert: Why a New Push for ‘Black English’ in Schools Can Help Students Thrive,The Root spoke with one Black scholar who says embracing African American Vernacular English (AAVE) may help teachers connect with students and support their success.,theroot.com,2026-07-10,Culture,Asheea Smith,https://www.theroot.com/expert-why-a-new-push-for-black-english-in-schools-can-2000115451
Republicans Ask WNBA to Protect Caitlin Clark From ‘Racially-Motivated’ Attacks On the Court,"A group of House Republicans wants the WNBA to investigate what they call racially motivated attacks against Caitlin Clark, while critics argue the effort is more about politics than player safety.",theroot.com,2026-07-10,Culture,Phenix S Halley,https://www.theroot.com/republicans-ask-wnba-to-protect-caitlin-clark-from-raci-2000115475
Why a Prominent Black Family Pulled Their $1 M Endowment From UNC Wilmington,"Rather than rewrite scholarship criteria to comply with new diversity policies, the Upperman family ended future funding at UNC Wilmington and moved its money to Howard University.",theroot.com,2026-07-10,Education,Phenix S Halley,https://www.theroot.com/why-a-prominent-black-family-pulled-their-1-m-endowmen-2000115486
New Developments in the Nolan Wells Case As Ben Crump Drops Concerns,"Beach footage has many speculating about Nolan Wells’ disappearance, despite police denying foul play. But new developments could upend the case.",theroot.com,2026-07-10,News,Angela Wilson,https://www.theroot.com/new-developments-in-the-nolan-wells-case-as-ben-crump-d-2000115476
"Forget the Goals, It’s the Face: Why Maduka Okoye is the Soccer Star We Didn’t Know We Needed",Nigerian soccer star Maduka Okoye is making women on the internet go crazy. But who exactly is he and what’s he all about? We’ve got the tea!,theroot.com,2026-07-10,Entertainment,Shanelle Genai,https://www.theroot.com/forget-the-goals-it-s-the-face-why-maduka-okoye-is-th-2000115489
Jaylen Brown Says Agents Can Cost NBA Players Their Fortunes—Here’s Why He Runs His Own Show,The five-time NBA All-Star claims that 60% of NBA players lose their wealth because of traditional agents.,theroot.com,2026-07-10,Sports,Rashad Grove,https://www.theroot.com/jaylen-brown-says-agents-can-cost-nba-players-their-for-2000115493
"It’s Time To Talk About Jack And Jill, the Divine Nine: Safe Havens or Just ‘Bougie’ Clubs?","As families turn to legacy Black spaces for safety, a polarizing debate is dividing the internet. From the Divine Nine to Jack and Jill, are these institutions essential lifelines or exclusive status symbols",theroot.com,2026-07-10,Culture,Angela Wilson,https://www.theroot.com/its-time-to-talk-about-jack-and-jill-the-divine-nine-2000115549
Jack and Jill of America Issues Urgent Call to Action For Black Families Following Nolan Wells’ Tragic Death,The country’s oldest Black family organization released a statement honoring Nolan Wells and encouraging parents to have honest conversations about safety and accountability.,theroot.com,2026-07-10,Culture,Shellie M. Scott,https://www.theroot.com/jack-and-jill-of-america-issues-urgent-call-to-action-f-2000115627
Critics Say New Cheetah Girls Film Fumbles the Bag on Black Representation,"Raven-Symoné just dropped news that a fourth Cheetah Girls film is in the making, but after seeing only one Black girl in the lead cast, fans online are less than impressed.",theroot.com,2026-07-09,Entertainment,Mahalia Otshudy,https://www.theroot.com/critics-say-new-cheetah-girls-film-fumbles-the-bag-on-b-2000115285
Exclusive: Dr. Bernice King Calls for National Reflection Following Tragic Passing of Nolan Wells,"The Root spoke exclusively with Dr. Bernice King, who shared her reaction to the tragic death of Nolan Wells.",theroot.com,2026-07-09,News,Amber Ferguson,https://www.theroot.com/exclusive-dr-bernice-king-calls-for-national-reflecti-2000115266
Professor: The Cost of Raising Black Kids in White Spaces,Black parents have spent generations opening doors in white spaces—but what are our children losing once they walk through them?,theroot.com,2026-07-09,Opinion,Lawrence Ware,https://www.theroot.com/professor-the-cost-of-raising-black-kids-in-white-spac-2000114962
Every Jaw-Dropping Look From Black Celebs at Paris Fashion Week,"Paris Fashion Week has come to an end, but we’re still not over all the Black celebrities who showed up and out in France’s capital city.",theroot.com,2026-07-09,Beauty + Style,Mahalia Otshudy,https://www.theroot.com/every-jaw-dropping-look-from-black-celebs-at-paris-fash-2000115245
Nolan Wells’ Family Calls For an Independent Autopsy as Concerns About His Final Moments Grow,Civil rights attorney Ben Crump says an independent autopsy could provide answers as investigators continue digging into the death of the 18-year-old Nolan Wells.,theroot.com,2026-07-09,Legal,Phenix S Halley,https://www.theroot.com/nolan-wells-family-calls-for-an-independent-autopsy-as-2000115243
"Lamar Odom Walks Back His Comments About Marriage to Khloe Kardashian, But We’re Not Buying It","Lamar Odom is trying to clarify previously questionable comments he made about his ex, but no matter what he said—it’s not looking good for him!",theroot.com,2026-07-09,Entertainment,Shanelle Genai,https://www.theroot.com/lamar-odom-walks-back-his-comments-about-marriage-to-kh-2000115240
What We Know About Big Tigger’s Domestic Abuse Scandal,"The drama unfolding between Big Tigger and his estranged wife, Alicia Brown, gets trickier by the day. We’re breaking down all the twists and turns.",theroot.com,2026-07-09,Entertainment,Shanelle Genai,https://www.theroot.com/what-we-know-about-big-tiggers-domestic-abuse-scandal-2000115275
14 Things You Must See Inside The Smithsonian,"Photos: 14 Fascinating Things Inside the Smithsonian: Despite Trump’s criticism, here’s proof that the Smithsonian continues to preserve America’s history.",theroot.com,2026-07-09,Culture,Phenix S Halley,https://www.theroot.com/14-things-you-must-see-inside-the-smithsonian-2000115287
"Tyler Perry’s ‘Why Did I Get Married Again?’ Trailer Just Dropped, and Fans Have Lots of Questions",Tyler Perry is bringing his beloved ‘Why Did I Get Married?’ franchise back after 16 years. And it’s causing plenty of hilarious chatter online!,theroot.com,2026-07-09,Entertainment,Shanelle Genai,https://www.theroot.com/tyler-perrys-why-did-i-get-married-again-trailer-just-2000115330
Time to Copy the Copycats: 3 “Rich White People Tricks” We Need to Steal Right Now,We’re in the midst of a ‘Black Recession.’ Why aren’t we using the wealth hacks our forebears peeped from rich white folks to move the needle?,theroot.com,2026-07-09,Culture,Tatsha Robertson,https://www.theroot.com/time-to-copy-the-copycats-3-rich-white-people-tricks-2000115377
The Fight For Voting Rights: What You Need to Know About Trump’s SAVE America Act,Here’s everything you should know about what President Trump’s SAVE Act means for all American voters ahead of federal elections.,theroot.com,2026-07-09,News,Phenix S Halley,https://www.theroot.com/the-fight-for-voting-rights-what-you-need-to-know-abou-2000115357
8 Hidden Facts Behind the Making of Jay-Z’s ‘Reasonable Doubt’,"Jay-Z is marking 30 years of “Reasonable Doubt.” But before the anniversary, we’re dropping eight facts you may not have known about the masterpiece.",theroot.com,2026-07-09,News,Rashad Grove,https://www.theroot.com/8-hidden-facts-behind-the-making-of-jay-z-s-reasonable-2000115396
The Reality of Black Deaths in White Spaces,"When a Black person dies mysteriously in a white space, the internet demands immediate answers. But the line between speculation and facts are incredibly thin.",theroot.com,2026-07-09,Culture,Angela Wilson,https://www.theroot.com/the-reality-of-black-deaths-in-white-spaces-2000115340
13 Powerful Photos That Captured Black Resistance and Resilience Throughout History,"From slavery and segregation to the Civil Rights Movement and modern protests, these powerful images chronicle generations of Black struggle, courage, and the ongoing fight for equality.",theroot.com,2026-07-08,News,Asheea Smith,https://www.theroot.com/13-powerful-photos-that-captured-black-resistance-and-r-2000115033
The Internet is in Love With Rihanna’s Heartwarming Interaction With a Fan With Cancer,A touching encounter with a fan is proving once again just how compassionate Rihanna is.,theroot.com,2026-07-08,Entertainment,Shanelle Genai,https://www.theroot.com/the-internet-is-in-love-with-rihannas-heartwarming-inte-2000115078
"Over 70 Years After Being Falsely Accused, The Groveland Four Families Finally Get Justice","More than 75 years after their wrongful convictions, Florida approves $4 million for the families of four Black men.",theroot.com,2026-07-08,Culture,Phenix S Halley,https://www.theroot.com/over-70-years-after-being-falsely-accused-the-grovelan-2000115054
WATCH: A Young Celtics Fan’s Tears Led to the Sweetest Jaylen Brown Surprise!,"News of Jaylen Brown’s trade from the Boston Celtics hit one young fan especially hard. But after a heartbreaking viral video, little Giovanni got the chance of a lifetime.",theroot.com,2026-07-08,News,Phenix S Halley,https://www.theroot.com/watch-a-young-celtics-fans-tears-led-to-the-sweetest-j-2000115202
Everything Black Americans Should Know About New ‘Trump Accounts’ Before Investing,"Before you invest in a Trump Account for your Black child, here’s everything you need to know.",theroot.com,2026-07-08,News,Phenix S Halley,https://www.theroot.com/everything-black-americans-should-know-about-new-trump-2000114751
The World Cup’s Racism Problem Just Exposed Soccer’s Dark Side,"From iShowSpeed to Kylian Mbappé, racism marred the World Cup. But Black greatness will always prevail on the global stage.",theroot.com,2026-07-08,Culture,Mahalia Otshudy,https://www.theroot.com/the-world-cups-racism-problem-just-exposed-soccers-dark-2000115112
Coach Charged in Deadly Hazing Incident Involving a Black Football Player With Sickle Cell Trait,A freshman football player’s death has led to criminal charges and renewed debates about hazing in college sports programs.,theroot.com,2026-07-08,Culture,Phenix S Halley,https://www.theroot.com/coach-charged-in-deadly-hazing-incident-involving-a-bla-2000115133
Frustrated Democrats Are Demanding Aggressive New Voices to Take Down Trump,A New York Times/Siena poll found that an overwhelming majority of voters want a Democratic overhaul. The problem? The party is fractured over who leads.,theroot.com,2026-07-08,News,Angela Wilson,https://www.theroot.com/frustrated-democrats-are-demanding-aggressive-new-voice-2000114979
NAACP Launches Historic $20M Campaign to Mobilize Black Voters For Midterms,The NAACP’s largest-ever midterm investment aims to boost Black voter turnout in key states through organizing ahead of November’s elections.,theroot.com,2026-07-08,Culture,Phenix S Halley,https://www.theroot.com/naacp-launches-historic-20m-campaign-to-mobilize-black-2000115082
What Happened to Nolan Wells? Ben Crump Takes Case of Missing Athlete Found Dead on Horn Island,"Nolan Wells, 18, went to an island for the 4th of July with friends and never came home. Now, his family has retained Ben Crump to find out what happened.",theroot.com,2026-07-08,News,Angela Wilson,https://www.theroot.com/what-happened-to-nolan-wells-ben-crump-takes-case-of-m-2000115086
The Best Black Street Style Spotted at Paris Fashion Week,"As Paris Fashion Week comes to an end, we’re highlighting the best street style we’ve noticed in France’s capital city.",theroot.com,2026-07-08,Beauty + Style,Mahalia Otshudy,https://www.theroot.com/the-best-black-street-style-spotted-at-paris-fashion-we-2000115052
The Story Behind How Law Roach Got Zendaya’s Schiaparelli Gown From The Runway to the Red Carpet is a Fashion Miracle,One of Zendaya’s looks for ‘The Odyssey’ premiere is all people are talking about! And you wouldn’t believe the legendary story behind it1,theroot.com,2026-07-08,Beauty + Style,Shanelle Genai,https://www.theroot.com/the-story-behind-how-law-roach-got-zendayas-schiaparell-2000115029
"Inside Will and Jada Pinkett Smith’s Unconventional Love Story, From Soulmates to Separation and Back Again",News of Will and Jada Pinkett Smith being back under the same roof again is shaking the table! But how did they get back here? Let’s break it down!,theroot.com,2026-07-08,Blerds United,Shanelle Genai,https://www.theroot.com/inside-will-and-jada-pinkett-smiths-unconventional-love-2000115176
What Cheney Orr’s Striking Metro Photo Tells Us About America Right Now And It’s Not Good,"A haunting image by Reuters photographer Cheney Orr captures a Black woman surrounded by masked white supremacists aboard a Washington, D.C., Metro train after a July 4 march, sparking questions about white nationalism, racism, and racial progress as America celebrates its 250th anniversary.",theroot.com,2026-07-07,News,Asheea Smith,https://www.theroot.com/what-cheney-orr-s-striking-metro-photo-tells-us-about-a-2000114827
"After Years of Legal Drama, Nipsey Hussle’s Kids Finally Get Some Good News About His Estate","After a seven-year legal battle, the children of the late rapper Nipsey Hussle are finally receiving what they’re owed.",theroot.com,2026-07-07,Entertainment,Shanelle Genai,https://www.theroot.com/after-years-of-legal-drama-nipsey-hussles-kids-finally-2000114953
Stop Dragging SZA For Revealing Her Autism Diagnosis,"SZA’s autism diagnosis was met with widespread criticism, but there’s a much bigger conversation we ought to be having! Let’s get into it.",theroot.com,2026-07-07,Entertainment,Shanelle Genai,https://www.theroot.com/stop-dragging-sza-for-revealing-her-autism-diagnosis-2000114862
What We Know About Nolan Wells: the High School Football Star Found Dead Days After July 4th Trip,"On Saturday, 18-year-old Nolan Wells was celebrating the Fourth of July with friends in Mississippi. Two days later, his body was found on Horn Island.",theroot.com,2026-07-07,News,Angela Wilson,https://www.theroot.com/what-we-know-about-nolan-wells-the-high-school-footbal-2000114867
A Former Slave’s Grave Lay Forgotten Beside Paul Revere in Boston. Now We Know Who He Is,"For over 200 years, a freed Black man was buried alongside Declaration of Independence signers, Paul Revere and Crispus Attucks. Now, Boston has finally uncovered his story.",theroot.com,2026-07-07,Culture,Phenix S Halley,https://www.theroot.com/a-former-slaves-grave-lay-forgotten-beside-paul-revere-2000114825
Mathew Knowles Says Beyoncé Didn’t Make Him a Millionaire,Mathew Knowles is clearing up a common misconception about his daughter Beyoncé and Destiny’s Child’s success !,theroot.com,2026-07-07,Entertainment,Shanelle Genai,https://www.theroot.com/mathew-knowles-says-beyonc-didnt-make-him-a-millionair-2000114820
Karmelo Anthony’s Lawyers Want Judge Removed Over Post-Verdict Remarks,"Anthony’s legal team files a motion for recusal, alleging the judge’s public comments raise questions about his ability to remain neutral.",theroot.com,2026-07-07,Crime,Phenix S Halley,https://www.theroot.com/karmelo-anthonys-lawyers-want-judge-removed-over-post-v-2000114904
RIP George E. Johnson: All About the Black Man Behind the Iconic Afro Sheen and More,The visionary behind Johnson Products Co. proved the economic power of Black consumers and created the blueprint for today’s Black beauty industry.,theroot.com,2026-07-07,News,Rashad Grove,https://www.theroot.com/rip-george-e-johnson-all-about-the-black-man-behind-t-2000114829
"Teyana Taylor, Cardi B and More Black Celebs Who Slayed at Paris Fashion Week","Stars like Teyana Taylor, Cardi B, and more made sure to show their faces in France for Paris Fashion Week! Let’s take a look at what they wore!",theroot.com,2026-07-07,Beauty + Style,Shanelle Genai,https://www.theroot.com/teyana-taylor-cardi-b-and-more-black-celebs-who-slayed-2000114830
Could Nick Cannon Use His 12 Kids as Bone Marrow Donors? Here’s What Science Says,"The latest Nick Cannon conspiracy sounds like a Jordan Peele movie, but actual transplant science is far more complicated than social media suggests.",theroot.com,2026-07-07,Culture,Shellie M. Scott,https://www.theroot.com/could-nick-cannon-use-his-12-kids-as-bone-marrow-donors-2000114778
Civil Rights Legend Andrew Young Warns Why America Is In the ‘Worse Shape’ of His Lifetime,"At 94, former MLK Jr. aide and Atlanta Mayor Andrew Young explains why the U.S. is in the “worse shape” of his lifetime in a stern warning.",theroot.com,2026-07-07,News,Angela Wilson,https://www.theroot.com/civil-rights-legend-andrew-young-warns-why-america-is-i-2000114902
"While Trump Says the Economy is Booming, the Reality Points to a Black Recession","The Trump administration’s war on DEI is hitting Black communities hardest, as a recent jobs report shows Black unemployment at over 6%.",theroot.com,2026-07-07,Opinion,Antjuan Seawright,https://www.theroot.com/while-trump-says-the-economy-is-booming-the-reality-po-2000114931
"A Black Man Was Fatally Shot by National Guard Troops in Memphis, Now His Family Demands Answers","After a Black man was shot and killed by two National Guard officers in Memphis, his family is demanding the release of footage related to the incident.",theroot.com,2026-07-07,Crime,Phenix S Halley,https://www.theroot.com/a-black-man-was-fatally-shot-by-national-guard-troops-i-2000114874
"She Finally Has Her Name Back. Now, Where Is the Justice for Cheryl Lynn Edwards?","Fifty years after the death of a 15-year-old Black girl, investigators have finally identified her and are focused on finding the killer connected to one of the longest Jane Doe cases in Iowa.",theroot.com,2026-07-06,Crime,Phenix S Halley,https://www.theroot.com/she-finally-has-her-name-back-now-where-is-the-justic-2000114673
Cardi B Gets Real About New Haircare Line at Essence Festival. But Did She Go Too Far?,"The world has come to love Cardi B for her raw, unfiltered personality. But she may have been a bit much here recently!",theroot.com,2026-07-06,Beauty + Style,Shanelle Genai,https://www.theroot.com/cardi-b-gets-real-about-new-haircare-line-at-essence-fe-2000114708
More Top Black Students Are Choosing HBCUs Over the Ivies,"As fewer Black students apply to white colleges, our HBCUs are seeing a rise in enrollment driven by the repeal of DEI and Affirmative Action.",theroot.com,2026-07-06,Education,Phenix S Halley,https://www.theroot.com/more-top-black-students-are-choosing-hbcus-over-the-ivi-2000114714
All The Celeb Sightings at the 2026 ESSENCE Festival,ESSENCE Festival of Culture 2026 brought together some of the biggest names in Black Hollywood over the weekend. Here are all the icons we spotted.,theroot.com,2026-07-06,Culture,Mahalia Otshudy,https://www.theroot.com/all-the-celeb-sightings-at-the-2026-essence-festival-2000114674
Atlanta Cop Who Left a Black Man Paralyzed With a Taser Is Now on the Hook for $21 Million,"After Jerry Blasingame was rendered quadriplegic after a Georgia cop tasered him, an appeals court just affirmed a massive $21 million award.",theroot.com,2026-07-06,Crime,Angela Wilson,https://www.theroot.com/atlanta-cop-who-left-a-black-man-paralyzed-with-a-taser-2000114764
"After Months of Doubt, Family of Georgia Twins Say They’ve Accepted the Painful Truth About Their Deaths","More than a year since the bodies of twin brothers were discovered atop a Georgia mountain, their family has finally accepted investigators’ devastating conclusions.",theroot.com,2026-07-06,Crime,Phenix S Halley,https://www.theroot.com/after-months-of-doubt-family-of-georgia-twins-say-they-2000114402
Chris Brown’s Ex-Housekeeper Wins $13 Million Settlement After ‘Horrific’ Dog Attack,Chris Brown just got dealt another unlucky legal hand to the tune of a $13 million ruling. Let’s take a look at how he got there!,theroot.com,2026-07-06,Entertainment,Shanelle Genai,https://www.theroot.com/chris-browns-ex-housekeeper-wins-13-million-settlement-2000114719
"Beautiful Phyllis Hyman Laid Out Her Pain, But We Were Not Listening","On what would have been her 77th birthday, we’re looking at Phyllis Hyman’s pain in her own words.",theroot.com,2026-07-06,Entertainment,Angela Johnson,https://www.theroot.com/beautiful-phyllis-hyman-laid-out-her-pain-but-we-were-2000114775
Vic Mensa Defends Janet and Megan From Rigged Double Standards,"Vic Mensa says criticism aimed at Megan Thee Stallion, Young Miami and Janet Jackson reflects a double standard against Black women, sparking even more online debates.",theroot.com,2026-07-06,Entertainment,Phenix S Halley,https://www.theroot.com/vic-mensa-defends-janet-and-megan-from-rigged-double-st-2000114772
Author Tomi Adeyemi Reveals She Won’t Be Watching “Children of Blood Bone” Film,"Tomi Ayedemi is not too happy with the film adaptation of her beloved book, Children of Blood and Bone.’ Here’s what you need to know!",theroot.com,2026-07-06,Entertainment,Shanelle Genai,https://www.theroot.com/author-tomi-adeyemi-reveals-she-wont-be-watching-child-2000114763
America 250: How Black Soldiers and Spies Shaped The American Revolution,"From double agents to a historic proclamation pulling enslaved people onto the battlefield, here are some little-known stories of Black folks’ contributions during the American Revolution on Independence Day.",theroot.com,2026-07-06,Crime,Phenix S Halley,https://www.theroot.com/america-250-how-black-soldiers-and-spies-shaped-the-am-2000114416
13 Black Celebrities Who Used Their Fame to Fight for Social Justice,"These Black celebrities used their fame to challenge injustice and push for change in civil rights, representation, and equity in entertainment and beyond.",theroot.com,2026-07-05,Entertainment,Asheea Smith,https://www.theroot.com/13-black-celebrities-who-used-their-fame-to-fight-for-s-2000114489
The Best Fashion From the 2026 ESSENCE Festival of Culture,"The ESSENCE Festival of Culture 2026 has taken over New Orleans. As always, we’ve kept an eye on the best fashion looks from the weekend.",theroot.com,2026-07-05,Beauty + Style,Mahalia Otshudy,https://www.theroot.com/the-best-fashion-from-the-2026-essence-festival-of-cult-2000114602
The End of an Era: Unpacking LeBron James’ Surprise Exit From Los Angeles,We consider the reasons behind LeBron James’ blockbuster decision to leave the Lakers after eight seasons.,theroot.com,2026-07-05,Sports,William Ketchum,https://www.theroot.com/the-end-of-an-era-unpacking-lebron-james-surprise-exit-2000114479
Why We Must Become African American,A Clark Atlanta professor argues why Black people in the U.S. must deliberately reclaim the term “African American” to honor both history and civic belonging.,theroot.com,2026-07-05,Opinion,Dr. Joseph L. Jones,https://www.theroot.com/why-we-must-become-african-american-2000114358
The Best Moments From the ESSENCE Festival of Culture 2026,"From workout classes with Keke Palmer to talks with Dr. Bernice King and Dr. Ilyasah Shabazz, here is everything you missed from ESSENCE Festival of Culture 2026.",theroot.com,2026-07-05,Culture,Mahalia Otshudy,https://www.theroot.com/the-best-moments-from-the-essence-festival-of-culture-2-2000114641
America Needs Repairs: How We Reclaim the Promise of Freedom This July 4th,"America isn’t a land or a flag. It isn’t a president or a party. It’s a people. America is only free if we are too, because freedom is more than just liberty.",theroot.com,2026-07-04,Opinion,Antjuan Seawright,https://www.theroot.com/america-needs-repairs-how-we-reclaim-the-promise-of-fr-2000114330
"The Best Fourth of July Movies, TV Shows to Stream on Hulu Right Now!","From ‘Independence Day’ to ‘Coming to America,’ Hulu has all the movies and shows to stream this Fourth of July holiday!",theroot.com,2026-07-04,Entertainment,Shanelle Genai,https://www.theroot.com/the-best-fourth-of-july-movies-tv-shows-to-stream-on-h-2000114322
Inside DJ Envy’s Insane Car Collection: The Top 5 Sickest Whips in His Multi-Million Dollar Fleet,ESSENCE FESTIVAL:The Breakfast Club co-host is showcasing some of his favorite vehicles at the ESSENCE Fest’s Drive Your Dreams Car Show.,theroot.com,2026-07-04,News,Rashad Grove,https://www.theroot.com/inside-dj-envy-s-insane-car-collection-the-top-5-sicke-2000114597
The Best Summer Style Trends for Women Over 40,"From wide-leg pants to jumpsuits, Black women over 40 are proving that true style is timeless. Keep reading to see what they’re wearing!",theroot.com,2026-07-04,Beauty + Style,Shanelle Genai,https://www.theroot.com/the-best-summer-style-trends-for-women-over-40-2000114337
Update: How Pooh Shiesty Was Able to Allegedly Kidnap Gucci Mane Is Finally Revealed,"More details have come out about Poo Shiesty’s alleged kidnapping and robbery of Gucci Mane—and now, we’ve got video proof!",theroot.com,2026-07-03,Entertainment,Shanelle Genai,https://www.theroot.com/update-how-pooh-shiesty-was-able-to-allegedly-kidnap-g-2000113628
Love Island’s JaNa Craig Gives Long-Awaited Update After Bombshell Breakup,"After the unbelievable and nasty breakup unfolded between her and another former ‘Love Island’ contestant, JaNa Craig is finally letting fans in on how she’s doing now.",theroot.com,2026-07-03,Entertainment,Shanelle Genai,https://www.theroot.com/love-islands-jana-craig-gives-long-awaited-update-after-2000114409
The Perfect Playlist For Your Black Fourth of July Cookout,"From Cameo’s ‘Candy’ to Mary J. Blige’s ‘Family Affair,’ your summer cookout playlist just got a whole lot better!",theroot.com,2026-07-03,Entertainment,Shanelle Genai,https://www.theroot.com/the-perfect-playlist-for-your-black-fourth-of-july-cook-2000113822
Why We Need Independent Working-Class Power to Reshape American Politics,"Opinion: The author argues it is entirely possible to build independent, working-class political power outside of the traditional two-party system.",theroot.com,2026-07-03,Opinion,Maurice Mitchell,https://www.theroot.com/why-we-need-independent-working-class-power-to-reshape-2000112816
‘The Fourth of July Should Be A Day of Resistance’,Rev. Barber says honoring Independence Day requires the transformation of the holiday into a sustained movement for justice.,theroot.com,2026-07-03,News,Rashad Grove,https://www.theroot.com/the-fourth-of-july-should-be-a-day-of-resistance-2000114461
How 8 Plantation Tours Handle the Truth of Slavery,America 250: We looked at plantation museums to spotlight the locations providing an honest account of the horrors of slavery.,theroot.com,2026-07-03,Culture,Mahalia Otshudy,https://www.theroot.com/how-8-plantation-tours-handle-the-truth-of-slavery-2000113877
Former NFL Scout Learns His Fate in Trial for Murder of Partner and Unborn Child,"A frantic 911 call, alleged missing evidence, emotional testimony and a shocking medical report were all at the center of the murder trial of Blaise Taylor.",theroot.com,2026-07-02,Crime,Phenix S Halley,https://www.theroot.com/former-nfl-scout-learns-his-fate-in-trial-for-murder-of-2000113254
"There’s a New King of the HBCUs, and the Numbers Say It’s Florida A&M","Move over Howard University, Spelman College and Hampton University… This Florida HBCU is taking over national rankings! And this is how they did it.",theroot.com,2026-07-02,Education,Phenix S Halley,https://www.theroot.com/there-s-a-new-king-of-the-hbcus-and-the-numbers-say-it-2000114263
"Richard Pryor’s Daughter Reveals Shocking Childhood Memory With White Mom, But That’s Not All!","Elizabeth Stordeur Pryor, the third eldest child of the late Richard Pryor, is getting candid about the complicated relationship with her parents. And it’s truly something!",theroot.com,2026-07-02,Entertainment,Shanelle Genai,https://www.theroot.com/richard-pryors-daughter-reveals-shocking-childhood-memo-2000114224
See What Gen Z Will Be Wearing All Summer Long,"Summer is officially heating up, and these are the exact fashion trends taking over our feeds right now!",theroot.com,2026-07-02,Beauty + Style,Mahalia Otshudy,https://www.theroot.com/see-what-gen-z-will-be-wearing-all-summer-long-2000114186
How Trump’s Midterm Strategy is Hitting Black and Brown Communities Hardest,"From the aggressive rewriting of local voting maps to budget cuts and policy shifts, many believe there’s a mirco-war against Black and brown America.",theroot.com,2026-07-02,News,Angela Wilson,https://www.theroot.com/how-trump-s-midterm-strategy-is-hitting-black-and-brown-2000114197
Why The Sports Gambling Crisis Is Rising Among Black Men,"As mobile sportsbooks target a new generation of bettors, sports betting has transformed into a high-stakes financial trap for Black men.",theroot.com,2026-07-02,Sports,Rashad Grove,https://www.theroot.com/why-the-sports-gambling-crisis-is-rising-among-black-me-2000114333
Lil Uzi Vert Says Rehab Betrayed Their Trust by Secretly Recording Therapy Session,"Rapper Lil Uzi Vert is at the center of a California lawsuit over one’s right to privacy and HIPAA protections, no matter your celebrity status.",theroot.com,2026-07-02,Entertainment,Phenix S Halley,https://www.theroot.com/lil-uzi-vert-says-rehab-betrayed-their-trust-by-secretl-2000114360
Rev. Barber: ‘Christian Nationalism’ Has Infiltrated the Black Church,Rev. Barber calls for an urgent moral crusade against a political movement using faith to mask injustice.,theroot.com,2026-07-02,News,Rashad Grove,https://www.theroot.com/rev-barber-christian-nationalism-has-infiltrated-the-2000114199
Brother of NFL Star Calais Campbell Charged With Mother’s Murder,"The family of this NFL star, known for philanthropy, is grieving after the death of their matriarch. Now, one of her sons has been charged with her murder.",theroot.com,2026-07-02,Crime,Phenix S Halley,https://www.theroot.com/brother-of-nfl-star-calais-campbell-charged-with-mother-2000114192
The Next Fight for Birthright Citizenship is Now,"The authors warn that the Court’s narrow reasoning, Justice Thomas’s dissent, and the President’s threats provide a roadmap to bypass the Constitution entirely.",theroot.com,2026-07-02,Opinion,Dorian Warren,https://www.theroot.com/the-next-fight-for-birthright-citizenship-is-now-2000114182
These Black History Walking Tours Are Worth Your Time,"From Atlanta’s Civil Rights corridors to Oakland’s West Coast freedom routes, these Black history tours turn city streets into living archives.",theroot.com,2026-07-02,Culture,Phenix S Halley,https://www.theroot.com/these-black-history-walking-tours-are-worth-your-time-2000113998
How a Black Inmate Got Away With Stealing $11 Million From a Hollywood Producer,The story of how a Black inmate pulled off one of the biggest heists while serving time in federal prison is almost unbelievable! Let’s get into it!,theroot.com,2026-07-01,Crime,Shanelle Genai,https://www.theroot.com/how-a-black-inmate-got-away-with-stealing-11-million-f-2000114055
A Look at Black Men’s Hypocritical Obsession With Daphne Joy,Black men’s latest obsession with Daphne Joy exposes a familiar double standard in how some Black women are unfairly and selectively judged.,theroot.com,2026-07-01,Entertainment,Shanelle Genai,https://www.theroot.com/a-look-at-black-mens-hypocritical-obsession-with-daphne-2000113965
Why Teyana Taylor is Catching Heat for Wearing Meta’s Smart Glasses,"After rocking Ray-Ban Meta glasses at the BET Awards, Teyana Taylor is facing backlash online for promoting technology that can be harmful to Black women.",theroot.com,2026-07-01,Entertainment,Mahalia Otshudy,https://www.theroot.com/why-teyana-taylor-is-catching-heat-for-wearing-metas-sm-2000113903
HBCUs’ Biggest Challenge in 2026? Having Too Many Students!,"While HBCUs continue to experience a historic enrollment boom, decades of underfunding are colliding with surging demand. Here’s what you should know.",theroot.com,2026-07-01,Education,Asheea Smith,https://www.theroot.com/hbcus-biggest-challenge-in-2026-having-too-many-studen-2000113908
"To Save The Planet, We Must Save Democracy First","When communities most harmed by pollution are the same ones losing voting rights, climate progress stalls.",theroot.com,2026-07-01,Opinion,Andrea Cristina Mercado,https://www.theroot.com/to-save-the-planet-we-must-save-democracy-first-2000113977
Iconic Actor Danny Glover On Life After Alzheimer’s Diagnosis,"Despite the Alzheimer diagnosis, Glover says he isn’t ready to step away from the work that has defined much of his life.",theroot.com,2026-07-01,Entertainment,Phenix S Halley,https://www.theroot.com/iconic-actor-danny-glover-on-life-after-alzheimers-dia-2000113960
Why This Washington Post Story Has Black Group Chats Shook,A Washington Post analysis detailing the stories of educated Black women struggling to find jobs is hitting close to home for many in the same boat.,theroot.com,2026-07-01,Culture,Phenix S Halley,https://www.theroot.com/why-this-washington-post-story-has-black-group-chats-sh-2000113432
The Internet is in Absolute Shambles Over Karamo Brown and Jussie Smollett’s New Romance,Hollywood apparently has a new couple in Karamo Brown and Jussie Smollett. But the internet isn’t buying it.,theroot.com,2026-07-01,Entertainment,Shanelle Genai,https://www.theroot.com/the-internet-is-in-absolute-shambles-over-karamo-brown-2000113901
Trump Made a Billion While in Office. Now Ask Yourself If Barack Obama Could Get Away With It,"If a Black politician secures a bag while in office, he’s typically audited and investigated. Meanwhile, Trump just raked in over a billion from crypto alone.",theroot.com,2026-07-01,News,Angela Wilson,https://www.theroot.com/trump-made-a-billion-while-in-office-now-ask-yourself-2000113878
How a Texas Nun Headed to Worship Became the Latest Face of Trump’s Immigration Crackdown,"After the story of a Catholic nun being detained by ICE circulated in the state of Texas, several Congress members intervened to bring her home.",theroot.com,2026-07-01,News,Phenix S Halley,https://www.theroot.com/how-a-texas-nun-headed-to-worship-became-the-latest-fac-2000113879
Things We Can’t Wait to See at ESSENCE Fest 2026,"Michelle Obama, Cardi B., and more are all expected to turn up at this year’s ESSENCE Festival of Culture! But that’s just the tip of the iceberg!",theroot.com,2026-07-01,Entertainment,Shanelle Genai,https://www.theroot.com/things-we-cant-wait-to-see-at-essence-fest-2026-2000113868
