title,description,source,date_of_publication,category,author,link,topics,topic_ids,matched_phrases,topic_count,match_score
Duane ‘Keefe D’ Davis found guilty of orchestrating 1996 murder of Tupac Shakur,"A Las Vegas jury took only three hours to convict Duane ""Keefe D"" Davis of orchestrating the 1996 murder of Tupac Shakur.",thegrio.com,2026-08-31,Entertainment,Brandon Caldwell,https://thegrio.com/2026/08/31/duane-keefe-d-davis-guilty-murder-tupac-shakur/,,,{},0,0.0
"Who Ran The WNBA This Week: Angel Reese Owns The Glass, Clark & Mitchell Make History & Dallas Gets In","WNBA on pause, playoff field set, Angel Reese dominates, Indiana’s backcourt shines, Golden State surges into break.",newsone.com,2026-08-31,Sports,,https://newsone.com/6870710/who-ran-the-wnba-this-week-14/,,,{},0,0.0
The Met Cancels John Galliano’s 2027 Retrospective Following Backlash,"Well, that was fast. The Metropolitan Museum of Art announced Monday morning that its planned John Galliano retrospective, John Galliano: Horizons, will no longer move forward. The exhibition was scheduled to open in May 2027 and would have made Galliano only the third living designer to receive a solo Costume Institute exhibition. Now, after weeks […]",ebony.com,2026-08-31,Fashion,,https://www.ebony.com/the-met-cancels-john-gallianos-2027-retrospective-following-backlash/,,,{},0,0.0
Ib Kamara Is Leaving Off-White. What Happens to Virgil Abloh’s Legacy Now?,"Four years after being handed what might have been one of the most complicated jobs in fashion, Ib Kamara is leaving Off-White. According to The Business of Fashion, Kamara is exiting the house founded by the late Virgil Abloh, with no successor currently named and no runway show planned for the upcoming season. His departure […]",ebony.com,2026-08-31,Fashion,,https://www.ebony.com/ib-kamara-is-leaving-off-white-what-happens-to-virgil-ablohs-legacy-now/,,,{},0,0.0
Keith Lee Turns Attention Into Action for Gary Residents After Devastating Power Outage,"Keith Lee is putting his money and influence where his mouth is. Lee posted a video to his 17.4 million TikTok followers expressing his frustration of the lack of coverage on Gary, Indiana’s power outage on August 18. At the time of his post, he had already initiated contact with the City of Gary’s mayoral office and Salvation Army to bring […]",ebony.com,2026-08-31,Culture,,https://www.ebony.com/keith-lee-turns-attention-into-action-for-gary-residents-after-devastating-power-outage/,,,{},0,0.0
"Get Lit: 10 Books On Fantasy, Finance and Full Vibes to Close Out August","Summer is rushing to its season’s end, which means our bookshelves will want to be covered in thick, warm stacks all fall and winter long. Thankfully, August is leaving us with a few titles to start as the weather begins to cool down, and this month’s offerings have been just as hot as the past […]",ebony.com,2026-08-31,Books,,https://www.ebony.com/get-lit-black-authors-books-fantasy-finance-full-vibes-august/,,,{},0,0.0
Black Journalists Aren’t Waiting for a Seat at the Table. They’re Building Their Own,"The release of The Devil Wears Prada 2 earlier this year made plenty of fashion people feel seen, especially journalists and media professionals. But beyond the entertainment, its portrayal of print media’s decline and Runway magazine’s uncertain future mirrored a reality many working journalists already know: the media industry is changing, and for Black journalists, […]",ebony.com,2026-08-31,Beauty,,https://www.ebony.com/black-journalists-arent-waiting-for-a-seat-at-the-table-theyre-building-their-own/,,,{},0,0.0
7 ‘Love Island USA’ Reunion Season 8 Revelations We’ll Be Thinking About All Week,"We’ve been waiting for this night since Brinity were crowned the winners of Love Island USA Season 8. From the core four and bombshells to the Casa Amor hotties, the Islanders reunited to reminisce about villa life, update us on their love stories and hash out old wounds, along with a few new ones created […]",ebony.com,2026-08-31,Entertainment,,https://www.ebony.com/love-island-usa-reunion-season-8-revelations-well-be-thinking-about-all-week/,,,{},0,0.0
"A Data Center Promises Jobs in This Black Town, but Residents Aren’t Convinced","At the center of the debate in Clarksdale, Mississippi, one question lingers: What’s the right development for a dying town?",capitalbnews.org,2026-08-31,,Aallyah Wright,https://capitalbnews.org/data-center-clarksdale-mississippi/,,,{},0,0.0
"Congratulations, Google, You Played Yourself! [Op-Ed]","Apparently, it’s too much to expect certain corporations to do the ethical thing and not participate in normalizing the “Idiocracy” that has come with Trump and MAGA.",newsone.com,2026-08-31,Nation,,https://newsone.com/6870654/google-lake-ontario-lake-america/,,,{},0,0.0
‘Lanterns’: John’s Parents Give Dysfunction A Whole New Meaning,"We learn all about John Stewart’s lifelong preparation to become the next Green Lantern, as well as why the Guardians are interviewing for a new one.",newsone.com,2026-08-31,Culture,,https://newsone.com/6870662/lanterns-episode-3-recap-john-stewart-background/,,,{},0,0.0
Who Protects Students From Teachers Who Turn Them Into Content?,OPINION: Federal privacy law and district policies have not necessarily kept pace with an online culture that encourages educators to convert classroom experiences into social media content.,newsone.com,2026-08-31,Education,,https://newsone.com/6870669/who-protects-students-from-being-turned-into-content/,,,{},0,0.0
What Happened To Kenneth Williams Sr.?: Black Security Guard Killed By Police In Gary,Family demands answers after police fatally shot security guard Kenneth Williams Sr. at an Indiana transit station.,newsone.com,2026-08-31,News,,https://newsone.com/6870678/what-happened-to-kenneth-williams-sr-black-security-guard-killed-by-police-in-gary/,Policing & Public Safety,policing,"{""Policing & Public Safety"": [""killed by police""]}",1,0.333
Hip-Hop’s Long Embrace Of The Black August Movement,"From dead prez to Mos Def, how hip-hop used its platform to educate fans on Black August and the fight for political prisoners.",newsone.com,2026-08-31,Black History,,https://newsone.com/6870691/black-august-hip-hop-deep-connection/,,,{},0,0.0
"US Attacks Iran After A Month Of Inactivity, Iran Retaliates [Op-Ed]","OPINION: Donald Trump’s senseless, seemingly one-sided war with Iran continues as he and his administration offer tough talk and empty promises.",newsone.com,2026-08-31,Nation,,https://newsone.com/6870702/us-attacks-iran-retaliates-ongoing-war/,,,{},0,0.0
"Urban One's ONE Yard Hits Bowie State, Blending Culture, Connection","Urban One’s six-hour cultural event drew approximately 400 students, alumni and staff to the Martin Luther King Jr. Center.",newsone.com,2026-08-31,Bison One Newsroom,,https://newsone.com/6870717/urban-one-one-yard-bowie-state/,,,{},0,0.0
Preventing Juvenile Delinquency In Communities Saves Lives,"Preventing juvenile delinquency in communities can empower youth, make neighborhoods safer, and save lives. Learn more about this sensitive issue in this guide.",newsone.com,2026-08-31,Civil Rights &Amp; Social Justice,,https://newsone.com/6869644/preventing-juvenile-delinquency-in-communities-saves-lives/,,,{},0,0.0
Headed Up North? Here’s Your Toronto Travel Guide,"Summers in Toronto are the best, especially this summer, as the city hosted the FIFA World Cup 2026 tournament and celebrated the 59th year of the Toronto Caribbean Carnival. However, there’s always something so charming about the city as it begins to wind down. It’s still warm out (always a plus), which means everyone’s out […]",ebony.com,2026-08-31,Travel,,https://www.ebony.com/headed-up-north-toronto-travel-guide/,,,{},0,0.0
"As a Mississippi community turns to football, Nolan Wells’ brothers, teammates make sure no one forgets him",There were different tones of tribute for Nolan Wells at his old high school and community college as football returned to Mississippi.,thegrio.com,2026-08-31,News,Brandon Caldwell,https://thegrio.com/2026/08/31/nolan-wells-football-community-mississippi/,,,{},0,0.0
Inside Deion Sanders’ Multi-Million Dollar Former Texas Mansion,"Deion Sanders’ former Texas mansion recently sold, and we’ve got a look at what the legendary home used to look like. Let’s check it out!",theroot.com,2026-08-31,Entertainment,Shanelle Genai,https://www.theroot.com/inside-deion-sanders-multi-million-dollar-former-texas-2000123860,,,{},0,0.0
The Bill Headed to Newsom’s Desk That Could Force Corporations to Confess Their Slavery Ties,"If Newsom signs it, California will become the first state to make large companies disclose slavery-era profits in a public database that stays online indefinitely.",theroot.com,2026-08-31,Culture,Phenix S Halley,https://www.theroot.com/the-bill-headed-to-newsoms-desk-that-could-force-corpor-2000123876,,,{},0,0.0
Could This Black Mother’s Tragic Case Predict the Fate of Lindsay Clancy’s Postpartum Psychosis Defense?,A New York judge’s ruling in the case of a Black mother with postpartum psychosis comes as a Massachusetts jury weighs Lindsay Clancy’s criminal responsibility.,theroot.com,2026-08-31,Crime,Phenix S Halley,https://www.theroot.com/could-this-black-mothers-tragic-case-predict-the-fate-o-2000123827,Maternal Health,maternal_health,"{""Maternal Health"": [""postpartum""]}",1,0.333
Why Black Folks Need to Tune in to Aaron Pierre’s ‘Lanterns’,"HBO Max’s new show, Lanterns, starring Aaron Pierre, has Black audiences all over raving about its storytelling—thanks in large part to its latest episode. Here’s why you should be watching, too!",theroot.com,2026-08-31,Entertainment,Shanelle Genai,https://www.theroot.com/why-black-folks-need-to-tune-in-to-aaron-pierres-lanter-2000123776,,,{},0,0.0
"From Celebrity Hairstylist to Fragrance Founder, Why Kahh Spence’s Next Act Smells Like a Million Dollars","The celebrity hairstylist-turned-entrepreneur opens up about honoring his late mother, betting on himself and building a Black-owned luxury brand.",theroot.com,2026-08-31,Beauty,Ty Cole,https://www.theroot.com/from-celebrity-hairstylist-to-fragrance-founder-why-ka-2000123517,Economic Equity & Wealth Gap,economic_equity,"{""Economic Equity & Wealth Gap"": [""black-owned""]}",1,0.333
Beyond Blue Ivy and North West: 8 Young Black Trailblazers Shaping the Future of Hollywood,"From Blue Ivy Carter’s Met Gala debut to Chase Infiniti’s Oscar-winning breakout, these girls and young women are building the careers that will define the next era of Black Hollywood.",theroot.com,2026-08-31,Entertainment,Mahalia Otshudy,https://www.theroot.com/beyond-blue-ivy-and-north-west-8-young-black-trailblaz-2000123805,,,{},0,0.0
"Black Folks Online Are Doing the Great Lock-In, Here’s How You Can, Too!","Black folks online are about to start the ‘Great Lock-In’ on September 1. Here’s how you can join in, too!",theroot.com,2026-08-31,Culture,Shanelle Genai,https://www.theroot.com/black-folks-online-are-doing-the-great-lock-in-heres-h-2000123734,,,{},0,0.0
Jason Arday’s Accuser Escapes Full Suspension at Ghent University,Nathan Cofnas has been placed on a 3-month teaching ban.,theroot.com,2026-08-31,Culture,Phenix S Halley,https://www.theroot.com/jason-arday-s-accuser-escapes-full-suspension-at-ghent-2000123760,,,{},0,0.0
Aaliyah’s Uncle Blames His Son For Her Death in Bitter Legal Dispute,"The feud between Aaliyah’s uncle and manager, Barry Hankerson, and his son, Jomo, is getting ugly after Barry made a claim that his son is to blame for the singer’s death.",theroot.com,2026-08-31,Entertainment,Mahalia Otshudy,https://www.theroot.com/aaliyah-s-uncle-blames-his-son-for-her-death-in-bitter-2000123775,,,{},0,0.0
Man Allegedly Stole Lottery Tickets During His Job Interview. He Won $5 and is Facing Charges.,"Antonio Stewart of South Carolina was in the middle of a job interview when police said he stole lottery tickets, then tried redeeming them nearby.",theroot.com,2026-08-31,Crime,Angela Wilson,https://www.theroot.com/man-allegedly-stole-lottery-tickets-during-his-job-inte-2000123728,,,{},0,0.0
NBA Player Harrison Barnes Invests Millions in a Community Bank,"After 14 NBA seasons, Harrison Barnes is investing $25 million in an Iowa bank while building his future beyond basketball.",theroot.com,2026-08-31,Culture,Phenix S Halley,https://www.theroot.com/nba-player-harrison-barnes-invests-millions-in-a-commun-2000120626,,,{},0,0.0
Expert: Young Black Voters Are Asking Democrats to Earn Their Votes,"Young Black voters are questioning Democratic loyalty, demanding meaningful change and embracing candidates who speak directly to their frustrations and priorities.",theroot.com,2026-08-31,Culture,Phenix S Halley,https://www.theroot.com/expert-young-black-voters-are-asking-democrats-to-earn-2000123295,,,{},0,0.0
What Happens on the Vineyard Doesn’t Stay on the Vineyard,"Black leaders came to Martha’s Vineyard for rest. They left with candidate pipelines, donor networks and a set of instructions that don’t expire in November.",theroot.com,2026-08-31,Politics,Nii-Quartelai Quartey,https://www.theroot.com/what-happens-on-the-vineyard-doesnt-stay-on-the-vineyar-2000123725,,,{},0,0.0
Newlyweds Bozoma Saint John-Watson and Keely Watson on Love and Choosing Each Other Every Day,"Black love shined bright on August 21, when Bozoma Saint John-Watson married her love, Keely Watson, in a glorious wedding ceremony in Accra, Ghana, steeped in African tradition. The couple, who began dating in 2024 and announced their engagement a year ago, are still reveling in that magical experience. But it was only their first […]",ebony.com,2026-08-31,Celebrity,,https://www.ebony.com/bozoma-saint-john-watson-keely-watson-on-love-softness-and-choosing-each-other-every-day/,,,{},0,0.0
Add the Honey Deuce to your US Open Menu,"The US Open has officially begun, and what better way to celebrate and feel included than with a signature cocktail? Now, if you’re new to the trend or want to be in the mix, then you need to hop on the wave of the Honey Deuce. You’ll encounter many drinks, but none stands out quite […]",ebony.com,2026-08-31,Dining,,https://www.ebony.com/add-the-honey-deuce-to-your-us-open-menu/,,,{},0,0.0
"DOJ Says George Washington University Medical School Illegally Favored Black, Hispanic Applicants Over White And Asian Applicants","The U.S. Department of Justice determined that George Washington University’s medical school engaged in illegal racial discrimination in its admissions process. What did the DOJ say about George Washington University’s admissions practices? On Thursday, the DOJ’s Civil Rights Division announced that George Washington School of Medicine and Health Sciences intentionally used race as a factor… Continue reading DOJ Says George Washington University Medical School Illegally Favored Black, Hispanic A…",blavity.com,2026-08-31,Politics,Jahaura Michelle,https://blavity.com/gwu-medical-school-doj-racial-discrimination-admissions,,,{},0,0.0
Ryan Clark and ‘The Pivot’ make moves with Netflix in multi-year partnership,"The next pivot for Ryan Clark, Channing Crowder and Fred Taylor? Netflix. The popular podcast joins the streamer's roster in September.",thegrio.com,2026-08-31,Sports,Brandon Caldwell,https://thegrio.com/2026/08/31/ryan-clark-the-pivot-podcast-netflix/,,,{},0,0.0
Aaliyah family legal battle raises new allegation about singer’s fatal 2001 plane crash,"The Aaliyah plane crash lawsuit has taken a startling turn, with Barry Hankerson accusing his son Jomo of failing to coordinate travel before",thegrio.com,2026-08-31,News,Bolarinwa Oladeji,https://thegrio.com/2026/08/31/aaliyah-uncle-barry-hankerson-cousin-jomo-plane-crash-lawsuit/,,,{},0,0.0
Angie Nixon says Trump or Senate opponent Ashley Moody may have ‘paid off’ Laura Loomer for racist attack,Angie Nixon responds to Laura Loomer’s racist attack and alleges Trump or Ashley Moody may have used it to distract from a Florida scandal.,thegrio.com,2026-08-31,Politics,Gerren Keith Gaynor,https://thegrio.com/2026/08/31/angie-nixon-trump-ashley-moody-paid-off-laura-loomer-racist-attack/,,,{},0,0.0
California bill would make major companies reckon with their historical ties to slavery,Corporations with more than $100 million in annual sales could be required to disclose whether they profited from slavery.,thegrio.com,2026-08-31,News,Bolarinwa Oladeji,https://thegrio.com/2026/08/31/california-slavery-disclosure-bill-newsom/,,,{},0,0.0
How Daejon Love pulled off an elaborate fake NFL career and allegedly fooled 26 women,We break down how Daejon Love managed to pose as a San Francisco 49ers player and defraud more than two dozen women out of $1.3 million.,thegrio.com,2026-08-31,Lifestyle,Kay Wicker,https://thegrio.com/2026/08/31/how-daejon-love-pulled-off-an-elaborate-fake-nfl-career-and-allegedly-fooled-26-women/,,,{},0,0.0
Angie Nixon says Black women need more than ‘passive allies’ after Marjorie Taylor Greene condemns racist attack,Nixon says Greene’s defense surprised her as she calls for “willful accomplices” to push back against attacks targeting Black women.,thegrio.com,2026-08-31,Politics,Gerren Keith Gaynor,https://thegrio.com/2026/08/31/angie-nixon-shocked-marjorie-taylor-greene-defend-black-women/,,,{},0,0.0
"6 Black-owned haircare brands making products for curls, coils, and every texture","As conversations around Mielle Organics reignite questions about how Black hair is marketed, these Black-owned brands are worth knowing.",thegrio.com,2026-08-31,Featured,Haniyah P.,https://thegrio.com/2026/08/31/6-black-owned-haircare-brands-making-products-for-curls-coils-and-every-texture/,Economic Equity & Wealth Gap,economic_equity,"{""Economic Equity & Wealth Gap"": [""black-owned""]}",1,0.333
8 books to add to your reading list before August ends,"Looking for your next read? Here are eight books to add to your reading list, featuring fiction, nonfiction, poetry and more.",thegrio.com,2026-08-31,Featured,Jahaura Michelle,https://thegrio.com/2026/08/31/8-books-to-add-to-your-reading-list-before-august-ends/,,,{},0,0.0
South LA couple welcomes 19-pound triplets who came close to a world record,"Elio, Elias and Enzo each weighed more than 6 pounds at birth — and arrived on their father’s birthday. A",thegrio.com,2026-08-31,Featured,Peter Kerich,https://thegrio.com/2026/08/31/south-la-couple-welcomes-19-pound-triplets/,,,{},0,0.0
Beyoncé’s BeyGOOD pledges $200K to Indiana flood relief after deadly storms,"BeyGOOD Indiana relief gets a $200,000 boost from Beyoncé’s foundation as deadly storms and flooding leave families in Indiana.",thegrio.com,2026-08-31,Featured,Odafe Oghen,https://thegrio.com/2026/08/31/beygood-indiana-relief-beyonce-flooding/,,,{},0,0.0
‘My upset had layers’: Lauryn Hill defends ex-partner Rohan Marley from suggestion he did her ‘dirty’ in their relationship,"After influencer Mayowa questioned the effects of Lauryn Hill's relationship with Rohan Marley, the Fugees singer went to bat for her ex.",thegrio.com,2026-08-31,Lifestyle,Brandon Caldwell,https://thegrio.com/2026/08/31/lauryn-hill-rohan-marley-relationship-mayowa/,,,{},0,0.0
‘He loved his family more than anything’: Spelhouse love story takes heartbreaking turn after husband’s sudden cancer death at 34,"Christian Davis-Smith died weeks after being diagnosed with Stage 4 renal medullary carcinoma, leaving behind his pregnant wife and son.",thegrio.com,2026-08-31,Lifestyle,Haniyah P.,https://thegrio.com/2026/08/31/he-loved-his-family-more-than-anything-spelhouse-love-story-takes-heartbreaking-turn-after-husbands-sudden-cancer-death-at-34/,,,{},0,0.0
A new New York law puts textured hair training in cosmetology schools—are they ready?,A new bill requiring cosmetology schools in New York State to teach how to style textured hair takes effect on Sept. 1.,thegrio.com,2026-08-31,Lifestyle,Kay Wicker,https://thegrio.com/2026/08/31/a-new-new-york-law-puts-textured-hair-training-in-cosmetology-schools-are-they-ready/,,,{},0,0.0
"Supreme Court gives Trump a win, but doesn’t rule White House ballroom lawful","The Supreme Court allowed construction of Trump’s White House ballroom to continue, but did not decide whether the project is legal.",thegrio.com,2026-08-31,Politics,Bolarinwa Oladeji,https://thegrio.com/2026/08/31/supreme-court-white-house-ballroom-construction-ruling/,,,{},0,0.0
Lionel Richie checks into St. Louis-area ICU for precuationary mesasure following concert,The 77-year-old Grammy Award winner previously postponed two shows earlier this year after complaining of dizziness.,thegrio.com,2026-08-31,Entertainment,Brandon Caldwell,https://thegrio.com/2026/08/31/lionel-richie-health-icu-st-louis/,,,{},0,0.0
Trump wants the FCC to punish Kristen Welker over ‘Meet the Press’ coverage,The president accused Welker of “purposeful inaccuracy” after she described his recent primary endorsements as having “mixed results.”,thegrio.com,2026-08-31,News,Peter Kerich,https://thegrio.com/2026/08/31/trump-fcc-kristen-welker-nbc-press-freedom/,,,{},0,0.0
‘I had to take action’: 12-year-old Maryland boy steps in during alleged attack on his mother,A 12-year-old Maryland boy says he stabbed his mother's boyfriend after allegedly witnessing him choke her inside their apartment.,thegrio.com,2026-08-31,News,Peter Kerich,https://thegrio.com/2026/08/31/12-year-old-maryland-boy-saves-mom-alleged-attack/,,,{},0,0.0
"Lil Nas X Announces Death Of His Mother, Shares Emotional Tribute",Lil Nas X posted an emotional tribute on social media on Saturday as he revealed that he is grieving the death of his mother Tameka Hill.,blavity.com,2026-08-31,News,Tomas Kassahun,https://blavity.com/lil-nas-x-announces-death-of-his-mother-tameka-hill,,,{},0,0.0
Angela Yee is engaged to longtime partner Tameek ‘Meek’ Floyd,The notoriously private radio personality revealed a major relationship milestone after years of keeping her romance out of the spotlight.,thegrio.com,2026-08-31,News,Bolarinwa Oladeji,https://thegrio.com/2026/08/31/angela-yee-engaged-tameek-floyd-proposal/,,,{},0,0.0
‘I will own up to that mistake’: Rep. Jim Clyburn regrets backing Clarence Thomas for the Supreme Court,"Rep. Jim Clyburn says he regrets supporting Clarence Thomas during his 1991 Supreme Court confirmation, calling it a mistake he now owns.",thegrio.com,2026-08-31,Politics,Peter Kerich,https://thegrio.com/2026/08/31/jim-clyburn-regrets-supporting-clarence-thomas/,,,{},0,0.0
Joe Budden proposes to Shadée Monique as she surprises him with baby news,What began as a birthday celebration ended with an engagement and the announcement that the couple is expecting a baby girl.,thegrio.com,2026-08-31,News,Bolarinwa Oladeji,https://thegrio.com/2026/08/31/joe-budden-shadee-monique-pregnancy-engagement-baby-girl/,,,{},0,0.0
Laura Loomer’s racist attacks on Angie Nixon and other prominent Black women draw backlash,Nixon fired back at the far-right activist as Marjorie Taylor Greene publicly condemned Loomer’s remarks as “nasty” and “hateful.”,thegrio.com,2026-08-31,Politics,Odafe Oghen,https://thegrio.com/2026/08/31/laura-loomer-racist-tirade-angie-nixon/,,,{},0,0.0
Florida’s First HBCU Just Recorded Its Highest Fall Enrollment In Over 20 Years,"Edward Waters University (EWU), Florida’s first Historically Black College and University (HBCU), recorded its highest fall enrollment in more than two decades after Fall 2026 registration closed. Amid a historic period of institutional growth, expanded academic offerings, and continued investment in the student experience, EWU welcomed 1,281 students as registration closed on Friday, Aug. 14,… Continue reading Florida’s First HBCU Just Recorded Its Highest Fall Enrollment In Over 20 Years",afrotech.com,2026-08-31,Education,ShaCamree Gowdy,https://afrotech.com/edward-water-university-hbcu-record-enrollment-florida,School Funding,school_funding,"{""School Funding"": [""historically black college""]}",1,0.333
Trump Threatens Kristen Welker With FCC ‘Punishment.’ Experts Say He Has No Authority To,"President Trump took to social media Sunday, posting a long message that threatened a major news network over unflattering coverage of his political clout. In doing so, Trump yet again personally insulted a female reporter while also using his authority in an apparent attempt to punish or influence unfavorable stories about his presidency. Trump threatens… Continue reading Trump Threatens Kristen Welker With FCC ‘Punishment.’ Experts Say He Has No Authority To",blavity.com,2026-08-31,Politics,Christopher Rhodes,https://blavity.com/trump-threatens-kristen-welker-with-fcc-punishment,,,{},0,0.0
California Bill Would Require Large Companies To Disclose Past Ties To Slavery,"The California state legislature has taken the next step in its multi-year effort to identify and address the impact of slavery and anti-Black racism in the state. Now, major companies that operate within California may soon be required to officially acknowledge the ways in which they participated in and benefited from slavery as the state… Continue reading California Bill Would Require Large Companies To Disclose Past Ties To Slavery",blavity.com,2026-08-31,Politics,Christopher Rhodes,https://blavity.com/california-bill-would-require-large-companies-to-disclose-past-ties-to-slavery,,,{},0,0.0
Russell Wilson and Ciara entered the horse racing business and immediately won,"Three Brand Racing’s first starter, Club Reign, won his debut as the couple and their children celebrated from the winner’s circle.",thegrio.com,2026-08-31,Featured,Odafe Oghen,https://thegrio.com/2026/08/31/russell-wilson-horse-racing-club-reign/,,,{},0,0.0
Will There Be A Federal Mandate Requiring Surveillance Tech In New Cars?,"There is controversy around the launch of surveillance technology in new U.S. vehicles. NBC Chicago reports that, in 2021, a federal mandate requiring surveillance in new vehicles was enacted to address drunk driving. Thirty-two people are killed daily by a drunk driver, according to the National Highway Traffic Safety Administration. Smart Eye is one of… Continue reading Will There Be A Federal Mandate Requiring Surveillance Tech In New Cars?",afrotech.com,2026-08-31,Technology,Samantha Dorisca,https://afrotech.com/will-there-be-a-federal-mandate-requiring-surveillance-tech-in-new-cars,,,{},0,0.0
Here’s How Much Dolly Parton Made From Whitney Houston’s Rendition Of ‘I Will Always Love You’ And Invested Back Into The Community,"It would be hard to consider the legacy of the late Dolly Parton without “I Will Always Love You.” The singer and songwriter, who was born in the Smoky Mountains of Tennessee, wrote the song in 1973, and it was released the following year as the second single from her 13th solo studio album, “Jolene,”… Continue reading Here’s How Much Dolly Parton Made From Whitney Houston’s Rendition Of ‘I Will Always Love You’ And Invested Back Into The Community",afrotech.com,2026-08-31,Business,Samantha Dorisca,https://afrotech.com/dolly-parton-invested-royalties-from-whitney-houstons-i-will-always-love-you,,,{},0,0.0
"AMP, The Streaming Group That Includes Kai Cenat, Fanum, ImDavisss, And More, Purchases Neighborhood","AMP is proof that if you want to go fast, go alone, and if you want to go far, go together. Who Is AMP? The streaming collective, which stands for “Any Means Possible,” comprises ImDavisss, Fanum, Agent00, Duke Dennis, Kai Cenat, and ChrisNxtDoor, as previously reported by AFROTECH™. The members were all creating content separately… Continue reading AMP, The Streaming Group That Includes Kai Cenat, Fanum, ImDavisss, And More, Purchases Neighborhood",afrotech.com,2026-08-31,Business,Samantha Dorisca,https://afrotech.com/amp-the-streaming-group-purchases-neighborhood-called-the-hill,,,{},0,0.0
"Gladys Knight, 82, Takes Break From Touring As Family Addresses Health Speculation",Legendary singer Gladys Knight is taking a break from touring.,blavity.com,2026-08-31,News,Tomas Kassahun,https://blavity.com/gladys-knight-82-takes-break-from-touring-as-family-addresses-health-speculation,,,{},0,0.0
Every Black ’70s Film Coming To Tubi In September — From ‘Coffy’ To ‘Cooley High’,"Pam Grier, Rudy Ray Moore, Isaac Hayes, Fred Williamson and Cicely Tyson are all in the mix — and every one of these is free to stream.",theroot.com,2026-08-30,Entertainment,Shanelle Genai,https://www.theroot.com/every-black-70s-film-coming-to-tubi-in-september-from-2000123513,,,{},0,0.0
Congress Struggling To Find Plan For Keeping Social Security Solvent,"Outgoing Senators Dick Durbin and Bill Cassidy have been working toward a plan, but there’s no clear solution to keeping Social Security solvent.",newsone.com,2026-08-30,Nation,,https://newsone.com/6870600/congress-no-plan-social-security-solvent/,,,{},0,0.0
Judge Cites Our Beloved Dolly Parton Drag Show Ban Ruling [Op-Ed],OPINION: A district judge found that the language in Texas’ Senate Bill 12 was so broad that it could even be applied to Dolly Parton performances.,newsone.com,2026-08-30,Nation,,https://newsone.com/6870603/judge-cites-dolly-parton-drag-show-ban-ruling/,,,{},0,0.0
Illinois Man Indicted For Allegedly Threatening Friend Of Nolan Wells,"Edward James Porter of Berwyn, Illinois, was indicted for calls he allegedly made on July 31 to Bart Edmiston Jr. and his father.",newsone.com,2026-08-30,Crime,,https://newsone.com/6870607/edward-james-porter-bart-edmiston/,,,{},0,0.0
"Doug E. Fresh, Sway Calloway Want Black Americans to Take Control of Their Heart Health","A panel of hip-hop legends, a former sports star, and medical professionals spoke to raise awareness of a rare heart condition.",theroot.com,2026-08-30,Health,William Ketchum,https://www.theroot.com/doug-e-fresh-sway-calloway-want-black-americans-to-ta-2000123629,,,{},0,0.0
Tuskegee Just Made 13 New Pilots. The Cockpit Is Still 95% White.,"Tuskegee aviation students were honored in a historic milestone with custom leather bomber jackets, adorned with replica patches from Tuskegee Airmen fighting squadrons.",theroot.com,2026-08-30,News,Angela Wilson,https://www.theroot.com/tuskegee-just-made-13-new-pilots-the-cockpit-is-still-2000123599,,,{},0,0.0
Nipsey Hussle returns to Billboard charts as ‘Prolific’ makes a strong debut,"Nipsey Hussle and Bino Rideaux’s “Prolific” debuts on six Billboard charts, including No. 21 on the Billboard 200 and No. 4 on Top Rap Albums.",thegrio.com,2026-08-30,Entertainment,Bobby Pen,https://thegrio.com/2026/08/30/nipsey-hussle-prolific-billboard-charts/,,,{},0,0.0
"The Doux brings Black hair, salon culture and entrepreneurship to Roblox with ‘My Salon Empire’","The Doux is bringing textured hair and Black salon culture to Roblox with “My Salon Empire,” a free game centered on styling and entrepreneurship.",thegrio.com,2026-08-30,Business,Bobby Pen,https://thegrio.com/2026/08/30/the-doux-roblox-my-salon-empire/,,,{},0,0.0
Former Spotify executive Jay Norman is building Verse + Hook around a simple idea: Black culture is popular culture,"Former Spotify executive Jay Norman talks exclusively with theGrio about Verse + Hook, Black culture, Detroit and creating paid opportunities for creatives.",thegrio.com,2026-08-30,Business,Bobby Pen,https://thegrio.com/2026/08/30/jay-norman-spotify-verse-hook-detroit/,,,{},0,0.0
Kehlani reschedules two tour stops after sudden hospitalization,Kehlani rescheduled two world tour stops after being hospitalized with severe pain and difficulty swallowing and not being cleared to sin,thegrio.com,2026-08-30,Entertainment,Bobby Pen,https://thegrio.com/2026/08/30/kehlani-hospitalized-reschedules-tour-shows/,,,{},0,0.0
Joe Budden proposes to Shadée Monique as couple marks 7 years together,"Joe Budden proposed to longtime girlfriend Shadée Monique after seven years together, marking a new chapter for the rapper and podcast host.",thegrio.com,2026-08-30,Entertainment,Bobby Pen,https://thegrio.com/2026/08/30/joe-budden-engaged-shadee-monique/,,,{},0,0.0
An Unarmed Man Was Shot 20 Times by Deputies. Now His Family Is Suing,"Jaque Rabon, 23, was shot roughly 20 times by San Bernardino County sheriff’s deputies serving a warrant in a Riverside parking lot. No weapon was found.",theroot.com,2026-08-29,Criminal Justice,Phenix S Halley,https://www.theroot.com/an-unarmed-man-was-shot-20-times-by-deputies-now-his-f-2000123696,Policing & Public Safety,policing,"{""Policing & Public Safety"": [""sheriff""]}",1,0.333
"Mamdani Touts NYC Doula Program’s 4,200-Person Milestone, Expands Access To More Hospitals","New York City’s Citywide Doula Initiative, a free program that provides non-medical support from doulas to pregnant individuals and families, reached a milestone after having served more than 4,200 people across New York City since its inception in 2022. How the initiative is reaching more New York families On Monday, Mayor Zohran Mamdani and the… Continue reading Mamdani Touts NYC Doula Program’s 4,200-Person Milestone, Expands Access To More Hospitals",blavity.com,2026-08-29,Politics,Jahaura Michelle,https://blavity.com/mamdani-touts-nyc-doula-programs-4200-person-milestone-expands,Maternal Health,maternal_health,"{""Maternal Health"": [""doula""]}",1,0.333
Karmelo Anthony Family Spokesman Condemns Austin Metcalf’s Dad After He Refuses To Apologize For Racist Remarks,A spokesperson representing Karmelo Anthony’s family is calling out Austin Metcalf’s father after he used a national television interview to defend racist remarks he previously made about Anthony and his family. Karmelo Anthony’s case has continued to draw national attention Jeff Metcalf spoke publicly for the first time on ABC’s Good Morning America since a… Continue reading Karmelo Anthony Family Spokesman Condemns Austin Metcalf’s Dad After He Refuses To Apologize For Racist Remarks,blavity.com,2026-08-29,News,Jahaura Michelle,https://blavity.com/karmelo-anthony-family-spokesman-fires-back-at-austin-metcalfs-dad,,,{},0,0.0
"Black mother sues Missouri school district, alleges officer discriminated against her son","A Black mother has sued Springfield Public Schools in Missouri, alleging a school resource officer discriminated against her 14-year-old son.",thegrio.com,2026-08-29,News,Odafe Oghen,https://thegrio.com/2026/08/29/springfield-discrimination-lawsuit-black-student/,School Funding,school_funding,"{""School Funding"": [""school resource"", ""school district""]}",1,0.333
‘The baddest’: Lil Nas X announces death of his mother with a touching tribute,"Lil Nas X is mourning the death of his mother, Tameka Hill. On Saturday, the rapper shared photos of the two in remembrance.",thegrio.com,2026-08-29,Lifestyle,Brandon Caldwell,https://thegrio.com/2026/08/29/lil-nas-x-mother-tameka-hill-dies/,,,{},0,0.0
"Former D-1 basketball punched in the face, pulled by his dreadlocks through car window after Arkansas State Trooper pursues vehicle he was a passenger in",Former D-1 basketball player Tedrick Washington Jr. says he's pursing legal action after an Arkansas State Trooper punched him during a traffic stop.,thegrio.com,2026-08-29,News,Brandon Caldwell,https://thegrio.com/2026/08/29/tedrick-washington-jr-punched-dredlocks-pulled-arkansas-state-trooper/,,,{},0,0.0
Erykah Badu calls herself an ‘ever-changing vessel’ as first full-length project in 11 years arrives,"Erykah Badu new album arrives as the singer reflects on reinvention, doula work, motherhood and technology in a revealing new interview.",thegrio.com,2026-08-29,Entertainment,Odafe Oghen,https://thegrio.com/2026/08/29/erykah-badu-new-album-before-world-blows/,Maternal Health,maternal_health,"{""Maternal Health"": [""doula""]}",1,0.333
Niecy Nash-Betts and Jessica Betts celebrate six years of love ahead of wedding anniversary,"Niecy Nash-Betts and Jessica Betts celebrate six years of marriage reflecting on love, intentionality and growing together.",thegrio.com,2026-08-29,Lifestyle,Peter Kerich,https://thegrio.com/2026/08/29/niecy-nash-jessica-betts-sixth-wedding-anniversary/,,,{},0,0.0
Video Shows Arkansas Cop Hold Gun To Unarmed Black Man’s Head [Op-Ed],"OPINION: Cops, who always fear for their lives, don’t realize that Black civilians are also human beings with the same capacity for fear.",newsone.com,2026-08-29,Civil Rights &Amp; Social Justice,,https://newsone.com/6870590/police-officer-holds-gun-unarmed-black-man-head/,Policing & Public Safety,policing,"{""Policing & Public Safety"": [""unarmed black""]}",1,0.333
Donald Trump Gets Trolled For Renaming Lake Ontario,"Trump’s renaming of Lake Ontario isn’t getting the reaction he hoped for from Americans, who are siding with the Canadians and clowning Orange Mussolini, and blasting him with memes.",newsone.com,2026-08-29,Nation,,https://newsone.com/6870557/donald-trump-trolled-for-renaming-lake-ontario/,,,{},0,0.0
Electric Shock Gloves Were Used On Students In Omaha Schools [Op-Ed],OPINION: The Omaha Police Department used the same low-voltage electric gloves in Omaha schools that ICE plans to use to apprehend immigrants.,newsone.com,2026-08-29,Civil Rights &Amp; Social Justice,,https://newsone.com/6870596/electric-shock-gloves-used-on-omaha-students/,Policing & Public Safety,policing,"{""Policing & Public Safety"": [""police department""]}",1,0.333
"At Howard University, a Haircut in the Dorm is Now a Career Move","The grand opening of two salons at HU’s Drew Hall and The Quad is a game-changer for students, faculty, up-and-coming cosmetologists and the HBCU beauty economy.",theroot.com,2026-08-29,Beauty + Style,Samantha Chery,https://www.theroot.com/at-howard-university-a-haircut-in-the-dorm-is-now-a-ca-2000123652,,,{},0,0.0
"Best Michael Jackson Videos Ranked by Viral Views, In Honor of His Birthday",Michael Jackson’s 68th birthday on Aug. 29 has us reminiscing on the music videos he left behind that allow us to enjoy his artistry for years to come. Let’s take a look at his most popular ones!,theroot.com,2026-08-29,Entertainment,Shanelle Genai,https://www.theroot.com/best-michael-jackson-videos-ranked-by-viral-views-in-h-2000059299,,,{},0,0.0
DOJ finds George Washington University medical school discriminated in admissions,The DOJ says George Washington University’s medical school unlawfully used race in admissions for its 2024 and 2025 classes. The university,thegrio.com,2026-08-29,News,Bolarinwa Oladeji,https://thegrio.com/2026/08/29/doj-george-washington-university-medical-school-racial-discrimination/,,,{},0,0.0
Jordyn Woods launches WOODS bridal collection after marrying Karl-Anthony Towns,"Jordyn Woods launches WOODS Bridal, a collection inspired by her recent wedding and centered on self-love, confidence and personal style.",thegrio.com,2026-08-29,Lifestyle,Peter Kerich,https://thegrio.com/2026/08/29/jordyn-woods-woods-bridal-collection/,,,{},0,0.0
Mielle Organics accused of promoting texturism after ‘weak & dull’ natural hair ad sparks backlash,Mielle Organics is facing accusations of texturism after a before-and-after ad labeled fuller natural hair “weak & dull” and defined curls “shiny & strong.”,thegrio.com,2026-08-29,Business,Bobby Pen,https://thegrio.com/2026/08/29/mielle-organics-texturism-natural-hair-ad/,,,{},0,0.0
Jasmine Crockett reinforces move to support down-ballot candidates amid heated Senate race in Texas,"Rep. Jasmine Crockett says she's focused not on the Texas Senate race, but the down-ballot candidates who need her political pull.",thegrio.com,2026-08-29,Politics,Brandon Caldwell,https://thegrio.com/2026/08/29/jasmine-crockett-down-ballot-senate-race-texas/,,,{},0,0.0
Kenan Thompson to fill in for Simon Cowell on ‘America’s Got Talent’,"Kenan Thompson is headed back to the 'America's Got Talent' judge's table, at least temporarily. He'll fill in as Simon Cowell undergoes a back procedure.",thegrio.com,2026-08-29,Entertainment,Odafe Oghen,https://thegrio.com/2026/08/29/kenan-thompson-agt-return-simon-cowell/,,,{},0,0.0
Colin Kaepernick named Muhammad Ali Center’s Humanitarian of the Year,Colin Kaepernick is set to receive the Humanitarian of the Year award from the Muhammad Ali Center later this year.,thegrio.com,2026-08-29,Lifestyle,Odafe Oghen,https://thegrio.com/2026/08/29/kaepernick-humanitarian-award-muhammad-ali-center/,,,{},0,0.0
Everything You Missed in the Tupac Shakur Murder Trial Before Closing Arguments,"Jurors heard 25 prosecution witnesses, a one-day defense case and a retired detective who said he couldn’t verify Duane “Keffe D” Davis’ own account. Here’s where the case stands.",theroot.com,2026-08-29,Criminal Justice,Phenix S Halley,https://www.theroot.com/everything-you-missed-in-the-tupac-shakur-murder-trial-2000123688,,,{},0,0.0
"The Wrap-Up: Celeb Date Night, Loe Shimmy’s Shimmering Act of Kindness, Mike Tyson’s New Treat","Celeb Date Night What do John Legend and Chrissy Teigen do for date night? Why not spend a fun evening getting silly, this time at Chain’s Restaurant’s after-hours bash in Los Angeles, celebrating its upcoming six-month residency at Westfield Topanga Mall. It was a perfect night to reminisce as the couple enjoyed food, drinks and arcade games […]",ebony.com,2026-08-29,Entertainment,,https://www.ebony.com/the-wrapup-john-legend-chrissy-teigen-mike-tyson-loe-shimmy/,,,{},0,0.0
Federal judge temporarily blocks Trump administration’s new mail voting rule,The USPS requirements could have prevented some eligible voters from receiving or returning ballots ahead of the November midterms.,thegrio.com,2026-08-28,Politics,Odafe Oghen,https://thegrio.com/2026/08/28/judge-blocks-trump-mail-voting-rule-2026-midterms/,,,{},0,0.0
Cardi B says motherhood comes with sacrifices: ‘Mom was working her a— off’,"Cardi B motherhood means sacrifice, the rapper says, as she explains balancing four children with touring, recording and global fame.",thegrio.com,2026-08-28,Featured,Odafe Oghen,https://thegrio.com/2026/08/28/cardi-b-motherhood-sacrifice-four-kids/,,,{},0,0.0
Gladys Knight’s step back from performing is a reminder that Black icons deserve rest,"Gladys Knight’s decision to perform less at 82-years old sparks conversations about retirement, aging, and rest.",thegrio.com,2026-08-28,Lifestyle,Haniyah P.,https://thegrio.com/2026/08/28/gladys-knights-step-back-from-performing-is-a-reminder-that-black-icons-deserve-rest/,,,{},0,0.0
Kendrick Lamar makes 7-year-old Detroit fan’s birthday wish come true,"Kendrick Lamar fulfills a birthday promise to seven-year-old Romell Frazier Jr., flying him and family to Los Angeles after a dog attack.",thegrio.com,2026-08-28,Featured,Peter Kerich,https://thegrio.com/2026/08/28/kendrick-lamar-romell-frazier-jr-birthday-promise/,,,{},0,0.0
Jenifer Lewis is the Boomer family member we deserve,"At 69, the “Mother of Black Hollywood” shows that getting older doesn’t have to mean leaving progressive values behind.",thegrio.com,2026-08-28,Lifestyle,Panama Jackson,https://thegrio.com/2026/08/28/jenifer-lewis-is-the-boomer-family-member-we-deserve/,,,{},0,0.0
Kamala Harris urges voters to ‘be too big to rig’ after Supreme Court ruling on mail-in voting,Kamala Harris accuses Trump of making mail voting harder and urges Americans to turn out in large numbers ahead of the 2026 midterms.,thegrio.com,2026-08-28,Politics,Peter Kerich,https://thegrio.com/2026/08/28/kamala-harris-trump-mail-voting-restrictions-midterms/,,,{},0,0.0
Keefe D’s defense rests in Tupac Shakur murder trial as case nears verdict,"The Tupac Shakur murder trial is nearing its conclusion after Keffe D’s defense rested, with closing arguments set for Monday in Las Vegas.",thegrio.com,2026-08-28,Entertainment,Bolarinwa Oladeji,https://thegrio.com/2026/08/28/tupac-shakur-murder-trial-keffe-d-defense-rests-closing-arguments/,,,{},0,0.0
Jason Arday’s memoir tells his story after Cambridge professor’s death,"Jason Arday’s memoir, 'Great and Unfortunate Things', is published in the UK after the Black Cambridge professor died at 41.",thegrio.com,2026-08-28,Featured,Peter Kerich,https://thegrio.com/2026/08/28/jason-arday-memoir-published-uk/,,,{},0,0.0
The Block is Hot: Best Dressed Creatives Ending August the Right Way,"August is packing its bags, and for once, no one is fighting to make it stay. After months of dressing for temperatures that made putting on anything more substantial than a tank top feel like a personal attack, the first hints of cooler air are finally creeping into the forecast. Fall is not quite here […]",ebony.com,2026-08-28,Fashion,,https://www.ebony.com/the-block-is-hot-best-dressed-creatives-ending-august-the-right-way/,,,{},0,0.0
Gladys Knight says she’s ‘easing into fewer performances’ after decades on the road,The music legend says “much soul searching” led her to prioritize family and the next stage of her life and career.,thegrio.com,2026-08-28,Entertainment,Bolarinwa Oladeji,https://thegrio.com/2026/08/28/gladys-knight-steps-back-from-performing-new-era/,,,{},0,0.0
Justus Kelley makes Miss USA history as first mother and married woman to win,The 31-year-old Miss Virginia won the 2026 title three years after the pageant expanded eligibility to mothers and married women.,thegrio.com,2026-08-28,Entertainment,Bolarinwa Oladeji,https://thegrio.com/2026/08/28/justus-kelley-miss-usa-2026-first-mother-married-woman/,,,{},0,0.0
Michael Strahan is reportedly a dad again after quietly welcoming a baby girl,"Michael Strahan has reportedly welcomed a baby girl with longtime girlfriend Kayla Quick, making him a father of five.",thegrio.com,2026-08-28,Featured,Bolarinwa Oladeji,https://thegrio.com/2026/08/28/michael-strahan-welcomes-baby-girl-kayla-quick/,,,{},0,0.0
Beyoncé’s ‘B’Day’ is turning 20 and she’s celebrating with 27 tracks,"Beyoncé celebrates 20 years of B’Day with a 27-track deluxe edition featuring B-sides, Spanish-language versions and rare tracks.",thegrio.com,2026-08-28,Entertainment,Peter Kerich,https://thegrio.com/2026/08/28/beyonce-bday-20th-anniversary-deluxe-edition/,,,{},0,0.0
Why Justus Kelley’s historic Miss USA win truly matters,Justus Kelley makes history becoming the first Miss USA winner in her 30s who is also both married and a mother.,thegrio.com,2026-08-28,Lifestyle,Kay Wicker,https://thegrio.com/2026/08/28/why-justus-kelleys-historic-miss-usa-win-truly-matters/,,,{},0,0.0
"Food’s Still Unsafe, But Don’t Worry, Trump Is Renaming Lake Ontario",OPINION: The renaming of Lake Ontario comes as President Donald Trump escalates a trade war with Canada for reasons that are still unclear.,newsone.com,2026-08-28,Nation,,https://newsone.com/6870563/trump-executive-order-renaming-lake-ontario/,,,{},0,0.0
‘This one is different’: 63rd anniversary of March on Washington comes at a moment of crisis for Black Americans,Thousands marked the March on Washington anniversary as Black leaders warned of threats to voting rights and economic opportunity.,thegrio.com,2026-08-28,Politics,Gerren Keith Gaynor,https://thegrio.com/2026/08/28/63rd-anniversary-of-march-on-washington-crisis-for-black-americans/,Voter Suppression,voter_suppression,"{""Voter Suppression"": [""voting rights""]}",1,0.333
‘Crossed a line’: Miguel addresses online racist attacks directed at his partner and young child,"Singer Miguel is once again defending his partner Margaret Zhang and their son, addressing online racist attacks and harrassment.",thegrio.com,2026-08-28,Lifestyle,Brandon Caldwell,https://thegrio.com/2026/08/28/miguel-margaret-zhang-online-racist-attacks/,,,{},0,0.0
"Black Voting Power Is Under Attack, So Thousands Came to D.C. to Fight Back",The reboot of the 1963 March on Washington was meant to offer a jolt of optimism at a time of deep uncertainty.,capitalbnews.org,2026-08-28,,Brandon Tensley,https://capitalbnews.org/march-on-washington-2026-black-voting-rights/,,,{},0,0.0
Black civil rights leaders vow to fight Trump’s mail-in voting restrictions,Black civil rights leaders challenge Trump’s mail-in voting restrictions as new USPS rules raise concerns about Black voter access.,thegrio.com,2026-08-28,Politics,Gerren Keith Gaynor,https://thegrio.com/2026/08/28/black-civil-rights-leaders-vow-to-fight-trumps-mail-in-voting-restrictions/,Voter Suppression,voter_suppression,"{""Voter Suppression"": [""black voter""]}",1,0.333
‘I want to be free’: Alabama man serving life sentence denied new trial despite learning his original attorney defended the Ku Klux Klan,"A judge refused to give Rocky Myers a new trial in Alabama, despite key details emerging about his original trial lawyer.",thegrio.com,2026-08-28,News,Brandon Caldwell,https://thegrio.com/2026/08/28/rocky-myers-denied-new-trial-alabama-clemency/,Criminal Justice Reform,criminal_justice,"{""Criminal Justice Reform"": [""life sentence""]}",1,0.333
Is Karen Attiah’s Win A Victory For Black Journalism? [Op-Ed],"OPINION: While this is a significant victory for Attiah, what, if anything, did her victory do for the collective condition of Black journalism?",newsone.com,2026-08-28,News,,https://newsone.com/6870506/karen-attiah-victory-black-journalism/,,,{},0,0.0
The History Of Black August And Notable Figures In The Movement,"Black August is an annual recognition of Black freedom fighters, political prisoners and key figures who rallied against injustice.",newsone.com,2026-08-28,Black History,,https://newsone.com/6870522/history-black-august-notable-figures/,,,{},0,0.0
San Bernardino Deputies Fatally Shot Unarmed Black Man 20 Times,"The shooting happened on Jan. 22, as deputies from the San Bernardino County Sheriff’s office were serving a felony warrant on Jaque Rabon.",newsone.com,2026-08-28,Civil Rights &Amp; Social Justice,,https://newsone.com/6870533/sheriff-deputies-fatally-shot-jaque-rabon-20-times/,Policing & Public Safety,policing,"{""Policing & Public Safety"": [""unarmed black"", ""sheriff""]}",1,0.333
Here Are All The Major US Food Recalls This Year Under RFK Jr.,"Numerous 2026 food recalls, from glass in fruit bars to Listeria in cheese, prompt FDA/USDA warnings for consumers",newsone.com,2026-08-28,News,,https://newsone.com/6869687/major-2026-food-recalls-explained/,,,{},0,0.0
"Mississippi Police Chief’s Racist, N-Word-Laced Texts Exposed [Op-Ed]","Senatobia Police Chief Harold Vanderford, who became chief of the department last fall, has been exposed as the latest contestant on Bigots With Badges.",newsone.com,2026-08-28,Civil Rights &Amp; Social Justice,,https://newsone.com/6870547/senatobia-police-chief-harold-vanderford-racist-texts/,,,{},0,0.0
Postal Service Rule Overhauling Mail-In Voting Blocked Again,"Last week, the United States Postal Service unveiled a new rule that completely overhauls how mail-in ballots are counted and delivered.",newsone.com,2026-08-28,Nation,,https://newsone.com/6870559/postal-service-mail-in-voting-rule-blocked-again/,,,{},0,0.0
‘The Stepback with Blake Griffin’ Could Be the New Blueprint for Late Night TV,"Blake Griffin is taking what he learned on the basketball court to primetime television in a surprise career move since retiring from the NBA in 2024. The former NBA star is launching a weekly late-night show on Prime Video in collaboration with YouTube and Amazon’s podcast studio, Wondery. Titled The Stepback with Blake Griffin, the […]",ebony.com,2026-08-28,Entertainment,,https://www.ebony.com/the-stepback-with-blake-griffin-offers-a-new-path-into-late-night-tv/,,,{},0,0.0
Keke Palmer says she’s ‘not that sexual’ and that’s a conversation worth having,"Keke Palmer’s candor about asexuality, attraction, and connection creates space for people who don’t see themselves reflected in a culture.",thegrio.com,2026-08-28,Featured,Haniyah P.,https://thegrio.com/2026/08/28/keke-palmer-says-shes-not-that-sexual-and-thats-a-conversation-worth-having/,,,{},0,0.0
The Supreme Court sent a message. Black voters are hearing it loud and clear,New polling suggests voting rights and gerrymandering battles are increasing political engagement among Black voters ahead of the midterms.,thegrio.com,2026-08-28,Politics,Panama Jackson,https://thegrio.com/2026/08/28/the-supreme-court-sent-a-message-black-voters-are-hearing-it-loud-and-clear/,Voter Suppression,voter_suppression,"{""Voter Suppression"": [""voting rights"", ""gerrymandering""]}",1,0.333
Illinois man indicted on felony charges after allegedly sending death threats to witnesses in Nolan Wells’ case,An Illinois man is facing felony charges after being indicted on charges that he allegedly sent death threats in the Nolan Wells case.,thegrio.com,2026-08-28,News,Brandon Caldwell,https://thegrio.com/2026/08/28/man-indicted-death-threats-nolan-wells-case/,,,{},0,0.0
"Masai Russell breaks 100m hurdles world record, sets sights on sub-12",Masai Russell breaks the 100m hurdles world record in 12.09 seconds and sets her sights on becoming the first woman to run under 12 seconds.,thegrio.com,2026-08-28,Entertainment,Peter Kerich,https://thegrio.com/2026/08/28/masai-russell-100m-hurdles-world-record-sub-12/,,,{},0,0.0
Target launches new beauty section with just two Black-owned brands,"Target is gearing up to launch the Target Beauty Studio in September, featuring just two Black-owned brands among 90, mostly new additions.",thegrio.com,2026-08-28,Lifestyle,Kay Wicker,https://thegrio.com/2026/08/28/target-launches-new-beauty-section-with-just-two-black-owned-brands/,Economic Equity & Wealth Gap,economic_equity,"{""Economic Equity & Wealth Gap"": [""black-owned""]}",1,0.333
"The State of US: Target Costume Backlash, Mail-In Ballot Rules Pushback and More","Everton Blair Makes History as South’s First Black, Openly Gay Member of Congress Democrat Everton Blair made history Tuesday after winning a special election runoff in Georgia’s 13th Congressional District. Blair defeated Marcye Scott, daughter of the late U.S. Rep. David Scott, 53% to 47%, according to unofficial results. His victory makes him the first […]",ebony.com,2026-08-28,News &Amp; Politics,,https://www.ebony.com/the-state-of-us-target-costume-backlash-mail-in-ballot-rules-pushback-and-more/,,,{},0,0.0
Even Republican Governors Are Concerned About DOJ’s Poll Monitors,Wyoming’s Gov. Mark Gordon expressed concern after the Department of Justice sent a group of polling monitors during that state’s primaries last week.,newsone.com,2026-08-28,Nation,,https://newsone.com/6870538/republicans-concerned-about-poll-monitors/,,,{},0,0.0
"Closing Out August With New Beauty Launches From Dior, Valentino Beauty and More!","August may be winding down, but the beauty world clearly has no plans to clock out early. This week’s best launches are giving us plenty to play with as we make the inevitable transition from summer beauty to fall, from soft-focus complexions and the return of a much more comfortable matte lip to glossy hair, […]",ebony.com,2026-08-28,Beauty,,https://www.ebony.com/closing-out-august-with-new-beauty-launches-from-dior-valentino-beauty-and-more/,,,{},0,0.0
Samuel Monroe Jr. and Other Black Stars We Lost in 2026,We are honoring all of the Black stars who left us in 2026.,theroot.com,2026-08-28,Entertainment,The Root Staff,https://www.theroot.com/samuel-monroe-jr-and-other-black-stars-we-lost-in-2026-2000083991,,,{},0,0.0
Target Apologizes For ‘Offensive’ Children’s Halloween Costume Amid Scrutiny Of DEI Rollback,"Target has found itself at the center of controversy over a children’s Halloween costume. It has since removed it from its website, issuing a public apology after critics called the product’s imagery racially insensitive. The image on Target’s website showed a Black child modeling the costume in a pose that critics said evoked racist imagery… Continue reading Target Apologizes For ‘Offensive’ Children’s Halloween Costume Amid Scrutiny Of DEI Rollback",afrotech.com,2026-08-28,Business,ShaCamree Gowdy,https://afrotech.com/target-offensive-halloween-costume-dei-rollbacks,Book Bans & Anti-DEI,book_bans_dei,"{""Book Bans & Anti-DEI"": [""dei"", ""dei rollback""]}",1,0.333
"Uncle Nearest, Which Is Accused Of Being Over $108M In Debt, Receives Trial Dates","A court date has been set for a dispute between Uncle Nearest and its lender. Uncle Nearest is a whiskey brand that has attracted investor support and numerous customers since its 2017 founding by Fawn Weaver and her husband, Keith. The company honors the legacy of “Uncle Nearest” Green, the first known Black master distiller… Continue reading Uncle Nearest, Which Is Accused Of Being Over $108M In Debt, Receives Trial Dates",afrotech.com,2026-08-28,Business,Samantha Dorisca,https://afrotech.com/uncle-nearest-which-is-under-receivership-heading-to-trial-in-october-2027,,,{},0,0.0
The Doux Continues Commitment To Black Beauty With Its Foray Into Tech Through Roblox Gaming Experience,"The Doux is bringing beauty and gaming together. Known for its hair care products, husband-and-wife team Maya and Brian Smith launched The Doux with a commitment to meeting consumers wherever culture is created. Now, they are bringing that same sentiment to the gaming space through the launch of My Salon Empire on Roblox. “For me,… Continue reading The Doux Continues Commitment To Black Beauty With Its Foray Into Tech Through Roblox Gaming Experience",afrotech.com,2026-08-28,Gaming,Shanique Yates,https://afrotech.com/the-doux-launches-roblox-my-salon-empire-game,,,{},0,0.0
"Drake Sells Majority Stake In OVO To The Same Group With Ownership Of Shaquille O’Neal’s, Kevin Hart’s, And Muhammad Ali’s Likeness","Authentic Brands Group has acquired a majority stake in the intellectual property of October’s Very Own (OVO), the lifestyle brand co-founded by Drake. According to Authentic Brand’s press release, Drake will retain a significant ownership stake and continue shaping OVO’s creative vision alongside the company.",afrotech.com,2026-08-28,Business,Josh Rodgers,https://afrotech.com/ovo-acquired-by-authentic-brand-group,,,{},0,0.0
Inside Law Roach’s Net Worth And Career Milestones,"Law Roach did not follow the traditional path into high fashion. Before becoming the creative force behind some of Hollywood’s most discussed red carpet moments, the Chicago native built his reputation by selling vintage clothing. Thanks to his extensive research and his understanding of how clothing could reshape a celebrity’s public image, Law climbed the… Continue reading Inside Law Roach’s Net Worth And Career Milestones",afrotech.com,2026-08-28,Entertainment,Precious Gibson,https://afrotech.com/law-roach-net-worth,,,{},0,0.0
"Trump Escalates Feud With Canada By Renaming Lake Ontario ‘Lake America,’ Misreading Its History","President Trump has yet again declared a controversial renaming, this time asserting that he is changing the name of one of the Great Lakes. Trump’s name change declaration is a shot at Canada after the country’s leadership rejected a new trade deal due to demands from the Trump administration that the Canadians found unacceptable and… Continue reading Trump Escalates Feud With Canada By Renaming Lake Ontario ‘Lake America,’ Misreading Its History",blavity.com,2026-08-28,Politics,Christopher Rhodes,https://blavity.com/trump-escalates-feud-with-canada-by-renaming-lake-ontario-lake-america,,,{},0,0.0
Understanding Hypoplastic Left Heart Syndrome: A Guide For Families,Navigating a hypoplastic left heart syndrome (HLHS) diagnosis? Discover expert medical guidance from Blavity Health.,blavity.com,2026-08-28,Conditions &Amp; Care,"Dr. Diana Rangaves, PharmD",https://blavity.com/hypoplastic-left-heart-syndrome,,,{},0,0.0
Thousands Of Memphis Residents Await Power Restoration After Massive Storm,"Local residents in Memphis, Tennessee, are sitting in homes without electricity after a severe thunderstorm hit the area last Saturday. Like outages across Gary, Indiana, many are pointing out that Memphis is a predominantly Black area receiving slow or little assistance with power restoration. Residents and elected officials have both called out this evident disparity. […]",ebony.com,2026-08-28,News &Amp; Politics,,https://www.ebony.com/thousands-of-memphis-residents-await-power-restoration-after-massive-storm/,,,{},0,0.0
Frances Tiafoe’s U.S. Open Prep Is a Masterclass to Build a Body That Lasts,"What does it take to still be competing at the top of your game as you prep for the 2026 US Open, kicking off its singles main draw on August 30? For Frances Tiafoe, a DMV (Washington D.C., Maryland, Virginia) native and quite arguably one of the best to ever pick up a tennis racket, […]",ebony.com,2026-08-28,Sports,,https://www.ebony.com/frances-tiafoes-us-open-prep-masterclass-building-a-body-that-lasts/,,,{},0,0.0
March on Washington 2026: How Young Black People Are Defending the Vote,"Sixty-three years after Dr. Martin Luther King Jr. delivered his ‘I Have a Dream’ speech, young Black voters are marching on Washington again.",theroot.com,2026-08-28,Politics,Amber Ferguson,https://www.theroot.com/march-on-washington-2026-how-young-black-people-are-de-2000123477,,,{},0,0.0
Druski’s Latest Skit Takes on a Controversial Topic in the NFL,"A new CTE study has intensified scrutiny surrounding Druski’s controversial NFL sketch, with former players questioning whether the joke went too far.",theroot.com,2026-08-28,Culture,Phenix S Halley,https://www.theroot.com/druskis-latest-skit-takes-on-a-controversial-topic-in-t-2000123471,,,{},0,0.0
Obama Returns to the Trail as Democrats Face a Midterm Money Gap,Democrats are turning to Obama for a familiar boost as the party tries to raise money and get ready for November.,theroot.com,2026-08-28,News,Phenix S Halley,https://www.theroot.com/obama-returns-to-the-trail-as-democrats-face-a-midterm-2000123463,,,{},0,0.0
‘Married At First Sight’ toed the line between compromising for love and knowing your worth,The Black couples on “Married At First Sight” did not end up together but what they learned through the process may be even more meaningful.,thegrio.com,2026-08-28,Entertainment,Kay Wicker,https://thegrio.com/2026/08/28/married-at-first-sight-toed-the-line-between-compromising-for-love-and-knowing-your-worth/,,,{},0,0.0
How Jamie Foxx Protected Kerry Washington on ‘Django Unchained’ Set,"Jamie Foxx is looking back on his 2012 film ‘Django Unchained’ and the surprising way he looked out for his talented costar, Kerry Washington.",theroot.com,2026-08-28,Entertainment,Shanelle Genai,https://www.theroot.com/how-jamie-foxx-protected-kerry-washington-on-django-unc-2000123457,,,{},0,0.0
Why Aretha Franklin’s Sons Are Still Fighting Over Her Estate Almost 10 Years After Her Death,"Nearly 10 years after her death, the sons of the late Aretha Franklin are still embroiled in a legal battle over her assets. Here’s what we know.",theroot.com,2026-08-28,Entertainment,Shanelle Genai,https://www.theroot.com/why-aretha-franklins-sons-are-still-fighting-over-her-e-2000123549,,,{},0,0.0
"A New Documentary About Wendy Williams is in The Works, Here’s Why Fans Say You Shouldn’t Watch It","A new documentary about “The Wendy Williams Show” is in the works at Peacock, but after finding out that Williams has no involvement in it, fans are calling for a boycott.",theroot.com,2026-08-28,Entertainment,Mahalia Otshudy,https://www.theroot.com/a-new-documentary-about-wendy-williams-is-in-the-works-2000123488,,,{},0,0.0
Fat Joe’s New Album Proves Longevity Is the Ultimate Flex,The Bronx legend’s new project “Organized Rhyme” celebrates more than 30 years of his staying power in the rap game.,theroot.com,2026-08-28,News,Rashad Grove,https://www.theroot.com/fat-joe-s-new-album-proves-longevity-is-the-ultimate-fl-2000123514,,,{},0,0.0
Emmett Till Was Killed 71 Years Ago. His Cousin Says the Lynchings Never Stopped.,"As the 71st Emmett Till Anniversary Commemoration Weekend begins today (Aug. 28), keeping his memory alive isn’t optional, it’s critical…especially now.",theroot.com,2026-08-28,Culture,Angela Wilson,https://www.theroot.com/emmett-till-was-killed-71-years-ago-his-cousin-says-th-2000123523,,,{},0,0.0
Jayda Cheaves: From Influencer to Wealth Builder Empire,"Before Jayda Cheaves had a portfolio of successful brands, a multi-million-dollar audience or secured representation by a major talent agency, WME, she had a compelling instinct. She understood that consumers weren’t simply buying a product; they were buying into the overall brand persona and perspective behind it. “I understood that people buy from people they […]",ebony.com,2026-08-28,Wealth,,https://www.ebony.com/jayda-cheaves-from-influencer-to-wealth-builder-empire/,,,{},0,0.0
Art Is Being Erased From U.S. Government Spaces. This Painting Is the Latest Example,"How do staff at the U.S. Embassy in Santo Domingo, Dominican Republic,deal with art they feel is too woke? They drape an American flag tarp over it, carry it out of the building, and post a video of the removal on Instagram set to Twisted Sister’s “We’re Not Gonna Take It.” That’s what happened to […]",ebony.com,2026-08-28,Culture,,https://www.ebony.com/art-is-being-erased-from-u-s-government-spaces-this-painting-is-the-latest-example/,,,{},0,0.0
‘Our Ancestors Fought So Hard’: Why Thousands Came Back to the Lincoln Memorial,"The Root spoke to March on Washington attendees about why they’re marching, what voting rights mean to them and why they refuse to sit this fight out.",theroot.com,2026-08-28,Culture,Phenix S Halley,https://www.theroot.com/our-ancestors-fought-so-hard-why-thousands-came-back-t-2000123597,Voter Suppression,voter_suppression,"{""Voter Suppression"": [""voting rights""]}",1,0.333
Black Parents Have Questions About Meta’s $18 Billion Settlement. A Columbia Expert Has Answers,"A Columbia University researcher on what the 48-state deal changes, what it doesn’t, and why she says the next wave — AI — is already here.",theroot.com,2026-08-28,Culture,Phenix S Halley,https://www.theroot.com/black-parents-have-questions-about-metas-18-billion-se-2000123371,,,{},0,0.0
We Asked a Doctor About Some of the Most Common Black Health Myths: Here’s What She Wants Us to Know,We asked a doctor to set the record straight about some common health myths.,theroot.com,2026-08-28,Health,Shellie M. Scott,https://www.theroot.com/we-asked-a-doctor-about-some-of-the-most-common-black-h-2000123591,,,{},0,0.0
Prince’s Estate Finally Opened the Vault. Fans Aren’t Impressed.,"A decade after his death, Prince’s estate released a career-spanning album — and fans say what came out doesn’t do him justice.",theroot.com,2026-08-28,Entertainment,Shanelle Genai,https://www.theroot.com/princes-estate-finally-opened-the-vault-fans-arent-imp-2000123594,,,{},0,0.0
How Nicole Mason Built Oregon’s First Mobile Beauty Supply Store,"When Black women decide to start a business, it is inspired by one of two things: passion or frustration. Nicole Mason’s journey of creating Elegant Boutique Beauty Supply, Oregon’s first and only mobile beauty supply was founded with equal parts. Ownership within the beauty supply industry is almost exclusively non-Black. After one too many encounters […]",ebony.com,2026-08-28,Wealth,,https://www.ebony.com/how-nicole-mason-built-oregons-first-mobile-beauty-supply-store/,,,{},0,0.0
"Unrivaled, Co-Founded By Napheesa Collier, Jumps To $650M Valuation After Recent Fundraise","Unrivaled’s Series C fundraise has surpassed its initial $100 million target and is now oversubscribed, valuing the league at $650 million. Inner Circle Sports represented Unrivaled in the fundraise, which Ten Pillars Sports Fund led (backed by UC Investments), according to a news release shared with AFROTECH™. The Series C round includes investments from several… Continue reading Unrivaled, Co-Founded By Napheesa Collier, Jumps To $650M Valuation After Recent Fundraise",afrotech.com,2026-08-27,Business,ShaCamree Gowdy,https://afrotech.com/unrivaled-womens-basketball-league-series-c-funding,,,{},0,0.0
Why Rod Wave Believes His Best Investment Was Starting His Touring Company,"Rod Wave has revealed his best investment. The St. Petersburg, FL, rapper has more than 32 billion streams on Spotify alone. His albums have also reached No. 1 on the Billboard 200 several times, including “Nostalgia” (2023), “Beautiful Mind” (2022) and “SoulFly” (2021), Lobby Observer reports. He is set to release his next album, “Don’t… Continue reading Why Rod Wave Believes His Best Investment Was Starting His Touring Company",afrotech.com,2026-08-27,Technology,Samantha Dorisca,https://afrotech.com/rod-wave-says-his-best-investment-has-been-his-touring-company,,,{},0,0.0
Nick Cannon Says Estate Planning And Legacy Go Hand In Hand — ‘I Got A Lot Of Kids To Leave Stuff To’,"Nick Cannon wants to ensure his children are set up for lifelong financial security when he’s gone. When it comes to building generational wealth, it’s not just about creating businesses, accumulating assets, or securing ownership. It’s also about being strategic about what happens to that wealth after death and ensuring it is protected and passed down… Continue reading Nick Cannon Says Estate Planning And Legacy Go Hand In Hand — ‘I Got A Lot Of Kids To Leave Stuff To’",afrotech.com,2026-08-27,Business,Samantha Dorisca,https://afrotech.com/nick-cannon-says-estate-planning-and-legacy-go-hand-in-hand,Economic Equity & Wealth Gap,economic_equity,"{""Economic Equity & Wealth Gap"": [""generational wealth""]}",1,0.333
Steve Harvey Reveals One Of His ‘Smartest Investments’ And Confirms ‘It’s A Crazy Good Investment’ Based Off His Experience,"Steve Harvey is breaking down why insurance has been one of his wisest investments. Harvey is a prominent businessman with an estimated net worth of $45 million, according to Forbes. His wealth has come from a slew of ventures, from comedy tours to hosting game shows “Family Feud” and “Celebrity Family Feud.” View this post… Continue reading Steve Harvey Reveals One Of His ‘Smartest Investments’ And Confirms ‘It’s A Crazy Good Investment’ Based Off His Experience",afrotech.com,2026-08-27,Business,Samantha Dorisca,https://afrotech.com/steve-harvey-reveals-one-of-his-smartest-investments-and-confirms-its-a-crazy-good-investment-based-off-his-experience,,,{},0,0.0
Meet The 7-Year-Old Who Just Completed A Robotics Program At MIT,"The future is limitless for seven-year-old Jules Zion. Zion recently completed a robotics program at MIT. His mother, Kiki Ayers, who founded Ayers Publicity and the nonprofit My Best Kid Life, said she was surprised by his interest in robotics. However, she always encouraged Zion to be multi-faceted, which is reflected in his endeavors such… Continue reading Meet The 7-Year-Old Who Just Completed A Robotics Program At MIT",afrotech.com,2026-08-27,Education,Samantha Dorisca,https://afrotech.com/jules-zion-completed-a-robotics-program-at-mit,,,{},0,0.0
"Meta's Data Center Will Be the Biggest in the U.S., but No One Knows Who They’re Hiring","The two neighboring towns have a majority Black population, but residents fear that the jobs are not reaching them.",capitalbnews.org,2026-08-27,,Adam Mahoney,https://capitalbnews.org/louisiana-meta-data-center-jobs-power-use/,,,{},0,0.0
‘Menace II Society’ Actor Samuel Monroe Jr. Dies At 52 Amid Ongoing Conservatorship Battle,"Samuel Monroe Jr., the actor known for his roles in classic ‘90s films such as Menace II Society, The Player’s Club and Tales From The Hood, has died following a prolonged hospitalization. He was 52. Monroe Jr.’s mother, Joyce Patton, confirmed his death early Thursday morning in a Facebook post. “I want to thank all… Continue reading ‘Menace II Society’ Actor Samuel Monroe Jr. Dies At 52 Amid Ongoing Conservatorship Battle",blavity.com,2026-08-27,News,Jahaura Michelle,https://blavity.com/menace-ii-society-actor-samuel-monroe-jr-dies-at-52,,,{},0,0.0
Trump Admin Threatens To Demolish Kennedy Center If Courts Block His Name Being Added,"The Trump administration is threatening that the John F. Kennedy Center for the Performing Arts could be demolished if courts block renovations backed by President Donald Trump, which include adding his name to the building. What did Trump’s lawyers say about tearing down the Kennedy Center? Justice Department lawyers made the threat in a 26-page… Continue reading Trump Admin Threatens To Demolish Kennedy Center If Courts Block His Name Being Added",blavity.com,2026-08-27,Politics,Jahaura Michelle,https://blavity.com/trump-admin-threatens-to-demolish-kennedy-center-if-courts-block-his-name-being-added,,,{},0,0.0
Kamala Harris Endorses Chris Jones In Arkansas U.S. House Race As Polls Show Him With Lead Over GOP Incumbent,"Chris Jones, the MIT-educated physicist turned politician, is yet again making a major run in Arkansas politics. This time, he is campaigning for U.S. Congress, hoping to win a GOP-held seat in November. Now, Jones has picked up a major endorsement, with former Vice President Kamala Harris backing his campaign. Kamala Harris becomes latest high-profile… Continue reading Kamala Harris Endorses Chris Jones In Arkansas U.S. House Race As Polls Show Him With Lead Over GOP Incumbent",blavity.com,2026-08-27,Politics,Christopher Rhodes,https://blavity.com/kamala-harris-endorses-chris-jones-in-arkansas-race,,,{},0,0.0
"Trump Admin Removes Painting By Kehinde Wiley, Obama Portraitist, For Being ‘Woke’","A painting by an artist famous for his portrait of President Obama has been removed from an American embassy, with the U.S. government looking to sell the piece. The removal, based on accusations that the painting and its artists are too “woke,” represents the latest move by the Trump administration to push its agenda even… Continue reading Trump Admin Removes Painting By Kehinde Wiley, Obama Portraitist, For Being ‘Woke’",blavity.com,2026-08-27,News,Christopher Rhodes,https://blavity.com/trump-administration-removes-painting-by-kehinde-wiley-obama-portraitist,,,{},0,0.0
Gone But Not Forgotten: Black Celebrities We Lost in 2026,"The hardest part of a great life is when it ends. The impact a person has had and the difference they will make for generations to come cannot be taken for granted. Making an impact on Black culture and community, the people listed below deserve recognition for the roles they’ve played, which is why we […]",ebony.com,2026-08-27,Culture,,https://www.ebony.com/black-celebrities-we-lost-died-2026/,,,{},0,0.0
Recent Food Recalls Bring Questions Of Food Safety and Next Steps,"Across the country, growing concern about Food and Drug Administration (FDA) recalls of produce, baked goods, canned goods, and other household items has raised questions about what is truly safe to consume. Since the beginning of the year, the FDA has announced 300 food recalls, with 103 of these cases categorized at the most serious risk level, […]",ebony.com,2026-08-27,News &Amp; Politics,,https://www.ebony.com/recent-food-recalls-bring-questions-of-food-safety-and-next-steps/,,,{},0,0.0
How An Anti-Inflammatory Diet Changed These Women’s Lives,Kia Tatyana was told to “just drink more water” when she told her doctor about her chronic migraines. Daily migraines were in the way of her being able to take care of her newborn son. It wasn’t until a routine eye exam turned into an emergency room visit that she found out that she had […],ebony.com,2026-08-27,Health,,https://www.ebony.com/how-an-anti-inflammatory-diet-changed-these-womens-lives/,,,{},0,0.0
Did ‘Married at First Sight’ Actually Want Its Couples to Succeed?,"Married at First Sight turned 20 this year, marking two decades of strangers saying “I do” on national television, guided by experts who supposedly know better than the rest of us what makes two people compatible. Set in Seattle, Season 20 offered a record seven couples as Peacock took on the franchise from Lifetime, and […]",ebony.com,2026-08-27,Entertainment,,https://www.ebony.com/did-married-at-first-sight-actually-want-its-couples-to-succeed/,,,{},0,0.0
Virgo Season Has Cosmic Shifts In Store For Your Zodiac Sign,"While nature begins to change its summer hues into fall tones, Virgo season is encouraging everyone to manifest their ideal home and social life. As the fourth quarter approaches, you may feel the urge to indulge in activities that challenge your creativity in a way that can nurture the world around you. To stay sharp, […]",ebony.com,2026-08-27,Life,,https://www.ebony.com/virgo-season-has-cosmic-shifts-in-store-for-your-zodiac-sign/,,,{},0,0.0
University of Alabama Student Publications Appeal Ruling Over First Amendment Rights,"An appeal requesting the overturning of a ruling by a lower federal court was filed on Wednesday, August 26, in the U.S. Court of Appeals for the 11th Circuit by University of Alabama (UA) student plaintiffs involving the upholding of the permanent discontinuance of Nineteen Fifty-Six and Alice, two student-led publications. According to the Alabama Political Reporter, the fight has only just begun.",ebony.com,2026-08-27,News &Amp; Politics,,https://www.ebony.com/university-of-alabama-student-publications-appeal-ruling-over-first-amendment-rights/,,,{},0,0.0
The Black Designers Making Sustainability Look Good,"Overconsumption drives our TikTok For You Pages, shapes our shopping habits and, yes, damages our planet. The clothing and fashion industry accounts for an estimated 8% to 10% of global carbon emissions, a footprint larger than international flights and maritime shipping combined. Knowing just how much those hauls we love to watch and those random […]",ebony.com,2026-08-27,Fashion,,https://www.ebony.com/the-black-designers-making-sustainability-look-good/,,,{},0,0.0
Yayoi Kusama’s complicated legacy with anti-Blackness,"As Yayoi Kusama’s legacy returns to the forefront, so are the ways in which it has become complicated through anti-Blackness.",thegrio.com,2026-08-27,Lifestyle,Kay Wicker,https://thegrio.com/2026/08/27/yayoi-kusamas-complicated-legacy-with-anti-blackness/,,,{},0,0.0
African American Studies Department are Dwindling Across U.S. Colleges,More than 12 private colleges and public universities have either reduced or eliminated Black programs studies departments and majors.,theroot.com,2026-08-27,News,Angela Wilson,https://www.theroot.com/african-american-studies-department-are-dwindling-acros-2000123281,,,{},0,0.0
‘Love Island USA’ Season 8 reunion: When and where to watch,"Find out when and where to watch the Love Island USA season 8 reunion, including the Peacock premiere time, hosts and what fans can expect.",thegrio.com,2026-08-27,Entertainment,Bolarinwa Oladeji,https://thegrio.com/2026/08/27/love-island-usa-reunion-how-to-watch-season-8/,,,{},0,0.0
Black Celebs Serve Looks and Vibes at the 2026 U.S. Open,"Gayle King, Jermaine Dupri and Remy Ma were among the stars who turned out to check out the action during Fan Week at the U.S. Open.",theroot.com,2026-08-27,Beauty,Ty Cole,https://www.theroot.com/black-celebs-serve-looks-and-vibes-at-the-2026-u-s-ope-2000123367,,,{},0,0.0
Reggie Bush Fought the NCAA So These Kids Could Get Paid. He Wouldn’t Change a Thing.,"The college football icon spoke about the transfer portal, his NIL campaign with DoorDash, and why today’s ‘Wild West’ landscape is just the beginning.",theroot.com,2026-08-27,News,Rashad Grove,https://www.theroot.com/reggie-bush-fought-the-ncaa-so-these-kids-could-get-pai-2000123152,,,{},0,0.0
13 Times Iconic Black Entertainers Shared the Spotlight With Dolly Parton,"Beyoncé, Patti LaBelle and Oprah Winfrey are just a few of the legendary Black icons who shared the stage, screen and studio with the late country singer.",theroot.com,2026-08-27,Entertainment,Asheea Smith,https://www.theroot.com/13-times-iconic-black-entertainers-shared-the-spotlight-2000123348,,,{},0,0.0
"Black America Is Already in a Recession, the National Urban League Says","700,000 Black women out of work, dismantled DEI initiatives, and Black homeownership rate plummeting has the National Urban League sounding the alarm on a troubling reality.",theroot.com,2026-08-27,Black Business,Angela Wilson,https://www.theroot.com/black-america-is-already-in-a-recession-the-national-u-2000123233,Book Bans & Anti-DEI; Housing & Displacement; Economic Equity & Wealth Gap,book_bans_dei; housing; economic_equity,"{""Book Bans & Anti-DEI"": [""dei""], ""Housing & Displacement"": [""black homeownership""], ""Economic Equity & Wealth Gap"": [""black business""]}",3,1.0
Here’s How Megan Thee Stallion Stays Fit and Fine,"Pics from Megan Thee Stallion’s latest trip have her fans and followers once again begging to know how she stays looking right! Now, we’ve got answers!",theroot.com,2026-08-27,Entertainment,Shanelle Genai,https://www.theroot.com/heres-how-megan-thee-stallion-stays-fit-and-fine-2000123253,,,{},0,0.0
What Black Men Can Learn From Vic Mensa and Chance the Rapper’s Public Apology,"Their public reconciliation offers a blueprint for putting ego aside, dismantling toxic pride, and choosing emotional maturity over unspoken rivalries.",theroot.com,2026-08-27,Entertainment,Rashad Grove,https://www.theroot.com/what-black-men-can-learn-from-vic-mensa-and-chance-the-2000123291,,,{},0,0.0
Black Hollywood remembers Tim Curry as fans mourn a familiar face from childhood,Ben Vereen and O’Shea Jackson Jr. joined fans in paying tribute to the acclaimed actor following his death at 80.,thegrio.com,2026-08-27,Entertainment,Bolarinwa Oladeji,https://thegrio.com/2026/08/27/ben-vereen-oshea-jackson-tim-curry-tributes/,,,{},0,0.0
Letitia James leads lawsuit against Trump administration over new mail-in ballot rules,Letitia James and 23 state attorneys general sue to block Trump’s new USPS mail-in voting rules ahead of the 2026 midterm elections.,thegrio.com,2026-08-27,Politics,Peter Kerich,https://thegrio.com/2026/08/27/letitia-james-trump-mail-in-voting-restrictions-lawsuit/,,,{},0,0.0
"‘Keep fighting, king’: Lil Nas X jokes about fans’ reactions to him after rehab","Lil Nas X after rehab says fans are being “OD nice,” joking that even thirst traps now draw messages telling him to “keep fighting, king.”",thegrio.com,2026-08-27,Featured,Odafe Oghen,https://thegrio.com/2026/08/27/lil-nas-x-after-rehab-fans-od-nice/,,,{},0,0.0
Za’Darius Smith says he retired from NFL to be with his dying mother,"After losing his mother and other family members, the three-time Pro Bowler says football became his “happy place” again.",thegrio.com,2026-08-27,Entertainment,Odafe Oghen,https://thegrio.com/2026/08/27/zadarius-smith-retirement-mother-atlanta-falcons/,,,{},0,0.0
"University of Alabama students appeal shutdown of magazines focused on Black culture, women’s voices","The students behind ""Nineteen Fifty-Six"" and ""Alice"" say the university violated their 1st Amendment rights by suspending the publications.",thegrio.com,2026-08-27,Featured,Peter Kerich,https://thegrio.com/2026/08/27/university-alabama-black-student-magazine-shutdown/,,,{},0,0.0
"Tyler Perry launches Maxscene, a new film division aimed at independent filmmakers","Maxscene film division launches at Tyler Perry Studios to develop, produce and distribute independent filmmakers with distinctive voices.",thegrio.com,2026-08-27,Entertainment,Odafe Oghen,https://thegrio.com/2026/08/27/maxscene-film-division-tyler-perry-independent-filmmakers/,,,{},0,0.0
"Actor Samuel Monroe Jr., known for roles in ‘Menace II Society’ and ‘The Players’ Club,’ dies at age 52","Samuel Monroe Jr., an actor best known for films such as ""Menace II Society"" and ""The Players Club,"" has died, according to his mother.",thegrio.com,2026-08-27,Entertainment,Brandon Caldwell,https://thegrio.com/2026/08/27/samuel-monroe-jr-dies-menace-ii-society/,,,{},0,0.0
"As Power is Restored in Gary, Residents Still Have Questions About Accountability","After nearly two weeks without electricity, power is being restored in Gary. But residents still have questions for NIPSCO about bills and accountability.",theroot.com,2026-08-27,Culture,Phenix S Halley,https://www.theroot.com/as-power-is-restored-in-gary-residents-still-have-ques-2000123240,,,{},0,0.0
Opinion: Black Journalists Are Still Fighting. Karen Attiah Just Won a Round.,An arbitrator’s order to rehire the Washington Post’s last full-time Black woman opinion writer is a victory for everyone fighting for diversity in newsrooms.,theroot.com,2026-08-27,Opinion,Errin Haines,https://www.theroot.com/opinion-black-journalists-are-still-fighting-karen-at-2000123270,,,{},0,0.0
Legal Defense Fund Calls on Congress to Investigate Suspicious Deaths of Black People,"LDF urges Congress to examine deaths of Black Americans amid concerns over investigations, transparency, racial bias and unanswered questions.",theroot.com,2026-08-27,Culture,Phenix S Halley,https://www.theroot.com/legal-defense-fund-calls-on-congress-to-investigate-sus-2000123229,,,{},0,0.0
I Believe in Second Chances. Deshaun Watson Doesn’t Get One.,The Browns are starting Watson again. It’s a terrible decision that has nothing to do with football.,theroot.com,2026-08-27,News,Lawrence Ware,https://www.theroot.com/i-believe-in-second-chances-deshaun-watson-doesnt-get-2000123231,,,{},0,0.0
Why This Black Model’s ‘Project Runway’ Experience Left Her With A ‘Broken Spirit’,Model Liris Crosse is opening up about a heartbreaking experience on the latest episode of ‘Project Runway.’,theroot.com,2026-08-27,Beauty + Style,Shanelle Genai,https://www.theroot.com/why-this-black-models-project-runway-experience-left-he-2000123222,,,{},0,0.0
"Every Black Woman Who’s Worn the Miss USA Crown, From Kenya Moore to Justus Kelley","From 2026 winner Justus Kelley to Kenya Moore and the late Cheslie Kryst, these Black women brought melanin, beauty and brains to the Miss USA pageant.",theroot.com,2026-08-27,Beauty,Shanelle Genai,https://www.theroot.com/every-black-woman-whos-worn-the-miss-usa-crown-from-ke-2000123327,,,{},0,0.0
Princeton didn’t call Kwanza Jones back until her $20 million donation. Now her name is on a dorm,"Kwanza Jones opened up about her historic donation to Princeton University, which earned her a dormitory named after her.",thegrio.com,2026-08-27,Lifestyle,Nhari Djan,https://thegrio.com/2026/08/27/princeton-didnt-call-kwanza-jones-back-until-her-20-million-donation-now-her-name-is-on-a-dorm/,,,{},0,0.0
An ICE Agent Left A Gun Unattended In An Airport Bathroom [Op-Ed],"OPINION: I, for one, am shocked that a flight attendant found an ICE agent’s gun unattended in a public restroom at San Francisco International Airport last month.",newsone.com,2026-08-27,Nation,,https://newsone.com/6870467/ice-agent-left-gun-unattended-airport-bathroom/,Policing & Public Safety,policing,"{""Policing & Public Safety"": [""ice agent""]}",1,0.333
Everything Revealed In Netflix’s Extended Look At 'GTA VI',"Despite GTA VI facing significant leaks ahead of the Netflix premiere, the extended look still impressed with the sheer scale on display.",newsone.com,2026-08-27,Gadgets And Gaming,,https://newsone.com/6870474/everything-revealed-extended-look-gta-vi/,,,{},0,0.0
Dr. Lulu Merle Johnson made history in Iowa. Now a 7-foot statue will honor her legacy,"Iowa honors Dr. Lulu Merle Johnson, the state's first Black woman to earn a Ph.D., with a 7-foot bronze statue.",thegrio.com,2026-08-27,Featured,Peter Kerich,https://thegrio.com/2026/08/27/dr-lulu-merle-johnson-made-history-in-iowa-now-a-7-foot-statue-will-honor-her-legacy/,,,{},0,0.0
Tyler Perry’s next Netflix movie ‘Doing Life’ is coming this October,"Tyler Perry’s Doing Life arrives on Netflix, starring Naomi Baker and Jay Reeves in a drama about survival, connection and second chances.",thegrio.com,2026-08-27,Entertainment,Odafe Oghen,https://thegrio.com/2026/08/27/tyler-perrys-doing-life-netflix-release-date/,,,{},0,0.0
Will Alaska's Real Dan Sullivan Please Stand Up? [Op-Ed],"OPINION: There are two men running for a U.S. Senate seat in Alaska, and they are both named Dan Sullivan, which is at once hilarious and confusing.",newsone.com,2026-08-27,Nation,,https://newsone.com/6870371/alaska-dan-sullivan-senate-election/,,,{},0,0.0
Late-Season Moves: DeWanna Bonner Signs With The Atlanta Dream,"According to early reports, Phoenix Mercury star DeWanna Bonner is expected to join Angel Reese and the Atlanta Dream ahead of a playoff run",newsone.com,2026-08-27,Basketball,,https://newsone.com/6870411/dewanna-bonner-signing-with-atlanta-dream/,,,{},0,0.0
Notable Black Folks Who Died In 2026,"UPDATE — Thursday, August 27, 2026, 11:47 a.m. EST: We love our Black celebrities. Period. No matter how famous they get or how big the stages become, there’s always a different kind of pride that comes with seeing Black folks win. It feels personal, like their success is proof that we can make it too, […]",newsone.com,2026-08-27,Nation,,https://newsone.com/6745511/notable-black-people-who-died-2026/,,,{},0,0.0
Black Artist’s ‘Very Woke’ Portrait Removed From US Embassy [Op-Ed],"OPINION: The U.S. ambassador to the Dominican Republic thinks a portrait by Black artist Kehinde Wiley is “woke,” apparently because it — *check notes* — features Dominicans.",newsone.com,2026-08-27,Opinion,,https://newsone.com/6870440/kehinde-wiley-portrait-removed-us-embassy/,,,{},0,0.0
ICE Agent Charged In Minneapolis Shooting Walks Free In Texas [Op-Ed],ICE agent Christian Castro was released at the break of dawn Thursday morning from a detention center in Brownsville.,newsone.com,2026-08-27,Opinion,,https://newsone.com/6870461/ice-agent-charged-shooting-walks-free-texas/,Policing & Public Safety,policing,"{""Policing & Public Safety"": [""ice agent""]}",1,0.333
"Don’t worry, Michelle Obama certainly knows how to dress for the Vineyard",Michelle Obama’s recent headturning looks on Martha’s Vineyard remind us that’s she’s always known how it’s done.,thegrio.com,2026-08-27,Style,Kay Wicker,https://thegrio.com/2026/08/27/dont-worry-michelle-obama-certainly-knows-how-to-dress-for-the-vineyard/,,,{},0,0.0
Relevance Doesn’t Expire: How VERZUZ Changed the Game for Black Artists,The music franchise built a visibility engine out of the assets Black musicians already had.,theroot.com,2026-08-27,Opinion,Leon Valentine,https://www.theroot.com/relevance-doesnt-expire-how-verzuz-changed-the-game-fo-2000123159,,,{},0,0.0
Druski’s viral NFL skit puts CTE in the spotlight as a new study shows just how common it could be,"Druski’s NFL skit has millions talking, but it arrives as a new study sheds light on the prevalence of CTE among former NFL players.",thegrio.com,2026-08-27,Featured,Haniyah P.,https://thegrio.com/2026/08/27/druskis-viral-nfl-skit-puts-cte-in-the-spotlight-as-a-new-study-shows-just-how-common-it-could-be/,,,{},0,0.0
Vic Mensa gets emotional during conversation with Chance the Rapper over friendship fallouts,Vic Mensa had fellow Chicago artist Chance the Rapper as a guest on his podcast to discuss the highs and lows of their friendship.,thegrio.com,2026-08-27,Entertainment,Nhari Djan,https://thegrio.com/2026/08/27/vic-mensa-gets-emotional-during-conversation-with-chance-the-rapper-over-friendship-fallouts/,,,{},0,0.0
A Social Security shortfall could slash benefits by $500 a month. Black Americans stand to lose most,Black Americans could be hit hardest by looming Social Security cuts as the program faces a 2032 funding shortfall.,thegrio.com,2026-08-27,Politics,Gerren Keith Gaynor,https://thegrio.com/2026/08/27/a-social-security-shortfall-could-slash-benefits-by-500-a-month-black-americans-stand-to-lose-most/,,,{},0,0.0
Trump’s latest renaming effort turns Lake Ontario into ‘Lake America’,"President Donald Trump signed an order renaming Lake Ontario “Lake America” in U.S. federal records, escalating tensions with Canada.",thegrio.com,2026-08-27,News,Bolarinwa Oladeji,https://thegrio.com/2026/08/27/trump-renames-lake-ontario-lake-america-executive-order/,,,{},0,0.0
Byron Allen is coming for late night: ‘Comics Unleashed’ beats Kimmel and Fallon in key demos,"Byron Allen's ""Comics Unleashed"" bested Jimmy Fallon and Jimmy Kimmel's shows this week in ratings among a key adult demographic.",thegrio.com,2026-08-27,Entertainment,Nhari Djan,https://thegrio.com/2026/08/27/byron-allen-is-coming-for-late-night-comics-unleashed-beats-kimmel-and-fallon/,,,{},0,0.0
Key moments to remember from ‘Love Island USA’ season 8 ahead of the reunion,"From messy love triangles to unforgettable one-liners, here’s your refresher on the Love Island USA season 8 drama.",thegrio.com,2026-08-27,Entertainment,Haniyah P.,https://thegrio.com/2026/08/27/key-moments-to-remember-from-love-island-usa-season-8-ahead-of-the-reunion/,,,{},0,0.0
Black voters changed Georgia politics in 2020. Keisha Lance Bottoms needs them to show up again,"With Bottoms locked in a tight governor’s race, organizers say mobilizing Black Georgians — particularly younger voters — will be critical.",thegrio.com,2026-08-27,Politics,Gerren Keith Gaynor,https://thegrio.com/2026/08/27/keisha-lance-bottoms-georgia-black-voter-turnout/,,,{},0,0.0
Chaka Khan Sets The Record Straight on Her Sexuality in a Hilariously Blunt New Interview,Singer Chaka Khan is once again keeping it all the way real in a new interview. We’re breaking down some of the most hilarious and surprising insights!,theroot.com,2026-08-26,Entertainment,Shanelle Genai,https://www.theroot.com/chaka-khan-sets-the-record-straight-on-her-sexuality-in-2000122697,,,{},0,0.0
Two Black Progressives Made History Tuesday Night. Neither Waited for Permission.,Everton Blair and N’Kiyla Thomas are redrawing the map for Southern Black political power.,theroot.com,2026-08-26,News,Phenix S Halley,https://www.theroot.com/two-black-progressives-made-history-tuesday-night-neit-2000123095,,,{},0,0.0
Is COVID Coming Back? What The Latest Data And Health Experts Say,"Are COVID cases rising again? Get the facts on recent waves, emerging variants and expert-backed health tips.",blavity.com,2026-08-26,Conditions &Amp; Care,"Dr. Diana Rangaves, PharmD",https://blavity.com/is-covid-coming-back,,,{},0,0.0
"Everton Blair Wins Georgia Special Election, Set To Become The South’s First Black, Openly Gay Member Of U.S. Congress","Everton Blair is set to make history for LGBTQ+ politicians when he goes to Congress to represent a state in the South. Blair’s election will fill a seat left open by the death of longtime Congressman David Scott. Though Blair’s time in Congress is set to be temporary, it will be a first for the… Continue reading Everton Blair Wins Georgia Special Election, Set To Become The South’s First Black, Openly Gay Member Of U.S. Congress",blavity.com,2026-08-26,Politics,Christopher Rhodes,https://blavity.com/everton-blair-wins-special-election-georgia,,,{},0,0.0
Shondaland Forever: Rhimes Extends Her Netflix Reign Through 2031,Shonda Rhimes has renewed her exclusive deal with Netflix for another five years. Here is how the powerhouse producer is building a media empire on the streaming platform.,theroot.com,2026-08-26,Entertainment,Mahalia Otshudy,https://www.theroot.com/shondaland-forever-rhimes-extends-her-netflix-reign-th-2000123083,,,{},0,0.0
Darline Graham Win In South Carolina Runoff Ends Trump's Losing Streak,Frustration is growing among GOP operatives that President Donald Trump has put such a pronounced focus on elections in solidly Red seats.,newsone.com,2026-08-26,Nation,,https://newsone.com/6870318/darline-graham-runoff-win-reverses-trump-losing-streak/,,,{},0,0.0
Not Trying to Be Grown: The Kid Musicians Rebuilding Tween Culture,"Young Roddo, Nova Starr, and Tatum Galberth, also known as Tatum Takeover, are among the artists producing songs that allow kids to see themselves without pretending to be adults.",theroot.com,2026-08-26,Culture,Ty Cole,https://www.theroot.com/not-trying-to-be-grown-the-kid-musicians-rebuilding-tw-2000122652,,,{},0,0.0
"What To Know About Earth, Wind & Fire Drummer John Paris’ Medically Induced Coma","As Earth, Wind & Fire fans rally around John Paris after his medically induced coma, Blavity Health shares the latest updates.",blavity.com,2026-08-26,Conditions &Amp; Care,"Dr. Diana Rangaves, PharmD",https://blavity.com/john-paris-induced-coma,,,{},0,0.0
"After Nafees Norris Became The First Black Man To Earn A Degree In Biopharmaceutical Process Engineering, He Set Out To Empower Youth In STEM","Nafees Norris has turned a historic feat into a call to action. Norris is a graduate of Neumann University with a bachelor’s degree in biology (2020), followed by a master’s degree in biopharmaceutical engineering, bioengineering, and biomedical engineering from Thomas Jefferson University (2021), according to his LinkedIn profile.",afrotech.com,2026-08-26,Technology,Samantha Dorisca,https://afrotech.com/nafees-norris-empowering-youth-in-stem,,,{},0,0.0
"After Building A $100M Haircare Brand, Nancy Twine Is Taking A Different Approach With A New One","Entreprenuer Nancy Twine is on to her next brainchild. As AFROTECH™ previously reported, the board member and investor is the founder of Briogeo Hair Care and went on to scale the natural haircare brand to a $100 million venture. It was later acquired by Wella Co. in 2022, and she stepped down as CEO in… Continue reading After Building A $100M Haircare Brand, Nancy Twine Is Taking A Different Approach With A New One",afrotech.com,2026-08-26,Business,Samantha Dorisca,https://afrotech.com/nancy-twine-is-taking-a-different-approach-with-soulstice,,,{},0,0.0
Kwanza Jones Becomes First Black Woman Majority Owner Of An MLB Team In $3.9B San Diego Padres Deal,"Kwanza Jones has made history with her investment in baseball. Jones and her husband José E. Feliciano are the new owners of the Padres, per the MLB. Investing in the team was a no-brainer for the couple. As AFROTECH™ previously reported, the Seidler family agreed to sell the Padres to Jones and Feliciano in a… Continue reading Kwanza Jones Becomes First Black Woman Majority Owner Of An MLB Team In $3.9B San Diego Padres Deal",afrotech.com,2026-08-26,Business,Samantha Dorisca,https://afrotech.com/kwanza-jones-becomes-first-black-woman-majority-mlb-owner,,,{},0,0.0
"N’Kiyla Jasmine Thomas, Black And Native American Democratic Socialist, Wins Oklahoma Democratic Senate Primary Runoff","Another democratic socialist has won a Democratic congressional primary, this time in deeply red Oklahoma. This time, the victorious young progressive candidate hopes to draw on her unique background and life experiences as she faces an uphill battle to flip a Republican-held Senate seat. Democratic socialist wins Democratic primary in heavily red Oklahoma NBC News… Continue reading N’Kiyla Jasmine Thomas, Black And Native American Democratic Socialist, Wins Oklahoma Democratic Senate Primary Ru…",blavity.com,2026-08-26,Politics,Christopher Rhodes,https://blavity.com/nkiyla-jasmine-thomas-wins-oklahoma-democratic-senate-primary,,,{},0,0.0
The Black Wellness Edit: ‘Too Hot To Handle’s’ Jawahir Khalifa on Surviving Stevens-Johnson Syndrome,"In 2022, model and entrepreneur Jawahir Khalifa won over audiences with her vivacious spirit as she made her debut on Netflix’s steamy reality show, Too Hot To Handle. Khalifa was crowned the season four winner of the series and thrust into an entirely new world — one she enjoyed but wasn’t truly prepared for. After […]",ebony.com,2026-08-26,Health,,https://www.ebony.com/the-black-wellness-edit-jawahir-khalifa-stevens-johnson-syndrome/,,,{},0,0.0
"Judge Blocks Texas Drag Show Ban For Second Time, Tells Critics ‘Just Don’t Go’","A federal judge has once again ruled against Texas’ efforts to restrict certain drag performances, finding that a 2023 state law violates the First Amendment and cannot be enforced. Details on the ruling and the original law for Texas drag shows U.S. District Judge David Hittner’s Tuesday ruling blocks Texas Attorney General Ken Paxton from… Continue reading Judge Blocks Texas Drag Show Ban For Second Time, Tells Critics ‘Just Don’t Go’",blavity.com,2026-08-26,Politics,Jahaura Michelle,https://blavity.com/judge-blocks-texas-drag-show-ban-for-second-time-tells-critics-just-dont-go,,,{},0,0.0
Black Celebrities React to Dolly Parton’s Death,"From fellow country music stars like Shaboozey to actors like Colman Domingo, Black celebs are paying their respects to the late Dolly Parton.",theroot.com,2026-08-26,Entertainment,Shanelle Genai,https://www.theroot.com/black-celebrities-react-to-dolly-partons-death-2000123129,,,{},0,0.0
Study Finds 1 In 4 Deceased NFL Players Had CTE [Op-Ed],OPINION: Is there any job you would apply for if you knew going in that there was a 25% chance that you would suffer some kind of traumatic brain injury?,newsone.com,2026-08-26,Football,,https://newsone.com/6870278/study-finds-1-in-4-deceased-nfl-players-had-cte/,,,{},0,0.0
What Are The 2026 Hurricane Names? The Complete List,"2026 hurricane season has begun, with 21 names revealed. Dolly may be next as a tropical system develops.",newsone.com,2026-08-26,News,,https://newsone.com/6870305/what-are-the-2026-hurricane-names-the-complete-list/,,,{},0,0.0
Coalition Of Democratic States Sue Over Trump's Mail-In Voting EO,"The Supreme Court struck down a lower court block on the executive order earlier this week, arguing that the lawsuits were filed too early.",newsone.com,2026-08-26,Nation,,https://newsone.com/6870342/democratic-states-mail-in-voting-lawsuit/,,,{},0,0.0
Surrogate Continues Custody Fight As Baby's Condition Worsens [Op-Ed],"Nausheen Gilkar and Omar Ahmed are still embroiled in a multi-state legal battle with McKenna West, the surrogate they paid to have their baby.",newsone.com,2026-08-26,Nation,,https://newsone.com/6870353/mckenna-west-surrogate-custody-battle/,,,{},0,0.0
Why Is Donald Trump Always Trying To Rename Something? [Op-Ed],OPINION: Trump’s DOJ is threatening to break all the toys the president stole because a judge won’t let him write his name all over them.,newsone.com,2026-08-26,Nation,,https://newsone.com/6870364/trump-rename-kennedy-center-lake-ontario/,,,{},0,0.0
The 10 Best Texas Tech Conferences,"While coastal staples like New York, San Francisco and Las Vegas remain popular convention hubs, Texas offers a compelling alternative for industry events. Driven by the thriving commercial ecosystems of Austin, Dallas and Houston, the state naturally attracts diverse tech sectors spanning software engineering, health tech and artificial intelligence. Attending these top Texas tech conferences… Continue reading The 10 Best Texas Tech Conferences",afrotech.com,2026-08-26,Career,Dorian Smith-Garcia,https://afrotech.com/texas-tech-conferences-2026,,,{},0,0.0
"Dolly Parton’s Impact On Black Music: Beyoncé, Whitney Houston And Beyond","Some artists belong to a genre. Others become part of the culture. Dolly Parton was the latter. When the country music icon died on August 25, 2026, at 80, she left behind a legacy that stretched well beyond country music, touching pop, gospel, soul and, in meaningful ways, music shaped by generations of Black artists. […]",ebony.com,2026-08-26,Music,,https://www.ebony.com/dolly-parton-impact-black-music-beyonce-whitney-houston-beyond/,,,{},0,0.0
Everything to Know About Mayor Mamdani’s New Maternal Health Doula Initiative,"In celebration of Black Breastfeeding Week, Mayor Zohran Kwame Mamdani and the New York City Department of Health and Mental Hygiene celebrated a major milestone for the Citywide Doula Initiative: more than 4,200 people have received doula care through the program since its launch, many of them in neighborhoods most affected by health and socioeconomic […]",ebony.com,2026-08-26,Life,,https://www.ebony.com/everything-to-know-about-mayor-mamdanis-new-maternal-health-doula-initiative/,Maternal Health,maternal_health,"{""Maternal Health"": [""maternal health"", ""doula""]}",1,0.333
The New York-Inspired Fashion Essentials to Elevate Your US Open Outfits,"Summers in New York are notorious for being nothing short of iconic, and the 2026 season has proven to be no exception. Sports have played a major role in the conversation, from the Knicks’ historic NBA championship win in five games this June to the FIFA World Cup bringing international soccer to the New York […]",ebony.com,2026-08-26,Fashion,,https://www.ebony.com/the-new-york-inspired-fashion-essentials-to-elevate-your-us-open-outfits/,,,{},0,0.0
2026 Midterms: Historic Political Races to Watch,"The 2026 midterm elections will put more than control of Congress on the line. For Black voters, the Nov. 3 election could determine whether the number of Black lawmakers grows, shrinks or remains relatively stable after redistricting battles, court decisions and a wave of candidates seeking historically significant statewide offices. The gubernatorial contests are especially […]",ebony.com,2026-08-26,News &Amp; Politics,,https://www.ebony.com/2026-midterms-historic-political-races-to-watch/,Voter Suppression,voter_suppression,"{""Voter Suppression"": [""redistricting""]}",1,0.333
What’s With the HYROX Obsession?,"Did I expect to spend my thirty-eighth year training for sled pushes and burpee broad jumps? Absolutely not. Did I expect to love it as much as I do? Also no. But alas, that’s what the past year has looked like for me (I turned 39 on July 20th, and this journey began almost exactly […]",ebony.com,2026-08-26,Life,,https://www.ebony.com/whats-with-the-hyrox-obsession/,,,{},0,0.0
"Abdul El-Sayed Talks Policy, Jesse Watters Focuses On Culture War","OPINION: Like many of Trump’s blathering fan boys, Jesse Watters could not answer direct questions from El-Sayed because he was too busy regurgitating MAGA talking points.",newsone.com,2026-08-26,News,,https://newsone.com/6870291/abdul-el-sayed-jesse-watters-interview/,,,{},0,0.0
‘Love Island USA’ Star Aniya Harvey Talks Lessons Learned and Life After the Villa — EBONY Exclusive,"Aniya Harvey walks into the EBONY office building, her gorgeous brown skin glistening, wrapped in a long column dress. She is tall and lithe, a sign of her days as a middle blocker on the Florida Atlantic University volleyball team. With just a simple “hello,” Harvey has the whole lobby in a trance, and rightfully so. Harvey was […]",ebony.com,2026-08-26,Entertainment,,https://www.ebony.com/love-island-usa-star-aniya-harvey-talks-lessons-learned-life-after-villa-ebony-exclusive/,,,{},0,0.0
Viola Davis and Other Black Stars Using Their Voices to Call Out Important Issues,Viola Davis’ recent call out of Target following their Halloween costume scandal got us thinking about other Black celebs who are using their influence for the greater good.,theroot.com,2026-08-26,Entertainment,Shanelle Genai,https://www.theroot.com/viola-davis-and-other-black-stars-using-their-voices-to-2000123175,,,{},0,0.0
Trump Pushed Black Farmers Away From the Table. John Boyd is fighting back.,Boyd is calling out the Congressional Black Caucus and prominent Black voices for staying quiet as farmers face mounting pressure from the Trump administration.,theroot.com,2026-08-26,Culture,Phenix S Halley,https://www.theroot.com/trump-pushed-black-farmers-away-from-the-table-john-bo-2000123181,,,{},0,0.0
How a Black Doctor is Working to Close the Racial Participation Gap in Clinical Trials,"One Black expert says trust, representation and practical support could help more Black patients see clinical trials as an option.",theroot.com,2026-08-26,Culture,Phenix S Halley,https://www.theroot.com/how-a-black-doctor-is-working-to-close-the-racial-parti-2000123149,,,{},0,0.0
Surprising New Development in Mary Mary Singer Tina Campbell’s Divorce,"As Mary Mary’s Tina Campbell’s divorce proceedings continue, new details about her finances have emerged. Let’s break it down.",theroot.com,2026-08-26,Entertainment,Shanelle Genai,https://www.theroot.com/surprising-new-development-in-mary-mary-singer-tina-cam-2000123146,,,{},0,0.0
"Opinion: Everybody Wants To Be a D-1 Athlete, Here’s How To Make It Happen",Why high school athletes need more than talent to make it at the Division I level.,theroot.com,2026-08-26,Opinion,Lawrence Ware,https://www.theroot.com/opinion-everybody-wants-to-be-a-d-1-athlete-here-s-ho-2000122723,,,{},0,0.0
Surrogacy Custody Battle: New Details in the Case of Newborn With Heart Defect,A Texas judge has extended the order against a surrogate as she faces off with the baby’s biological parents over who should make decisions for him.,theroot.com,2026-08-26,Criminal Justice,Phenix S Halley,https://www.theroot.com/surrogacy-custody-battle-new-details-in-the-case-of-ne-2000123133,,,{},0,0.0
Jamie Foxx Reveals His Daughter Corinne Runs His Production Company,"Jamie Foxx and his daughter are a working duo. Corinne Foxx was 10 years old and attending the Oscars when she recognized her father’s star power, who at the time was being honored for his performance in “Ray,” she mentioned in an interview on the “Baby, This is Keke Palmer” podcast. She continued to champion… Continue reading Jamie Foxx Reveals His Daughter Corinne Runs His Production Company",afrotech.com,2026-08-26,Business,Samantha Dorisca,https://afrotech.com/jamie-foxx-reveals-his-daughter-corinne-runs-his-production-company,,,{},0,0.0
Raquel Lee Sues Disney Over Alleged Abuse At 14; A Prior Settlement With Mark Curry Has Surfaced,"Former child star Raquel Lee has filed a lawsuit against Disney, saying she was raped by an ex-employee at age 14.",blavity.com,2026-08-26,News,Tomas Kassahun,https://blavity.com/raquel-lee-sues-disney-over-alleged-abuse-poof-point,,,{},0,0.0
Congressman-elect Everton Blair reflects on making Black LGBTQ history in the South,Everton Blair reflects on becoming the South’s first Black LGBTQ member of Congress and how he plans to make his four-month term count.,thegrio.com,2026-08-26,Politics,Gerren Keith Gaynor,https://thegrio.com/2026/08/26/congressman-elect-everton-blair-reflects-on-making-black-lgbtq-history/,,,{},0,0.0
Florida father mourns wife and 2-year-old daughter killed by lightning strike,Kameron Glasgow was feet away when lightning struck Kenya Glasgow and their daughter Kennedi outside a family member’s home.,thegrio.com,2026-08-26,News,Bolarinwa Oladeji,https://thegrio.com/2026/08/26/florida-father-mourns-wife-and-2-year-old-daughter-killed-by-lightning-strike/,,,{},0,0.0
Beyoncé donates $1 million to Colombia earthquake relief as recovery efforts continue,Beyoncé earthquake donation sends $1 million to Colombia relief groups after a magnitude 7.4 quake killed 331 people and injured thousands.,thegrio.com,2026-08-26,Featured,Odafe Oghen,https://thegrio.com/2026/08/26/beyonce-earthquake-donation-colombia/,,,{},0,0.0
Chaka Khan says she’s ‘partnered out’ and has no plans to marry again,Chaka Khan marriage plans are off the table; the 73-year-old singer says she is “partnered out” after two divorces and focused on life ahead.,thegrio.com,2026-08-26,Featured,Odafe Oghen,https://thegrio.com/2026/08/26/chaka-khan-marriage-plans-partnered-out/,,,{},0,0.0
Family of 23-year-old Jaque Rabon sues California deputies after fatal shooting,Rabon’s family alleges deputies used excessive force when they shot him as he fled. Authorities say no weapon was found.,thegrio.com,2026-08-26,News,Odafe Oghen,https://thegrio.com/2026/08/26/jaque-rabon-lawsuit-excessive-force-deputies/,Policing & Public Safety,policing,"{""Policing & Public Safety"": [""excessive force""]}",1,0.333
Why Dolly Parton meant so much to Black communities: Black stars remember a one-of-a-kind icon,"Through her career, charm and philanthropy, Dolly Parton built a legacy that transcended music, race and genre.",thegrio.com,2026-08-26,Entertainment,Haniyah P.,https://thegrio.com/2026/08/26/why-dolly-parton-meant-so-much-to-black-communities-black-stars-remember-a-one-of-a-kind-icon/,,,{},0,0.0
"Beyoncé’s Cécred hair oil is going half off at Ulta, making it a perfect time to try it","On Saturday, Aug. 29, Ulta will mark Cécred’s Nourishing Hair Oil down by 50% as part of its 21+ Day of Beauty sale.",thegrio.com,2026-08-26,Lifestyle,Kay Wicker,https://thegrio.com/2026/08/26/beyonces-cecred-hair-oil-is-going-half-off-at-ulta-making-it-a-perfect-time-to-try-it/,,,{},0,0.0
"From toddlers to tweens, these best friends have captured 12 summers on Martha’s Vineyard","Orion and William have recreated the same photo on Martha's Vineyard every summer since age one, documenting 12 years of friendship in a",thegrio.com,2026-08-26,News,Bolarinwa Oladeji,https://thegrio.com/2026/08/26/orion-william-marthas-vineyard-summer-photo-tradition/,,,{},0,0.0
Trae Tha Truth steps in to help Gary residents after storms leave thousands without power,"Trae Tha Truth brings food and supplies to Gary, Indiana, as residents recover from severe storms and prolonged power outages.",thegrio.com,2026-08-26,News,Peter Kerich,https://thegrio.com/2026/08/26/trae-tha-truth-gary-indiana-power-outages/,,,{},0,0.0
Appeals court opts not to dismiss federal charges against Rep. LaMonica McIver over alleged assaults at ICE facility,The 3rd Circuit Court of Appeals has ruled Rep. LaMonica McIver is not immune from prosecution related to her May 2025 case at Delaney Hall.,thegrio.com,2026-08-26,Politics,Brandon Caldwell,https://thegrio.com/2026/08/26/court-ruling-lamonica-mciver-indictment-ice/,,,{},0,0.0
‘My spirit was broken’: Liris Crosse calls out ‘Project Runway’ designer over garbage bag look,The veteran model says Bryan Barrientos’ unconventional-materials design was “thoughtless” and failed to consider the woman wearing it.,thegrio.com,2026-08-26,Entertainment,Bolarinwa Oladeji,https://thegrio.com/2026/08/26/liris-crosse-project-runway-garbage-bag-look/,,,{},0,0.0
Jamie Foxx says he pushed Quentin Tarantino to cut a certain Kerry Washington scene from ‘Django Unchained’,Django Unchained rape scene was cut after Jamie Foxx says he pushed Quentin Tarantino to protect Kerry Washington before “Scandal.”,thegrio.com,2026-08-26,Entertainment,Odafe Oghen,https://thegrio.com/2026/08/26/django-unchained-rape-scene-jamie-foxx-kerry-washington/,,,{},0,0.0
Black father of nine found hanging in North Carolina as police say ‘everything is on the table’,"Police say the death of Demetrius Fleming remains an open, equivocal investigation as his family remembers the Roanoke Rapids father of nine.",thegrio.com,2026-08-26,News,Bolarinwa Oladeji,https://thegrio.com/2026/08/26/demetrius-fleming-roanoke-rapids-death-investigation/,,,{},0,0.0
"Meghan McCain takes aim at North West’s look as the teen pursues music, creativity and a ‘regular job’","Meghan McCain drew criticism after commenting publicly on 13-year-old North West's Dazed magazine cover, remarks many read as a dig at her",thegrio.com,2026-08-26,Entertainment,Bolarinwa Oladeji,https://thegrio.com/2026/08/26/meghan-mccain-north-west-dazed-cover-comments/,,,{},0,0.0
Everton Blair defeats late Rep. David Scott’s daughter in Georgia special election,The former school board chairman overcame an eight-point first-round deficit to win the runoff for Georgia’s 13th Congressional District.,thegrio.com,2026-08-26,Politics,Peter Kerich,https://thegrio.com/2026/08/26/everton-blair-wins-georgia-special-election/,Book Bans & Anti-DEI,book_bans_dei,"{""Book Bans & Anti-DEI"": [""school board""]}",1,0.333
Issa Rae sets HBO return with comedy about best friends chasing success in Las Vegas,"Issa Rae is returning to HBO with a new comedy pilot about male friendship, ambition and professional boxing in Las Vegas.",thegrio.com,2026-08-26,Entertainment,Peter Kerich,https://thegrio.com/2026/08/26/issa-rae-hbo-pilot-male-friendship-boxing-comedy/,,,{},0,0.0
Jay-Z’s upcoming HBO documentary with Rick Rubin has a trailer and release date. It also feels like a visual to ‘Decoded’,"HBO Max has revealed the debut trailer for ""Jay-Z In *,' a docuseries with Rick Rubin chronicling hiss life, lyrics and more.",thegrio.com,2026-08-26,Entertainment,Brandon Caldwell,https://thegrio.com/2026/08/26/jay-z-in-eight-trailer-decoded/,,,{},0,0.0
When surviving domestic violence becomes a crime for Black women,The cases of Latoya Crabbe and Keisha Golden are renewing attention on the barriers Black women survivors of domestic violence face.,thegrio.com,2026-08-26,Lifestyle,Kay Wicker,https://thegrio.com/2026/08/26/when-surviving-domestic-violence-becomes-a-crime-for-black-women/,,,{},0,0.0
Jaafar Jackson reveals why Janet Jackson may have declined to appear in ‘Michael’,"Janet Jackson biopic plans may be taking shape, according to Jaafar Jackson, who says his aunt has ideas for telling her own story on film.",thegrio.com,2026-08-26,Entertainment,Odafe Oghen,https://thegrio.com/2026/08/26/janet-jackson-biopic-jaafar-jackson/,,,{},0,0.0
A record number of Black candidates are nominees for governor. Here’s what you should know.,"The historic field spans party lines, with several candidates seeking to become their states’ first Black governors this November.",thegrio.com,2026-08-26,Politics,Gerren Keith Gaynor,https://thegrio.com/2026/08/26/a-record-number-of-black-candidates-are-nominees-for-governor-heres-what-you-should-know/,,,{},0,0.0
"Trump Administration removes Obama-era portrait from U.S. Embassy, calling it ‘woke’","The State Department is considering selling a painting it deemed ""woke"" from Kehinde Wiley, weeks after removing it from a U.S. embassy.",thegrio.com,2026-08-26,Politics,Brandon Caldwell,https://thegrio.com/2026/08/26/state-department-kehinde-wiley-painting-woke/,,,{},0,0.0
Snoop Dogg biopic finds its Suge Knight in ‘Nemesis’ star Tre Hale as film also casts its Tupac Shakur,"""Nemesis"" actor Tre Hale has been tapped to play Suge Knight in the upcoming biopic ""Snoop"" about the legend of Snoop Dogg.",thegrio.com,2026-08-26,Entertainment,Brandon Caldwell,https://thegrio.com/2026/08/26/tre-hale-suge-knight-snoop-dogg-biopic/,,,{},0,0.0
"‘Black lives are being undervalued’: NAACP Legal Defense Fund calls for federal, U.N. investigations into suspicious deaths of Black people",The Legal Defense Fund urges Congress and the UN to investigate the rising number of suspicious deaths of Black people in the U.S.,thegrio.com,2026-08-26,Lifestyle,Haniyah P.,https://thegrio.com/2026/08/26/black-lives-are-being-undervalued-naacp-legal-defense-fund-calls-for-federal-u-n-investigations-into-suspicious-deaths-of-black-people/,,,{},0,0.0
Supreme Court allows Trump administration to advance mail-voting changes ahead of 2026 midterms,The Supreme Court has allowed parts of Trump's mail-voting order to move forward ahead of the 2026 midterms.,thegrio.com,2026-08-25,Politics,Peter Kerich,https://thegrio.com/2026/08/25/supreme-court-trump-mail-voting-order-2026-midterms/,,,{},0,0.0
"Dolly Parton, legendary singer-songwriter and cultural icon, has died at 80","Dolly Parton, the legendary singer-songwriter who endeared herself to Black fans as a country music and philanthropic icon, has died.",thegrio.com,2026-08-25,Entertainment,Brandon Caldwell,https://thegrio.com/2026/08/25/dolly-parton-dies-age-80/,,,{},0,0.0
WNBA reportedly won’t ban Enes Kanter Freedom after courtside confrontation with Natasha Cloud,Enes Kanter Freedom reportedly won’t be banned from WNBA games after his courtside confrontation with Chicago Sky guard Natasha Cloud.,thegrio.com,2026-08-25,Sports,Odafe Oghen,https://thegrio.com/2026/08/25/enes-kanter-freedom-wnba-ban-natasha-cloud/,,,{},0,0.0
Ketanji Brown Jackson says Supreme Court ruling ‘needlessly injects chaos’ into 2026 elections,The justice issued a separate 23-page dissent blasting the decision allowing Trump’s mail-voting changes to move forward.,thegrio.com,2026-08-25,News,Bolarinwa Oladeji,https://thegrio.com/2026/08/25/ketanji-brown-jackson-mail-in-voting-dissent/,,,{},0,0.0
"Wendy Williams docuseries greenlit at Peacock for 2027, but she won’t be involved","Wendy Williams Peacock docuseries is set for 2027; more than 20 former staffers examine her show’s rise, impact and controversial ending.",thegrio.com,2026-08-25,Entertainment,Odafe Oghen,https://thegrio.com/2026/08/25/wendy-williams-peacock-docuseries-2027/,,,{},0,0.0
Dwyane Wade said his beard ‘needed a break.’ His new look has fans doing a double take,The 44-year-old traded his longtime beard for a goatee and pencil mustache — with Gabrielle Union’s approval.,thegrio.com,2026-08-25,News,Bolarinwa Oladeji,https://thegrio.com/2026/08/25/dwyane-wade-shaves-beard-gabrielle-union-reaction/,,,{},0,0.0
Andy Beshear says he’s listening to Black voters. We asked who’d be in his Black ‘Kitchen Cabinet’,The Kentucky governor says diversity is a “strength” as he continues his nationwide outreach to Black voters.,thegrio.com,2026-08-25,Politics,Gerren Keith Gaynor,https://thegrio.com/2026/08/25/andy-beshear-weighs-2028-black-kitchen-cabinet/,,,{},0,0.0
Minneapolis ‘Spider-Man’ unmasked after viral protest confrontation leads to arrest,"Minneapolis police identified the man in a Spider-Man costume arrested after a confrontation with activist Jake Lang, as online fundraisers",thegrio.com,2026-08-25,News,Bolarinwa Oladeji,https://thegrio.com/2026/08/25/spider-man-counterprotester-arrested-jake-lang-minneapolis/,,,{},0,0.0
50 Cent says older rappers shouldn’t expect to stay on top. Rick Ross says age doesn’t matter,"50 Cent aging in hip-hop comments spark a response from Rick Ross, who cites Bun B and Pimp C, he argues veteran rappers can keep recording.",thegrio.com,2026-08-25,Entertainment,Odafe Oghen,https://thegrio.com/2026/08/25/50-cent-aging-in-hip-hop-rick-ross-response/,,,{},0,0.0
"On August 25, remembering the ‘20 and odd’ Africans who arrived in Virginia in 1619","August 25 marks the anniversary of the arrival of enslaved Africans at, a pivotal moment in the history of slavery and African in the USA.",thegrio.com,2026-08-25,Featured,Peter Kerich,https://thegrio.com/2026/08/25/august-25-1619-first-enslaved-africans-americarica/,,,{},0,0.0
Trump administration reverses school discipline policy created to address racial disparities,New federal guidance tells schools not to consider race in discipline decisions despite longstanding disparities affecting Black students.,thegrio.com,2026-08-25,Featured,Peter Kerich,https://thegrio.com/2026/08/25/school-discipline-discrimination-race-us-education-department/,,,{},0,0.0
Bozoma Saint John celebrates Ghanaian roots with traditional Akan wedding in Accra,The “Real Housewives of Beverly Hills” star married Keely Watson in a ceremony rooted in centuries of Ghanaian tradition.,thegrio.com,2026-08-25,News,Bolarinwa Oladeji,https://thegrio.com/2026/08/25/bozoma-saint-john-keely-watson-ghana-wedding/,,,{},0,0.0
Busta Rhymes stops Toronto-area set to tell police: ‘Stop with the aggression’,The hip-hop legend paused his Kaya Fest performance after noticing officers handling a man near the stage.,thegrio.com,2026-08-25,Entertainment,Odafe Oghen,https://thegrio.com/2026/08/25/busta-rhymes-at-kaya-fest-police-confrontation/,,,{},0,0.0
Don Lemon’s indictment under scrutiny as federal judge examines grand jury proceedings,The judge is reviewing materials from the secret proceedings to determine whether there are grounds to dismiss the criminal case.,thegrio.com,2026-08-25,News,Odafe Oghen,https://thegrio.com/2026/08/25/don-lemon-grand-jury-review-doj-case/,,,{},0,0.0
721 Years Strong: Meet the Black Family That Just Set the Record for Oldest Living Siblings,"The Davises from Hattiesburg, MS, have a combined age of more than 721 years, the highest of eight living siblings, according to Guinness World Records.",theroot.com,2026-08-25,News,Angela Wilson,https://www.theroot.com/721-years-strong-meet-the-black-family-that-just-set-t-2000122581,,,{},0,0.0
"Darline Graham, Ralph Norman Virtually Tied Ahead Of Senate Runoff","Darline Graham was appointed by Gov. Henry McMaster to succeed her deceased brother, Lindsey Graham, in the Senate despite having little experience.",newsone.com,2026-08-25,Nation,,https://newsone.com/6870217/darline-graham-ralph-norman-senate-runoff/,,,{},0,0.0
"25 years after Aaliyah’s death, we’re still wondering who she may have become","The singer Aaliyah died at age 22 25 years ago on August 25, 2001, in a tragic plane crash in the Bahamas.",thegrio.com,2026-08-25,Entertainment,Kay Wicker,https://thegrio.com/2026/08/25/25-years-after-aaliyahs-death-were-still-wondering-who-she-may-have-become/,,,{},0,0.0
The WNBA Has An Obvious Choice For MVP In 2026: A’ja Wilson [Op-Ed],"Everyone’s got an MVP pick for 2026, but A’ja Wilson stands so far above the rest that we should stop calling it a race.",newsone.com,2026-08-25,Basketball,,https://newsone.com/6870225/aja-wilson-obvious-choice-wnba-mvp/,,,{},0,0.0
More Than 100K Memphis Residents Left Without Power [Op-Ed],"OPINION: Situations like this seem to be the norm, especially when it comes to areas occupied largely by Black people and people of color.",newsone.com,2026-08-25,Nation,,https://newsone.com/6870246/memphis-power-outage-storms-conserve-water/,,,{},0,0.0
Jeff Metcalf Refuses To Apologize For Racism In New Interview [Op-Ed],"OPINION: No matter how racist a racist is, they’ll still deny that race plays a part in any situation when they just don’t want to hear about it.",newsone.com,2026-08-25,Civil Rights &Amp; Social Justice,,https://newsone.com/6870254/jeff-metcalf-austin-metcalf-racism-karmelo-anthony/,,,{},0,0.0
Track Meet Turns Tragic: Texas Teen Charged as Adult Under Controversial Law,The 19-year-old’s legal team continues to fight his 35-year sentence in a case that was often viewed along racial lines.,capitalbnews.org,2026-08-25,,Christina Carrega,https://capitalbnews.org/karmelo-anthony-murder-case-texas/,,,{},0,0.0
"Keshia Golden, Who Said She Killed Boyfriend in Self-Defense, Accepts Plea Deal","As a Black woman and survivor of domestic violence, she chose not to gamble on a trial that could have seen her imprisoned for at least 20 years.",capitalbnews.org,2026-08-25,,"Jasmine Mithani, The 19th",https://capitalbnews.org/keshia-golden-plea-deal-domestic-violence/,,,{},0,0.0
A Federal Judge Is Examining the Justice Department’s Case Against Don Lemon,Lemon’s case is the latest example of growing skepticism of whether the DOJ is behaving ethically in grand jury proceedings.,capitalbnews.org,2026-08-25,,"Brandon Tensley, Dalila-Johari Paul",https://capitalbnews.org/nekima-levy-armstrong-church-protest-ice-arrests-minnesota/,,,{},0,0.0
"Target Responds to Claims of Racist Imagery in Halloween Costume, But Customers Want to Know How it Made it to the Shelves",A controversial Halloween costume is raising questions about how offensive imagery passes corporate review.,theroot.com,2026-08-25,Culture,Phenix S Halley,https://www.theroot.com/target-responds-to-claims-of-racist-imagery-in-hallowee-2000122534,,,{},0,0.0
The ‘Michael’ Sequel Is Tackling the Allegations — Here Are 5 More Moments It Can’t Skip,Jaafar Jackson is opening up about what fans can expect to see in part two of the ‘Michael’ biopic. Here’s our list of other must-see things!,theroot.com,2026-08-25,Entertainment,Shanelle Genai,https://www.theroot.com/the-michael-sequel-is-tackling-the-allegations-here-a-2000122528,,,{},0,0.0
GirlTREK Is Walking Toward a Healthier Future for Black Women,"Sometimes, the most powerful thing you can do is to walk it out. GirlTREK, a national walking group and the largest health movement for Black women in the country can attest to that. For over ten years GirlTREK has existed at the intersection of sisterhood, healing and liberation, merging exercise with social justice initiatives. This […]",ebony.com,2026-08-25,Health,,https://www.ebony.com/girltrek-is-walking-toward-a-healthier-future-for-black-women/,,,{},0,0.0
7 Films That Prove Folks Been Had Money,"When it comes to portraying the Black experience on the big screen, it’s no secret that Hollywood often focuses on telling Black stories centered in trauma, struggle, and poverty. As a result, those limiting perspectives create the impression that our stories not only begin in hardship but end there, too. But the Black experience isn’t […]",ebony.com,2026-08-25,Tv &Amp; Film,,https://www.ebony.com/films-that-prove-folks-been-had-money/,,,{},0,0.0
How Coco Gauff and New Balance Are Rewriting the Rules of Athlete Sneaker Culture,"For decades, the signature sneaker conversation has been dominated by men. From Michael Jordan to LeBron James to Kevin Durant, the architecture of athlete footwear culture was built around men, their stories, and their shoes. Women’s signature lines existed, but rarely with the cultural weight, design investment, or staying power their male counterparts commanded. Then […]",ebony.com,2026-08-25,Fashion,,https://www.ebony.com/how-coco-gauff-and-new-balance-are-rewriting-the-rules-of-athlete-sneaker-culture/,,,{},0,0.0
Caribbean Cuisine Has Never Won a Michelin Star—These Three Jamaican Chefs Think It’s Time For a Change,"Having a Jamaican father means Caribbean food has always been a staple in my life. Whether it was at my grandmother’s house or my uncle’s, I remember eating dishes like jerk chicken, oxtail, and rice and peas—foods I loved growing up and still enjoy today. As I got older, I started to appreciate the cuisine […]",ebony.com,2026-08-25,Dining,,https://www.ebony.com/caribbean-cuisine-has-never-won-a-michelin-star-these-three-jamaican-chefs-think-its-time-for-a-change/,,,{},0,0.0
Lil Durk’s murder-for-hire trial begins as prosecutors allege revenge plot against Quando Rondo,"Prosecutors say the rapper financed a plot targeting Quando Rondo, while his defense maintains, “Mr. Banks had nothing to do with it.”",thegrio.com,2026-08-25,Entertainment,Odafe Oghen,https://thegrio.com/2026/08/25/lil-durk-murder-for-hire-trial-revenge-plot/,,,{},0,0.0
Trump says foreign beef will lower prices. Black farmers warn they’ll pay the price,National Black Farmers Association president John Boyd says Trump’s import plan could push more struggling Black farmers out of business.,thegrio.com,2026-08-25,Politics,Gerren Keith Gaynor,https://thegrio.com/2026/08/25/trump-foreign-beef-black-farmers/,,,{},0,0.0
Raquel Lee Bolleau alleges Disney failed to protect her from sexual abuse as a child star,Raquel Lee Bolleau lawsuit alleges Disney failed to protect the former child star from sexual abuse while filming “The Poof Point” at age 14.,thegrio.com,2026-08-25,Featured,Odafe Oghen,https://thegrio.com/2026/08/25/raquel-lee-bolleau-lawsuit-disney-sexual-abuse/,,,{},0,0.0
"As Trump pulls back school civil rights enforcement, who will protect Black students?",Education policy experts say states and school districts must step up as federal officials retreat from using racial disparities to,thegrio.com,2026-08-25,Politics,Gerren Keith Gaynor,https://thegrio.com/2026/08/25/as-trump-pulls-back-school-civil-rights-enforcement-who-will-protect-black-students/,,,{},0,0.0
Exclusive: What’s Next for Karen Attiah After Her Year of ‘Exile’ from The Washington Post?,"“I’m waiting for my golden invitation,” Attiah says when asked whether she will return to The Washington Post.",theroot.com,2026-08-25,Culture,Phenix S Halley,https://www.theroot.com/exclusive-what-s-next-for-karen-attiah-after-her-year-2000122617,,,{},0,0.0
Cardi B’s Jaw-Dropping New Designer Bag Collection is a Fashion Lover’s Dream,"Cardi B took to TikTok to show off all the luxury bags she recently added to her collection, and the jaw-dropping haul is a something you’ll want to see!",theroot.com,2026-08-25,Beauty + Style,Mahalia Otshudy,https://www.theroot.com/cardi-bs-jaw-dropping-new-designer-bag-collection-is-a-2000122558,,,{},0,0.0
The recent Texas Roadhouse controversy reveals why so many Black people are done giving racism the benefit of the doubt,"Texas Roadhouse faced calls for a boycott after a social media post, later proved to be a hoax, revealed alleged discriminatory practices.",thegrio.com,2026-08-25,Featured,Haniyah P.,https://thegrio.com/2026/08/25/the-recent-texas-roadhouse-controversy-reveals-why-so-many-black-people-are-done-giving-racism-the-benefit-of-the-doubt/,,,{},0,0.0
JPMorgan Chase CEO Jamie Dimon And His Wife Are Donating $12M To HBCUs,"JPMorgan Chase Chairman and CEO Jamie Dimon and his wife are investing in HBCUs. The James and Judith K. Dimon Foundation was created in 1996 to invest in the next generation through education and economic mobility, according to a press release. It has played a role in advancing FutureReadyNYC (FRNYC), which ensures high school students are equipped for 21st-century… Continue reading JPMorgan Chase CEO Jamie Dimon And His Wife Are Donating $12M To HBCUs",afrotech.com,2026-08-25,Education,Samantha Dorisca,https://afrotech.com/jpmorgan-chase-ceo-jamie-dimon-and-his-wife-are-donating-12m-to-hbcus,Economic Equity & Wealth Gap,economic_equity,"{""Economic Equity & Wealth Gap"": [""economic mobility""]}",1,0.333
"Groom Guy, A Black-Owned Luxury Men’s Grooming And Wellness Brand, Joins Marriott’s Autograph Collection","New beginnings are coming for Groom Guy. As AFROTECH™ previously reported, Darius Davie and Matthew Sears are the founders of Groom Guy, a luxury men’s grooming and wellness brand launched in 2020 that has completed more than 8,000 men’s grooming services — which include self-care services such as haircuts, beard trims, and hot towel shaves. The business… Continue reading Groom Guy, A Black-Owned Luxury Men’s Grooming And Wellness Brand, Joins Marriott’s Autograph Collection",afrotech.com,2026-08-25,Business,Samantha Dorisca,https://afrotech.com/groom-guy-joins-marriotts-autograph-collection,Economic Equity & Wealth Gap,economic_equity,"{""Economic Equity & Wealth Gap"": [""black-owned""]}",1,0.333
11 Reasons Why Black Folks Will Always Love Dolly Parton,"Music legend Dolly Parton has passed away at age 80. And while she had countless fans, she got lots of love from the Black community.",theroot.com,2026-08-25,Entertainment,Shanelle Genai,https://www.theroot.com/11-reasons-why-black-folks-will-always-love-dolly-parto-2000066885,,,{},0,0.0
A Look Back at Aaliyah’s Flyest Fashion Moments,"25 years after Aaliyah’s death, we’re taking a look back at some of her best style moments",theroot.com,2026-08-25,Beauty + Style,Shanelle Genai,https://www.theroot.com/a-look-back-at-aaliyahs-flyest-fashion-moments-2000122658,,,{},0,0.0
Black Leaders Push Back as Supreme Court Clears Path for Trump’s Mail-Voting Order,"Black leaders, including Ketanji Brown Jackson and Hakeem Jeffries, warn the latest SCOTUS ruling could create voting chaos and threaten access before November.",theroot.com,2026-08-25,Politics,Phenix S Halley,https://www.theroot.com/black-leaders-push-back-as-supreme-court-clears-path-fo-2000122561,,,{},0,0.0
‘The barometer’: Beyoncé shares tribute to Dolly Parton as world mourns cultural icon,"In a post on her website, Beyoncé paid tribute to her friend Dolly Parton, calling her ""the barometer"" as the world mourns her passing.",thegrio.com,2026-08-25,Entertainment,Brandon Caldwell,https://thegrio.com/2026/08/25/beyonce-pays-tribute-dolly-parton/,,,{},0,0.0
Chicago Sky ban former NBA player Enes Kanter Freedom from arena following on-court altercation with Natasha Cloud,Chicago Sky ownership announced on Tuesday that former NBA player Enes Kanter Freedom was barred from attending games at Wintrust Arena.,thegrio.com,2026-08-25,News,Brandon Caldwell,https://thegrio.com/2026/08/25/enes-kanter-freedom-banned-chicago-sky-home-games/,,,{},0,0.0
"Serayah, Joey Bada$$ and the hard truth about love, cheating and relationships",Serayah and Joey Bada$$'s breakup sparked discourse about love and cheating. Therapists explain why love alone can't sustain a partnership.,thegrio.com,2026-08-25,Lifestyle,Haniyah P.,https://thegrio.com/2026/08/25/serayah-joey-bada-and-the-hard-truth-about-love-cheating-and-relationships/,,,{},0,0.0
Robert F. Smith’s Vista Equity Reportedly In Talks Of Selling One Of Its Portfolio Companies,"Robert F. Smith is looking to sell one of Vista Equity Partners’ portfolio companies. As AFROTECH™ previously reported, the billionaire is the founder, chairman, and partner at Vista Equity Partners, a private equity firm that invests in enterprise software, data, and technology companies. Its portfolio includes the AI-powered platform Allvue Systems, which “unifies data, automates workflows, and… Continue reading Robert F.",afrotech.com,2026-08-25,Business,Samantha Dorisca,https://afrotech.com/vista-equity-partners-is-reportedly-exploring-a-sale-of-allvue-systems,,,{},0,0.0
"New ring, new show: ‘Bel-Air’ spinoff ‘Hilary’ in the works starring Coco Jones","There might be more 'Bel-Air' story to tell. Peacock is developing a spinoff titled 'Hilary,' starring Coco Jones from writer Tracy Oliver.",thegrio.com,2026-08-25,Entertainment,Brandon Caldwell,https://thegrio.com/2026/08/25/hilary-bel-air-spinoff-coco-jones/,,,{},0,0.0
Hakeem Jeffries Defends Jared Kushner Meeting After It Divides Democrats,"House Minority Leader Hakeem Jeffries is facing both criticism and support within Democratic circles after news leaked of a private meeting he held with President Trump’s son-in-law. Some are condemning Jeffries for seeking areas of cooperation with the Trump administration, while others are defending the congressman and calling out the racial dynamics of the criticism… Continue reading Hakeem Jeffries Defends Jared Kushner Meeting After It Divides Democrats",blavity.com,2026-08-25,Politics,Christopher Rhodes,https://blavity.com/hakeem-jeffries-defends-jared-kushner-meeting-after-it-divides-democrats,,,{},0,0.0
Dolly Parton Dies at 80: Fans and Stars Pay Tribute,"The news of country music icon Dolly Parton’s passing has sent shockwaves through every community. A lifelong activist and community champion, Parton leaves behind a legacy that extends far beyond her countless hit records. Initial reactions to the news show the broad range of people whose lives she touched: from actress Holly Robinson Peete to […]",ebony.com,2026-08-25,Music,,https://www.ebony.com/dolly-parton-dies-at-80-fans-and-stars-pay-tribute/,,,{},0,0.0
Governor Demands Investigation as Deadline to Restore Power in Gary Nears,"As Gary students return to class, thousands remain without power, while Gov. Mike Braun demands answers and Mayor Eddie Melton voices frustration.",theroot.com,2026-08-25,Culture,Phenix S Halley,https://www.theroot.com/governor-demands-investigation-as-deadline-to-restore-p-2000122544,,,{},0,0.0
Why Kwanza Jones has so many Black people excited about baseball,The history-making new owner of the San Diego Padres has a fascinating resume and all of the right energy.,thegrio.com,2026-08-25,Lifestyle,Kay Wicker,https://thegrio.com/2026/08/25/why-kwanza-jones-has-so-many-black-people-excited-about-baseball/,,,{},0,0.0
"Before Leaving Congress, Al Green Once More Files Impeachment Articles Against Trump","Congressman Al Green, a vocal Democratic opponent of President Donald Trump, is set to leave Congress in January. But Green appears to be going out fighting, as he yet again pursues impeachment against Trump. This is the latest of several efforts by Green to have the president removed from office and to call out Trump… Continue reading Before Leaving Congress, Al Green Once More Files Impeachment Articles Against Trump",blavity.com,2026-08-25,Politics,Christopher Rhodes,https://blavity.com/al-green-once-more-files-impeachment-articles-against-trump,,,{},0,0.0
Here’s How Pickleball Became the Trendiest Summer Hobby,"The Claremont Resort & Club looks like it was built to repel an invasion. Perched high above the East Bay, the sprawling white hotel rises through a canopy of trees like some grand old garrison, keeping watch over Oakland for enemy ships that, thankfully, never arrive. Instead, there are tennis and pickleball courts, a spa, a […]",ebony.com,2026-08-25,Life,,https://www.ebony.com/heres-how-pickleball-became-the-trendiest-summer-hobby/,,,{},0,0.0
"2 Phoenix Cops Fired, Arrested On Assault, Kidnapping Charges [Op-Ed]",Phoenix Police Chief Matt Giordano announced Saturday that now-former Phoenix police officers Antonio Felix and Luis Vasquez were arrested on charges including aggravated assault and kidnapping.,newsone.com,2026-08-25,Civil Rights &Amp; Social Justice,,https://newsone.com/6870205/cops-fired-arrested-assault-kidnapping-charges/,,,{},0,0.0
Supreme Court Strikes Down Block On Trump’s Mail-In Voting EO [Op-Ed],There is widespread concern that the Supreme Court’s ruling regarding mail-in ballots will sow confusion and chaos in the upcoming midterm elections.,newsone.com,2026-08-25,Nation,,https://newsone.com/6870200/scotus-strikes-down-block-mail-in-voting-eo/,,,{},0,0.0
Trump Admin Will Revoke Visas Of Migrants Seeking Asylum [Op-Ed],"OPINION: The Trump administration is a bigoted, xenophobic institution that will use its power to enforce a white nationalist agenda in the U.S.",newsone.com,2026-08-25,Nation,,https://newsone.com/6870193/trump-admin-revoke-asylum-seekers-visas/,,,{},0,0.0
Sen. Tim Scott defends Darline Graham’s flubbed national security answer,"South Carolina senator Tim Scott said Lindsey Graham’s sister is “the real deal"" even after she flubbed a response.",thegrio.com,2026-08-24,Politics,Panama Jackson,https://thegrio.com/2026/08/24/sen-tim-scott-defends-darline-grahams-flubbed-national-security-answer/,,,{},0,0.0
"Who Ran The WNBA This Week: Angel Reese Goes Perfect, Kelsey Mitchell Makes History & The Playoff Field Takes Shape","WNBA season nearing playoffs, Kelsey Mitchell sets records, Nneka Ogwumike to retire, All-Star game coming to Bay Area.",newsone.com,2026-08-24,Sports,,https://newsone.com/6870129/who-ran-the-wnba-this-week-13/,,,{},0,0.0
"Jake Lang Gets Beat Up By 'Spider-Man,' The Internet Loves It [Op-Ed]","OPINION: Jake Lang tried to stage another one of his bargain basement Klan rallies, but it did not go the way he planned, and he got punched in the face for his efforts.",newsone.com,2026-08-24,News,,https://newsone.com/6870153/jake-lang-gets-beatdown-from-spider-man/,,,{},0,0.0
"‘Lanterns’ Episode 2 Delivers Compelling Mystery, Solid Worldbuilding",“Lanterns” goes all in on the Green Lantern lore while continuing to establish an intriguing mystery in the small town of Rushville.,newsone.com,2026-08-24,Culture,,https://newsone.com/6870091/lanterns-episode-2-recap/,,,{},0,0.0
"Sean Grayson, Cop Who Killed Sonya Massey, Dies In Prison [Op-Ed]","Sean Grayson’s attorney, Daniel L. Fultz, confirmed the news on Sunday that his client died following his battle with Stage 4 colon cancer.",newsone.com,2026-08-24,Nation,,https://newsone.com/6870069/sean-grayson-cop-who-killed-sonya-massey-dies-prison/,Policing & Public Safety,policing,"{""Policing & Public Safety"": [""cop killed""]}",1,0.333
What’s Next for Karmelo Anthony After New Trial Is Denied?,"With a new trial denied, Anthony’s attorneys must now convince an appeals court that serious errors tainted his conviction.",theroot.com,2026-08-24,Crime,Phenix S Halley,https://www.theroot.com/what-s-next-for-karmelo-anthony-after-new-trial-is-deni-2000122333,,,{},0,0.0
Karen Attiah Wins Her Job Back at The Washington Post After Firing,"The opinion journalist did not lose her platform when The Washington Post fired her. If anything, the dispute made her voice louder.",theroot.com,2026-08-24,News,Phenix S Halley,https://www.theroot.com/karen-attiah-wins-her-job-back-at-the-washington-post-a-2000122324,,,{},0,0.0
What Does Home Mean to Black Women? This Martha’s Vineyard Exhibit Has an Answer,"Curated by Jade Flint and artist Taylor Thomas, and presented by Long Gallery Harlem, “A House Is Not a Home” brings together 25 Black women artists to examine America’s 250-year history.",theroot.com,2026-08-24,Culture,Amber Ferguson,https://www.theroot.com/what-does-home-mean-to-black-women-this-martha-s-viney-2000122311,,,{},0,0.0
I used to be a teacher. I made it part of my job to do this 1 critical thing for my students of color.,"As students return to school, one former teacher challenges educators to learn every name — and the history behind it.",thegrio.com,2026-08-24,Lifestyle,Panama Jackson,https://thegrio.com/2026/08/24/i-used-to-be-a-teacher-i-made-it-part-of-my-job-to-do-this-1-critical-thing-for-my-students-of-color/,,,{},0,0.0
‘Let me finish’: NBC host clashes with MAGA senator desperate to blame Biden for Trump’s economy,"Sen. Tim Scott repeatedly tried to pass the buck off to former President Joe Biden, but Kristen Welker wasn’t having it.",thegrio.com,2026-08-24,Politics,Panama Jackson,https://thegrio.com/2026/08/24/let-me-finish-nbc-host-clashes-with-maga-senator-desperate-to-blame-biden-for-trumps-economy/,,,{},0,0.0
"‘My ancestors don’t play about us’: Social media reacts to death of Sean Grayson, ex-officer who killed Sonya Massey","Sean Grayson’s death has sparked a wave of reactions online, with some people describing it as karma or spiritual justice for Sonya Massey.",thegrio.com,2026-08-24,Featured,Haniyah P.,https://thegrio.com/2026/08/24/my-ancestors-dont-play-about-us-social-media-reacts-to-death-of-ex-officer-who-killed-sonya-massey/,,,{},0,0.0
"Serayah ends engagement to Joey Bada$$, citing repeated infidelity",The actress and singer revealed that repeated infidelity played a role in her decision and said her priority now is protecting their son.,thegrio.com,2026-08-24,News,Bolarinwa Oladeji,https://thegrio.com/2026/08/24/serayah-joey-badass-engagement-ended-infidelity/,,,{},0,0.0
Lil’ Kim is bringing ‘Hard Core’ home to Brooklyn for its 30th anniversary,"Lil’ Kim will bring Hard Core Symphony to Brooklyn’s Kings Theatre on Nov. 19, celebrating 30 years of her double-platinum debut album.",thegrio.com,2026-08-24,Entertainment,Odafe Oghen,https://thegrio.com/2026/08/24/lil-kim-hard-core-symphony-30th-anniversary/,,,{},0,0.0
"From Memphis to Gary, Black Communities Are Being Left in the Dark",Prolonged outages are leaving Black residents to rely on mutual aid while utilities and public officials struggle to restore essential services.,capitalbnews.org,2026-08-24,,Adam Mahoney,https://capitalbnews.org/memphis-gary-black-communities-power-outages/,,,{},0,0.0
"Motown pioneer Janie Bradford, who helped shape the label from the beginning, dies at 87","Janie Bradford, one of Motown’s first employees and co-writer of “Money (That’s What I Want),” has died at 87.",thegrio.com,2026-08-24,Entertainment,Peter Kerich,https://thegrio.com/2026/08/24/janie-bradford-motown-songwriter-dies-87/,,,{},0,0.0
Chris Brown’s tour earnings can be seized to pay former housekeeper nearly $13 million,Chris Brown’s tour earnings can be redirected to former housekeeper Maria Avila; Seeks to collect a nearly $13 million dog attack judgment.,thegrio.com,2026-08-24,Entertainment,Odafe Oghen,https://thegrio.com/2026/08/24/chris-brown-tour-earnings-housekeeper-13-million-judgment/,,,{},0,0.0
Howard University grad filed 223 job applications before landing his news reporting job in Alabama,"Morgan’s road to his first on-air opportunity was filled with rejection emails, but persistence and connections helped him get his break.",thegrio.com,2026-08-24,Featured,Peter Kerich,https://thegrio.com/2026/08/24/howard-university-graduate-brock-morgan-223-job-applications-fox54-huntsville/,,,{},0,0.0
"Ex-Miss North Carolina USA claims Trump support cost her crown, not racial slur posts",Brittany Boltinhouse is suing the Miss USA Organization after being stripped of her title when years-old posts resurfaced.,thegrio.com,2026-08-24,Entertainment,Bolarinwa Oladeji,https://thegrio.com/2026/08/24/brittany-boltinhouse-miss-usa-defamation-lawsuit/,,,{},0,0.0
Coco Gauff wins second Cincinnati Open title ahead of U.S. Open,Gauff defeated Jessica Pegula for her 12th career singles trophy as Arthur Fils completed a championship sweep.,thegrio.com,2026-08-24,Entertainment,Odafe Oghen,https://thegrio.com/2026/08/24/coco-gauff-wins-second-cincinnati-open-title-ahead-of-u-s-open/,,,{},0,0.0
Enes Kanter Freedom escorted from WNBA game after confrontation with Natasha Cloud,The former NBA player was removed from his courtside seat after an exchange with the Chicago Sky guard during Sunday’s game.,thegrio.com,2026-08-24,Sports,Peter Kerich,https://thegrio.com/2026/08/24/enes-kanter-freedom-ejected-natasha-cloud-wnba/,,,{},0,0.0
Another Black Man Found Hanging In North Carolina [Op-Ed],The hanging death of Demetrius Fleming in Roanoke Rapids comes only a week after an unidentified Black man was found hanging from a tree in Raleigh.,newsone.com,2026-08-24,Nation,,https://newsone.com/6870131/another-black-man-found-hanging-north-carolina/,,,{},0,0.0
Karen Attiah Wins Washington Post Job Back [Op-Ed],OPINION: The Washington Post fired Karen Attiah for saying out loud what everyone else was thinking after Charlie Kirk’s death at a gunman’s hands.,newsone.com,2026-08-24,News,,https://newsone.com/6870147/karen-attiah-wins-washington-post-job-back/,,,{},0,0.0
‘I WON’: Karen Attiah wins fight against Washington Post over firing,The journalist was ordered reinstated with back pay after an arbitrator found the Post lacked sufficient cause to terminate her.,thegrio.com,2026-08-24,News,Bolarinwa Oladeji,https://thegrio.com/2026/08/24/karen-attiah-washington-post-reinstated-arbitrator/,,,{},0,0.0
Ex-deputy Sean Grayson dies months into 20-year sentence for killing Sonya Massey,The former Illinois sheriff’s deputy was serving 20 years for the 2024 killing that sparked national outrage and calls for police reform.,thegrio.com,2026-08-24,News,Bolarinwa Oladeji,https://thegrio.com/2026/08/24/sean-grayson-dies-sonya-massey-shooting/,Policing & Public Safety,policing,"{""Policing & Public Safety"": [""police reform"", ""sheriff""]}",1,0.333
The Game celebrates daughter Cali’s Sweet 16 with $300K gift and touching tribute,"The Game surprised daughter Cali Dream Taylor with a $300,000 Mercedes-Maybach GLS 600 at her Beverly Hills Sweet 16 celebration.",thegrio.com,2026-08-24,Featured,Odafe Oghen,https://thegrio.com/2026/08/24/the-game-cali-dream-taylor-maybach-sweet-16/,,,{},0,0.0
Wardell Milan On How Black Artists Challenge America's Story,"On this episode, visual artist Wardell Milan explores how generations of Black artists and allies have used creativity to document history, challenge perceptions and define themselves.",newsone.com,2026-08-24,Civil Rights &Amp; Social Justice,,https://newsone.com/6869873/wardell-milan-life-liberty-pursuit-of-happiness/,,,{},0,0.0
What to Know About the Karmelo Anthony Retrial Hearings,"A Texas courtroom is once again at the center of national attention as a judge considers whether Karmelo Anthony, convicted this summer in the fatal stabbing of a fellow student at a high school track meet, deserves a new trial. Here’s what’s happening and how the case got here. Anthony, now 19, was convicted in […]",ebony.com,2026-08-24,News &Amp; Politics,,https://www.ebony.com/what-to-know-about-the-karmelo-anthony-retrial-hearings/,,,{},0,0.0
North Carolina Makes Voting More Difficult for HBCU Students – Again,North Carolina A&T students are pushing back after officials again rejected an early voting site on the historically Black campus.,theroot.com,2026-08-24,Education,Phenix S Halley,https://www.theroot.com/north-carolina-makes-voting-more-difficult-for-hbcu-stu-2000122377,Voter Suppression,voter_suppression,"{""Voter Suppression"": [""early voting""]}",1,0.333
"The Crenshaw Rec: Foot Locker’s Celebration of Community, Culture, and Legacy in Los Angeles","Being from Los Angeles in 2026 can feel like being an ultra-rare Pokémon. When someone learns that you were born and raised in L.A., it can feel like you’ve revealed the surprise of a lifetime, considering the number of people who have moved to follow their dreams, live near the beach, or simply seek a […]",ebony.com,2026-08-24,Events,,https://www.ebony.com/the-crenshaw-rec-foot-lockers-celebration-of-community-culture-and-legacy-in-los-angeles/,,,{},0,0.0
"Camden Has Always Had Its Own Bop, Now the Internet Is Catching Up","There is an art to the Camden Bop. You can learn the movements. You can catch the clap. You can study enough videos to understand where your arms and legs are supposed to go. But according to the young men who have spent years doing it, none of that necessarily means you can bop. “It’s […]",ebony.com,2026-08-24,Culture,,https://www.ebony.com/camden-bop-viral-internet-dance/,,,{},0,0.0
National Breastfeeding Month: Why Black Mothers Need More Support,"National Breastfeeding Month highlights barriers Black mothers face, calls for systemic change to support breastfeeding.",newsone.com,2026-08-24,Health,,https://newsone.com/6870111/national-breastfeeding-month-black-mothers-need-more-support/,,,{},0,0.0
Meghan Markle is Reportedly Eyeing a Return to Acting in the UK: Why Critics Are Pushing Back,"After news broke that Prince Harry and Meghan Markle are moving back to England, we finally have the reason behind their return.",theroot.com,2026-08-24,Entertainment,Mahalia Otshudy,https://www.theroot.com/meghan-markle-is-reportedly-eyeing-a-return-to-acting-i-2000122330,,,{},0,0.0
Master P Addresses the Backlash to His Controversial Comments About Slavery,"The former rapper and business mogul’s recent comments about slavery had the internet up in arms. And now, he’s attempting to clarify his point!",theroot.com,2026-08-24,Entertainment,Shanelle Genai,https://www.theroot.com/master-p-addresses-the-backlash-to-his-controversial-co-2000122328,,,{},0,0.0
Coco Gauff and Arthur Fils Showcase Black Tennis Star Power at the Cincinnati Open,"From Coco Gauff’s dominant title run to a historic, all-Black Masters 1000 final between Arthur Fils and Frances Tiafoe, the 2026 Cincinnati Open proved that Black excellence is the future of tennis.",theroot.com,2026-08-24,Sports,Rashad Grove,https://www.theroot.com/coco-gauff-and-arthur-fils-showcase-black-tennis-star-p-2000122389,,,{},0,0.0
"Opinion: America Must Teach Children to Read, Not Track Their Futures","If there were ever a time for a national education emergency plan, it is now.",theroot.com,2026-08-24,Opinion,Ameshia Cross,https://www.theroot.com/opinion-america-must-teach-children-to-read-not-track-2000122425,,,{},0,0.0
Ava DuVernay’s ‘14th’ is coming to Netflix this December,Ava DuVernay’s 14th documentary premieres on Netflix Dec. 4 after a Nov. 27 theatrical release and an Oct. 9 New York Film Festival debut.,thegrio.com,2026-08-24,Entertainment,Odafe Oghen,https://thegrio.com/2026/08/24/ava-duvernay-14th-documentary-netflix-premiere-date/,,,{},0,0.0
The Wild True Story Behind Samuel L. Jackson’s Nick Fury Casting,The actor’s portrayal of Fury in the Marvel world is no doubt iconic. So is the story behind it.,theroot.com,2026-08-24,Entertainment,Shanelle Genai,https://www.theroot.com/the-wild-true-story-behind-samuel-l-jacksons-nick-fury-2000122410,,,{},0,0.0
A Black Chicago Woman’s Fight for Self-Defense Ends With Bombshell Plea Agreement,"The Keshia Golden case has sparked a broader conversation about Black women, domestic violence and whether self-defense is equally recognized by courts.",theroot.com,2026-08-24,Criminal Justice,Phenix S Halley,https://www.theroot.com/a-black-chicago-woman-s-fight-for-self-defense-ends-wit-2000122453,,,{},0,0.0
Five Biggest Moments From Bozoma Saint John’s Big Ghanaian Wedding,Let’s take a look inside Bozoma Saint John and Keely Watson’s lavish Ghanaian wedding that had social media buzzing.,theroot.com,2026-08-24,News,B.Kadijat Towolawi,https://www.theroot.com/five-biggest-moments-from-bozoma-saint-johns-big-ghanai-2000122470,,,{},0,0.0
"Everything We Know About Serayah, Joey Bada$$ Shocking Breakup","‘Empire’ star Serayah and rapper Joey Bada$$ were once Instagram couple goals. Now, it looks like their love story has come to a shocking and sad end.",theroot.com,2026-08-24,Entertainment,Shanelle Genai,https://www.theroot.com/everything-we-know-about-serayah-joey-bada-shocking-2000122466,,,{},0,0.0
"Target launches costume, swiftly removes it after backlash for resembling racist Black minstrel performers",Target launches a costume and swiftly removes it after facing backlash for resembling Black minstrel performers.,thegrio.com,2026-08-24,Lifestyle,Kay Wicker,https://thegrio.com/2026/08/24/target-launches-costume-swiftly-removes-it-after-backlash-for-resembling-black-minstrel-performers/,,,{},0,0.0
St. Augustine’s University cancels fall classes as HBCU works through bankruptcy,St. Augustine's University is reportedly $74M in debt and has paused classes for the fall semester as it sorts through bankruptcy.,thegrio.com,2026-08-24,Hbcu,Brandon Caldwell,https://thegrio.com/2026/08/24/st-augustines-university-hbcu-no-classes-bankruptcy/,,,{},0,0.0
Talk Your Partner Through It With These Bedroom Tips,"When you’re intimate, the heat from each other feels like electricity from the tousling over each other, coupled with looking in your partner’s eyes, which causes a natural reaction to squeal or squirm. In those moments, it’s easy to wonder what happens when feelings get too intense, and you need space to express yourself, but […]",ebony.com,2026-08-24,Relationships,,https://www.ebony.com/talk-your-partner-through-it-with-these-bedroom-tips/,,,{},0,0.0
"From Howard to Bowie State, Ghana’s Asantehene is bringing Africa and the diaspora together in D.C.","From a royal lecture at Howard University to a major business summit, the week aims to build bridges between Africa and Black America.",thegrio.com,2026-08-24,Lifestyle,Panama Jackson,https://thegrio.com/2026/08/24/from-howard-to-bowie-state-ghanas-asantehene-is-bringing-africa-and-the-diaspora-together-in-d-c/,,,{},0,0.0
"What To Know As Karmelo Anthony Denied New Trial Amid Revelations Of A ‘Gentleman’s Agreement’ Between Prosecutors, Defense","Karmelo Anthony, the 19-year-old accused of fatally stabbing 17-year-old Austin Metcalf at a high school track meet, has been denied from getting a new trial.",blavity.com,2026-08-24,News,Tomas Kassahun,https://blavity.com/karmelo-anthony-denied-new-trial-amid-gentleman-agreement-reveal,,,{},0,0.0
‘Roots: The Saga of an American Family’ by Alex Haley turns 50,"50 years after Alex Haley’s groundbreaking “Roots: The Saga of an American Family” landed on shelves, its legacy remains urgent.",thegrio.com,2026-08-24,Books,Kay Wicker,https://thegrio.com/2026/08/24/roots-the-saga-of-an-american-family-by-alex-haley-turns-50/,,,{},0,0.0
The New Digital Village: Single Moms Are Building Financial Support Online,"Today’s price truly isn’t yesterday’s price, and everyone across the country is feeling it. Post-pandemic inflation, corporate greed, supply chain disruption from global conflict, high fuel costs and an employer-driven job market are all affecting how Americans make it day by day, month to month. Lately, though, attention has become a growing outlet for mothers to […]",ebony.com,2026-08-24,Family,,https://www.ebony.com/digital-village-moms-build-financial-support-online/,,,{},0,0.0
The GAP Taps Southern University’s Marching Band for National Denim Collab,"Gap is taking its dapper denim talents outside of the mall and onto the football field. A.W. Mumford Stadium, to be exact, home of Southern University and its world-renowned marching band, the Human Jukebox. Known for its high-energy dance routines, precision and modern acoustic mimicry, the Southern sonic staple can now add modeling to its […]",ebony.com,2026-08-24,Fashion,,https://www.ebony.com/the-gap-taps-southern-universitys-marching-band-for-national-denim-collab/,,,{},0,0.0
13% Of AI Executives Are Women — Here’s Why That’s A Problem,"Not enough women hold AI leadership roles. A study titled the “Triple Penalty” was released by LinkedIn in July 2026. It looked into several challenges faced by women, such as working in leadership positions, AI jobs, and at AI companies. The report considered LinkedIn members working in medium to large firms across 27 countries, thereby… Continue reading 13% Of AI Executives Are Women — Here’s Why That’s A Problem",afrotech.com,2026-08-24,Technology,Samantha Dorisca,https://afrotech.com/13-of-ai-executives-are-women-heres-why-thats-a-problem,,,{},0,0.0
ChatGPT Can Now Send Text Messages On Your Behalf,"You no longer have to manage sending out text messages thanks to ChatGPT’s latest feature. Sam Altman, who serves as the chief executive officer of OpenAI, spoke candidly about the future of the technology. He believes that within the next six months, ChatGPT will evolve to monitor a computer screen 24/7, attend every meeting, record… Continue reading ChatGPT Can Now Send Text Messages On Your Behalf",afrotech.com,2026-08-24,Technology,Samantha Dorisca,https://afrotech.com/chatgpt-text-message,,,{},0,0.0
TikTok Reaches $400M Settlement With The Justice Department Over Violating Children’s Online Privacy Protection Act,"TikTok has reached a $400 million settlement with the Justice Department. CBS News reports that the social media platform was sued in 2024 over alleged violations of the Children’s Online Privacy Protection Act (COPPA). The lawsuit, filed in the U.S. District Court for the Central District of California, alleged that for young users, parents were… Continue reading TikTok Reaches $400M Settlement With The Justice Department Over Violating Children’s Online Privacy Protection Act",afrotech.com,2026-08-24,Technology,Samantha Dorisca,https://afrotech.com/tiktok-reaches-settlement-with-the-justice-department-for-400m,,,{},0,0.0
YouTube Is Reportedly Offering Creators Millions To Post Exclusively On Its Platform — Here’s Why,"YouTube wants to better leverage the star power of its creators. Bloomberg reports that the video-sharing and social media platform is encouraging creators to share content exclusively on its platforms, with compensation coming through funded programs or brand deals. Some creators have been offered millions of dollars in compensation if they comply, per the outlet.… Continue reading YouTube Is Reportedly Offering Creators Millions To Post Exclusively On Its Platform — Here’s Why",afrotech.com,2026-08-24,Technology,Samantha Dorisca,https://afrotech.com/youtube-is-reportedly-offering-creators-millions-to-post-exclusively-on-its-platform-heres-why,,,{},0,0.0
Pregnant Chicago woman who faced murder charge in boyfriend’s death takes plea deal,"Keisha Golden, who was eight months pregnant at the time she killed her boyfriend, received 24 months probation as part of a plea deal.",thegrio.com,2026-08-24,News,Brandon Caldwell,https://thegrio.com/2026/08/24/keisha-golden-plea-deal-domestic-violence-trial/,,,{},0,0.0
"Pete Buttigieg Courts Black Voters In SC Visit To Church, HBCU And NAACP Dinner, Fueling 2028 Speculation","Former Secretary of Transportation Pete Buttigieg visited South Carolina over the weekend, meeting with key Democratic figures and visiting various community institutions in the state. And while his visit ostensibly focused on the important 2026 midterm elections, many are viewing the trip as a potential ground run for a presidential campaign and an opportunity to… Continue reading Pete Buttigieg Courts Black Voters In SC Visit To Church, HBCU And NAACP Dinner, Fueling 2028 Speculation",blavity.com,2026-08-24,Politics,Christopher Rhodes,https://blavity.com/pete-buttigieg-south-carolina-visit-2028-speculation,,,{},0,0.0
"Fired Over Charlie Kirk Comments, Karen Attiah Ordered To Be Rehired By Washington Post After Arbitration","Nearly a year after she was fired by the Washington Post, a prominent Black columnist has won her case against the paper. The decision means that she is set to return to the paper that cut ties with her over her criticism of slain conservative talking head Charlie Kirk. Arbiter rules Post wrongly fired Attiah,… Continue reading Fired Over Charlie Kirk Comments, Karen Attiah Ordered To Be Rehired By Washington Post After Arbitration",blavity.com,2026-08-24,News,Christopher Rhodes,https://blavity.com/karen-attiah-ordered-to-be-rehired-by-washington-post,,,{},0,0.0
‘We got this wrong’: Target issues statement after removing minstrel-like Halloween costume,"One day after removing a Halloween costume that evoked images of Jim Crow-era stereotypes, Target issued an apology, saying they got it wrong.",thegrio.com,2026-08-24,Lifestyle,Brandon Caldwell,https://thegrio.com/2026/08/24/target-apology-minstrel-halloween-costume/,Voter Suppression,voter_suppression,"{""Voter Suppression"": [""jim crow""]}",1,0.333
"‘A big deal’: As Buttigieg makes South Carolina appearance, appealing to Black voters is front and center","Possible presidential hopeful Pete Buttigieg made a rare appearance in South Carolina over the weekend, focused on Black voters.",thegrio.com,2026-08-24,Politics,Brandon Caldwell,https://thegrio.com/2026/08/24/pete-buttigieg-black-south-carolina-voters-2028/,,,{},0,0.0
Machel Montano’s legacy finds a home at the Brooklyn Public Library,"Machel Montano's mother saved everything, and now her decades of ""hoarding"" anchor a landmark exhibition celebrating his 40-year career.",thegrio.com,2026-08-24,Lifestyle,Haniyah P.,https://thegrio.com/2026/08/24/machel-montanos-legacy-finds-a-home-at-the-brooklyn-public-library/,,,{},0,0.0
Hakeem Jeffries’ allies see a racial double standard in the backlash over his Kushner meeting,Progressives say their criticism is about his politics. Defenders say the likely first Black House speaker is held to a different standard.,thegrio.com,2026-08-24,Politics,Gerren Keith Gaynor,https://thegrio.com/2026/08/24/hakeem-jeffries-racial-double-standard-backlash-kushner-meeting/,,,{},0,0.0
‘The Five Heartbeats Star’ Michael Wright Dies At 70,Sugar Hill star Michael Wright has died at age 70.,blavity.com,2026-08-23,News,Tomas Kassahun,https://blavity.com/the-five-heartbeats-star-michael-wright-dies-at-70,,,{},0,0.0
Why Was BigXthaPlug Arrested? Here’s What To Know,"Dallas rapper BigXthaPlug has been arrested and charged for driving intoxicated, possession of marijuana and unlawful possession of a firearm.",blavity.com,2026-08-23,News,Tomas Kassahun,https://blavity.com/why-was-bigxthaplug-arrested-heres-what-to-know,,,{},0,0.0
Porsha Williams and girlfriend Sway celebrate relationship milestone after finding love on their own terms,Porsha Williams and girlfriend Patrice “Sway” McKinney celebrate a relationship milestone months after making their romance public.,thegrio.com,2026-08-23,Entertainment,Bobby Pen,https://thegrio.com/2026/08/23/porsha-williams-sway-mckinney-relationship-milestone/,,,{},0,0.0
Meghan Markle’s reported ‘The Gentlemen’ role pulled after UK backlash,Meghan Markle’s reported role in Netflix’s “The Gentlemen” has reportedly been withdrawn after backlash in the U.K.,thegrio.com,2026-08-23,Entertainment,Bobby Pen,https://thegrio.com/2026/08/23/meghan-markle-the-gentlemen-role-withdrawn/,,,{},0,0.0
"BigXthaPlug arrested in Texas on DWI, marijuana and firearm charges","BigXthaPlug was arrested in Texas on DWI, marijuana possession and unlawful firearm possession charges nearly a year after a previous arrest.",thegrio.com,2026-08-23,Entertainment,Bobby Pen,https://thegrio.com/2026/08/23/bigxthaplug-arrested-texas-dwi-marijuana-firearm/,,,{},0,0.0
How Jordyn Woods and Karl-Anthony Towns Found Love Through Grief,"Jordyn Woods and Karl-Anthony Towns’ stunning Malibu wedding dominated social media earlier this week. While the ceremony itself was kept largely private, Woods is opening up about the details that made their love story feel divinely planned.",theroot.com,2026-08-23,Entertainment,Mahalia Otshudy,https://www.theroot.com/how-jordyn-woods-and-karl-anthony-towns-found-love-thro-2000122279,,,{},0,0.0
13 Black Church Sayings That Aren’t Actually in the Bible,"From “God don’t like ugly” to “Let go and let God,” here’s what the Bible actually says about the church sayings we grew up hearing.",theroot.com,2026-08-23,Culture,Asheea Smith,https://www.theroot.com/13-black-church-sayings-that-aren-t-actually-in-the-bib-2000122253,,,{},0,0.0
Busta Rhymes’ Most Legendary Guest Verses,"While we wait for the release of his latest full-length studio album, featuring unreleased J-Dilla productions, we’re looking at Busta Rhymes best guest verses.",theroot.com,2026-08-23,Music,Rashad Grove,https://www.theroot.com/busta-rhymes-most-legendary-guest-verses-2000122182,,,{},0,0.0
"How to Spend a Weekend in San Pedro, Belize","According to astrocartography, I have several planetary lines that run through Belize. A Neptune line that is ideal for escapism and a lackadaisical vacation, a Moon line that elicits an inner child response of being unplugged from the world at large, and an abundance of Saturn and IC energy that prompts me to think about […]",ebony.com,2026-08-22,Travel,,https://www.ebony.com/how-to-spend-a-weekend-in-san-pedro-belize/,,,{},0,0.0
Federal judge strikes down Trump policy freezing immigrant visa processing for 75 countries,A federal judge struck down the Trump administration’s freeze on immigrant visa processing for applicants from 75 countries.,thegrio.com,2026-08-22,Politics,Odafe Oghen,https://thegrio.com/2026/08/22/trump-immigrant-visa-processing-freeze-ruling/,,,{},0,0.0
Navy May Name Ship After Trump Instead Of Black Navy War Hero [Op-Ed],"Trump and his “Secretary of War,” Pete Hegseth, are obsessed with taking things away from Black people and other marginalized groups in favor of white people and white nationalists like themselves.",newsone.com,2026-08-22,Nation,,https://newsone.com/6870034/navy-aircraft-carrier-doris-miller-donald-trump/,,,{},0,0.0
Aisha Wahab Wins Special Election To Replace Eric Swalwell,"State Sen. Aisha Wahab is now the first Afghan American elected to Congress, and she will run again in November to serve a full two-year term.",newsone.com,2026-08-22,Nation,,https://newsone.com/6870028/aisha-wahab-replaces-eric-swalwell/,,,{},0,0.0
The Best HBCU Back-to-School Outfits This Year,"From school pride and Southern prep to streetwear and statement accessories, these HBCU students are bringing serious style back to campus.",theroot.com,2026-08-22,Beauty + Style,Phenix S Halley,https://www.theroot.com/the-best-hbcu-back-to-school-outfits-this-year-2000122198,,,{},0,0.0
Binge-Worthy Shows Guys Will Love to Watch This Weekend,"From crime thrillers and superhero adventures to workplace comedies, these must-watch series are worth giving up your entire weekend.",theroot.com,2026-08-22,Black And Bingeing,Ty Cole,https://www.theroot.com/binge-worthy-shows-guys-will-love-to-watch-this-weekend-2000122124,,,{},0,0.0
5 Bombshells From the First Week of the Tupac Shakur Murder Trial,"Nearly 30 years after Tupac’s death, week one of Keffe D’s trial brings gunfire, Diddy theories, shocking testimony and questions about his credibility.",theroot.com,2026-08-22,Crime,Phenix S Halley,https://www.theroot.com/5-bombshells-from-the-first-week-of-the-tupac-shakur-mu-2000122249,,,{},0,0.0
"Michael Wright, beloved ‘Five Heartbeats’ and ‘Sugar Hill’ star, dies at 70","Actor Michael Wright has died at 70 after heart failure and complications from a rare neurological disease, his family says.",thegrio.com,2026-08-22,Entertainment,Odafe Oghen,https://thegrio.com/2026/08/22/michael-wright-dies-at-70-five-heartbeats/,,,{},0,0.0
Wendy Williams says ‘I want out!’ during rare public appearance amid ongoing guardianship battle,Wendy Williams says “I want out” during a rare NYC appearance as her years-long fight against court-ordered guardianship continues,thegrio.com,2026-08-22,Lifestyle,Peter Kerich,https://thegrio.com/2026/08/22/wendy-williams-guardianship-i-want-out/,,,{},0,0.0
"The Wrap-Up—MVAAFF Edition: “If I Go, Will They Miss Me” and Other Notable Moments","Celebrating the richness of cinema and Black storytelling at the 2026 Martha’s Vineyard African American Film Festival. A Memorable Movie Moment If I Go, Will They Miss Me just dropped its trailer, but the movie had already claimed the moment at the 2026 Martha’s Vineyard African American Film Festival. The Danielle Brooks and J. Alphonse […]",ebony.com,2026-08-22,Culture,,https://www.ebony.com/the-wrap-up-mvaaff-edition-if-i-go-will-they-miss-me-notable-moments/,,,{},0,0.0
Southern University’s Human Jukebox takes center stage in Gap’s new denim campaign,Southern University’s Human Jukebox brings HBCU marching band culture to Gap’s new denim campaign with custom looks and a performance of “Dancing on My Own.”,thegrio.com,2026-08-22,Music,Bobby Pen,https://thegrio.com/2026/08/22/southern-university-human-jukebox-gap-denim-campaign/,,,{},0,0.0
Appeals court blocks DOJ subpoenas targeting New York Attorney General Letitia James,"A federal appeals court blocked DOJ subpoenas targeting Letitia James, ruling the prosecutor in the investigation was unlawfully appointed.",thegrio.com,2026-08-22,Politics,Peter Kerich,https://thegrio.com/2026/08/22/doj-subpoenas-letitia-james-appeals-court-ruling/,,,{},0,0.0
‘Denied’: Judge rules against new trial for Karmelo Anthony after previous judge is recused from case,A retired judge has denied Karmelo Anthony's motion for a new trial days after the previous trial judge was recused from the case.,thegrio.com,2026-08-22,News,Brandon Caldwell,https://thegrio.com/2026/08/22/karmelo-anthony-denied-new-trial/,,,{},0,0.0
Jaafar Jackson says upcoming ‘Michael’ sequel will tackle the King of Pop’s abuse allegations ‘from his perspective’,"In a new profile for GQ Middle East, Jaafar Jackson says the upcoming 'Michael' sequel will tackle the King of Pop's abuse allegations",thegrio.com,2026-08-22,Entertainment,Brandon Caldwell,https://thegrio.com/2026/08/22/jaafar-jackson-michael-sequel-abuse-allegations/,,,{},0,0.0
Buffalo Bills rally around Ed Oliver after death of his two-year-old son,Buffalo Bills' Ed Oliver is mourning his two-year-old son after a fatal pool incident near Houston as the team offers support.,thegrio.com,2026-08-22,News,Peter Kerich,https://thegrio.com/2026/08/22/ed-oliver-two-year-old-son-death-buffalo-bills/,,,{},0,0.0
Myles Bullock Be cast as Dr. Dre in upcoming Snoop Dogg biopic,"Myles Bullock Be will portray Dr. Dre in Snoop, the upcoming Snoop Dogg biopic starring Jonathan Daviss as the rap icon.",thegrio.com,2026-08-22,Entertainment,Peter Kerich,https://thegrio.com/2026/08/22/myles-bullock-be-dr-dre-snoop-dogg-biopic/,,,{},0,0.0
NY grandmother found dead near Las Vegas airport nearly two weeks after disappearance,Missing New York grandmother Alisa Goods was found dead near a Las Vegas airport nearly two weeks after she disappeared while visiting the city.,thegrio.com,2026-08-22,News,Bobby Pen,https://thegrio.com/2026/08/22/alisa-goods-found-dead-las-vegas-airport/,,,{},0,0.0
Jaafar Jackson on How the ‘Michael’ Sequel Will Finally Tackle Past Allegations,"While the “Michael” biopic broke box office records, it also drew harsh criticism for failing to address his child sexual abuse allegations. However, Jaafar Jackson says the upcoming sequel will do so.",theroot.com,2026-08-21,Entertainment,Mahalia Otshudy,https://www.theroot.com/jaafar-jackson-on-how-the-michael-sequel-will-finally-t-2000122059,,,{},0,0.0
"At 91, Helen Woodyard Got the Diploma She’d Been Waiting a Lifetime For","After decades of putting herself last, Helen Woodyard returned to school at 88 and finally accomplished a dream she never abandoned.",theroot.com,2026-08-21,Black Excellence,Phenix S Halley,https://www.theroot.com/at-91-helen-woodyard-got-the-diploma-she-d-been-waitin-2000122076,,,{},0,0.0
Trump Considers Stripping Black Navy Hero’s Name From New Aircraft Carrier,"Donald Trump has been placing his name on as many things as he can, but his latest move could overshadow the legacy of a Black Navy hero.",theroot.com,2026-08-21,News,Mahalia Otshudy,https://www.theroot.com/trump-considers-stripping-black-navy-hero-s-name-from-n-2000122066,,,{},0,0.0
"As The City Prepares for Another Weekend Without Power, Gary Mayor Says Residents Deserve Better","After more than a week without power, Gary residents face mounting losses as Mayor Eddie Melton demands answers and pushes for recovery.",theroot.com,2026-08-21,Culture,Phenix S Halley,https://www.theroot.com/as-the-city-prepares-for-another-weekend-without-power-2000122177,,,{},0,0.0
Young Zendaya on the Red Carpet Is the Funniest Meme on the Internet Right Now,The internet turned another perfectly timed young Zendaya reaction into a meme for every hilariously awkward situation imaginable.,theroot.com,2026-08-21,Culture,Ty Cole,https://www.theroot.com/young-zendaya-on-the-red-carpet-is-the-funniest-meme-on-2000122179,,,{},0,0.0
The Search For a Missing New York Grandmother Ends in Tragedy in Las Vegas,"Days after Alisa Goods’ family reported her missing, they began receiving strange texts from her phone asking for money. Now, she’s been found dead.",theroot.com,2026-08-21,News,Phenix S Halley,https://www.theroot.com/the-search-for-a-missing-new-york-grandmother-ends-in-t-2000121644,,,{},0,0.0
Fans Call Marvel Out Over Black Superhero Snubs,"With Black-led Marvel projects like “Blade” and now “Wonder-Man,” getting canceled, it appears as if the Marvel Cinematic Universe has a bad grip on its more diverse projects. And fans are calling them out about it!",theroot.com,2026-08-21,Entertainment,Shanelle Genai,https://www.theroot.com/fans-call-marvel-out-over-black-superhero-snubs-2000119397,,,{},0,0.0
What Jurors Didn’t Hear in the Karmelo Anthony Case,Newly revealed records detail troubling histories for both teens as Karmelo Anthony argues withheld evidence influenced his decision not to testify.,theroot.com,2026-08-21,Crime,Phenix S Halley,https://www.theroot.com/what-jurors-didn-t-hear-in-the-karmelo-anthony-case-2000122117,,,{},0,0.0
Major New Development for the USS Abraham Lincoln After Public Outcry Over Conditions,"Thousands of sailors were reportedly suffering amid poor conditions aboard the USS Abraham Lincoln for nine months. Now, they are finally headed home.",theroot.com,2026-08-21,News,Angela Wilson,https://www.theroot.com/major-new-development-for-the-uss-abraham-lincoln-after-2000121614,,,{},0,0.0
Janelle James Reveals Why She Doesn’t Like Her ‘Abbott Elementary’ Character,"Even though Principal Ava is a fan favorite on “Abbott Elementary,” Janelle James is opening up about why she actually dislikes her character.",theroot.com,2026-08-21,Entertainment,Mahalia Otshudy,https://www.theroot.com/janelle-james-reveals-why-she-doesnt-like-her-abbott-el-2000122119,,,{},0,0.0
Patti LaBelle’s nephew says his Trump support cost him his relationship with the singer,"William “Byl” Holte, Patti LaBelle’s nephew and adopted son, says his support for Donald Trump led to years of estrangement from the singer.",thegrio.com,2026-08-21,Featured,Haniyah P.,https://thegrio.com/2026/08/21/patti-labelles-nephew-says-his-trump-support-cost-him-his-relationship-with-the-singer/,,,{},0,0.0
Why the Penn State drug bust is reigniting debates about respectability politics,"As 13 current and former Penn State students face drug-related charges linked to a cocaine ring, the internet has been set ablaze.",thegrio.com,2026-08-21,Lifestyle,Kay Wicker,https://thegrio.com/2026/08/21/why-the-penn-state-drug-bust-is-reigniting-debates-about-respectability-politics/,,,{},0,0.0
"Pierre ‘P’ Thomas, Atlanta hip-hop legend, hospitalized following a heart attack","Atlanta hip-hop mogul Pierre ""P"" Thomas is currently hospitalized after suffering a heart attack in Las Vegas.",thegrio.com,2026-08-21,Entertainment,Brandon Caldwell,https://thegrio.com/2026/08/21/pierre-p-thomas-quality-control-hospitalized-heart-attack/,,,{},0,0.0
‘Every day is a challenge’: Nolan Wells’ father on the quiet grief of losing a son while trying to stay strong for his family,"Elmore Wonsley reveals he revisits old texts with his son, Nolan Wells, as the family copes with the loss of a child and sibling.",thegrio.com,2026-08-21,Featured,Haniyah P.,https://thegrio.com/2026/08/21/every-day-is-a-challenge-nolan-wells-father-on-the-quiet-grief-of-losing-a-son-while-trying-to-stay-strong-for-his-family/,,,{},0,0.0
New Questions in Jason Arday’s Death as the Academic Who Accused Him of Plagiarism is Suspended,A British academic with a history of questionable race-related studies faces investigation after his accusations against Jason Arday intensified his sudden death.,theroot.com,2026-08-21,Culture,Phenix S Halley,https://www.theroot.com/new-questions-in-jason-ardays-death-as-the-academic-who-2000122067,,,{},0,0.0
"Amid Atlanta DNC backlash, Andy Beshear says Democrats can’t take Black voters or the South for granted",Beshear acknowledges the party has historically “underfunded” the South but says recent Democratic gains show progress.,thegrio.com,2026-08-21,Politics,Gerren Keith Gaynor,https://thegrio.com/2026/08/21/andy-beshear-atlanta-dnc-backlash-black-voters-the-south/,,,{},0,0.0
Self-described ‘race realist’ who kickstarted plagiarism allegations against Jason Arday suspended from post at European university,"Following an investigation into his comments about Jason Arday, Nathan Cofnas, who brought on plagiarism allegations against Arday, was suspended.",thegrio.com,2026-08-21,News,Brandon Caldwell,https://thegrio.com/2026/08/21/nathan-confras-suspended-university-jason-arday/,,,{},0,0.0
‘Stay away from my family’: Keisha Lance Bottoms confronts GOP opponent over comments about husband,"Bottoms, who could become the nation’s first Black woman governor, challenges Republican Rick Jackson over family attacks.",thegrio.com,2026-08-21,Politics,Gerren Keith Gaynor,https://thegrio.com/2026/08/21/keisha-lance-bottoms-confronts-rick-jackson-over-comments-about-husband/,,,{},0,0.0
Trump Administration could potentially target Ethiopians similarly to Haitians as TPS status is terminated,"Following a judge's ruling that Temporary Protected Status can end for Ethiopian nationals, many fear they will be subject to mass deportations.",thegrio.com,2026-08-21,Politics,Brandon Caldwell,https://thegrio.com/2026/08/21/ethiopia-temporary-protected-status/,,,{},0,0.0
"‘I don’t like it’: Fed up with the lack of awareness about Gary, Keith Lee mobilizes relief efforts as city continues to go without power",Keith Lee is helping raise awareness for the plight of Gary citizens who've been without power for weeks with an upcoming food tour.,thegrio.com,2026-08-21,News,Brandon Caldwell,https://thegrio.com/2026/08/21/keith-lee-vows-gary-power-relief-effort-deadly-storm/,,,{},0,0.0
Dr. Erica Schwartz has made history at the CDC. But what comes next?,We unpack Dr. Erica Schwartz's complex job ahead as the new director of the Centers for Disease Control and Prevention.,thegrio.com,2026-08-21,Health,Kay Wicker,https://thegrio.com/2026/08/21/dr-erica-schwartz-has-made-history-at-the-cdc-but-what-comes-next/,,,{},0,0.0
"Keith Lee Is Bringing His Food Tour To Gary, IN, A Predominantly Black City Currently Without Power","Keith Lee is intentionally bringing his food tour to Gary, IN, a city in dire need of support. Indiana Power Outage Tens of thousands of customers in Gary have been without power for more than a week, the Associated Press reports. The outages followed several deadly storms that damaged power lines and left trees down in… Continue reading Keith Lee Is Bringing His Food Tour To Gary, IN, A Predominantly Black City Currently Without Power",afrotech.com,2026-08-21,Business,Samantha Dorisca,https://afrotech.com/keith-lee-is-bringing-his-food-tour-to-gary-in,,,{},0,0.0
Report: Alisa Goods Found Dead Near Las Vegas Airport,"Alisa Goods, a 63-year-old grandmother who was visiting Las Vegas from New York, had been missing for nearly two weeks.",newsone.com,2026-08-21,Nation,,https://newsone.com/6870017/alisa-goods-found-dead-near-las-vegas-airport/,,,{},0,0.0
"The State of US: Byron Donalds’s Primary Win, NAACP Joins Nolan Wells Legal Team, ATL Out of DNC Host Running","Thousands Remain Without Power in Indiana After Deadly Storms More than 65,000 power outages remained across Indiana as of Thursday, more than a week after deadly storms battered the state with destructive winds, tornadoes and flooding. Northwest Indiana has faced some of the most significant disruptions, with about 75,000 Northern Indiana Public Service Co. customers […]",ebony.com,2026-08-21,News &Amp; Politics,,https://www.ebony.com/the-state-of-us/,,,{},0,0.0
Angel Reese makes WNBA history with perfect shooting night in Atlanta Dream win,"Angel Reese shoots 9-for-9 as the Dream rout the Sparks, setting a franchise shooting mark and a new WNBA offensive rebounding record.",thegrio.com,2026-08-21,Sports,Odafe Oghen,https://thegrio.com/2026/08/21/angel-reese-shoots-9-for-9-dream-sparks/,,,{},0,0.0
‘I don’t quit’: 91-year-old Georgia woman earns GED after decades of regret,"Helen Woodyard, 91, became Georgia’s oldest GED graduate after returning to class at 88 and finally achieving a diploma.",thegrio.com,2026-08-21,Featured,Peter Kerich,https://thegrio.com/2026/08/21/91-year-old-georgia-woman-earns-ged/,,,{},0,0.0
12 HBCUs land $1 million each in new permanent endowment funding,UNCF announces a $12 million Dimon Foundation HBCU gift that will provide permanent endowment funding to 12 Black colleges.,thegrio.com,2026-08-21,Featured,Odafe Oghen,https://thegrio.com/2026/08/21/dimon-foundation-hbcu-gift-12-million-uncf/,,,{},0,0.0
Kelsey Mitchell makes WNBA history with 21st straight 20-point game,"Kelsey Mitchell broke A’ja Wilson’s WNBA record with 21 straight 20-point games, scoring 37 points for the Indiana Fever against Dallas.",thegrio.com,2026-08-21,News,Bolarinwa Oladeji,https://thegrio.com/2026/08/21/kelsey-mitchell-wnba-record-21-straight-20-point-games/,,,{},0,0.0
Keefe D named his nephew as Tupac’s shooter in 2008 police interview played at trial,Keffe D’s 2008 interview is played for jurors as he says his nephew Orlando Anderson fired the shots that killed Tupac Shakur.,thegrio.com,2026-08-21,News,Odafe Oghen,https://thegrio.com/2026/08/21/keffe-d-2008-interview-tupac-murder-trial/,,,{},0,0.0
"Records reveal Austin Metcalf was accused of racist graffiti, slurs and bullying as Karmelo Anthony seeks new trial",The hearing has brought new scrutiny to an agreement that kept nformation about Anthony and Austin Metcalf out of the original trial.,thegrio.com,2026-08-21,News,Bolarinwa Oladeji,https://thegrio.com/2026/08/21/karmelo-anthony-retrial-hearing-withheld-evidence/,,,{},0,0.0
"Earth, Wind & Fire drummer John Paris wakes from coma, faces two major surgeries","Earth, Wind & Fire drummer John Paris has emerged from a coma but requires two major surgeries and an extended ICU stay, his family says.",thegrio.com,2026-08-21,News,Bolarinwa Oladeji,https://thegrio.com/2026/08/21/john-paris-earth-wind-fire-coma-surgeries/,,,{},0,0.0
"Navy reconsiders name of carrier honoring Black war hero Doris Miller, veterans group condemns move","The Navy is considering renaming the USS Doris Miller aircraft carrier after Donald Trump, potentially replacing the name.",thegrio.com,2026-08-21,News,Bolarinwa Oladeji,https://thegrio.com/2026/08/21/navy-uss-doris-miller-aircraft-carrier-trump-name/,,,{},0,0.0
‘The Blind Side’ actor Quinton Aaron woke from coma to learn his wife was still married,"The Blind Side's Quinton Aaron is recovering from a spinal stroke and says he hasn’t spoken to his ex-wife, who was still legally married.",thegrio.com,2026-08-21,Featured,Peter Kerich,https://thegrio.com/2026/08/21/quinton-aaron-recovery-stroke-ex-wife/,,,{},0,0.0
Emory student with ADHD creates AI app to help overwhelmed students tackle assignments,Emory student Malia Wakesho-Ajwang developed an AI app that helps students with ADHD organize assignments and work into manageable steps.,thegrio.com,2026-08-21,Featured,Peter Kerich,https://thegrio.com/2026/08/21/emory-student-ai-app-adhd-students/,,,{},0,0.0
"Elon Musk calls for Derek Chauvin to be freed, claims he was ‘unjustly convicted’","Elon Musk claimed Derek Chauvin was unjustly convicted and should be freed, a assertion that conflicts with the medical examiner's findings",thegrio.com,2026-08-21,News,Bolarinwa Oladeji,https://thegrio.com/2026/08/21/elon-musk-derek-chauvin-freed-claim/,,,{},0,0.0
"Atlanta Falcons Safety Jessie Bates III Invested $150K In SpaceX’s 2022 Series J Round, Now His Investment Could Be Worth 10 Times More","NFL star Jessie Bates III is creating a legacy that will make his hometown proud. The 3x All-Pro Bowl safety is from Fort Wayne, IN, an area he describes as not the most privileged, but one that played a role in shaping his work ethic today. He was raised by a single mother who worked… Continue reading Atlanta Falcons Safety Jessie Bates III Invested $150K In SpaceX’s 2022 Series J Round, Now His Investment Could Be Worth 10 Times More",afrotech.com,2026-08-21,Venture Capital,Samantha Dorisca,https://afrotech.com/jessie-bates-iii-invested-150k-in-spacex-now-his-investment-could-be-worth-10x,,,{},0,0.0
"Meet Susie The Doula, a Birth Worker Advocating for Better Outcomes for Black Mothers","Bringing a child into the world is one of the most sacred experiences in life. The process in which a woman ushers life from her womb requires a dedicated, thoughtful approach that doula, Susanna ‘Susie The Doula’ Israel has prioritized within her practice. Through culturally responsive care and genuine connection to the specialty of birth […]",ebony.com,2026-08-21,Wealth,,https://www.ebony.com/meet-susie-the-doula-a-birth-worker-advocating-for-better-outcomes-for-black-mothers/,Maternal Health,maternal_health,"{""Maternal Health"": [""doula""]}",1,0.333
SNAP enrollment drops more than 13% as new work requirements take effect,SNAP enrollment has fallen more than 13% in a year as new work requirements and administrative changes reshape access food assistance.,thegrio.com,2026-08-21,News,Peter Kerich,https://thegrio.com/2026/08/21/snap-enrollment-drops-work-requirements/,,,{},0,0.0
The Block is Hot:The Best Dressed Creatives Finishing Summer Fly,"There comes a point every August when getting dressed becomes a negotiation. Fall fashion is beginning to creep onto mood boards, but the weather is still very much giving summer. This week on the block, Black creatives seem to have found the sweet spot between the two, pulling from preppy classics, Y2K nostalgia, denim, rich […]",ebony.com,2026-08-21,Fashion,,https://www.ebony.com/the-block-is-hotthe-best-dressed-creatives-finishing-summer-fly/,,,{},0,0.0
Weekend Pick: ‘Blade’ Is the Original Marvel Blueprint,"Disney and Marvel just announced new details for the upcoming Avengers Doomsday, revealed the new cast for the rebooted X-Men franchise, and are basking in the juggernaut success of Spider-Man: Brand New Day. But one character has been running through my mind through it all. Its reboot is one of many canceled MCU projects with Black […]",ebony.com,2026-08-21,Entertainment,,https://www.ebony.com/weekend-pick-blade-is-the-original-marvel-blueprint/,,,{},0,0.0
Maya Boyd as Storm Is a Win for Dark-Skinned Black Beauty,"Black people on social media and internet message boards had been waiting for Marvel to cast Storm like the decision involved national security. For years, every rumor surrounding the MCU’s eventual X-Men reboot came with fancasts, debates and very specific requirements for who should inherit the white hair of Ororo Munroe. She needed presence, she […]",ebony.com,2026-08-21,Beauty,,https://www.ebony.com/maya-boyd-as-storm-is-a-win-for-dark-skinned-black-beauty/,,,{},0,0.0
"Here’s What We Know About Gary, Indiana’s Power Outage","Residents of Gary, Indiana, alongside surrounding areas, are in distress after an intense storm occurred on August 11, 2026, in the area, causing a massive power outage across the city. Citizens across the country have grown concerned with the issue after residents of the area took it upon themselves to begin posting about the issue […]",ebony.com,2026-08-21,News &Amp; Politics,,https://www.ebony.com/heres-what-we-know-about-gary-indianas-power-outage/,,,{},0,0.0
"‘Lanterns’ Star Aaron Pierre Talks John Stewart, Fatherhood and the Power of the Ring","Here’s what I know about the Green Lantern: Yes, he’s a DC superhero. Yes, he’s got a glowing green ring that gives him powers. But the rest? Admittedly, IDK. So watching Aaron Pierre, who stars as John Stewart in the HBO Original Lanterns, burst into laughter when I asked about his superhero’s “electrical powers” wasn’t […]",ebony.com,2026-08-21,Entertainment,,https://www.ebony.com/aaron-pierre-green-lantern-ring-interview/,,,{},0,0.0
Navy May Strip Black War Hero’s Name From Aircraft Carrier — Possibly To Rename It After Trump,"A new Navy vessel set to honor a Black sailor who fought in one of the most famous battles in U.S. history may be renamed before it has even launched. While the heroic World War II sailor may still be honored by the Trump administration in other ways, the possible removal of his name from… Continue reading Navy May Strip Black War Hero’s Name From Aircraft Carrier — Possibly To Rename It After Trump",blavity.com,2026-08-21,Politics,Christopher Rhodes,https://blavity.com/navy-may-rename-carrier-from-doris-miller-to-trump,,,{},0,0.0
Atlanta Mayor Andre Dickens Calls Out DNC For Passing Over City For 2028 Convention,"As the Democratic Party narrows down the list of potential cities to host its 2028 national convention, the leader of one of the cities not chosen is speaking out. The Mayor of Atlanta is putting party leaders on blast for ignoring the South and ignoring the importance of Black voters to the party. Mayor Dickens… Continue reading Atlanta Mayor Andre Dickens Calls Out DNC For Passing Over City For 2028 Convention",blavity.com,2026-08-21,Politics,Christopher Rhodes,https://blavity.com/atlanta-mayor-andre-dickens-calls-out-dnc-for-passing-over-city-2028,,,{},0,0.0
"After Haitians And Syrians, Ethiopians Are Now Targeted For Loss Of TPS Protections Under Trump","As President Trump continues his hardline crackdown on both legal and unauthorized immigration, a federal court has cleared the way for the administration to remove thousands of Ethiopians who had been legally residing in the U.S. The ending of protections for Ethiopians follows similar moves made against Haitians and others who had sought relief in… Continue reading After Haitians And Syrians, Ethiopians Are Now Targeted For Loss Of TPS Protections Under Trump",blavity.com,2026-08-21,Politics,Christopher Rhodes,https://blavity.com/after-haitians-and-syrians-ethiopians-are-now-targeted-for-loss-of-tps-protections-under-trump,,,{},0,0.0
Why Are Republicans Blowing Up Over Sen. Jon Ossoff’s Comment About Trump And ‘Natalie’,"A little-known aide to President Trump has become the topic of speculation and analysis over her unusual professional relationship with the president. Scrutiny concerning Natalie Harp, the Trump aide called the “human printer,” has fueled renewed concerns Trump’s judgment and what types of influences impact his decisions. Political attack draws attention to Trump aide During… Continue reading Why Are Republicans Blowing Up Over Sen. Jon Ossoff’s Comment About Trump And ‘Natalie’",blavity.com,2026-08-21,Politics,Christopher Rhodes,https://blavity.com/jon-ossoff-trump-natalie-comments-republicans,,,{},0,0.0
"Although She’s A Harvard And Columbia Law School Graduate, Here’s How Eni Popoola Stumbled Into A Career Of A Full-Time Content Creator","Eni Popoola took one of the most traditionally prestigious career paths as a lawyer and turned it into a lucrative career in the gig economy. The New York City-based creator known as enigivensunday has a following of 428K on Instagram, 708.2K on TikTok, and 38.9K on YouTube. Unlike many of her peers, her start began… Continue reading Although She’s A Harvard And Columbia Law School Graduate, Here’s How Eni Popoola Stumbled Into A Career Of A Full-Time Content Creator",afrotech.com,2026-08-21,Technology,Shanique Yates,https://afrotech.com/eni-popoola-on-leaving-law-to-pursue-content-creation-full-time,,,{},0,0.0
"During Her Time With Nike, Serena Williams Advocated For Greater Representation Of Black Women Hires At The Company","Serena Williams made sure more Black women have a seat at the table at Nike. Williams, a 23-time Grand Slam champion and four-time Olympic gold medalist, has been signed to Nike for more than two decades. In a conversation at Invest Fest with “Earn Your Leisure” in early August, she acknowledged her relationship with the… Continue reading During Her Time With Nike, Serena Williams Advocated For Greater Representation Of Black Women Hires At The Company",afrotech.com,2026-08-21,Business,Samantha Dorisca,https://afrotech.com/serena-williams-advocated-for-black-women-hires-at-nike,,,{},0,0.0
Monaleo On Creating A Brand For Herself Through Music And Watching Her Lyrics Manifest Into Real Business Opportunities,"Monaleo’s lyrics have a way of becoming reality. It’s been two years since the Houston rapper dropped “Don Who Leo,” in which she admits to sipping Don Julio for a night out of fun. Now, she’s cashing in on those lyrics thanks to a new partnership with the tequila brand, introducing her drink of the… Continue reading Monaleo On Creating A Brand For Herself Through Music And Watching Her Lyrics Manifest Into Real Business Opportunities",afrotech.com,2026-08-21,Business,Shanique Yates,https://afrotech.com/monaleo-brand-through-music-and-partnerships,,,{},0,0.0
I Grew Up in Gary. I’ve Never Seen a Power Outage Like This.,"A historic storm left the Indiana city and surrounding communities without power for days, making everything from driving to sleeping a challenge.",capitalbnews.org,2026-08-21,,Javonte Anderson,https://capitalbnews.org/gary-power-outage-personal-essay/,,,{},0,0.0
Natalie Harp Might Just Be In Love With Donald Trump. Gross! [Op-Ed],"OPINION: If Trump isn’t massaging his own comically fragile ego by rereading letters sent to him by White House aide Natalie Harp, he really should be — because that lady, well, is a fan.",newsone.com,2026-08-21,Nation,,https://newsone.com/6870011/natalie-harp-donald-trump-love-letters/,,,{},0,0.0
Black Academics See Their Own Struggles in the Death of a British Professor,Jason Arday’s death is raising difficult questions about the pressures Black academics can face in predominantly white environments.,capitalbnews.org,2026-08-21,,Alecia Taylor,https://capitalbnews.org/jason-arday-black-professors/,,,{},0,0.0
Florida Politics Embody How Black People Are Not A Monolith [Op-Ed],OPINION: Angie Nixon and Byron Donalds will be on opposing sides come Election Day in a state that hasn’t been the kindest to Black candidates,newsone.com,2026-08-21,Nation,,https://newsone.com/6869977/florida-politics-black-people-not-monolith/,,,{},0,0.0
Judge Rules Missouri Can Use Redrawn Map In November Midterms [Op-Ed],Missouri’s redistricting effort has been up in the air due to a signature campaign seeking to put the new map on the midterm ballot.,newsone.com,2026-08-21,Nation,,https://newsone.com/6869938/missouri-redistricting-november-midterms/,Voter Suppression,voter_suppression,"{""Voter Suppression"": [""redistricting""]}",1,0.333
What Happened To Missing Grandmother Alisa Goods?,"New York grandmother Alisa Goods missing for 2 weeks in Las Vegas; family searches hospitals, morgues, but no leads",newsone.com,2026-08-21,News,,https://newsone.com/6869933/what-happened-to-missing-grandmother-alisa-goods-in-las-vegas/,,,{},0,0.0
Trump: Census Bureau Report Proves Noncitizens Voted In 2020 [Op-Ed],OPINION: Trump’s latest attempt to sow doubt in the U.S. electoral process involved an unauthored Census Bureau report he claims proves noncitizens voted in 2020.,newsone.com,2026-08-21,Nation,,https://newsone.com/6869961/trump-noncitizen-voter-fraud-claims-2020/,,,{},0,0.0
Karmelo Anthony: Austin Metcalf’s History Of Racism And Violence,Records show that Austin Metlcalf had a history of violence toward and bullying of other students and was reported for various instances of racism.,newsone.com,2026-08-21,Civil Rights &Amp; Social Justice,,https://newsone.com/6869982/karmelo-anthony-austin-metcalf-past-revealed/,,,{},0,0.0
SNAP: Millions Have Lost Benefits Due To Trump Changes [Op-Ed],"OPINION: None of the changes the Trump administration has made to SNAP have been for the better, and the most vulnerable have been hit the hardest.",newsone.com,2026-08-21,Nation,,https://newsone.com/6869999/millions-lost-snap-benefits-trump-changes/,,,{},0,0.0
‘Grandma is the Baby’: Joseline Hernandez to release family show on her streaming network,"Joseline Hernandez is releasing a family show called ""The Grandma is the Baby"" featuring her partner, DJ Balistic Beats and her daughter.",thegrio.com,2026-08-20,Entertainment,Nhari Djan,https://thegrio.com/2026/08/20/grandma-is-the-baby-joseline-hernandez-to-release-family-show-on-her-streaming-network/,,,{},0,0.0
Angélique Kidjo becomes first African musician to receive Hollywood Walk of Fame star,Angélique Kidjo makes Hollywood Walk of Fame history as the first African musician and first Black African to receive a star.,thegrio.com,2026-08-20,Entertainment,Odafe Oghen,https://thegrio.com/2026/08/20/angelique-kidjo-hollywood-walk-of-fame/,,,{},0,0.0
"Colin Kaepernick, Natasha Cloud and the enduring demand for Black athletes to ‘shut up and dribble’",Kaepernick’s support for Wells’ family and Cloud’s All-Star tribute are the latest examples of Black athletes using their platforms.,thegrio.com,2026-08-20,Featured,Panama Jackson,https://thegrio.com/2026/08/20/colin-kaepernick-natasha-cloud-and-the-enduring-demand-for-black-athletes-to-shut-up-and-dribble/,,,{},0,0.0
Kelly Rowland and Tina Knowles helped this Black-owned fragrance brand surpass $500K in sales,"Samir Grey sales top $500,000 after Kelly Rowland and Tina Knowles helped drive a viral boost for Kahh Spence’s fragrances.",thegrio.com,2026-08-20,Featured,Odafe Oghen,https://thegrio.com/2026/08/20/samir-grey-sales-kelly-rowland-tina-knowles/,Economic Equity & Wealth Gap,economic_equity,"{""Economic Equity & Wealth Gap"": [""black-owned""]}",1,0.333
Judge allows Missouri Republicans’ redrawn congressional map to stand for November midterms,A state judge rejected an effort to let Missouri voters decide the fate of the new congressional districts.,thegrio.com,2026-08-20,News,Bolarinwa Oladeji,https://thegrio.com/2026/08/20/missouri-redistricting-map-ruling-midterms/,,,{},0,0.0
New CDC director acknowledges exhausted staff and stalled programs in first agency-wide meeting,"Dr. Erica Schwartz takes over an agency that has lost more than 3,000 workers through layoffs and resignations.",thegrio.com,2026-08-20,News,Bolarinwa Oladeji,https://thegrio.com/2026/08/20/erica-schwartz-cdc-director-first-staff-meeting/,,,{},0,0.0
Josh Shapiro spotlights faster licensing for Black barbers in new reelection ad,Josh Shapiro spotlights faster licensing for Black barbers and his broader efforts to support Black Pennsylvanians in a new reelection ad.,thegrio.com,2026-08-20,Politics,Gerren Keith Gaynor,https://thegrio.com/2026/08/20/josh-shapiro-spotlights-faster-licensing-for-black-barbers-in-new-reelection-ad/,,,{},0,0.0
North Carolina early voting changes spark concerns over impact on Black voters,"Proposed changes in 20 counties would eliminate Sunday voting, alter Saturday hours or remove some early-voting locations.",thegrio.com,2026-08-20,Politics,Peter Kerich,https://thegrio.com/2026/08/20/north-carolina-early-voting-racial-targeting-allegations/,Voter Suppression,voter_suppression,"{""Voter Suppression"": [""early voting""]}",1,0.333
Felony charges dropped against LAPD officer who secretly recorded colleagues making racist remarks,Daniel Flores charges are reduced from 16 felonies to misdemeanors after backlash over his recordings of racist LAPD remarks.,thegrio.com,2026-08-20,News,Odafe Oghen,https://thegrio.com/2026/08/20/daniel-flores-charges-reduced-lapd-racist-recording/,,,{},0,0.0
Deion Sanders called to testify in son Shilo’s bankruptcy fight over $11 million debt,"Shilo Sanders' trial begins Aug. 31, just days before Colorado opens its football season against Georgia Tech.",thegrio.com,2026-08-20,Entertainment,Bolarinwa Oladeji,https://thegrio.com/2026/08/20/deion-sanders-subpoena-shilo-bankruptcy-trial/,,,{},0,0.0
Family of Chuck Brown says they ‘no longer support’ annual D.C. celebration of the Godfather of Go-Go,"The family of go-go legend Chuck Brown has discontinued their support of the annual celebration of his life, held Washington, D.C.",thegrio.com,2026-08-20,Music,Nhari Djan,https://thegrio.com/2026/08/20/family-of-chuck-brown-says-they-no-longer-support-annual-d-c-celebration-of-the-godfather-of-go-go/,,,{},0,0.0
Did ICE Show Up At A Native American Pow Wow In Minneapolis? [Op-Ed],Videos reportedly taken at a pow wow in Minnesota over the weekend show people confronting and complaining about ICE agents being on tribal land.,newsone.com,2026-08-20,Civil Rights &Amp; Social Justice,,https://newsone.com/6869777/ice-native-american-pow-wow-minnesota/,,,{},0,0.0
Will Smith could be added to Jada Pinkett Smith’s $3 million lawsuit with former friend,"Bilaal Salaam is seeking to add the actor as a co-defendant, alleging Smith participated in threats and intimidation.",thegrio.com,2026-08-20,Entertainment,Peter Kerich,https://thegrio.com/2026/08/20/will-smith-bilaal-salaam-lawsuit-intimidation-allegations/,,,{},0,0.0
‘Conversations become invoices’: Jaylen Brown gets candid about the hidden cost of wealth,"Jaylen Brown says wealth changed his relationships, created isolation and made it harder to ask others for help.",thegrio.com,2026-08-20,Featured,Odafe Oghen,https://thegrio.com/2026/08/20/jaylen-brown-wealth-comments-relationships-isolation/,,,{},0,0.0
"Six years after their royal exit, Meghan and Harry are heading back to the U.K. What changed?",Unpacking the Duke and Duchess of Sussex’s return to England after six years of building a life in Montecito.,thegrio.com,2026-08-20,Lifestyle,Kay Wicker,https://thegrio.com/2026/08/20/six-years-after-their-royal-exit-meghan-and-harry-are-heading-back-to-the-u-k-what-changed/,,,{},0,0.0
"Black Americans face higher Alzheimer’s risk. Now, NIH funding for research into why is being cut",The Trump administration’s rollback of DEI-related research is now affecting studies examining Black communities higher risk for Alzheimer’s.,thegrio.com,2026-08-20,Featured,Haniyah P.,https://thegrio.com/2026/08/20/black-americans-face-higher-alzheimers-risk-now-nih-funding-for-research-into-why-is-being-cut/,Book Bans & Anti-DEI,book_bans_dei,"{""Book Bans & Anti-DEI"": [""dei""]}",1,0.333
MC Lyte honored for decades of advocacy as she fights for artists to get paid,MC Lyte receives SoundExchange’s Music Fairness Award for advocating for artist royalties and passage of the American Music Fairness Act.,thegrio.com,2026-08-20,Entertainment,Odafe Oghen,https://thegrio.com/2026/08/20/mc-lyte-music-fairness-award-soundexchange/,,,{},0,0.0
Urban One Visionary Ms Cathy Hughes Continues To Shape Black Media,"Cathy Hughes has been a forward thinker and visionary, revolutionizing FM radio by creating and developing the Quiet Storm format — among many other firsts.",newsone.com,2026-08-20,Culture,,https://newsone.com/6869808/cathy-hughes-trailblazer-quiet-storm/,,,{},0,0.0
Nneka Ogwumike To Retire From WNBA At The End Of This Season,"During her 15 seasons in the WNBA, Nneka Ogwumike won a WNBA championship, was named league MVP in 2016, and was Rookie of the Year.",newsone.com,2026-08-20,Sports,,https://newsone.com/6869902/wnba-champion-nneka-ogwumike-retiring/,,,{},0,0.0
"Indiana Power Outages: After More Than A Week Without Power, Gary Residents Turn To Social Media For Help","Indiana power outage crisis drags on, residents struggle without electricity, officials work to restore power and aid communities.",newsone.com,2026-08-20,News,,https://newsone.com/6869838/indiana-power-outages-gary-residents-ask-for-help/,,,{},0,0.0
Felony Charges Against LAPD Whistleblower Cop Downgraded [Op-Ed],"LAPD officer Daniel Flores, who secretly recorded his colleagues making racist, homophobic, and sexist comments, was previously charged with 16 counts of felony eavesdropping.",newsone.com,2026-08-20,Civil Rights &Amp; Social Justice,,https://newsone.com/6869881/lapd-whistleblower-felony-charges-downgraded/,,,{},0,0.0
University Of Michigan To Drop Letter Grades From Freshmen Transcripts To ‘Curb The Mental Health Crisis’ Tied To Academic Pressure,"The University of Michigan (UM) is making a major shift in how some first-year students are graded in an effort to “curb the mental health crisis unfolding among college-aged individuals,” the Wall Street Journal reports. Beginning in fall 2027, students participating in a new pilot program will receive only pass or no-credit marks on their… Continue reading University Of Michigan To Drop Letter Grades From Freshmen Transcripts To ‘Curb The Mental Health Crisis’ Tied To Academic Pressure",afrotech.com,2026-08-20,Education,ShaCamree Gowdy,https://afrotech.com/university-of-michigan-grading-system-change,,,{},0,0.0
Universities Are Beginning To Roll Out An Option For Students To Pay Their Tuition Using PayPal Or Venmo,"There are new ways for some students to pay for college tuition. Fox Business reports that Bellarmine University, Butler University, Kansas State University, Michigan State University, and Texas Tech University are among the first universities to allow students to pay their tuition using PayPal or Venmo through payment platforms such as Illumia, Nelnet Campus Commerce, and… Continue reading Universities Are Beginning To Roll Out An Option For Students To Pay Their Tuition Using PayPal Or Venmo",afrotech.com,2026-08-20,Education,Samantha Dorisca,https://afrotech.com/universities-are-beginning-to-roll-out-an-option-for-students-to-pay-their-tuition-using-paypal-or-venmo,,,{},0,0.0
"The Lip Bar Founder Melissa Butler Almost Closed Thread Beauty Until Target Urged Her Not To, Now She’s On A Mission To Save The Brand","Melissa Butler considered closing Thread Beauty. The entrepreneur has been in the business for more than a decade. In 2012, she launched The Lip Bar, a venture that began with a lipstick made in her Brooklyn, NY, kitchen and expanded to include eye products, skin care, and a physical storefront, as AFROTECH™ previously reported. The… Continue reading The Lip Bar Founder Melissa Butler Almost Closed Thread Beauty Until Target Urged Her Not To, Now She’s On A Mission To Save The Brand",afrotech.com,2026-08-20,Business,Samantha Dorisca,https://afrotech.com/why-melissa-butler-considered-closing-thread-beauty,,,{},0,0.0
"While will.i.am Has Been Investing In AI, He Still Believes Every Single Person Should Maintain Ownership Of These 3 Things","will.i.am is a long-time investor in AI and wants to implement protocols that protect human creativity. will.i.am is an investor in AI. As a founder, he launched an AI-powered interactive, conversational media platform called FYI RAiDiO, which allows users to engage with a host on topics such as sports, pop culture, and politics, per AFROTECH™.… Continue reading While will.i.am Has Been Investing In AI, He Still Believes Every Single Person Should Maintain Ownership Of These 3 Things",afrotech.com,2026-08-20,Technology,Samantha Dorisca,https://afrotech.com/will-i-am-believes-in-ai-era-people-should-own-their-data-their-essence-their-likeness,,,{},0,0.0
Yolo Akili Turned Celebrity Capital Into A Mental Health Empire: Here’s How He’s Scaling After 10 Years,"For the last decade, Yolo Akili has been building a platform rooted in community and care. Amid a wave of online self-help content and commentary on mental health that isn’t always rooted in facts, Akili created the Black Emotional and Mental Health Collective, better known as BEAM. “The idea came from my experience working in… Continue reading Yolo Akili Turned Celebrity Capital Into A Mental Health Empire: Here’s How He’s Scaling After 10 Years",afrotech.com,2026-08-20,Business,Shanique Yates,https://afrotech.com/yolo-akili-turned-celebrity-capital-into-a-mental-health-empire,,,{},0,0.0
Jonathan Daviss And Carlacia Grant Say ‘Outer Banks’ Taught Them How To Build Careers That Last,"Jonathan Daviss and Carlacia Grant are two of the Black actors at the center of Netflix’s Outer Banks, and both are using the show’s final season to talk about what five years on set taught them about building a career, not just booking a role. Every project is a classroom Daviss, who plays Pope Heyward,… Continue reading Jonathan Daviss And Carlacia Grant Say ‘Outer Banks’ Taught Them How To Build Careers That Last",afrotech.com,2026-08-20,Entertainment,Trey Mangum,https://afrotech.com/jonathan-daviss-carlacia-grant-building-careers,,,{},0,0.0
"Gary, Indiana, A Predominantly Black City, Has Thousands Without Power, Food And Water A Week After Deadly Storms","Thousands of Northwest Indiana residents may remain without power for several days following last week’s deadly storms that caused outages statewide. NIPSCO, Indiana’s utility company, reported that over 60% of its customers, or approximately 370,000 homes, lost power during the Aug. 11 storm following several days of severe weather, according to The Chicago Times.",blavity.com,2026-08-20,News,Jahaura Michelle,https://blavity.com/gary-indiana-thousands-without-power-still-after-storms,,,{},0,0.0
Trump Administration Seeks To Deport FBI Informant [Op-Ed],"Look, we didn’t need any more evidence that President Donald Trump and his administration’s mass deportation agenda is about racism and xenophobia, not simply ensuring that all immigrants in the U.S. are documented. We already knew it wasn’t about ridding the U.S. of the “worst of the worst,” regarding “criminal illegal aliens.” Besides the fact […]",newsone.com,2026-08-20,Opinion,,https://newsone.com/6869905/trump-admin-seeks-deportation-fbi-informant/,,,{},0,0.0
Wellness Travel Trends Black Travelers Are Embracing,"This year, the common themes in wellness trends among Black travelers are self-care, connection, and peace. More explorers are using their PTO to take adventures that give them time to focus on themselves, catch up with loved ones, make new friends, or simply slow down and savor the moment. And in some cases, all three. […]",ebony.com,2026-08-20,Health,,https://www.ebony.com/wellness-travel-trends-black-travelers-are-embracing/,,,{},0,0.0
From a Bad Marriage to Book Deal: How Reesa Teesa Set the Viral Blueprint,"It started with Tareasa “Reesa Teesa” Johnson sharing what had been weighing so heavily on her chest. Her 50-part TikTok series, Who TF Did I Marry? detailed her relationship with a man who she says built their marriage on a web of lies. Her ability to tell a compelling story, paired with the engine of social […]",ebony.com,2026-08-20,Books,,https://www.ebony.com/bad-marriage-to-book-deal-reesa-teesa-set-the-viral-blueprint/,,,{},0,0.0
Your Next Favorite Bestseller May Be Written By AI. Why You Should Worry,"H.M. Wolfe’s Daggermouth was a self-publishing success story before it became the center of online scrutiny. The dystopian romance topped Amazon charts, landed on the USA Today bestseller list, and attracted a seven-figure deal from Simon and Schuster. Then The Atlantic flagged it for substantial AI-written content. Wolfe vehemently denied it while her publisher stood […]",ebony.com,2026-08-20,Books,,https://www.ebony.com/next-favorite-bestseller-maybe-written-by-ai-why-should-worry/,,,{},0,0.0
"Celeb Love Check: Nicolandria Back, Anthony Anderson and Rocsi Diaz, a Royal Address for Meghan and Harry","Love is in the air, literally. This week is full of hard launches and moving plans, because nothing says romance quite like a declaration… or relocation. Here’s how three celebrity couples are making moves when it comes to their romances, or in one case, post-coupledom lives. Anthony Anderson and Rocsi Diaz: Grown and Sexy After […]",ebony.com,2026-08-20,Celebrity,,https://www.ebony.com/celeb-love-check-nicolandria-back-anthony-anderson-rosci-diaz-royal-addreess/,,,{},0,0.0
Couples Therapy Isn’t Just About Love—It’s About Money,"Love may make the world go around, but money quietly determines what that world actually looks like. It decides where you live, whether you can afford to travel, how you recover from emergencies, when or if you have children, and what kind of future you’re able to build together. Yet despite its influence, finances remain […]",ebony.com,2026-08-20,Relationships,,https://www.ebony.com/couples-therapy-isnt-just-about-love-its-about-money/,,,{},0,0.0
The Business of Style: How Guyana’s Fashion Industry Is Designed to Last,"Long before Keisha Edwards became one of the people working to strengthen Guyana’s fashion industry, she was trying to figure out how to build a career in it herself. Fashion ran in her family through generations of tailors and dressmakers, so creating items for her closet came natural. “I just used to make stuff for […]",ebony.com,2026-08-20,Fashion,,https://www.ebony.com/guyana-economy-origins-fashion-festival/,,,{},0,0.0
Atlanta mayor says DNC snub sends a message to Black voters in fiery letter. Some party insiders disagree,"Atlanta Mayor Andre Dickens blasted the DNC’s 2028 convention snub, accusing Democrats of abandoning Black voters and the South.",thegrio.com,2026-08-20,Politics,Gerren Keith Gaynor,https://thegrio.com/2026/08/20/atlanta-mayor-dnc-snub-black-voters-party-insiders-disagree/,,,{},0,0.0
What the Jason Arday story exposes about the vulnerability of Black people in elite space,"In the aftermath of Jason Arday’s death, Black academics and more are opening up about their own concerns and experiences.",thegrio.com,2026-08-20,Lifestyle,Kay Wicker,https://thegrio.com/2026/08/20/what-the-jason-arday-story-exposes-about-the-vulnerability-of-black-people-in-elite-space/,,,{},0,0.0
Report: Companies That Maintain DEI Face No Financial Repercussions,"The Trump administration’s attacks on DEI led companies like Target to cancel their DEI initiatives, sparking significant consumer backlash.",newsone.com,2026-08-20,Civil Rights &Amp; Social Justice,,https://newsone.com/6869891/companies-with-dei-no-financial-downside/,Book Bans & Anti-DEI,book_bans_dei,"{""Book Bans & Anti-DEI"": [""dei""]}",1,0.333
NABJ’s Errin Haines’ Bold Defense of Accountability in Black Media,"NABJ President Errin Haines explains why Stephen A. Smith received the Thumbs Down award, and why accountability remains central to Black journalism.",theroot.com,2026-08-20,Culture,Phenix S Halley,https://www.theroot.com/nabjs-errin-haines-bold-defense-of-accountability-in-bl-2000122039,,,{},0,0.0
"Prince Harry and Meghan Head Back to the UK, But Black TikTok Has Some Thoughts","After six years of living in the U.S., Prince Harry and Meghan Markle are moving back to the U.K., and Black folks online have thoughts.",theroot.com,2026-08-20,Entertainment,Mahalia Otshudy,https://www.theroot.com/prince-harry-and-meghan-head-back-to-the-uk-but-black-2000121941,,,{},0,0.0
"In Roseland, an Oil Disaster Leaves Black Parents Asking How to Keep Their Kids Safe","As the Louisiana town recovers, residents wrestle with the increasingly difficult task of shielding children from a polluted future.",capitalbnews.org,2026-08-20,,Adam Mahoney,https://capitalbnews.org/roseland-louisiana-oil-pollution-black-children/,,,{},0,0.0
Machel Montano’s legacy takes center stage in Brooklyn with new soca exhibition,"A new Brooklyn Public Library exhibition celebrates Machel Montano’s decades-long soca career, New York roots and Caribbean influence.",thegrio.com,2026-08-20,Entertainment,Jahaura Michelle,https://thegrio.com/2026/08/20/machel-montanos-legacy-takes-center-stage-in-brooklyn-with-new-soca-exhibition/,,,{},0,0.0
"Mattel Just Announced a New UNO Championship Tournament, and Black Folks Have Questions","News of a new $50,000 UNO tournament has Black folks debating house rules and wondering if there will be security.",theroot.com,2026-08-20,Culture,B.Kadijat Towolawi,https://www.theroot.com/mattel-just-announced-a-new-uno-championship-tournament-2000121994,,,{},0,0.0
Jamie Foxx says he was ‘on the fence’ about having a child at 58,"Jamie Foxx opened up about being ""a little on the fence"" about having a baby with his girlfriend at age 58.",thegrio.com,2026-08-20,Lifestyle,Nhari Djan,https://thegrio.com/2026/08/20/jamie-foxx-says-he-was-on-the-fence-about-having-a-child-at-58/,,,{},0,0.0
‘Wonder Man’ was canceled after one season. Yahya Abdul-Mateen II says Marvel should examine why,Yahya Abdul-Mateen II says “the optics are obvious” and argues Marvel should examine why Black-led projects face uncertain futures.,thegrio.com,2026-08-20,Entertainment,Haniyah P.,https://thegrio.com/2026/08/20/yahya-abdul-mateen-ii-calls-out-the-obvious-optics-of-marvels-black-led-project-cancellations/,,,{},0,0.0
Kehlani discusses importance of her routine to manage bipolar disorder,"Kehlani opened up about how having a routine, including the gym and nature walks, helps her stay afloat of her mental health.",thegrio.com,2026-08-20,Health,Nhari Djan,https://thegrio.com/2026/08/20/kehlani-discusses-importance-of-her-routine-to-manage-bipolar-disorder/,,,{},0,0.0
Illinois foster youth are getting culturally competent hair care—how one business is helping make it happen,"Illinois law requires culturally competent hair care plans for foster children, helping preserve cultural identity, confidence and heritage.",thegrio.com,2026-08-20,Featured,Peter Kerich,https://thegrio.com/2026/08/20/illinois-foster-care-culturally-competent-hair-care-law/,,,{},0,0.0
Nolan Wells’ Family Honors His 19th Birthday With a Touching Tribute,"On what should have been his 19th birthday, Wells’ family celebrated his life, shared their grief and continued seeking answers.",theroot.com,2026-08-20,Culture,Phenix S Halley,https://www.theroot.com/nolan-wells-family-honors-his-19th-birthday-with-a-touc-2000121965,,,{},0,0.0
A Woman Already Charged With Kidnapping a Newborn is Now a Suspect in the Case of Missing Georgia Sisters,"Police say Lakesha Brown allegedly befriended mothers, gained their trust and kidnapped children in cases spanning Georgia and Alabama.",theroot.com,2026-08-20,Crime,Phenix S Halley,https://www.theroot.com/a-woman-already-charged-with-kidnapping-a-newborn-is-no-2000122030,,,{},0,0.0
"Left in the Dark: More Than a Week After Devastating Storms, Gary Residents Are Still Without Power","Gary residents are still waiting for power, answers and relief as crews work to repair damage left by deadly storms.",theroot.com,2026-08-20,Entertainment,Phenix S Halley,https://www.theroot.com/left-in-the-dark-more-than-a-week-after-devastating-st-2000121952,,,{},0,0.0
Black BookTok Drags Publisher for Botched Promo of a Popular Romance Novel,"A paid promotion from Nash Reads misrepresented Jahquel J.’s popular romance, leaving readers questioning the publisher’s creator strategy.",theroot.com,2026-08-20,News,Ty Cole,https://www.theroot.com/black-booktok-drags-publisher-for-botched-promo-of-a-po-2000121833,,,{},0,0.0
New Development in Karmelo Anthony Case as Judge is Ousted Ahead of New Trial Bid,"Months after Karmelo Anthony was found guilty of killing Austin Metcalf, the judge presiding over the trial has been recused before a bid for a retrial.",theroot.com,2026-08-20,Criminal Justice,Angela Wilson,https://www.theroot.com/new-development-in-karmelo-anthony-case-as-judge-is-ous-2000121954,,,{},0,0.0
Mary J. Blige’s Candid Conversation With Michelle Obama Reveals a Change of Heart About Motherhood,"Mary J. Blige opened up about her decision not to have kids on an episode of “IMO with Michelle Obama and Craig Robinson,” and Black Twitter has thoughts.",theroot.com,2026-08-20,Entertainment,Mahalia Otshudy,https://www.theroot.com/mary-j-blige-s-candid-conversation-with-michelle-obama-2000121950,,,{},0,0.0
Missing Atlanta girls found in trailer after alleged babysitter failed to return them to mother,Court records detail how a babysitter accused of abducting two Georgia sisters met their mother in a Facebook group and faced a similar case,thegrio.com,2026-08-19,News,Bolarinwa Oladeji,https://thegrio.com/2026/08/19/lakesha-brown-georgia-sisters-abduction-facebook-group/,,,{},0,0.0
Inside The Penn State University Cocaine Operation [Op-Ed],"On Monday, 13 individuals with ties to Penn State were charged with felonies and misdemeanors related to a cocaine trafficking operation.",newsone.com,2026-08-19,Crime,,https://newsone.com/6869657/penn-state-university-cocaine-operation/,,,{},0,0.0
Jackson State University Breaks New Ground For HBCUs In The World Of Research,Jackson State University breaks new ground in the world of research for HBCUs. Here’s how they are creating research that shapes the future.,newsone.com,2026-08-19,Black News,,https://newsone.com/6869713/jackson-state-university-research/,,,{},0,0.0
New Judge Will Hear Karmelo Anthony’s Appeals Case,Karmelo Anthony’s defense team requested a new judge hear his appeals case due to an interview the prior judge gave after Anthony was sentenced.,newsone.com,2026-08-19,Nation,,https://newsone.com/6869743/karmelo-anthony-appeal-gets-new-judge/,,,{},0,0.0
‘We will always celebrate you’: Nolan Wells’ family honors him on what would have been his 19th birthday,"Nolan Wells’ family shared an emotional birthday message for the teen, whose body was found on Horn Island in Mississippi last month.",thegrio.com,2026-08-19,Lifestyle,Haniyah P.,https://thegrio.com/2026/08/19/we-will-always-celebrate-you-nolan-wells-family-honors-him-on-what-would-have-been-his-19th-birthday/,,,{},0,0.0
Of Course Trump's Approval Rating Continues To Plummet [Op-Ed],"Trump’s approval rating has dropped to 33%, and his disapproval rating rose one point from where the same poll put it earlier this month, to 64%.",newsone.com,2026-08-19,Nation,,https://newsone.com/6869621/trumps-approval-rating-continues-plummet/,,,{},0,0.0
Beloved girls’ basketball coach killed as two North Carolina school communities mourn,"Sheremy Dillard, a North Carolina teacher and girls' basketball coach, was found stabbed to death in her Raleigh home. Her boyfriend was",thegrio.com,2026-08-19,News,Bolarinwa Oladeji,https://thegrio.com/2026/08/19/sheremy-dillard-coach-stabbed-raleigh-arrest/,,,{},0,0.0
Samuel L. Jackson and LaTanya Richardson Jackson celebrate 46 years of marriage,Samuel L. Jackson and LaTanya Richardson Jackson celebrate 46 years of marriage with loving anniversary posts and throwback photos.,thegrio.com,2026-08-19,Featured,Odafe Oghen,https://thegrio.com/2026/08/19/samuel-l-jackson-latanya-anniversary-46-years/,,,{},0,0.0
Nia Long shares the business lessons she learned from her grandmother,Nia Long encourages Black entrepreneurs by sharing lessons from her grandmother’s Brooklyn salon and supporting Intuit grant winners.,thegrio.com,2026-08-19,Featured,Odafe Oghen,https://thegrio.com/2026/08/19/nia-long-encourages-black-entrepreneurs-intuit/,,,{},0,0.0
Legal fight stalls Kennedy Center’s latest attempt to restore Trump’s name,The board approved putting the president’s name back on the facade months after a federal judge ordered it removed.,thegrio.com,2026-08-19,News,Bolarinwa Oladeji,https://thegrio.com/2026/08/19/kennedy-center-trump-name-restoration-september-8/,,,{},0,0.0
"She Was Tasked to Fight Hunger. Now, This Black Woman is Refusing to Eat Until Her State Acts",Liz Wills-O’Gilvie was chosen to help fight hunger in Massachusetts. Now she’s going hungry in protest of the state’s response.,theroot.com,2026-08-19,Politics,Phenix S Halley,https://www.theroot.com/she-was-tasked-to-fight-hunger-now-this-black-woman-i-2000121883,,,{},0,0.0
Little Miss Flint races to rebuild back-to-school drive after thieves (again) wipe out supplies,"Mari Copeny, aka Little Miss Flint, has been racing to save her annual back-to-school drive after her storage unit was ransacked.",thegrio.com,2026-08-19,Lifestyle,Kay Wicker,https://thegrio.com/2026/08/19/little-miss-flint-races-to-rebuild-back-to-school-drive-after-thieves-again-wipe-out-supplies/,,,{},0,0.0
Nneka Ogwumike announces 2026 will be her final WNBA season,"WNBA champion and 2016 MVP Nneka Ogwumike will retire after the 2026 season, ending a decorated 15-year career with the league.",thegrio.com,2026-08-19,Sports,Peter Kerich,https://thegrio.com/2026/08/19/nneka-ogwumike-announces-wnba-retirement/,,,{},0,0.0
‘NewsNight’ anchor Abby Phillip signs new deal to remain at CNN,"Abby Phillip has renewed her CNN contract and will continue hosting ‘CNN NewsNight,’ the network’s nightly political discussion program.",thegrio.com,2026-08-19,Entertainment,Peter Kerich,https://thegrio.com/2026/08/19/abby-phillip-renews-cnn-deal-newsnight/,,,{},0,0.0
What Chris Bosh’s Pulmonary Embolism Battle Teaches Us About Listening To Our Bodies,NBA legend Chris Bosh is sharing a life-saving warning after a second pulmonary embolism nearly took his life.,blavity.com,2026-08-19,Conditions &Amp; Care,Tyler-Christian Daniels,https://blavity.com/chris-bosh-pulmonary-embolism,,,{},0,0.0
Progressive Wins Senate Nom And More From The Florida Primary,"While long considered a solid Republican stronghold, Tuesday’s primary revealed that not even Florida is immune to national trends.",newsone.com,2026-08-19,Nation,,https://newsone.com/6869697/florida-primary-angie-nixon-byron-donalds/,,,{},0,0.0
"South Carolina State University Is Expanding Nuclear Engineering Access, And This Student Is Already Showing What’s Possible","South Carolina State University students can now train to operate an advanced nuclear reactor without leaving campus. The university has opened a NuScale Energy Exploration (E2) Center, a simulated nuclear control room designed to mirror operations inside an advanced nuclear power plant. According to a press release from SC State’s Office of University Relations, the… Continue reading South Carolina State University Is Expanding Nuclear Engineering Access, And This Student Is Already Showing Wha…",afrotech.com,2026-08-19,Education,Josh Rodgers,https://afrotech.com/sc-state-launches-nuclear-reactor-simulator,,,{},0,0.0
Surprise Wins in Florida Primaries Will Test the Future of State's Black Political Power,"The state could elect its first Black governor and U.S. senator in November, while two white candidates seek to represent a historically Black district.",capitalbnews.org,2026-08-19,,Brandon Tensley,https://capitalbnews.org/florida-20th-district-primary-black-voters/,,,{},0,0.0
Trump Administration Is Still Going After Kilmar Abrego Garcia [Op-Ed],"Last year, Abrego Garcia, a Salvadorian migrant, made headlines after he was wrongly deported to a detention center in El Salvador before finally being returned to the U.S.",newsone.com,2026-08-19,Civil Rights &Amp; Social Justice,,https://newsone.com/6869611/trump-admin-going-after-kilmar-abrego-garcia/,,,{},0,0.0
"Trinity Tatum Took A Risk Leaving Her Job. Now, Brand Deals Are Rolling In After ‘Love Island USA’ Win","Trinity Tatum has landed her first major brand partnership since winning Love Island USA. The Virginia Beach native has officially landed her first major brand partnership upon leaving the villa with the crown, teaming up with Verizon for a social-led campaign centered around the company’s new Verizon Dollars rewards program. In the campaign, the campaign… Continue reading Trinity Tatum Took A Risk Leaving Her Job. Now, Brand Deals Are Rolling In After ‘Love Island USA’ Win",afrotech.com,2026-08-19,Business,Shanique Yates,https://afrotech.com/trinity-tatum-brand-deal-after-love-island-usa-win,,,{},0,0.0
How Kelly Rowland And Tina Knowles Helped This Black Business Surpass $500K In Sales,Celebrity hairstylist Kahh Spence ventured into a new sector and is now seeing the gains. Samir Grey Spence is well known as a celebrity hairstylist and beauty expert who reintroduced himself to the world as a founder when he entered the luxury fragrance and personal care sector with Samir Grey in 2025. He explained his venture… Continue reading How Kelly Rowland And Tina Knowles Helped This Black Business Surpass $500K In Sales,afrotech.com,2026-08-19,Business,Samantha Dorisca,https://afrotech.com/black-owned-samir-grey-generated-500k-in-sales,Economic Equity & Wealth Gap,economic_equity,"{""Economic Equity & Wealth Gap"": [""black business""]}",1,0.333
Megan Thee Stallion Partners With Interscope Records For Global Distribution Deal — Here’s What It Entails,"Megan Thee Stallion is cheering for new beginnings. The Houston-born artist has been teasing her third act, this time in partnership with Interscope Records. According to a press release, she signed a deal that will provide global distribution and strategic support for her upcoming music, which will still be released through her independent music and… Continue reading Megan Thee Stallion Partners With Interscope Records For Global Distribution Deal — Here’s What It Entails",afrotech.com,2026-08-19,Business,Samantha Dorisca,https://afrotech.com/megan-thee-stallion-will-partner-with-interscope-records,,,{},0,0.0
ChatGPT For Teens Launches With Safeguards To Encourage Real World Relationships,"OpenAI has launched new safety protocols for teens. ChatGPT for Teens According to a press release, OpenAI has announced the launch of ChatGPT for Teens, designed to help individuals suspected of being under 18, or who have indicated they are between 13 and 17, leverage AI to learn, create, and explore. The tech company believes… Continue reading ChatGPT For Teens Launches With Safeguards To Encourage Real World Relationships",afrotech.com,2026-08-19,Technology,Samantha Dorisca,https://afrotech.com/chatgpt-for-teens-launches-with-safety-protocols,,,{},0,0.0
‘Rare Books’ Were Reportedly Destroyed By Amazon After Being Used To Train AI,"An investigation has revealed that Amazon may be buying “rare books” to train its AI models. Futurism reports that an investigation by 404 Media revealed a bookseller was concerned that a large order placed on the Biblio marketplace was for an AI company. The order contained 1,000 books, and the buyer was unknown because the… Continue reading ‘Rare Books’ Were Reportedly Destroyed By Amazon After Being Used To Train AI",afrotech.com,2026-08-19,Technology,Samantha Dorisca,https://afrotech.com/rare-books-were-reportedly-destroyed-by-amazon-after-being-used-to-train-ai,,,{},0,0.0
Trump Ally Could Become Florida’s First Black Governor? Breaking Down Byron Donalds’ GOP Primary Win,"Unsurprisingly, a MAGA-embracing Florida congressman won the Republican primary in the race for that state’s next governor. The victory advances Rep. Byron Donalds on his quest to become the state’s first Black governor. Byron Donalds wins GOP primary with Trump support The New York Times reported that Rep. Donalds won Tuesday’s Republican primary. Donalds won… Continue reading Trump Ally Could Become Florida’s First Black Governor? Breaking Down Byron Donalds’ GOP Primary Win",blavity.com,2026-08-19,Politics,Christopher Rhodes,https://blavity.com/byron-donalds-trump-ally-could-become-first-black-governor,,,{},0,0.0
Tupac Shakur’s sister says family has ‘low expectations’ for justice during murder trial,Sekyiwa Shakur says her family has low expectations for justice as the Tupac Shakur murder trial unfolds in Las Vegas.,thegrio.com,2026-08-19,News,Odafe Oghen,https://thegrio.com/2026/08/19/tupac-shakur-murder-trial-sekyiwa-shakur/,,,{},0,0.0
Salli Richardson-Whitfield’s second act is turning into an Emmy-worthy career,Salli Richardson-Whitfield earns two Emmy directing nominations while building a legacy for Black women and filmmakers of color in Hollywood.,thegrio.com,2026-08-19,Entertainment,Peter Kerich,https://thegrio.com/2026/08/19/salli-richardson-whitfield-emmy-history-directing/,,,{},0,0.0
Venus Williams adds U.S. Open singles return to milestone 2026 season,"Venus Williams receives a US Open wildcard for the 2026 singles draw, extending her return to Grand Slam competition at age 46.",thegrio.com,2026-08-19,Sports,Odafe Oghen,https://thegrio.com/2026/08/19/venus-williams-us-open-wildcard-2026/,,,{},0,0.0
Understanding Postpartum Psychosis: The Warning Signs Every New Parent Should Know,Discover the critical differences between postpartum mood changes and postpartum psychosis and where to find help today.,blavity.com,2026-08-19,Conditions &Amp; Care,"Dr. Diana Rangaves, PharmD",https://blavity.com/postpartum-psychosis,Maternal Health,maternal_health,"{""Maternal Health"": [""postpartum""]}",1,0.333
"Democratic Socialist Angie Nixon Pulls Off Upset, Wins Senate Primary Race In Florida","Another Democratic Socialist candidate has won a congressional primary, this time for a U.S. Senate seat to represent Florida. The unexpected victory over a more established Democratic candidate continues a notable but inconsistent wave of progressive victories within the party, and it adds to the drama of Democrats’ quest to regain control of both houses… Continue reading Democratic Socialist Angie Nixon Pulls Off Upset, Wins Senate Primary Race In Florida",blavity.com,2026-08-19,Politics,Christopher Rhodes,https://blavity.com/democratic-socialist-angie-nixon-pulls-off-upset-wins-senate-primary-race-in-florida,,,{},0,0.0
"Debbie Wasserman Schultz Defeats 4 Black Candidates In Gerrymandered Florida District, Ending Decades Of Black Representation","A long-time Democratic congresswoman appears set to serve another term in the U.S. House after winning a Florida Democratic primary Tuesday. But her victorious primary campaign has been controversial, with many criticizing the white Democrat for moving into a predominantly Black district in order to continue her congressional career in the face of Republican-led redistricting… Continue reading Debbie Wasserman Schultz Defeats 4 Black Candidates In Gerrymandered Florida District, Ending Decades O…",blavity.com,2026-08-19,Politics,Christopher Rhodes,https://blavity.com/debbie-wasserman-schultz-wins-florida-district-primary,Voter Suppression,voter_suppression,"{""Voter Suppression"": [""redistricting""]}",1,0.333
Judge removed from Karmelo Anthony case as he seeks new trial,The judge who presided over Karmelo Anthony's murder trial has been removed from the case as the 19-year-old seeks a new trial in the,thegrio.com,2026-08-19,News,Bolarinwa Oladeji,https://thegrio.com/2026/08/19/karmelo-anthony-judge-removed-retrial-hearing/,,,{},0,0.0
Todd Bridges reveals ‘Diff’rent Strokes’ faced backlash over its interracial family,Todd Bridges hate mail recollection reveals how Black and white viewers initially reacted to Diff’rent Strokes and its interracial family.,thegrio.com,2026-08-19,Entertainment,Odafe Oghen,https://thegrio.com/2026/08/19/todd-bridges-hate-mail-diffrent-strokes/,,,{},0,0.0
‘I can’t take it’: Thousands of Gary residents go over a week without power after deadly storms,"Residents in Gary, Indiana and surrounding areas are struggling to stay cool, fed and connected after storms cause prolonged power outages.",thegrio.com,2026-08-19,News,Haniyah P.,https://thegrio.com/2026/08/19/i-cant-take-it-thousands-of-gary-residents-go-over-a-week-without-power-after-deadly-storms/,,,{},0,0.0
"Rest, Reflect and Rejoice: My Martha’s Vineyard Cultural Diary",There’s a commonality among the folks who make their way to Martha’s Vineyard in August: Cinephiles and culture creators connecting at the Martha’s Vineyard African American Film Festival. Polar Bears and yogis communing as the sun rises on Inkwell Beach. C-Suite and thought leaders converging for meaningful conversations about creating and shaping change within marginalized […],ebony.com,2026-08-19,Culture,,https://www.ebony.com/rest-reflect-rejoice-my-marthas-vineyard-cultural-diary/,,,{},0,0.0
How Angie Nixon Beat the Odds to Pull Off Florida’s Most Shocking Primary Upset,Angie Nixon entered the Florida primary race as an underdog with far less money and national recognition. Here’s how she beat Alex Vindman anyway.,theroot.com,2026-08-19,Politics,Phenix S Halley,https://www.theroot.com/how-angie-nixon-beat-the-odds-to-pull-off-florida-s-mos-2000121849,,,{},0,0.0
Expert Breaks Down the Fitness Myths That Could Be Holding You Back,Do you need eight glasses of water a day? Can crunches really give you a flat stomach? A fitness trainer separates fact from fiction and shares what actually works.,theroot.com,2026-08-19,Culture,Shellie M. Scott,https://www.theroot.com/expert-breaks-down-the-fitness-myths-that-could-be-hold-2000121835,,,{},0,0.0
$100K Lawsuit Adds New Chapter to Bitter Surrogacy Fight,What started as a fight over whether to end a pregnancy has become a legal battle over a baby recovering from heart surgery.,theroot.com,2026-08-19,Black Maternal Healthcare,Phenix S Halley,https://www.theroot.com/100k-lawsuit-adds-new-chapter-to-bitter-surrogacy-figh-2000121809,Maternal Health,maternal_health,"{""Maternal Health"": [""black maternal""]}",1,0.333
Fans Rally Around ‘Reading Rainbow’ Host After Urgent ‘I Am Not Okay’ Post,Fans of ‘Reading Rainbow’ host Mychal Threets are sending their support after he announced plans to check himself into the hospital.,theroot.com,2026-08-19,Culture,Angela Johnson,https://www.theroot.com/fans-rally-around-reading-rainbow-host-after-urgent-i-a-2000121826,,,{},0,0.0
15 Black Radio Icons Who Shaped Culture Through the Years,"From Jack L. Cooper to Tom Joyner and Charlamagne Tha God, these groundbreaking radio personalities shaped Black music and culture for generations.",theroot.com,2026-08-19,Culture,Asheea Smith,https://www.theroot.com/15-black-radio-icons-who-shaped-culture-through-the-yea-2000121759,,,{},0,0.0
"After Wild Florida Primary, Black Voters Just Sent a Clear Message to Republicans and Democrats","From Trump-backed Republicans to democratic socialists, Florida’s Black voters are sending both parties a message: Don’t assume you know them.",theroot.com,2026-08-19,News,Phenix S Halley,https://www.theroot.com/after-wild-florida-primary-black-voters-just-sent-a-cl-2000121793,,,{},0,0.0
‘Pop The Balloon’ Creators Say Their Show Exposes What’s Really Wrong With Modern Dating,"Arlette Amuli and Bolia Matundu, creators of “Pop the Balloon,” are pushing back against claims that the show promotes toxic dating culture.",theroot.com,2026-08-19,Entertainment,Mahalia Otshudy,https://www.theroot.com/pop-the-balloon-creators-say-their-show-exposes-what-2000121778,,,{},0,0.0
Meghan Markle and Prince Harry plotting move back to U.K. years after walking away from royal duties,"Prince Harry and Meghan Markle are making a return to the U.K. years after stepping back from royal duties, according to numerous reports.",thegrio.com,2026-08-19,Lifestyle,Brandon Caldwell,https://thegrio.com/2026/08/19/prince-harry-meghan-markle-move-back-to-uk/,,,{},0,0.0
Woman Who Kidnapped 2 Atlanta Sisters Has Prior Cases,"Lakesha Brown, 42, has previously been tied to a kidnapping case involving an infant, and she was accused of faking a pregnancy in another case.",newsone.com,2026-08-19,Crime,,https://newsone.com/6869727/lakesha-brown-kidnapping-zola-cooper-norah-cooper/,,,{},0,0.0
13 Black-Owned Beauty Brands You Need in Your Makeup Bag Now,"This Black Beauty Week, we’re highlighting the Black-owned brands you need to have in your makeup bag right now.",theroot.com,2026-08-19,Beauty,Mahalia Otshudy,https://www.theroot.com/13-black-owned-beauty-brands-you-need-in-your-makeup-ba-2000121779,Economic Equity & Wealth Gap,economic_equity,"{""Economic Equity & Wealth Gap"": [""black-owned""]}",1,0.333
‘I’m seeking help’: Librarian turned ‘Reading Rainbow’ host Mychal Threets is again raising awareness about mental health,"In an emotional post on Threads, 'Reading Rainbow' host Mychal Threets revealed he was ""not OK"" and was checking himself into a hospital.",thegrio.com,2026-08-19,Lifestyle,Brandon Caldwell,https://thegrio.com/2026/08/19/mychal-threets-hospital-mental-health/,,,{},0,0.0
"‘I’m gonna make it do what it do’: Angie Nixon on her Florida win, Black voters and making history","Angie Nixon talks with theGrio about her Florida Senate primary win, Black political leadership and her path to potentially making history.",thegrio.com,2026-08-19,Politics,Gerren Keith Gaynor,https://thegrio.com/2026/08/19/angie-nixon-florida-win-black-voters-making-history/,,,{},0,0.0
D23 Served Up Superheroes and a Queen. Now We’re Ready for More Of Our Princess,"There’s a reason Queen Latifah keeps coming back to Ice Age. Yes, that’s the film franchise where the woman who gave us “U.N.I.T.Y.” has spent the past two decades voicing a woolly mammoth. “I love to pass these movies on from generation to generation,” she told EBONY on the carpet during the Disney Entertainment Showcase […]",ebony.com,2026-08-19,Entertainment,,https://www.ebony.com/d23-served-up-superheroes-queen-ready-for-more-princess-tiana/,,,{},0,0.0
"Two Black surrogates, two extraordinary cases and one complicated question: Where are the boundaries?",McKenna West is facing a lawsuit by the intended parents of the child she carried and delivered after refusing to terminate the pregnancy.,thegrio.com,2026-08-19,Health,Kay Wicker,https://thegrio.com/2026/08/19/two-black-surrogates-two-extraordinary-cases-and-one-complicated-question-where-are-the-boundaries/,,,{},0,0.0
Mary J. Blige reveals to Michelle Obama why she was intentional about not having children and why her village uplifts her,"Mary J. Blige is fine by herself. In a conversation with Michelle Obama, the singer revealed why she was so intentional about not having kids.",thegrio.com,2026-08-19,Lifestyle,Brandon Caldwell,https://thegrio.com/2026/08/19/mary-j-blige-children-michelle-obama-podcast/,,,{},0,0.0
"‘I had to stay busy’: Yung Miami explains how despite having a hit single, she battled through a deep depression","Yung Miami might have had the biggest summer of her solo career but underneath, she had to navigate fighting depression.",thegrio.com,2026-08-19,Entertainment,Brandon Caldwell,https://thegrio.com/2026/08/19/yung-miami-depression-spend-dat-success/,,,{},0,0.0
The Black Wellness Edit: The Past and Present of Immunizations in the Community,"National Immunization Awareness Month is a time of year when the importance of vaccinations throughout one’s lifetime is amplified. Regardless of age, life stage, or ethnic background, it’s important not to focus on vaccinations only in early life, but to continue them throughout adulthood to support health beyond staying active and eating a balanced diet. […]",ebony.com,2026-08-19,Health,,https://www.ebony.com/the-black-wellness-edit-the-past-and-present-of-immunizations-in-the-community/,,,{},0,0.0
‘We’ve lost representation’: Black voters face new reality after Wasserman Schultz victory,A Florida district will lose Black representation as critics question whether Democrats are doing enough to protect Black political power.,thegrio.com,2026-08-19,Politics,Gerren Keith Gaynor,https://thegrio.com/2026/08/19/florida-district-is-now-out-of-a-black-representative-debbie-wasserman-schultz/,,,{},0,0.0
Meet Ope Amosu: The Chef Behind Michelin-Rated ChòpnBlọk,"When Nigerian-American Chef Ope Amosu created ChòpnBlọk, his main mission was to make his culture more accessible while building community along the way. In just five years since its 2021 public debut, Amosu has done exactly that — becoming a 2026 James Beard Award Finalist for Best Chef: Texas, landing a spot on the 2026 […]",ebony.com,2026-08-19,Dining,,https://www.ebony.com/meet-ope-amosu-the-chef-behind-michelin-rated-chopnblok/,,,{},0,0.0
"DOJ To Send 1,000 Election Monitors To Midterm Polling Sites [Op-Ed]",OPINION: The Trump administration has spent much of its second term trying to federalize control of elections ahead of this fall’s midterm elections.,newsone.com,2026-08-18,Nation,,https://newsone.com/6869633/trump-doj-election-monitors-midterm/,,,{},0,0.0
Remembering Hayden Panettiere Through the Eyes of Black Millennials,"There is a very specific category of mainstream (typically white) actresses who, through no formal declaration, became some of the most memorable faces Black people grew up with. You know the ones. Their movies were in the DVD binder. Your cousins knew them. Your mama knew their face even if she couldn’t tell you their […]",ebony.com,2026-08-18,Celebrity,,https://www.ebony.com/remembering-hayden-panettiere-through-the-eyes-of-black-millennials/,,,{},0,0.0
"Unlocking Insights: For Desiree Talley, Protecting Black Creativity Is Personal","For Desiree Talley, being a lawyer has never meant fitting neatly into a box. The Vallejo, California native has built a career in law and media with creativity as the through line, using each component to advance, educate and protect Black creatives in an industry where understanding the fine print can mean the difference between […]",ebony.com,2026-08-18,Wealth,,https://www.ebony.com/unlocking-insights-desiree-talley-protecting-black-creativity/,,,{},0,0.0
School Vaccination Rates Reach Record Low As Measles Outbreak Surges,Medical experts cite the chaos and mixed messaging about vaccines from HHS Secretary Robert F. Kennedy Jr. as a reason why vaccine rates are dropping.,newsone.com,2026-08-18,Health,,https://newsone.com/6869595/school-vaccination-rates-low-measles-outbreak/,,,{},0,0.0
Book Excerpt: ‘Stop Living Paycheck to Paycheck’ —Reveals How It’s a Choice,"“Everything in these pages is designed to lead you toward freedom — freedom to be present with your family, freedom to build a career that means something, freedom to be generous, and freedom to enjoy nice things without stressing about how you’re going to pay for them later,” Anthony O’Neal declared. He’s talking about his […]",ebony.com,2026-08-18,Books,,https://www.ebony.com/book-excerpt-stop-living-paycheck-to-paycheck-reveals-how-this-is-a-choice/,,,{},0,0.0
How History Should Remember This Era Of The WNBA [Op-Ed],A manufactured “great white hope” media narrative shouldn’t overshadow the WNBA’s historical record of its golden age.,newsone.com,2026-08-18,Basketball,,https://newsone.com/6869589/how-history-should-remember-this-era-wnba/,,,{},0,0.0
2 Black Girls Allegedly Kidnapped By Babysitter Found Safe In Trailer,Zola and Norah Cooper were the subjects of an Amber Alert issued by the Georgia Bureau of Investigation after their babysitter allegedly kidnapped them.,newsone.com,2026-08-18,Crime,,https://newsone.com/6869588/zola-cooper-norah-cooper-found-safe-kidnapping/,,,{},0,0.0
Texas Tech Using AI To Eliminate Courses Conservatives Disagree With,"OPINION: There’s this idea that education has moved more to the left, when the reality is that people and politicians have moved more to the right.",newsone.com,2026-08-18,Nation,,https://newsone.com/6869585/texas-tech-using-ai-eliminate-diverse-courses/,,,{},0,0.0
Stephen A. Smith Went Crying To White People About NABJ Award [Op-Ed],"OPINION: Given the opportunity to take the moment to reflect and perhaps be better, Stephen A. Smith instead chose to rant about NABJ on Fox News.",newsone.com,2026-08-18,Nation,,https://newsone.com/6869547/stephen-a-smith-nabj-fox-news-sean-hannity/,,,{},0,0.0
‘The Drop’ Is Coming. Here’s What to Watch While You Wait,"The trailer for FX’s The Drop: A Snowfall Saga has arrived, and it’s giving us some familiar vibes. It’s a spin-off of the drug crime drama Snowfall, which introduced us to rising, reckless drug kingpin Franklin Saint and made actor Damson Idris a household name. The series, which will unfold over eight episodes, feels like it’s […]",ebony.com,2026-08-18,Tv &Amp; Film,,https://www.ebony.com/the-drop-fx-similiaar-shows-to-watch/,,,{},0,0.0
"The 2026 VMAs Have Been Announced, But It’s Decidedly Light on Top Awards for Black Artistry","During the 2025 VMAs, fans celebrated seeing Kendrick Lamar’s name in the running for 10 different awards. The rapper was in the running for some of the most coveted categories of the show, including Artist of the Year, Best Album, and the prestigious Video of the Year. But fast-forward to 2026, the artist’s name appears […]",ebony.com,2026-08-18,News &Amp; Politics,,https://www.ebony.com/2026-vmas-announced-decidedly-light-on-black-artists/,,,{},0,0.0
Can Texas Really Turn Blue? Democrat Letitia Plummer Says the Time is Now,"In an exclusive interview with ‘The Root,’ Dr. Letitia Plummer made her case for a changing Texas and a more unified Democratic Party.",theroot.com,2026-08-18,News,Phenix S Halley,https://www.theroot.com/can-texas-really-turn-blue-democrat-letitia-plummer-sa-2000121543,,,{},0,0.0
LeBron James’ Golf YouTube Channel Reaches 450K Subscribers In One Day As He Takes Viewers Inside His Journey Learning The Sport,"LeBron James, who has built one of the most decorated careers in basketball history, with four NBA championships and three Olympic gold medals, is turning the spotlight toward another sport he has grown to love — golf. The NBA superstar has officially launched a YouTube channel that will take fans along as he dives deeper… Continue reading LeBron James’ Golf YouTube Channel Reaches 450K Subscribers In One Day As He Takes Viewers Inside His Journey Learning The Sport",afrotech.com,2026-08-18,Entertainment,ShaCamree Gowdy,https://afrotech.com/lebron-james-launches-golf-youtube-channel,,,{},0,0.0
Principal Organizational Change Advisor Avil Jackson Says Leaders Who Invest In Human Relationship Skills Will Thrive In Age of AI,"Avil Jackson believes that human relationship skills will be essential as companies adopt AI. Jackson’s People-Centered Approach Jackson has more than 30 years of experience leading organizational transformation. Across her career, she has helped individuals and teams adjust to change, working in change management, organizational development, coaching, and even as head of human resources (HR).… Continue reading Principal Organizational Change Advisor Avil Jackson Says Leaders Who Invest In Human…",afrotech.com,2026-08-18,Technology,Samantha Dorisca,https://afrotech.com/avil-jackson-says-leaders-who-invest-in-human-relationship-skills,,,{},0,0.0
Master P Says His Next Goal For Rap Snacks Is To Go Public — ‘That’s How We Bridge The Wealth Gap’,"Master P has shared the latest business goal for Rap Snacks. “The Official Snack Brand of Hip Hop” was created in 1994 by James Lindsay, as previously reported by AFROTECH™. Master P is a limited partner and still maintains his stake in the brand, he confirmed in a conversation with Forbes. Master P’s conversation with… Continue reading Master P Says His Next Goal For Rap Snacks Is To Go Public — ‘That’s How We Bridge The Wealth Gap’",afrotech.com,2026-08-18,Business,Samantha Dorisca,https://afrotech.com/master-p-wants-rap-snacks-to-go-public,Economic Equity & Wealth Gap,economic_equity,"{""Economic Equity & Wealth Gap"": [""wealth gap""]}",1,0.333
How Much Do You Really Know About Black August? The Legendary Prison Protests That Launched a Legacy of Resistance,"Black August may have started behind prison walls in California, but 55 years later, its legacy of resistance still resonates nationwide.",theroot.com,2026-08-18,Culture,Phenix S Halley,https://www.theroot.com/how-much-do-you-really-know-about-black-august-the-leg-2000121675,,,{},0,0.0
Dennis Rodman and Alonzo Mourning Squash Their 30-Year Beef,"Decades after their intense 1990s playoff battles, the former NBA legends officially buried the hatchet with a historic handshake during Hall of Fame Weekend.",theroot.com,2026-08-18,Sports,Rashad Grove,https://www.theroot.com/dennis-rodman-and-alonzo-mourning-squash-their-30-year-2000121710,,,{},0,0.0
Bernie Sanders’ New Bill Would Protect Student Loan Borrowers’ Social Security From Garnishment,Sen. Bernie Sanders (I-VT) has introduced a bill to prevent seniors from having their Social Security checks garnished to repay decades-old federal student loans. Details on Sanders’ proposal and what he said about the new bill Sanders announced the proposal on Monday and plans to formally introduce the Stop Social Security Garnishment Act to the… Continue reading Bernie Sanders’ New Bill Would Protect Student Loan Borrowers’ Social Security From Garnishment,blavity.com,2026-08-18,Politics,Jahaura Michelle,https://blavity.com/bernie-sanders-new-bill-would-protect-student-loan-borrowers-social-security-from-garnishment,School Funding,school_funding,"{""School Funding"": [""student loan""]}",1,0.333
"The AFROTECH Conference Attendee’s Guide To Early Voting, Mail Ballots And Everything In Between","AFROTECH™ Conference 2026 is fast approaching, with this year’s event happening Nov. 2-6 in Houston — right as the calendar also lands on Election Day, Nov. 3. It’s a reminder that early voting and mail-in ballot windows are opening across the country in the coming weeks, regardless of where you live or what your fall… Continue reading The AFROTECH Conference Attendee’s Guide To Early Voting, Mail Ballots And Everything In Between",blavity.com,2026-08-18,Politics,Christopher Rhodes,https://blavity.com/early-voting-guide-for-afrotech-conference,Voter Suppression,voter_suppression,"{""Voter Suppression"": [""early voting""]}",1,0.333
Law Roach Sets the Record Straight on His Fashion Industry Grudges,"In a new interview with Ziwe, the image architect says he’s moving out of his petty era, but admitted that there are still some designers he won’t dress Zendaya in.",theroot.com,2026-08-18,Fashion,Angela Johnson,https://www.theroot.com/law-roach-sets-the-record-straight-on-his-fashion-indus-2000121659,,,{},0,0.0
Even SCOTUS Thinks Trump Should Pay E. Jean Carroll Her Money [Op-Ed],"OPINION: Donald Trump, an adjudicated rapist, keeps trying to get the civl judgments awarded to E. Jean Carroll thrown out, but it’s not working.",newsone.com,2026-08-18,Nation,,https://newsone.com/6869497/scotus-donald-trump-e-jean-carroll-settlement/,,,{},0,0.0
13 of the Most Iconic Celeb Black Love Stories,"In honor of National Couples Day on Aug. 18, we’re celebrating iconic Black couples from Ossie Davis and Ruby Dee to A$AP Rocky and Rihanna!",theroot.com,2026-08-18,Black Love,Mahalia Otshudy,https://www.theroot.com/13-of-the-most-iconic-celeb-black-love-stories-2000089727,,,{},0,0.0
Netflix’s ‘A Different World’ Reboot Trailer Is Here and Black Twitter Is Divided,"Netflix dropped the official trailer for “A Different World” reboot, and Black folks online are not holding back their thoughts. Let’s talk about it!",theroot.com,2026-08-18,Entertainment,Mahalia Otshudy,https://www.theroot.com/netflix-s-a-different-world-reboot-trailer-is-here-an-2000121633,,,{},0,0.0
The Sweetest Moments from Celebrity Kids’ First Day of School,"As back-to-school season kicks off, we’re looking back at the times celebrity parents got real about the emotional reality of school drop-off day.",theroot.com,2026-08-18,Culture,Mahalia Otshudy,https://www.theroot.com/the-sweetest-moments-from-celebrity-kids-first-day-of-2000121607,,,{},0,0.0
NAACP Joins Legal Team Representing the Family Of Nolan Wells Amid Death Investigation,"The NAACP’s Office of General Counsel announced Monday that it will join the legal team investigating the death of Nolan Wells, the 18-year-old whose body was found in the water off Mississippi’s Horn Island on July 6 following a Fourth of July boating trip with friends. What did the NAACP say about joining the investigation?… Continue reading NAACP Joins Legal Team Representing the Family Of Nolan Wells Amid Death Investigation",blavity.com,2026-08-18,News,Jahaura Michelle,https://blavity.com/naacp-joins-legal-team-representing-the-family-of-nolan-wells-amid-death-investigation,,,{},0,0.0
What Really Happened To These Young Black Men?,"From disputed investigations to families seeking transparency, these cases highlight the lasting questions surrounding the deaths of young Black men nationwide.",theroot.com,2026-08-18,Culture,Phenix S Halley,https://www.theroot.com/what-really-happened-to-these-young-black-men-2000117876,,,{},0,0.0
HBCUs are sitting on Black history we haven’t even discovered yet — and Getty is helping to uncover it,Cassandra Illidge shares how Getty’s HBCU archival project has been going five years in and what’s next for the collaboration.,thegrio.com,2026-08-18,Hbcu,Kay Wicker,https://thegrio.com/2026/08/18/hbcus-are-sitting-on-black-history-we-havent-even-discovered-yet-and-getty-is-helping-to-uncover-it/,,,{},0,0.0
Penn State students among 14 charged in alleged fraternity cocaine trafficking operation,14 people charged in an alleged cocaine trafficking operation linked to Penn State fraternities. The university has suspended Delta Upsilon.,thegrio.com,2026-08-18,News,Peter Kerich,https://thegrio.com/2026/08/18/penn-state-fraternity-cocaine-trafficking-charges/,,,{},0,0.0
Stephen A. Smith is preparing to add HBCU basketball broadcasts to his media imprint,"Stephen A. Smith is set to add to his media portfolio with HBCU basketball, though it's unclear if the games will air on YouTube or elsewhere.",thegrio.com,2026-08-18,Sports,Brandon Caldwell,https://thegrio.com/2026/08/18/stephen-a-smith-hbcu-basketball-broadcasts/,,,{},0,0.0
Thousands gather in London to honor late Cambridge professor Jason Arday,Thousands gathered in London to mourn former Cambridge professor Jason Arday as critics condemned the media scrutiny before his death.,thegrio.com,2026-08-18,News,Peter Kerich,https://thegrio.com/2026/08/18/jason-arday-mourned-london-media-scrutiny-backlash/,,,{},0,0.0
Serena and Venus Williams reunite for doubles thriller at Cincinnati Open,The Williams sisters fell in a match tiebreak in their first doubles appearance together since the 2022 U.S. Open.,thegrio.com,2026-08-18,News,Bolarinwa Oladeji,https://thegrio.com/2026/08/18/serena-venus-williams-doubles-return-cincinnati/,,,{},0,0.0
‘So proud of my son’: Usher celebrates Cinco beginning his Howard journey,Usher's son at Howard University begins his freshman year as the singer celebrates Cinco Raymond V becoming a Bison.,thegrio.com,2026-08-18,Featured,Odafe Oghen,https://thegrio.com/2026/08/18/usher-son-howard-university-cinco/,,,{},0,0.0
"Law Roach says he’s over the grudges, but Zendaya still won’t wear brands that rejected her","The stylist says he has moved on personally, but remains firm about the fashion houses Zendaya won’t wear.",thegrio.com,2026-08-18,Featured,Peter Kerich,https://thegrio.com/2026/08/18/law-roach-zendaya-designers-rejected-her/,,,{},0,0.0
"NY grandmother disappears in Las Vegas, then her family starts getting suspicious texts",The family of 63-year-old Alisa Goods says the messages are unlike her and fears someone else may have her phone.,thegrio.com,2026-08-18,News,Bolarinwa Oladeji,https://thegrio.com/2026/08/18/alisa-goods-missing-las-vegas-bitcoin-texts/,,,{},0,0.0
Usher and Chris Brown extend ‘The R&B Tour’ with eight new stadium shows,"Usher and Chris Brown add eight stadium dates to The R&B Tour, expanding the co-headlining run to 59 shows through December.",thegrio.com,2026-08-18,Entertainment,Odafe Oghen,https://thegrio.com/2026/08/18/usher-chris-brown-tour-extension-eight-dates/,,,{},0,0.0
‘Pop the Balloon’ creators say the show exposes the realities of modern dating,BM Matundu and Arlette Amuli addressed criticism that the viral series reinforces negative stereotypes about Black people.,thegrio.com,2026-08-18,Featured,Peter Kerich,https://thegrio.com/2026/08/18/pop-the-balloon-creators-modern-dating-cnn-africa/,,,{},0,0.0
WNBA says security was wrong to make fans cover shirts with opposing transgender messages,The league said fans on both sides of the debate should have been allowed to wear their shirts during Sunday’s Dream-Fever game.,thegrio.com,2026-08-18,Sports,Odafe Oghen,https://thegrio.com/2026/08/18/wnba-security-shirt-incident-transgender-messages/,,,{},0,0.0
The P&G HBCYOU campus life tour returns in partnership with Allen Media Group’s HBCU GO,The P&G HBCYOU campus life tour returns in partnership with Allen Media Group's HBCU GO through February 2027.,thegrio.com,2026-08-18,Company Press Releases,TheGrio Staff,https://thegrio.com/2026/08/18/the-pg-hbcyou-campus-life-tour-returns-in-partnership-with-allen-media-groups-hbcu-go/,,,{},0,0.0
‘Next chapter’: American Black Film Festival to move to Los Angeles for 2027 edition,"The American Black Film Festival is changing locations next year. According to reports, ABFF is switching homes from Miami to Los Angeles.",thegrio.com,2026-08-18,Entertainment,Brandon Caldwell,https://thegrio.com/2026/08/18/american-black-film-festival-los-angeles-2027/,,,{},0,0.0
Stephen A. Smith calls NABJ ‘Thumbs Down Award’ ‘bullsh—t’ as organization defends decision,"While Stephen A. Smith rejects NABJ’s Thumbs Down award, the organization’s current president says it a question of accountability.",thegrio.com,2026-08-18,Lifestyle,Haniyah P.,https://thegrio.com/2026/08/18/bs-or-accountability-stephen-a-smith-calls-nabj-thumbs-down-award-bullsh-t-as-organization-defends-decision/,,,{},0,0.0
Why Black Millennials and Gen Z felt Hayden Panettiere’s death so deeply,"Hayden Panettiere’s death has Black viewers reflecting on the actress’s iconic roles, activism and unexpected place in Black pop culture.",thegrio.com,2026-08-18,Entertainment,Haniyah P.,https://thegrio.com/2026/08/18/why-black-millennials-and-gen-z-felt-hayden-panettieres-death-so-deeply/,,,{},0,0.0
‘Accountability is important’: Rashad Bilal addresses backlash to viral Invest Fest comments,"Rashad Bilal is addressing the backlash over his comments at Invest Fest, saying the conference is always a safe space for Black people.",thegrio.com,2026-08-18,Lifestyle,Brandon Caldwell,https://thegrio.com/2026/08/18/rashad-bilal-addresses-invest-fest-backlash-controversy/,,,{},0,0.0
Florida primary could reshape Black representation and make history,Florida’s primary election could reshape Black representation in Congress and pave the way for the state’s first Black governor.,thegrio.com,2026-08-18,Politics,Gerren Keith Gaynor,https://thegrio.com/2026/08/18/florida-primary-could-reshape-black-representation-and-make-history/,,,{},0,0.0
‘Give it a chance’: The trailer for the ‘A Different World’ sequel sparks debate before its Netflix debut,Fans react to the “A Different World” trailer as its creators share more of what went into the making of the Netflix reboot.,thegrio.com,2026-08-18,Entertainment,Kay Wicker,https://thegrio.com/2026/08/18/give-it-a-chance-the-trailer-for-the-a-different-world-sequel-sparks-debate-before-its-netflix-debut/,,,{},0,0.0
"Byron Donalds wins Florida GOP primary, moves closer to becoming state’s first Black governor","Byron Donalds won Florida’s Republican gubernatorial primary, moving him closer to potentially becoming the state’s first Black governor.",thegrio.com,2026-08-18,Politics,Gerren Keith Gaynor,https://thegrio.com/2026/08/18/byron-donalds-wins-florida-gop-primary-first-black-governor/,,,{},0,0.0
Sasha Obama and Megan Thee Stallion reportedly spotted together on Martha’s Vineyard,"Sasha Obama and Megan Thee Stallion were reportedly spotted together in Martha’s Vineyard, fueling buzz about a new celebrity friendship.",thegrio.com,2026-08-18,News,Bolarinwa Oladeji,https://thegrio.com/2026/08/18/sasha-obama-megan-thee-stallion-marthas-vineyard/,,,{},0,0.0
How Maryland is Reckoning With Forgotten Black Boys Who Died in State Care More Than a Century Ago,"More than a century later, the state of Maryland is investigating the deaths of Black boys who died in state custody.",theroot.com,2026-08-17,Culture,Phenix S Halley,https://www.theroot.com/how-maryland-is-reckoning-with-forgotten-black-boys-who-2000121511,,,{},0,0.0
The Best Moments From the 2026 Basketball Hall of Fame Ceremony,"Unforgettable speeches, touching family tributes, and iconic reunions headlined an emotional weekend honoring the game’s greatest legends.",theroot.com,2026-08-17,Sports,Rashad Grove,https://www.theroot.com/the-best-moments-from-the-2026-basketball-hall-of-fame-2000121463,,,{},0,0.0
Cambridge’s Youngest Black Professor Found Dead Following Plagiarism Probe,"From overcoming disability to becoming Cambridge’s youngest Black professor, Jason Arday’s remarkable journey ended amid controversy, scrutiny and tragedy.",theroot.com,2026-08-17,Culture,Phenix S Halley,https://www.theroot.com/cambridge-s-youngest-black-professor-found-dead-followi-2000121424,,,{},0,0.0
Jordyn Woods and Karl-Anthony Towns Say ‘I Do’ in a Glamorous Malibu Wedding,"The longtime friends said “I do” in an intimate oceanfront ceremony surrounded by family, friends and their celebrity peers.",theroot.com,2026-08-17,Entertainment,B.Kadijat Towolawi,https://www.theroot.com/jordyn-woods-and-karl-anthony-towns-say-i-do-in-a-glamo-2000121497,,,{},0,0.0
The Best Posthumous Hip-Hop Albums Ever Released,"From Nipsey Hussle’s “PROLIFIC” to Sean Price’s “Imperious Rex,” we’re looking back at the most impactful posthumous hip-hop albums.",theroot.com,2026-08-17,Music,William Ketchum,https://www.theroot.com/the-best-posthumous-hip-hop-albums-ever-released-2000121378,,,{},0,0.0
Best College Dorm Room Essentials for 2026,"Moving into a college dorm is one of those rites of passage that sounds exciting until you realize you are expected to fit your entire life into approximately 200 square feet. Suddenly, storage matters, outlets are precious real estate and the difference between a dorm room and a home comes down to what you bring […]",ebony.com,2026-08-17,Shopping,,https://www.ebony.com/best-college-dorm-room-essentials-for-2026/,,,{},0,0.0
The NAACP Joins the Legal Fight for Answers Related to Nolan Wells’ Death,America’s oldest and largest civil rights organization is joining the fight to bring the truth about what happened to Nolan Wells.,theroot.com,2026-08-17,Criminal Justice,Phenix S Halley,https://www.theroot.com/the-naacp-joins-the-legal-fight-for-answers-related-to-2000121401,,,{},0,0.0
The Ultimate Reading List for Building a Successful Business,"Skip the overpriced panels. Get real, actionable business gems directly from proven Black entrepreneurs through these must-read books and podcasts.",theroot.com,2026-08-17,Black Business,B.Kadijat Towolawi,https://www.theroot.com/the-ultimate-reading-list-for-building-a-successful-bus-2000120574,Economic Equity & Wealth Gap,economic_equity,"{""Economic Equity & Wealth Gap"": [""black business""]}",1,0.333
How a Black Shoe Collector Helped Get Zendaya a Rare Pair of Gladiator Heels for Press Stop,"Zendaya and Law Roach have been serving look after look this summer. But when the duo went searching for a rare pair of gladiator heels, it was one Black fan who saved the day.",theroot.com,2026-08-17,Beauty + Style,Mahalia Otshudy,https://www.theroot.com/how-a-black-shoe-collector-helped-get-zendaya-a-rare-pa-2000121384,,,{},0,0.0
Everything To Know About The Shooting At HBCU Virginia State University,"A 19-year-old man has been arrested for the shooting at Virginia State University that left five people injured on Saturday, prompting a brief lockdown at the historically Black university. The suspect has been arrested The Chesterfield County Police Department arrested Camron Harris after finding him in a closet in a residence hall on the school’s… Continue reading Everything To Know About The Shooting At HBCU Virginia State University",blavity.com,2026-08-17,News,Tomas Kassahun,https://blavity.com/everything-to-know-about-the-shooting-at-hbcu-virginia-state-university,Policing & Public Safety,policing,"{""Policing & Public Safety"": [""police department""]}",1,0.333
Jasmine Crockett Says GOP Is ‘Very Performative’ And ‘Half The Senate Is Already Dead Anyway’,Rep. Jasmine Crockett (D-Texas) slammed GOP lawmakers when she recently appeared on Jimmy Kimmel Live.,blavity.com,2026-08-17,News,Tomas Kassahun,https://blavity.com/jasmine-crockett-says-gop-is-very-performative,,,{},0,0.0
Atatiana Jefferson’s Family Reaches $11.25 Million Settlement With Fort Worth,"The city of Fort Worth has agreed to a $11.25 million settlement with the family of Atatiana Jefferson, the woman who was fatally shot by a police officer in her mother's home in 2019.",blavity.com,2026-08-17,News,Tomas Kassahun,https://blavity.com/atatiana-jeffersons-family-reaches-11-25-million-settlement-with-fort-worth,Policing & Public Safety,policing,"{""Policing & Public Safety"": [""police officer"", ""shot by police""]}",1,0.333
Colin Kaepernick Marks 10 Years Since His Protest With Another $1 Million Pledge To Community Orgs,"As he approaches the 10-year anniversary of his iconic protest and refusal to stand for the national anthem, Colin Kaepernick is making a $1 million commitment to some vital community organizations.",blavity.com,2026-08-17,News,Tomas Kassahun,https://blavity.com/colin-kaepernick-renews-1-million-pledge-to-community-orgs,,,{},0,0.0
Who Is Maya Boyd? Everything to Know About Marvel’s New Storm in ‘X-Men’ Reboot,"Broadway star Maya Boyd has just been cast as Storm in MCU’s upcoming “X-Men” reboot. If you don’t know the breakout actress yet, we’re filling you in!",theroot.com,2026-08-17,Entertainment,Mahalia Otshudy,https://www.theroot.com/who-is-maya-boyd-everything-to-know-about-marvel-s-new-2000121396,,,{},0,0.0
Stephen A. Smith Spent Years Auditioning For NABJ’s Thumbs Down Award,OPINION: The National Association of Black Journalists called Stephen A. Smith out for his harmful rhetoric about and treatment of Black women.,newsone.com,2026-08-17,Opinion,,https://newsone.com/6869470/stephen-a-smith-nabj-thumbs-down-award/,,,{},0,0.0
Brand Before Bucks: How Building a Strong Brand Can Attract Funding,"There are three key areas U.S. small business owners struggle — lack of capital, marketing and overall business operations. Coupled with significant economic, sociocultural and institutional barriers, Black entrepreneurs face even more unique challenges when creating businesses. Small business grants have proven to be a saving grace for entrepreneurs in our community looking to fund […]",ebony.com,2026-08-17,Culture,,https://www.ebony.com/brand-before-bucks-how-building-a-strong-brand-can-attract-funding/,,,{},0,0.0
Black-owned Businesses to Visit to Fulfill Your Artistic Side,"From museum galleries to recording booths, Black creatives and artists have transformed the art world into an exciting and inviting space for beginners and experts alike. While getting your hands messy or stepping on stage may feel intimidating at first, these business owners have created safe spaces with good music, food and company to stretch […]",ebony.com,2026-08-17,Entertaining,,https://www.ebony.com/7-black-owned-businesses-fulfill-your-artistic-side/,Economic Equity & Wealth Gap,economic_equity,"{""Economic Equity & Wealth Gap"": [""black-owned""]}",1,0.333
"Darrin Henson on How Dogs Teach Love, Forgiveness, and the Value of Time","“The great thing about dogs is they teach you about love, they teach you about constant forgiveness,” actor and choreographer Darrin Henson tells EBONY when asked about the impact dogs have had on his life. “They truly teach you about how important time is. One year for us, seems like seven for them. So it’s […]",ebony.com,2026-08-17,Celebrity,,https://www.ebony.com/darrin-henson-on-how-dogs-teach-love-forgiveness-and-the-value-of-time/,,,{},0,0.0
Nine PBS Fights To Recover 70 Years Of Historic Footage After Cloud Storage Provider Allegedly Cuts Off Access,"What happens when you suddenly lose access to the cloud? That question is at the center of a lawsuit involving Nine PBS, the St. Louis, MO-based PBS member station, and Open Source Storage (OSS), a cloud storage provider that allegedly cut off access to a massive collection of historical footage spanning more than 70 years.… Continue reading Nine PBS Fights To Recover 70 Years Of Historic Footage After Cloud Storage Provider Allegedly Cuts Off Access",afrotech.com,2026-08-17,Business,ShaCamree Gowdy,https://afrotech.com/nine-pbs-open-source-storage-cloud-storage-lawsuit,,,{},0,0.0
Florida A&M University Acquires Historic Facility Previously Used By Pioneering Black Doctors,"Florida A&M University (FAMU) has acquired a historic property that was home to many Black physicians. According to a press release, the Historically Black College and University (HBCU) acquired about 0.94 acres of a site owned by Black physicians Dr. Russell L. Anderson and his son-in-law, Dr. Alexander D “AD” Brickler. Brickler is credited with… Continue reading Florida A&M University Acquires Historic Facility Previously Used By Pioneering Black Doctors",afrotech.com,2026-08-17,Technology,Samantha Dorisca,https://afrotech.com/florida-am-university-acquires-historic-facility,School Funding,school_funding,"{""School Funding"": [""historically black college""]}",1,0.333
Black Man Found Hanging From Tree In Raleigh Investigated As A Suicide,"A Black man who hasn’t been identified publicly yet was found hanging from a tree in downtown Raleigh, North Carolina, on Saturday.",newsone.com,2026-08-17,Nation,,https://newsone.com/6869419/black-man-found-hanging-from-tree-raleigh/,,,{},0,0.0
Aaron Pierre Shines As 'Lanterns' Gets Off To A Thrilling Start,"The latest project in the DC Universe, Lanterns, stars Aaron Pierre and Kyle Chandler as two Green Lanterns investigating a murder in rural Nebraska.",newsone.com,2026-08-17,Culture,,https://newsone.com/6869440/aaron-pierre-kyle-chandler-lanterns/,,,{},0,0.0
Todd Blanche Could Take Voter Roll Cases Before Supreme Court [Op-Ed],The Trump administration has spent much of its second term attacking voting rights and trying to federalize control of elections.,newsone.com,2026-08-17,Nation,,https://newsone.com/6869460/todd-blanche-voter-rolls-supreme-court/,Voter Suppression,voter_suppression,"{""Voter Suppression"": [""voting rights""]}",1,0.333
Why the NABJ Gave Stephen A. Smith a Thumbs Down at This Year’s Conference,"After NABJ gave Stephen A. Smith the “Thumbs Down” award for his record of criticizing Black women politicians, he threatened to finish what they started.",theroot.com,2026-08-17,Culture,Phenix S Halley,https://www.theroot.com/why-the-nabj-gave-stephen-a-smith-a-thumbs-down-at-thi-2000121565,,,{},0,0.0
Black August And The Sacred Resistance Of Black Women Political Prisoners,"This Black August, we take a look at the Black women political prisoners whose sacrifices the movement often leaves out.",newsone.com,2026-08-17,Black History,,https://newsone.com/6869474/black-august-black-women-political-prisoners/,,,{},0,0.0
Stephen A. Smith Earned That NABJ Thumbs Down Award [Op-Ed],"OPINION: In case anyone was confused about why NABJ chose to give Stephen A. Smith the thumbs down award, here are the receipts on how he earned it.",newsone.com,2026-08-17,Nation,,https://newsone.com/6869445/stephen-a-smith-earned-nabj-thumbs-down-award/,,,{},0,0.0
Stephen A. Smith Vs. NABJ: The 'Thumbs Down' Award Beef Explained,"NABJ awards ESPN’s Stephen A. Smith ‘Thumbs Down’ for disparaging Black women, but he vows to fight back.",newsone.com,2026-08-17,Celebrity,,https://newsone.com/6869481/stephen-a-smith-nabj-beef-explained/,,,{},0,0.0
​A Declaration of Love: Celebrity Weddings 2026,"There’s something about a wedding that turns even the most committed cynic into a believer, from the moment​ a classic R&B love song begins​ as the wedding party makes its way down the aisle to the moment the groomsmen take a stand as the groom anxiously awaits his spouse-to-be. In these precious moments, we make room […]",ebony.com,2026-08-17,Celebrity,,https://www.ebony.com/declaration-of-love-celebrity-weddings-2026/,,,{},0,0.0
Barbershops and the Business of Care: Inside Damien Davis’ Exhibition,"Clippers tightened fades. Oils nourished tresses. And conversations about life, liberty and justice filled the air. Barbershops and hair salons have always been spaces where Black entrepreneurship boomed, offering services that cultivated looks and fostered community. Barbershops and beauty parlors became a natural gathering place to stay connected to culture and ideas. The Southampton African […]",ebony.com,2026-08-17,The Arts,,https://www.ebony.com/damien-davis-hedges-and-edges-exhibition-interview/,,,{},0,0.0
First Look: New Trailer for ‘A Different World’ Sequel Drops,"We’re back at Hillman University for the sequel to A Different World, with a first look at the series’ legacy, the new students taking up residency this September, and the series’ new trailer. The cast includes Maleah Joi Moon as Deborah Wayne, Chibuikem Uche as Kojo, Cornell Young IV as Shaquille, Jordan Aaron Hall as Amir, […]",ebony.com,2026-08-17,Entertainment,,https://www.ebony.com/first-look-inside-a-different-world-sequel-new-trailer/,,,{},0,0.0
Exclusive: Black TikTok Creator Speaks Out After White Influencer Accused Of Copying Her Content,‘The Root’ spoke exclusively with Black content creator Brianne Saturdays about allegations that a white creator plagiarized one of her posts.,theroot.com,2026-08-17,Culture,Ty Cole,https://www.theroot.com/exclusive-black-tiktok-creator-speaks-out-after-white-2000121532,,,{},0,0.0
"Inside The Legal Reality Of Book-To-Film Deals, As Tomi Adeyemi Steps Back From Her Own Adaptation","Tomi Adeyemi, author of Children of Blood and Bone, has publicly distanced herself from the film adaptation of her novel, even as the official trailer has been released and Paramount Pictures prepares for a January 2027 theatrical release. Her comments have reignited a familiar question in Hollywood: how much control do authors actually have over… Continue reading Inside The Legal Reality Of Book-To-Film Deals, As Tomi Adeyemi Steps Back From Her Own Adaptation",afrotech.com,2026-08-17,Entertainment,Shanique Yates,https://afrotech.com/book-to-film-deals-explained-as-tomi-adeyemi-steps-back-blood-and-bone,,,{},0,0.0
Colin Kaepernick’s Know Your Rights Camp renews $1 million commitment to Black and Brown communities,Colin Kaepernick is renewing his Million Dollar Pledge with another $1 million for organizations supporting Black and Brown communities.,thegrio.com,2026-08-17,News,Peter Kerich,https://thegrio.com/2026/08/17/colin-kaepernick-renews-million-dollar-community-pledge/,,,{},0,0.0
"Nolan Wells’ family says phone is ready for forensic examination, challenges delays",Family attorneys say they have made Nolan’s phone available for examination by both sides’ forensic experts.,thegrio.com,2026-08-17,News,Bolarinwa Oladeji,https://thegrio.com/2026/08/17/nolan-wells-family-phone-da-deadline/,,,{},0,0.0
S. Epatha Merkerson says NBC had a problem with her afro before ‘Law & Order’ role,S. Epatha Merkerson says NBC had a problem with her Afro before she landed her iconic Law & Order role as Lt. Anita Van Buren.,thegrio.com,2026-08-17,Entertainment,Odafe Oghen,https://thegrio.com/2026/08/17/s-epatha-merkerson-afro-nbc-law-order/,,,{},0,0.0
Spike Lee’s annual Michael Jackson Block Party returns to Brooklyn on August 29,The filmmaker’s annual block party returns Aug. 29 as renewed interest introduces Jackson’s music to a new generation.,thegrio.com,2026-08-17,Entertainment,Peter Kerich,https://thegrio.com/2026/08/17/spike-lee-michael-jackson-block-party-brooklyn-2026/,,,{},0,0.0
Rihanna shows her kids the Barbados she grew up in during family trip,"Rihanna took her children to Barbados for a relaxed island visit, stopping at a coconut stand and riding a public minibus around her home",thegrio.com,2026-08-17,Entertainment,Bolarinwa Oladeji,https://thegrio.com/2026/08/17/rihanna-kids-barbados-visit-coconut/,,,{},0,0.0
Nic Vansteenberghe stays coy about Olandria Carthen after reuniting at wedding,The former couple attended Jordyn Woods and Karl-Anthony Towns’ wedding just weeks after announcing their split.,thegrio.com,2026-08-17,Entertainment,Bolarinwa Oladeji,https://thegrio.com/2026/08/17/nic-vansteenberghe-olandria-carthen-wedding-reunion/,,,{},0,0.0
"North Carolina mayor’s wife shares, deletes post blaming Black residents for city’s problems",A North Carolina mayor’s wife faces backlash after deleting a Facebook post blaming Black residents for housing and school problems.,thegrio.com,2026-08-17,News,Odafe Oghen,https://thegrio.com/2026/08/17/north-carolina-mayors-wife-black-residents-post/,,,{},0,0.0
NAACP adds legal support to Nolan Wells case as family continues push for answers,"General Counsel Kristen Clarke pledged a “victim-focused, community-based” effort to ensure “no stone is left unturned.”",thegrio.com,2026-08-17,News,Bolarinwa Oladeji,https://thegrio.com/2026/08/17/naacp-joins-nolan-wells-family-legal-team/,,,{},0,0.0
Trinidad and Tobago Independence Day Parade is coming to Brooklyn for the first time,"The Trinidad and Tobago Independence Day Parade will debut in Brooklyn Aug. 30 with steelpan, food and family activities.",thegrio.com,2026-08-17,Featured,Odafe Oghen,https://thegrio.com/2026/08/17/trinidad-tobago-independence-day-parade-brooklyn/,,,{},0,0.0
Sterling K. Brown teases ‘Paradise’ season 3: ‘So off the wall’,"Sterling K. Brown revealed new details about season 3 of hit Hulu drama series ""Paradise"" at Televerse 26.",thegrio.com,2026-08-17,Entertainment,Mariel Turner,https://thegrio.com/2026/08/17/sterling-k-brown-teases-paradise-season-3/,,,{},0,0.0
"Hakeem Jeffries draws a line on Medicare for All, DSA agenda and ICE",Hakeem Jeffries says he no longer supports Medicare for All and distances himself from the DSA agenda amidst debate on the party's direction.,thegrio.com,2026-08-17,Politics,Peter Kerich,https://thegrio.com/2026/08/17/hakeem-jeffries-rejects-medicare-for-all-dsa-agenda/,,,{},0,0.0
NBA’s Minnesota Timberwolves set date to retire Kevin Garnett’s iconic No. 21 jersey,"Kevin Garnett jersey retirement is set for Feb. 28, 2027, after the Timberwolves host the Celtics at Target Center.",thegrio.com,2026-08-17,Entertainment,Odafe Oghen,https://thegrio.com/2026/08/17/kevin-garnett-jersey-retirement-feb-28/,,,{},0,0.0
Memphis community mourns 6-year-old girl found unresponsive on daycare bus,"The Winter Jones vigil honored the 6-year-old after she died following hours inside a hot daycare bus in Cordova, Tennessee.",thegrio.com,2026-08-17,News,Odafe Oghen,https://thegrio.com/2026/08/17/winter-jones-vigil-daycare-bus-death/,,,{},0,0.0
‘A Different World’ and ‘The Drop: A Snowfall Saga’ headline what’s new in Black TV this fall,"New trailers for 'A Different World' and 'The Drop: A Snowfall Saga' have arrived, signaling the start of Black TV for the fall.",thegrio.com,2026-08-17,Entertainment,Brandon Caldwell,https://thegrio.com/2026/08/17/a-different-world-the-drop-snowfall-saga-black-tv-trailers/,,,{},0,0.0
"Illinois mayor, DJ grazed by bullets during deadly restaurant shooting",Robbins Mayor Darren Bryant was grazed by a ricocheting bullet during a restaurant shooting that left a 29-year-old gunman dead.,thegrio.com,2026-08-17,News,Peter Kerich,https://thegrio.com/2026/08/17/robbins-mayor-darren-bryant-grazed-by-bullet-restaurant-shooting/,,,{},0,0.0
How to enjoy a wellness-focused escape on Aruba’s One Happy Island,"Need a place to unplug? Aruba offers plenty in terms of scenic views and beauty, but it's biggest power? The ability to reconnect to self.",thegrio.com,2026-08-17,Featured,Brandon Caldwell,https://thegrio.com/2026/08/17/aruba-wellness-travel/,,,{},0,0.0
‘Is it just racism?’: Tracee Ellis Ross still feels irked by late-night TV snubs when ‘Girlfriends’ was thriving,"In a conversation with Trevor Noah, Tracee Ellis Ross looks back on the brilliance of 'Girlfriends' and evidence why late night TV shunned the cast.",thegrio.com,2026-08-17,Entertainment,Brandon Caldwell,https://thegrio.com/2026/08/17/tracee-ellis-ross-girlfriends-90s-tv-rac/,,,{},0,0.0
‘Unacceptable’: Mississippi Legislative Black Caucus demands greater clarity as Kohen Wiley investigation continues,The Mississippi Legislative Black Caucus has written a letter to the state's AG and Public Safety Commissioner demanding answers about the Kohen Wiley investigation.,thegrio.com,2026-08-17,News,Brandon Caldwell,https://thegrio.com/2026/08/17/mississippi-black-legislative-caucus-kohen-wiley/,Policing & Public Safety,policing,"{""Policing & Public Safety"": [""public safety""]}",1,0.333
Former NFL player O.J. Brigance dies at 56 following 19-year fight with ALS,"O.J. Brigance, who had the first tackle for the Baltimore Ravens in their first Super Bowl in 2000 has died after a 19-year fight with ALS.",thegrio.com,2026-08-17,Sports,Brandon Caldwell,https://thegrio.com/2026/08/17/oj-brigance-als-dies-baltimore-ravens-nfl/,,,{},0,0.0
Ray J beats Orlando Brown by unanimous decision in Atlanta boxing match,Ray J beats Orlando Brown by unanimous decision in their three-round Atlanta celebrity boxing match after his May knockout loss.,thegrio.com,2026-08-17,Entertainment,Odafe Oghen,https://thegrio.com/2026/08/17/ray-j-beats-orlando-brown-unanimous-decision/,,,{},0,0.0
"Who Ran The WNBA This Week: Indiana Fever Surge, A'ja Wilson Makes History & The Aces Clinch","WNBA playoff race heats up as Aces clinch, Sun eliminated, and Fever surge behind Caitlin Clark’s scoring tear.",newsone.com,2026-08-17,Sports,,https://newsone.com/6869486/who-ran-the-wnba-this-week-12/,,,{},0,0.0
"Where Nipsey Hussle Once Sold Mixtapes, Foot Locker And Nike Are Now Investing In Crenshaw Youth","Recreational centers have long served as important resources for Black youth, offering a place to play, connect with mentors, and access academic and nutritional support in underserved communities. What once were spaces for youth, especially young Black children, to thrive have become less common or faced closures due to budget cuts, shifting public spending priorities,… Continue reading Where Nipsey Hussle Once Sold Mixtapes, Foot Locker And Nike Are Now Investing In Crenshaw Youth",afrotech.com,2026-08-17,News,Shanique Yates,https://afrotech.com/the-crenshaw-rec-community-investment,,,{},0,0.0
"Before Classes Begin, Morehouse Gives Its Freshmen a Lesson in Belonging","“The enduring legacy of Morehouse College awaits you,” President F. DuBois Bowman says to the Class of 2030.",capitalbnews.org,2026-08-17,,Noah Cathey,https://capitalbnews.org/morehouse-class-2030-new-student-orientation/,,,{},0,0.0
How Lakeysha Hallmon’s The Village Retail Is Platforming Black Brands With A New Location At The World’s Busiest Airport,"Lakeysha Hallmon is putting Black businesses at the forefront of one of the world’s busiest airports. As AFROTECH™ previously reported, Hallmon is a former educator and founder of the Atlanta-based marketplace The Village Market, which has provided visibility to Black entrepreneurs since 2016. The Village Retail Expands It started with her $20,000 in savings and… Continue reading How Lakeysha Hallmon’s The Village Retail Is Platforming Black Brands With A New Location At The World’s Busiest Airp…",afrotech.com,2026-08-17,Business,Samantha Dorisca,https://afrotech.com/the-village-retail-is-elevating-black-brands-globally,,,{},0,0.0
Jordyn Woods and Karl-Anthony Towns tie the knot in star-studded Malibu wedding,"Jordyn Woods and Karl-Anthony Towns married in a black-tie Malibu ceremony on Aug. 15, capping six years together and a championship season.",thegrio.com,2026-08-17,Entertainment,Bolarinwa Oladeji,https://thegrio.com/2026/08/17/jordyn-woods-karl-anthony-towns-malibu-wedding/,,,{},0,0.0
"Hayden Panettiere, ‘Remember The Titans’ and ‘Nashville’ star, dies at 36","Hayden Panettiere dies at 36. The 'Heroes' and 'Nashville' star's death was confirmed by her family, with no cause yet announced.",thegrio.com,2026-08-17,Entertainment,Odafe Oghen,https://thegrio.com/2026/08/17/hayden-panettiere-dies-at-36/,,,{},0,0.0
19-year-old arrested after shooting wounds 5 at Virginia State University,"Police arrested 19-year-old Camron Harris after five people were wounded in a shooting at Virginia State University, including one VSU student.",thegrio.com,2026-08-16,News,Bobby Pen,https://thegrio.com/2026/08/16/virginia-state-university-shooting-camron-harris-arrested/,,,{},0,0.0
The Best Beauty and Grooming Deals to Shop During CVS’s Fall Epic Beauty Sale 2026,"There is something deeply satisfying about a drugstore beauty run. You walk in for toothpaste and somehow emerge 45 minutes later with a new lip product, body scrub, mascara and enough skincare to convince yourself you have entered a new era. This month, that particular form of retail therapy comes with a little financial justification. […]",ebony.com,2026-08-16,Beauty,,https://www.ebony.com/the-best-beauty-and-grooming-deals-to-shop-during-cvss-fall-epic-beauty-sale-2026/,,,{},0,0.0
"NABJ gives Stephen A. Smith, Brendan Carr and major news outlets its ‘Thumbs Down’ award","NABJ gave Stephen A. Smith, FCC Chair Brendan Carr, CBS, The Washington Post and DuJuan McCoy its 2026 Thumbs Down award in Atlanta.",thegrio.com,2026-08-16,Politics,Bobby Pen,https://thegrio.com/2026/08/16/nabj-thumbs-down-award-stephen-a-smith-brendan-carr/,,,{},0,0.0
Gina Prince-Bythewood brings ‘Children of Blood and Bone’ to Martha’s Vineyard with new look at Orïsha,Gina Prince-Bythewood and Thuso Mbedu reveal how they brought the African-inspired fantasy world of “Children of Blood and Bone” to life.,thegrio.com,2026-08-16,Entertainment,Bobby Pen,https://thegrio.com/2026/08/16/gina-prince-bythewood-children-of-blood-and-bone/,,,{},0,0.0
Why Rihanna is Fashion’s Ultimate Game-Changer,"While Anne Hathaway is earning praise for her recent maternity style, we can’t forget the true pioneer of pregnancy fashion, Rihanna.",theroot.com,2026-08-16,Beauty + Style,Mahalia Otshudy,https://www.theroot.com/why-rihanna-is-fashions-ultimate-game-changer-2000120742,,,{},0,0.0
See the Stars Who Hit the Carpet at the 2026 Stellar Awards,"Kem, Erica Campbell and Kirk Franklin are just a few of the Black stars who hit the carpet for this celebration of gospel music.",theroot.com,2026-08-16,News,Angela Johnson,https://www.theroot.com/see-the-stars-who-hit-the-carpet-at-the-2026-stellar-aw-2000121356,,,{},0,0.0
Malcolm-Jamal Warner’s Mother Breaks Silence Amid Legal Battle With His Widow,“The Cosby Show” star’s mother is finally speaking up in response to the million-dollar lawsuit filed by her son’s widow. Let’s get into it.,theroot.com,2026-08-16,Entertainment,Shanelle Genai,https://www.theroot.com/malcolm-jamal-warners-mother-breaks-silence-amid-legal-2000121267,,,{},0,0.0
Claressa Shields makes dominant return to middleweight after stopping Kaye Scott,"Claressa Shields stopped Kaye Scott in the sixth round in Atlanta, reclaiming the WBA and WBC middleweight titles after dropping three weight classes.",thegrio.com,2026-08-16,Sports,Bobby Pen,https://thegrio.com/2026/08/16/claressa-shields-kaye-scott-middleweight-titles/,,,{},0,0.0
Da’Vine Joy Randolph sues landlord over alleged problems at $17K-a-month Los Angeles rental,"Da'Vine Joy Randolph is suing her landlord over a $17K-a-month Los Angeles rental property, claiming pest, plumbing and safety issues weren't fixed.",thegrio.com,2026-08-15,Entertainment,Odafe Oghen,https://thegrio.com/2026/08/15/davine-joy-randolph-landlord-lawsuit-rental/,Housing & Displacement,housing,"{""Housing & Displacement"": [""landlord""]}",1,0.333
Rich Paul built Klutch Sports into a powerhouse managing more than $7 billion in deals,"Rich Paul’s Klutch Sports Group ranks among North America’s most valuable sports agencies, managing more than $7 billion in athlete deals.",thegrio.com,2026-08-15,Business,Bobby Pen,https://thegrio.com/2026/08/15/rich-paul-klutch-sports-group-7-billion-contracts/,,,{},0,0.0
‘Always believe you can do something great’: Jason Arday’s message to Black children goes viral days after his death,"Years before his death, Jason Arday shared a message of inspiration for Black children that is resonating today.",thegrio.com,2026-08-15,Lifestyle,Brandon Caldwell,https://thegrio.com/2026/08/15/jason-arday-message-black-children/,,,{},0,0.0
"Northwestern reportedly set to close Program of African Studies, ending an near eight-decade chapter in higher education","Northwestern is reportedly set to close the United States' oldest program dedicated to African Studies, according to The Purple Wire.",thegrio.com,2026-08-15,News,Brandon Caldwell,https://thegrio.com/2026/08/15/northwestern-folding-program-african-studies/,,,{},0,0.0
When the Water Gave Him Back: A Letter to White America,"After the deaths of Nolan Wells, Tasia Fortune, Kohen Wiley and others, one writer argues when lawmakers in Mississippi will care about its Black citizens.",thegrio.com,2026-08-15,Opinion,Jonathan Conyers,https://thegrio.com/2026/08/15/jonathan-conyers-essay-when-the-water-gave-him-back/,,,{},0,0.0
Ray J and Orlando Brown to settle feud in Atlanta boxing match,Ray J and Orlando Brown's long simmering feud will be settling in the boxing ring on Saturday at State Farm Arena in Atlanta.,thegrio.com,2026-08-15,Entertainment,Odafe Oghen,https://thegrio.com/2026/08/15/ray-j-orlando-brown-fight-atlanta/,,,{},0,0.0
Multiple people shot near residence halls at Virginia State University,Five people were wounded and one remains in critical condition following at shooting at Virginia State University early Saturday morning.,thegrio.com,2026-08-15,News,Brandon Caldwell,https://thegrio.com/2026/08/15/virginia-state-university-shooting/,,,{},0,0.0
"Meet Maya Boyd, the Broadway actress set to play Storm in Marvel’s ‘X-Men’",Broadway actress Maya Boyd's film debut is coming as Storm in the brand new X-Men movie. Learn about the actress here.,thegrio.com,2026-08-15,Entertainment,Brandon Caldwell,https://thegrio.com/2026/08/15/maya-boyd-storm-x-men-movie/,,,{},0,0.0
Luigi Mangione Pleads Guilty To Federal Stalking Charges,Luigi Mangione faces a maximum of life in prison for fatally shooting former UnitedHealthcare CEO Brian Thompson in December 2024.,newsone.com,2026-08-15,Crime,,https://newsone.com/6869349/luigi-mangione-pleads-guilty-federal-stalking-charges/,,,{},0,0.0
Trump Admin Spied On Progressive Orgs And Anti-ICE Protesters [Op-Ed],"Operation Puppet Master targeted groups such as climate change activists, Anti-ICE protesters, and unions such as SEIU and CWA.",newsone.com,2026-08-15,Nation,,https://newsone.com/6869267/operation-puppet-master-trump-admin-spies/,,,{},0,0.0
"Former Mets player Butch Huskey, one of the last to wear Jackie Robinson’s No. 42, dies at 54","Butch Huskey, one of the last MLB players to wear No. 42 before it was permanently retired in honor of Jackie Robinson, has died.",thegrio.com,2026-08-15,Sports,Bobby Pen,https://thegrio.com/2026/08/15/butch-huskey-dies-mets-jackie-robinson-number-42/,,,{},0,0.0
It’s Official: Maya Boyd Is the MCU’s New Storm,"She is powerful, majestic and iconic. In the comics, her white hair, contrasted with her dark skin and royal features, symbolizes her connection to her mother country, her heritage and her legacy. Fans have waited patiently to see someone in the role who embodies all the traits they’ve come to love in the comics and […]",ebony.com,2026-08-15,Entertainment,,https://www.ebony.com/its-official-maya-boyd-is-the-mcus-new-storm/,,,{},0,0.0
13 Gospel Artists Who Deserve a Las Vegas Residency,"From Kirk Franklin to Mary Mary, these gospel icons have the catalog to bring a full-fledged praise party to Las Vegas! Let’s take a look.",theroot.com,2026-08-15,Entertainment,Shanelle Genai,https://www.theroot.com/13-gospel-artists-who-deserve-a-las-vegas-residency-2000121253,,,{},0,0.0
From George Floyd to Atatiana Jefferson: These Black Families Won Millions After Wrongful Death Lawsuits,"These Black families lost loved ones to violence and, through civil lawsuits, secured millions in settlements and jury verdicts afterward.",theroot.com,2026-08-15,Criminal Justice,Phenix S Halley,https://www.theroot.com/from-george-floyd-to-atatiana-jefferson-these-black-fa-2000121238,Policing & Public Safety,policing,"{""Policing & Public Safety"": [""wrongful death""]}",1,0.333
Joe V. Donell Jones: The Ultimate Track-by-Track Breakdown of This R&B Verzuz,"While the real winners will be the viewers, The Root went track-for-track to predict who takes the crown in the upcoming Joe vs. Donell Jones Verzuz.",theroot.com,2026-08-15,Entertainment,Ty Cole,https://www.theroot.com/joe-v-donell-jones-the-ultimate-track-by-track-breakd-2000121255,,,{},0,0.0
The Legal Stakes Surrounding a Black Surrogate Mother’s Fight For Bodily Autonomy,"A surrogacy fight spanning three states is forcing courts to sort out contracts, parentage, medical decisions and bodily autonomy.",theroot.com,2026-08-15,Black Maternal Healthcare,Phenix S Halley,https://www.theroot.com/the-legal-stakes-surrounding-a-black-surrogate-mothers-2000121289,Maternal Health,maternal_health,"{""Maternal Health"": [""black maternal""]}",1,0.333
"Nolan Wells’ Parents, Attorneys, Call For Federal Review Of His Death During NABJ Convention","Nolan Wells‘ parents spent Thursday morning remembering their son before turning their attention to the questions that still linger over a month after his disappearance and death. Christine and Elmore Wonsley joined civil rights attorney Ben Crump and Rev. Al Sharpton at the National Association of Black Journalists Convention and Career Fair in Atlanta. During… Continue reading Nolan Wells’ Parents, Attorneys, Call For Federal Review Of His Death During NABJ Convention",blavity.com,2026-08-14,News,Jahaura Michelle,https://blavity.com/nolan-wells-parents-attorneys-call-for-federal-review-of-his-death-during-nabj-convention,,,{},0,0.0
Decoding The 2026 Executive Order On Childhood Vaccines,Confused by the new childhood vaccine executive order? We cut through the noise to explain the requirements.,blavity.com,2026-08-14,Health,"Dr. Diana Rangaves, PharmD",https://blavity.com/vaccine-executive-order,,,{},0,0.0
Former Police Officer Released After Being Accused Of Planning Mass Shooting At Black Music Festival,"A man accused earlier this year with plotting a mass shooting at a Black music festival has been released without criminal charges. The man, a white former police officer, was taken into custody after making disturbing comments of planning violence and traveling armed across state lines, but a grand jury decided that there was insufficient… Continue reading Former Police Officer Released After Being Accused Of Planning Mass Shooting At Black Music Festival",blavity.com,2026-08-14,News,Christopher Rhodes,https://blavity.com/former-police-officer-accused-of-planning-shooting-black-festival,Policing & Public Safety,policing,"{""Policing & Public Safety"": [""police officer""]}",1,0.333
"Erykah Badu and The Alchemist release new single ‘Witch Doctor,’ announce album release date",Erykah Badu and The Alchemist released new single “Witch Doctor” and announced their long-awaited collaborative album will arrive Aug. 28.,thegrio.com,2026-08-14,Entertainment,Janeé Bolden,https://thegrio.com/2026/08/14/erykah-badu-the-alchemist-witch-doctor-album-release-date/,,,{},0,0.0
HBCUs make up just 3% of U.S. colleges but produce 28% of Black STEM graduates,A new UNCF report highlights HBCUs’ outsized STEM impact despite decades of underfunding and discrimination.,thegrio.com,2026-08-14,Featured,Odafe Oghen,https://thegrio.com/2026/08/14/hbcu-stem-impact-black-stem-degrees-uncf-report/,,,{},0,0.0
Malcolm-Jamal Warner’s mother says estate dispute with daughter-in-law has been settled,"Malcolm-Jamal Warner’s mother says the estate dispute with his widow has been settled, with most of the estate going to their daughter.",thegrio.com,2026-08-14,Television,Janeé Bolden,https://thegrio.com/2026/08/14/malcolm-jamal-warner-mother-estate-settlement/,,,{},0,0.0
Megan Thee Stallion Says Queen Latifah is the Inspiration For Her Career Moves,The Houston rapper recently spoke out about her admiration for Queen Latifah and how she’s inspiring her career choices!,theroot.com,2026-08-14,Entertainment,Shanelle Genai,https://www.theroot.com/megan-thee-stallion-says-queen-latifah-is-the-inspirati-2000121245,,,{},0,0.0
Tony Rock opens up about never getting a chance to work with his brother Chris Rock,Tony Rock says he has always supported Chris Rock but still hopes his brother will give him an opportunity to work together on screen.,thegrio.com,2026-08-14,Entertainment,Peter Kerich,https://thegrio.com/2026/08/14/tony-rock-chris-rock-screen-opportunity/,,,{},0,0.0
"Tracee Ellis Ross Gets All the Way Real About Marriage and Kids, But the Internet Is Split",Tracee Ellis Ross refuses to be boxed in when it comes to society’s expectations about marriage and kids. But her latest viewpoints have folks online divided!,theroot.com,2026-08-14,Entertainment,Shanelle Genai,https://www.theroot.com/tracee-ellis-ross-gets-all-the-way-real-about-marriage-2000121179,,,{},0,0.0
Russell Westbrook’s Viral Moments That Broke The Internet,"Following his official retirement from the NBA, we look back at the iconic moments that made ‘Brodie’ an internet hall-of-famer.",theroot.com,2026-08-14,News,Rashad Grove,https://www.theroot.com/russell-westbrook-s-viral-moments-that-broke-the-intern-2000121217,,,{},0,0.0
New Research Shows DEI Policies Did Not Hurt Companies’ Bottom Line After Trump’s Executive Order,New research finds companies that maintained DEI policies after Trump’s executive order performed no worse financially than those that scaled back.,theroot.com,2026-08-14,Culture,Phenix S Halley,https://www.theroot.com/new-research-shows-dei-policies-did-not-hurt-companies-2000121175,Book Bans & Anti-DEI,book_bans_dei,"{""Book Bans & Anti-DEI"": [""dei""]}",1,0.333
Flock Changes To Cameras Should’ve Already Been Mandatory [Op-Ed],Flock has made previously optional features mandatory after several cops abused the technology to stalk their exes and significant others.,newsone.com,2026-08-14,Nation,,https://newsone.com/6869230/flock-camera-changes-after-police-abuse/,,,{},0,0.0
What’s Happening With The USS Abraham Lincoln? [Op-Ed],Several Democratic senators have expressed concerns about the sailors’ mental health during the carrier’s record-long 200-day deployment.,newsone.com,2026-08-14,Nation,,https://newsone.com/6869237/what-happening-with-uss-abraham-lincoln/,,,{},0,0.0
15 Ways Black Families Can Set Their Kids Up to Win This School Year,Back-to-school planning means more than supply lists for many Black families. These expert-backed tips can help families plan for success and prepare students for what comes after high school.,theroot.com,2026-08-14,Culture,Shellie M. Scott,https://www.theroot.com/15-ways-black-families-can-set-their-kids-up-to-win-thi-2000121136,,,{},0,0.0
Black Colleges Are Building More Dorms Amid Enrollment Growth,"Students report a lack of housing at Black colleges every year, but these institutions are responding with new construction.",capitalbnews.org,2026-08-14,,Alecia Taylor,https://capitalbnews.org/hbcu-enrollment-housing-expansion/,,,{},0,0.0
Trump pushes to separate the MMR vaccine despite drugmakers saying there’s no proven benefit,"Manufacturers currently offer only the combined vaccine, while experts warn separate shots could increase costs and missed appointments.",thegrio.com,2026-08-14,Featured,Odafe Oghen,https://thegrio.com/2026/08/14/trump-mmr-vaccine-plan-manufacturing-hurdles/,,,{},0,0.0
EEOC Lawsuit Alleges Retaliatory Firing Of Black Washington University Employee Who Objected To Race-Separated DEI Training,"Washington University, a private research university in St. Louis, MO, is at the center of a U.S. Equal Employment Opportunity Commission (EEOC) lawsuit alleging that a Black employee was fired after objecting to the way employees were separated during a diversity, equity, and inclusion (DEI) training. The lawsuit, filed Wednesday, Aug.",afrotech.com,2026-08-14,Business,ShaCamree Gowdy,https://afrotech.com/eeoc-lawsuit-firing-black-washington-university,Book Bans & Anti-DEI,book_bans_dei,"{""Book Bans & Anti-DEI"": [""diversity equity inclusion"", ""dei""]}",1,0.333
NFL suspends Atlanta Falcons player James Pearce eight games over domestic violence arrest,The NFL handed down an eight game suspension to Atlanta Falcons player James Pearce Jr. in relation to a February domestic violence arrest.,thegrio.com,2026-08-14,Sports,Brandon Caldwell,https://thegrio.com/2026/08/14/james-pearce-jr-atlanta-falcons-suspension/,,,{},0,0.0
"Rashad Bilal of Earn Your Lesiure sounds off on Invest Fest backlash, reiterates its not a ‘Black’ conference","Rashad Bilal took time out of celebrating the success of Invest Fest this year to address critics, including those who ""minimalize"" it.",thegrio.com,2026-08-14,Lifestyle,Brandon Caldwell,https://thegrio.com/2026/08/14/rashad-bilal-addresses-invest-fest-backlash/,,,{},0,0.0
"Judge refuses attempt to block a Mississippi county’s majority Black juidicial districts, for now",A judge has temporarily denied a motion that would have allowed a Mississippi county to strike down its majority-Black judicial districts.,thegrio.com,2026-08-14,Politics,Brandon Caldwell,https://thegrio.com/2026/08/14/judge-strikes-down-attempt-remove-majority-black-districts-mississippi/,,,{},0,0.0
"Jason Arday, Cambridge’s youngest-ever Black professor, found dead at 41",Former Cambridge professor Jason Arday has died at 41 days after resigning amid a plagiarism controversy. Cause of death has not been said.,thegrio.com,2026-08-14,Featured,Peter Kerich,https://thegrio.com/2026/08/14/jason-arday-cambridge-professor-found-dead-41/,,,{},0,0.0
"Brandy, Anika Noni Rose and Halle Bailey create unforgettable Black Girl Magic moment at Disney Princess concert","Brandy, Anika Noni Rose and Halle Bailey united at a Disney’s Princess concert during D23, giving Black fans a heartwarming moment.",thegrio.com,2026-08-14,Entertainment,Janeé Bolden,https://thegrio.com/2026/08/14/brandy-anika-noni-rose-halle-bailey-disney-princess-concert/,,,{},0,0.0
"Earth, Wind & Fire drummer placed in medically induced coma as family establishes GoFundMe for support","John Paris, the longtime drummer for Earth, Wind and Fire, remains in a medically induced coma days after suffering a cardiac event.",thegrio.com,2026-08-14,Entertainment,Brandon Caldwell,https://thegrio.com/2026/08/14/john-paris-earth-wind-and-fire-medically-induced-coma/,,,{},0,0.0
New report explores alleged behind-the-scenes drama surrounding ‘Children of Blood and Bone’,"A new report examines the years-long road to ""Children of Blood and Bone"" and behind-the-scenes tensions preceding Tomi Adeyemi’s comments.",thegrio.com,2026-08-14,Entertainment,Janeé Bolden,https://thegrio.com/2026/08/14/children-of-blood-and-bone-behind-the-scenes-report/,,,{},0,0.0
Democrats love Black women’s labor. They’re less committed to our progress and protection,"OPINION: From Cori Bush to Jasmine Crockett and LaMonica McIver, Black women deserve more than praise when political stakes are",thegrio.com,2026-08-14,Politics,Panama Jackson,https://thegrio.com/2026/08/14/democrats-love-black-womens-labor-theyre-less-committed-to-our-progress-and-protection/,,,{},0,0.0
Luigi Mangione pleads guilty in federal case over UnitedHealthcare CEO killing,"Luigi Mangione pleads guilty to federal stalking charges tied to Brian Thompson's killing, potentially affecting his upcoming murder trial.",thegrio.com,2026-08-14,News,Peter Kerich,https://thegrio.com/2026/08/14/luigi-mangione-pleads-guilty-unitedhealthcare-ceo-case/,,,{},0,0.0
Families raise alarm over USS Abraham Lincoln sailors’ mental health during extended deployment,Families of USS Abraham Lincoln sailors raise mental health concerns after multiple overboard incidents during Middle East Deployment,thegrio.com,2026-08-14,Featured,Odafe Oghen,https://thegrio.com/2026/08/14/uss-abraham-lincoln-sailors-mental-health/,,,{},0,0.0
Man accused of plotting racist killing in New Orleans released after grand jury declines to indict,Christopher Gillum now faces no charges after authorities said jurisdictional issues complicated the Louisiana case.,thegrio.com,2026-08-14,News,Bolarinwa Oladeji,https://thegrio.com/2026/08/14/christopher-gillum-released-new-orleans-shooting-plot/,,,{},0,0.0
Colman Domingo to receive Vantage Award at 2026 Academy Museum Gala,Colman Domingo will receive the Vantage Award at the 2026 Academy Museum Gala alongside Charlize Theron and John Carpenter.,thegrio.com,2026-08-14,Entertainment,Odafe Oghen,https://thegrio.com/2026/08/14/colman-domingo-academy-museum-honor-vantage-award/,,,{},0,0.0
Is Federal Indictment Of Former SPLC Official Trump Revenge? [Op-Ed],The Department of Justice keeps filing fraud charges against organizations and individuals whom President Trump perceives as political enemies.,newsone.com,2026-08-14,Nation,,https://newsone.com/6869242/souther-poverty-law-center-heidi-beirich-indicted/,,,{},0,0.0
"Tyga, Doja Cat’s Clash Over AI Albums Sparks Debate on What Counts as ‘Real’ Music","Tyga says AI is simply another creative tool, but Doja Cat’s criticism highlights a growing debate over authenticity in music.",theroot.com,2026-08-14,Entertainment,Phenix S Halley,https://www.theroot.com/tyga-doja-cats-clash-over-ai-albums-sparks-debate-on-w-2000121224,,,{},0,0.0
Pa. woman fired from Burger King for saying ‘Free Palestine’ is honored with mural in Gaza,"Artists in Gaza painted a mural for Arianna Hamilton, former Burger King worker reportedly fired over “Free Palestine” remark to a customer.",thegrio.com,2026-08-14,News,Peter Kerich,https://thegrio.com/2026/08/14/gaza-mural-burger-king-worker-fired-free-palestine/,,,{},0,0.0
The Flyest HBCU Dorm Room Transformations on Social Media,"As incoming college students move into their dorm rooms, gorgeous decor inspiration is popping up across social media. Here are the best room transformations we’ve seen so far.",theroot.com,2026-08-14,Culture,Mahalia Otshudy,https://www.theroot.com/the-flyest-hbcu-dorm-room-transformations-on-social-med-2000121153,,,{},0,0.0
Top Black Medical Conferences To Attend In 2026,"The 21st-century healthcare landscape is moving at breakneck speed. Between AI integration, expanded telehealth options and evolving protocols for managing chronic diseases, providers are constantly navigating fresh tools and standards. While these digital innovations offer exciting possibilities for patient care, they also demand rapid adaptation from the professionals working on the front lines. At the… Continue reading Top Black Medical Conferences To Attend In 2026",afrotech.com,2026-08-14,News,Dorian Smith-Garcia,https://afrotech.com/black-medical-conferences-2026,,,{},0,0.0
Cardi B hilariously thanks Old Navy for ‘holding me down’ after confessing she used to steal from the retailer,Cardi B called her Old Navy denim campaign a full-circle moment after admitting she used to shoplift from the retailer during high school.,thegrio.com,2026-08-14,News,Bolarinwa Oladeji,https://thegrio.com/2026/08/14/cardi-b-old-navy-campaign-shoplifting-admission/,,,{},0,0.0
Black Students Disproportionately Falsely Accused Of Using AI To Cheat,A 2024 study found that Black students were more likely to be accused of using AI to cheat than their white counterparts.,newsone.com,2026-08-14,Nation,,https://newsone.com/6869228/black-students-falsely-accused-using-ai-disproportionately/,,,{},0,0.0
"Republicans Are Using The WNBA, Caitlin Clark To Dismantle Title IX","OPINION: The most visible women’s sports league, built by Black women, is now a staging ground for unwinding the law behind its existence.",newsone.com,2026-08-14,Basketball,,https://newsone.com/6869276/republicans-using-caitlin-clark-wnba-dismantle-title-ix/,,,{},0,0.0
FDA Egg Recall: See If You’ve Been Exposed To Salmonella,"Massive egg recall due to Salmonella risk, FDA issues most serious warning, no illnesses reported yet.",newsone.com,2026-08-14,Health,,https://newsone.com/6869273/fda-salmonella-egg-recall/,,,{},0,0.0
Baby Born In Surrogate Dispute Is Now The Subject Of A Custody Battle,"McKenna West gave birth to a baby boy on Wednesday, but she was not allowed to have any contact with him She plans to fight for custody.",newsone.com,2026-08-14,Nation,,https://newsone.com/6869297/baby-surrogate-dispute-custody-battle/,,,{},0,0.0
Nolan Wells: DA Gave Family Less Than 2 Days To Turn In Phone,The legal team representing Nolan Wells’ family said they were unable to meet the deadline to turn in Nolan’s phone as they were out of town.,newsone.com,2026-08-14,Civil Rights &Amp; Social Justice,,https://newsone.com/6869316/nolan-wells-family-phone-district-attorney/,,,{},0,0.0
[Op-Ed] Trump's Plan To Sell Access To Truth Social Posts Is Corrupt,OPINION: A sitting President trying to paywall access to what is ostensibly public information should have been a nonstarter.,newsone.com,2026-08-14,Nation,,https://newsone.com/6869280/donald-trump-truth-social-lawsuit/,,,{},0,0.0
Oprah Winfrey Finally Addresses Backlash For Putting Dr. Phil and Dr. Oz in the Spotlight,"Decades later, Oprah has some thoughts about the men she helped make famous.",theroot.com,2026-08-14,Entertainment,Shanelle Genai,https://www.theroot.com/oprah-winfrey-finally-addresses-backlash-for-putting-dr-2000121130,,,{},0,0.0
Mom of 4 Goes Viral Sharing Her Surprisingly Simple Money-Saving Tips,Katia Chesnok is sharing her financial wisdom on making the most out of the money you have in viral TikToks to help transform your finances!,theroot.com,2026-08-14,Culture,Angela Wilson,https://www.theroot.com/mom-of-4-goes-viral-sharing-her-surprisingly-simple-mon-2000121158,,,{},0,0.0
What Happens After a Keith Lee Food Review?,"When Chef Kristen Ashley, the founder of Chicago’s Cleo’s Southern Cuisine, received a text from her cousin on a Monday morning, she didn’t realize her business would never be the same. A link. Keith Lee had posted his review. She had heard that he had come by, but there was no way that she could […]",ebony.com,2026-08-14,Dining,,https://www.ebony.com/what-happens-after-a-keith-lee-food-review/,,,{},0,0.0
"Happy Birthday, Halle! 7 Movies to Watch and Celebrate an Icon","Halle Berry has been that girl since she was named Miss Ohio 1986 and first runner-up in that year’s national Miss USA competition. Now, 40 years later, on August 14, the Oscar-winning star, producer, director and activist is celebrating her 60th birthday. View this post on Instagram A post shared by Halle Berry (@halleberry) It’s […]",ebony.com,2026-08-14,Entertainment,,https://www.ebony.com/halle-berry-movies-to-watch-icon/,,,{},0,0.0
"New Beauty Launches From Cécred, Giorgio Armani Beauty and More!","Another week, another reason to make a little more room on the top shelf. This week’s beauty drops are less about reinventing your entire routine and more about making the one you already have work a little harder, from smarter hydration and lash-and-brow growth to a blush that sticks around long after you wash your […]",ebony.com,2026-08-14,Beauty,,https://www.ebony.com/new-beauty-launches-from-cecred-giorgio-armani-beauty-and-more/,,,{},0,0.0
The Block is Hot: The Best Dressed Black Creatives Winding Down Summer,"Summer is winding down, but nobody seems particularly interested in dressing like it. With a few good weekends left before September arrives and Fashion Month takes over our collective consciousness, Black creatives are still outside and, more importantly, still getting dressed. This week’s best looks feel like a reminder that late-summer style doesn’t need a […]",ebony.com,2026-08-14,Fashion,,https://www.ebony.com/the-block-is-hot-the-best-dressed-black-creatives-winding-down-summer/,,,{},0,0.0
Celebrity Circuit: MVAAFF 2026: Laverne Cox & GLAAD and More,"The celebrity scene is always packed, with stars out in full force. Here’s where they walk the carpet, light up the scene, and keep the energy on an all-time high.",ebony.com,2026-08-14,Celebrity,,https://www.ebony.com/celebrity-circuit-celebrity-events-2026/,,,{},0,0.0
How NASCAR Intern Camilla Bowens-Wilkins Designed Its First-Ever Delta Sigma Theta Show Car,"A Louisiana State University student’s internship has led to a historic opportunity. Camilla Bowens-Wilkins got involved quickly when she got to LSU. From crossing into the Iota Theta Chapter of Delta Sigma Theta Sorority, Inc. in Fall 2025 to becoming a NASCAR NEXT intern a little over a year later, she continues to build on… Continue reading How NASCAR Intern Camilla Bowens-Wilkins Designed Its First-Ever Delta Sigma Theta Show Car",afrotech.com,2026-08-14,Education,Shanique Yates,https://afrotech.com/nascar-delta-sigma-theta-branded-show-car,,,{},0,0.0
"Rich Paul’s Klutch Sports Group Named One Of The Most Valuable Sports Agencies, With More Than $7B In Players Contracts Under Management","Rich Paul owns one of the most profitable sports agencies. It isn’t always about a big deal; it’s about securing the right one, Paul told Newsweek. That instinct is reflected in his sports agency, Klutch Sports Group, founded in 2012, which most recently negotiated a two-year deal with a player’s option for LeBron James. The… Continue reading Rich Paul’s Klutch Sports Group Named One Of The Most Valuable Sports Agencies, With More Than $7B In Players Contracts Under Management",afrotech.com,2026-08-14,Business,Samantha Dorisca,https://afrotech.com/rich-paul-owns-one-of-the-most-valuable-sports-agencies,,,{},0,0.0
Janae D. Green Is Giving South LA Its Flowers,"For Black Business Month, EBONY is highlighting the Black-owned businesses creating, preserving and investing in their communities. For Janae D. Green, that work happens through A Great Day in South LA, a cultural immersion tour celebrating the history, art and culture of Los Angeles’ Black communities. Founded in December 2023, the business is an extension […]",ebony.com,2026-08-14,Wealth,,https://www.ebony.com/janae-d-green-is-giving-south-la-its-flowers/,Economic Equity & Wealth Gap,economic_equity,"{""Economic Equity & Wealth Gap"": [""black business"", ""black-owned""]}",1,0.333
"New Report Reveals Black Men Aren’t Going MAGA, They’re Going Independent",A HIT Strategies study finds the problem for Democrats isn’t that Black men are becoming MAGA. It’s that they’re becoming less willing to vote blue.,theroot.com,2026-08-14,Politics,Phenix S Halley,https://www.theroot.com/new-report-reveals-black-men-arent-going-maga-theyre-g-2000121163,,,{},0,0.0
Serena Ventures Trademark Registration Denied By Trademark Trial And Appeal Board,"Serena Williams’ venture capital firm has hit a dead end in its attempt to trademark its name. Serena Ventures is the venture capital firm of the tennis star. She serves as managing partner while Beth Ferreira serves as general partner. The firm has invested in 16 unicorn companies since its inception, and its portfolio includes… Continue reading Serena Ventures Trademark Registration Denied By Trademark Trial And Appeal Board",afrotech.com,2026-08-14,Venture Capital,Samantha Dorisca,https://afrotech.com/serena-ventures-denied-by-trademark-trial-and-appeal-board,,,{},0,0.0
Angela Bassett returns as ‘American Horror Story’ unveils Season 13 first look,"Angela Bassett returns as Marie Laveau in ‘American Horror Story’ Season 13, joining the cast for a major reunion.",thegrio.com,2026-08-14,Entertainment,Peter Kerich,https://thegrio.com/2026/08/14/angela-bassett-american-horror-story-season-13/,,,{},0,0.0
"Through Barnes Foundation and Blackstar Fest, Philadelphia Exhibits Dreams of Black Life","In the year of the American semiquincentennial, Philadelphia situates itself as an origin site, lending itself to the national imagination through the arts spaces that define the city. In this context, there was a kindredness in encountering the Barnes Foundation’s Freedom Dreams the same weekend as the fifteenth BlackStar Film Festival, comprising four days devoted […]",ebony.com,2026-08-14,Culture,,https://www.ebony.com/barnes-foundation-blackstar-fest-philadelphia-exhibits-dreams-of-black-life/,,,{},0,0.0
ESPN’s Pat McAfee Dragged After Sharing Photos With Donald Trump,"Ex-NFL star McAfee faces backlash for photo op with Trump at controversial MAGA event, sparking debate on politics in sports.",newsone.com,2026-08-13,Politics,,https://newsone.com/6869080/pat-mcafee-donald-trump-photo-reactions/,,,{},0,0.0
‘All we want to know is what happened’: Nolan Wells’ parents address journalists at NABJ convention,Nolan Wells' parents appeared at the National Association for Black Journalists convention to say they are seeking answers about his death.,thegrio.com,2026-08-13,News,Nhari Djan,https://thegrio.com/2026/08/13/all-we-want-to-know-is-what-happened-nolan-wells-parents-address-journalists-at-nabj-convention/,,,{},0,0.0
Jasmine Crockett commends AOC for being ‘open and vulnerable’ about egg freezing journey,Texas Representative Jasmine Crockett posted online in support of Rep. Alexandria Ocasio-Cortez sharing her fertility journey.,thegrio.com,2026-08-13,Politics,Nhari Djan,https://thegrio.com/2026/08/13/jasmine-crockett-commends-aoc-for-being-open-and-vulnerable-about-egg-freezing-journey/,,,{},0,0.0
America’s literacy crisis didn’t happen overnight. This veteran educator says everyone shares responsibility,"Veteran educator and scholarship strategist Lavenre Mickesn, also known as the Scholarship Mama, opens up about the literacy crisis.",thegrio.com,2026-08-13,Lifestyle,Kay Wicker,https://thegrio.com/2026/08/13/americas-reading-crisis-isnt-just-about-teachers-or-parents/,,,{},0,0.0
‘All That’ star Christy Knowings dies at 46 after reported asthma attack,"Christy Knowings, the former All That star, has died at 46 after a reported asthma attack. Kenan Thompson and fans are paying tribute.",thegrio.com,2026-08-13,Entertainment,Janeé Bolden,https://thegrio.com/2026/08/13/all-that-christy-knowings-dies-46/,,,{},0,0.0
Lionel Richie reminds Chris Brown and Usher who did the blockbuster R&B tour first,"Lionel Richie questioned the historic framing around Chris Brown and Usher's R&B Tour during his own show, adding a pointed line about",thegrio.com,2026-08-13,Entertainment,Bolarinwa Oladeji,https://thegrio.com/2026/08/13/lionel-richie-comments-rb-tour-chris-brown/,,,{},0,0.0
A destination wedding prompts questions in Tyler Perry’s ‘Why Did I Get Married Again?’ trailer,"The trailer for ""Why Did I Get Married Again,"" which will be released on Netflix, dropped on Thursday (Aug. 13).",thegrio.com,2026-08-13,Entertainment,Nhari Djan,https://thegrio.com/2026/08/13/a-destination-wedding-prompts-questions-in-tyler-perrys-why-did-i-get-married-again-trailer/,,,{},0,0.0
Woman Captures Moment ICE Agent Points A Gun In Her Face [Op-Ed],"What happened in Virginia before the camera began rolling is unclear, but what is clear is an agent threatening a civilian with a gun in her face when there is clearly no current threat posed to him.",newsone.com,2026-08-13,Civil Rights &Amp; Social Justice,,https://newsone.com/6869188/carolina-molina-ice-agent-points-gun/,Policing & Public Safety,policing,"{""Policing & Public Safety"": [""ice agent""]}",1,0.333
A White Man Gets Away With Plotting To Kill Black People [Op-Ed],"Christopher Gillum, who reportedly planned to carry out a mass shooting at the New Orleans Jazz Festival this year, was arrested in April.",newsone.com,2026-08-13,Crime,,https://newsone.com/6869166/christopner-gillum-mass-shooting-plot-black-people/,,,{},0,0.0
10 Black Books By Black Authors To Add To Your August Reading List,"Whether you’re an avid reader, someone who reads sometimes, or someone who can read but knows they should be reading more and would like to support Black authors and their work, it’s time to lock in.",newsone.com,2026-08-13,Books,,https://newsone.com/6868730/black-books-black-authors-august-reading-list/,,,{},0,0.0
Crying On TikTok Won’t Solve America’s Literacy Crisis [Op-Ed],Let’s not pretend that America’s literacy crisis began with this generation of teenagers when it has been documented for more than 50 years.,newsone.com,2026-08-13,Education,,https://newsone.com/6869149/america-literacy-crisis-well-documented/,,,{},0,0.0
TikTok star Damon Darling urges fans not to boycott Walmart after lifetime ban: ‘I love Walmart still’,"Damon Darling is asking fans not to boycott Walmart after his lifetime ban, saying he still loves the retailer and hopes to repair the relationship.",thegrio.com,2026-08-13,News,Janeé Bolden,https://thegrio.com/2026/08/13/damon-darling-no-walmart-boycott-lifetime-ban/,,,{},0,0.0
Master P says he gets backlash over Jay-Z’s Target deal but ‘you can’t please everybody’,Master P defends Jay-Z over his Target partnership while saying corporations must also be held accountable to Black consumers.,thegrio.com,2026-08-13,Entertainment,Odafe Oghen,https://thegrio.com/2026/08/13/master-p-defends-jay-z-target-partnership/,,,{},0,0.0
"Old Money, New Money: 12 Black Businesses Proving Ownership Never Goes Out of Style","When most people picture Black entrepreneurship, their minds go to the same handful of places, usually a salon, a restaurant, or a clothing line. And to be clear, there is nothing wrong with any of that. Black creativity has been shaping those spaces for generations, often without getting the credit or the capital that came […]",ebony.com,2026-08-13,Wealth,,https://www.ebony.com/old-money-new-money-12-black-businesses-proving-ownership-never-goes-out-of-style/,,,{},0,0.0
Anyone Can Be a Hottie: 5 Life Gems From Megan Thee Stallion on the ‘IMO’ Podcast,"What better way to improve your life than having a seat at the table with the Robinson siblings? It’s like having access to the cool aunt and uncle at the family function. And when Megan Thee Stallion sat down with them for the latest IMO with Michelle Obama and Craig Robinson, it was a gathering […]",ebony.com,2026-08-13,Entertainment,,https://www.ebony.com/5-life-lessons-megan-thee-stallion-imo-podcast/,,,{},0,0.0
"The State of US: David Crowley Primary Win, Childhood Vaccine Overhaul, Alabama Congressional Race","David Crowley Wins Wisconsin Gubernatorial Primary Milwaukee County Executive David Crowley won Wisconsin’s Democratic gubernatorial primary Tuesday, edging out state Assemblymember Francesca Hong by a narrow margin, with about 39% of the vote and roughly 1,200 votes over Hong. A win in November would make Crowley Wisconsin’s first Black governor. Deep Dive: Crowley, a moderate […]",ebony.com,2026-08-13,News &Amp; Politics,,https://www.ebony.com/the-state-of-us-david-crowley-primary-win-childhood-vaccine-overhaul-alabama-congressional-race/,,,{},0,0.0
Marcus Samuelsson is Redefining Black Culinary Legacy and Upward Mobility,"From the beginning, Marcus Samuelsson’s mission has been bigger than opening restaurants, but instead about changing who gets seen and credited in hospitality. “When I started, one of the goals for me was to really convert it, change from people of color being anonymous labor in this industry to visible laborers and chefs and titles, […]",ebony.com,2026-08-13,Dining,,https://www.ebony.com/marcus-samuelsson-black-culinary-legacy/,,,{},0,0.0
The T.D. Jakes Foundation Has $1.5 Million to Give to Other Nonprofits Helping to Change the World,"T.D. Jakes wants to change the world, one nonprofit at a time. The T.D. Jakes Foundation, an organization that aims to bridge the gap in underserved and underrepresented communities by driving economic mobility, educational access, and workforce readiness, has revamped its T7 Summit and will put significant funding behind nonprofits working in several sectors. And […]",ebony.com,2026-08-13,Culture,,https://www.ebony.com/td-jakes-foundation-1-5-million-social-grant-challenge/,Economic Equity & Wealth Gap,economic_equity,"{""Economic Equity & Wealth Gap"": [""economic mobility""]}",1,0.333
Surrogate Gives Birth To Baby Biological Parents Wanted Aborted,"McKenna West was matched up with Nausheen Gilkar and Omar Ahmed, a couple from Los Angeles, and became pregnant with their child in December.",newsone.com,2026-08-13,Nation,,https://newsone.com/6869037/mckenna-west-surrogate-baby-texas-legal-battle/,,,{},0,0.0
‘Why Did I Get Married Again?’ First Look Exclusive: Taraji P. Henson’s Mystery Man and More,"Looks like Taraji P. Henson isn’t alone in Why Did I Get Married Again, the third installment in Tyler Perry’s comedic drama film series about relationships among a long-time group of friends. In these first-look photos — exclusively here first on EBONY — Henson sits alongside actor Derrick A. King, who plays Nick, and the […]",ebony.com,2026-08-13,Entertainment,,https://www.ebony.com/why-did-i-get-married-again-first-look-exclusive-taraji-p-henson-mystery-man-more/,,,{},0,0.0
Anti-DEI Trump Admin Is Hiring Video Gamers As Air Traffic Controllers,Transportation Secretary Sean Duffy announced that his office has taken a huge step towards solving the nation’s air traffic controller shortfall problem by recruiting video gamers to do the job.,newsone.com,2026-08-13,Nation,,https://newsone.com/6868990/video-game-players-air-traffic-controllers/,Book Bans & Anti-DEI,book_bans_dei,"{""Book Bans & Anti-DEI"": [""dei"", ""anti-dei""]}",1,0.333
BlackDoctor’s New Era: Building A Healthier Legacy For Black America,"BlackDoctor aims to improve Black health through tech, community, and culturally competent care to address disparities and empower patients.",newsone.com,2026-08-13,Health,,https://newsone.com/6869095/blackdoctor-akinwole-garrett-interview/,,,{},0,0.0
Surrogate McKenna West gives birth as questions over the baby’s care remain unsettled,"McKenna West, the surrogate who declined to terminate her pregnancy, has given birth in the Dallas area as a multistate legal dispute over",thegrio.com,2026-08-13,News,Bolarinwa Oladeji,https://thegrio.com/2026/08/13/mckenna-west-surrogate-gives-birth-gabriel-dallas/,,,{},0,0.0
The Trump Adminstration unveils plans to dramatically overhaul Head Start,"For over 60 years, the Head Start program has been serving low-income families with far more than quality education.",thegrio.com,2026-08-13,Lifestyle,Kay Wicker,https://thegrio.com/2026/08/13/the-trump-adminstration-unveils-plans-to-dramatically-overhaul-head-start/,,,{},0,0.0
These Are the Can’t-Miss Festivals For Your Inner Foodie,"Does your camera eat first? Do you have a growing list of favorite restaurants organized by city? Are you the friend everyone texts when they need the perfect brunch spot, date-night destination, or hidden gem? Are your streaming app libraries loaded with culinary documentaries and competition series? If you answered yes, chances are you’re a […]",ebony.com,2026-08-13,Dining,,https://www.ebony.com/these-are-the-cant-miss-festivals-for-your-inner-foodie/,,,{},0,0.0
"Diddy accuses sexual assault accuser, Rodney Jones, of stealing footage used in Netflix documentary",Diddy countersuit alleges Rodney Jones stole documentary footage and sold it to Netflix and 50 Cent for Sean Combs: The Reckoning.,thegrio.com,2026-08-13,Entertainment,Odafe Oghen,https://thegrio.com/2026/08/13/diddy-countersuit-rodney-jones-netflix-footage/,,,{},0,0.0
The Deadly Fungal Infection Candida Auris Is On The Rise – Are You At Risk?,Candida auris is making headlines as a serious health threat. Blavity Health is breaking down the facts on this fungal outbreak.,blavity.com,2026-08-13,Conditions &Amp; Care,"Dr. Diana Rangaves, PharmD",https://blavity.com/deadly-fungus-outbreak,,,{},0,0.0
Davido calls on President Trump to pay attention to Nigeria’s Osun State election,Davido is urging the U.S. president and international community to help ensure voters can cast their ballots without fear or intimidation.,thegrio.com,2026-08-13,Entertainment,Bolarinwa Oladeji,https://thegrio.com/2026/08/13/davido-trump-osun-election-efcc-account-freeze/,,,{},0,0.0
"Dr. Cynthia Smith Is Behind An Accredited K-12 Tuition-Free Private STEM School In Jacksonville, FL","Dr. Cynthia Smith wants to ensure the youth on the East Side of Jacksonville, FL, have no limitations in their career pursuits. Smith grew up in the area and has always valued education. In fact, she holds a bachelor’s, master’s, and doctoral degree and has remained a lifelong educator, working for the public school system for… Continue reading Dr. Cynthia Smith Is Behind An Accredited K-12 Tuition-Free Private STEM School In Jacksonville, FL",afrotech.com,2026-08-13,Education,Samantha Dorisca,https://afrotech.com/dr-cynthia-smith-is-behind-an-accredited-k-12-tuition-free-private-stem-school-in-jacksonville-fl,,,{},0,0.0
"‘Keep Congresswoman Crockett’s Name Out Of Your Mouth,’ Talarico Tells Supporters As He Courts Skeptical Black Voters","James Talarico is in the middle of a tough campaign to replace a long-time GOP senator in Texas, and he is attempting to boost his support among Black voters who are crucial for Democrats’ chance of success. This outreach has currently put Talarico in the awkward position of defending his recent primary opponent from attacks… Continue reading ‘Keep Congresswoman Crockett’s Name Out Of Your Mouth,’ Talarico Tells Supporters As He Courts Skeptical Black Voters",blavity.com,2026-08-13,Politics,Christopher Rhodes,https://blavity.com/james-talarico-supporters-jasmine-crockett-skeptical-black-voters,,,{},0,0.0
Logan Ryan Made Nearly $80M While In NFL And ‘Never Spent A Dollar’ Of It — Here’s What He Did Instead,"Building generational wealth was a priority for Logan Ryan when he entered the NFL. Ryan was drafted in 2013, ESPN reports. He retired after playing 11 seasons with teams including the New England Patriots, Tennessee Titans, New York Giants, Tampa Bay Buccaneers, and San Francisco 49ers, with a track record of 19 interceptions, 98 passes… Continue reading Logan Ryan Made Nearly $80M While In NFL And ‘Never Spent A Dollar’ Of It — Here’s What He Did Instead",afrotech.com,2026-08-13,Business,Samantha Dorisca,https://afrotech.com/logan-ryan-made-nearly-80m-while-in-nfl-and-never-spent-a-dollar-of-it-heres-what-he-did-instead,Economic Equity & Wealth Gap,economic_equity,"{""Economic Equity & Wealth Gap"": [""generational wealth""]}",1,0.333
Ja Rule Says Irv Gotti Gave Him A Chance To Be Part Of A Joint Venture In Murder Inc. But Confirms He Was Never Signed To The Label,"Ja Rule is frequently associated with Murder Inc. Records, but he was never actually signed to the label. Murder Inc., also called The Inc. Recordings per Billboard, is a Hip-Hop label that was founded in 1998 by the late Irv Gotti under the Def Jam Recordings imprint where he had previously worked. Some sources list… Continue reading Ja Rule Says Irv Gotti Gave Him A Chance To Be Part Of A Joint Venture In Murder Inc. But Confirms He Was Never Signed To The Label",afrotech.com,2026-08-13,Business,Samantha Dorisca,https://afrotech.com/ja-rule-was-a-silent-partner-in-murder-inc,,,{},0,0.0
Tyga Admits AI Was Used For His Latest Album — ‘I Always Felt Like It’s Similar To A Magician Explaining How He Does His Tricks’,"Debate and controversy surrounding AI-generated music continue to shake up the industry, with rapper Tyga among the latest artists to confirm using the technology to create his latest album, “$TARFACE.” Tyga released the ’80s-inspired album on July 31, 2026. In an interview with VIBE on Aug. 6, he confirmed that AI was used in the… Continue reading Tyga Admits AI Was Used For His Latest Album — ‘I Always Felt Like It’s Similar To A Magician Explaining How He Does His Tricks’",afrotech.com,2026-08-13,Music,ShaCamree Gowdy,https://afrotech.com/rapper-tyga-ai-album-music,,,{},0,0.0
Top Black AI Conferences To Attend In 2026,"AI is at the forefront of virtually every industry and career path. These days, recruiters, department heads and leadership are no longer asking if AI is useful for employees but instead asking how well-versed their workforce is in using the technology. One of the best ways to build a knowledge base and improve your career… Continue reading Top Black AI Conferences To Attend In 2026",afrotech.com,2026-08-13,Career,Dorian Smith-Garcia,https://afrotech.com/black-ai-conferences-2026,,,{},0,0.0
How To Lead A Black ERG That Actually Works,"To lead a Black ERG that lasts, you need structure, not just passion. The stakes are high. Black workers made up just 7.4% of the high-tech workforce in 2022, according to the EEOC. Yet they were 11.6% of the overall U.S. labor force. That gap is exactly why your group exists: it gives Black employees… Continue reading How To Lead A Black ERG That Actually Works",afrotech.com,2026-08-13,Career,Tyler-Christian Daniels,https://afrotech.com/how-to-lead-a-black-erg,,,{},0,0.0
All of the Black Celebrities Spotted on Martha’s Vineyard,Black celebrities have been flocking to Martha’s Vineyard to catch all the excitement at the African American Film Festival. Here are some of the stars we’ve spotted.,theroot.com,2026-08-13,Entertainment,Mahalia Otshudy,https://www.theroot.com/all-of-the-black-celebrities-spotted-on-marthas-vineyar-2000120925,,,{},0,0.0
Michelle Obama Just Gave Megan Thee Stallion the Ultimate Cosign,It’s official! Megan Thee Stallion has just earned Michelle Obama’s stamp of approval and it’s just too good not to share!,theroot.com,2026-08-13,Entertainment,Shanelle Genai,https://www.theroot.com/michelle-obama-just-gave-megan-thee-stallion-the-ultima-2000120922,,,{},0,0.0
Black New Yorkers Are Embracing Mamdani – and the Numbers Are Hard to Ignore,"A new poll shows Black New Yorkers increasingly embracing Mamdani as his administration focuses on affordability, housing, education and economic stability.",theroot.com,2026-08-13,Culture,Phenix S Halley,https://www.theroot.com/black-new-yorkers-are-embracing-mamdani-and-the-numbe-2000120942,,,{},0,0.0
Black Folks Built Wealthy Neighborhoods Across America—Where Are They Now?,"We’re tracing the history of Black wealth, the communities that built it and the forces that reshaped—or displaced them.",theroot.com,2026-08-13,Business,Asheea Smith,https://www.theroot.com/black-folks-built-wealthy-neighborhoods-across-america-2000120970,Economic Equity & Wealth Gap,economic_equity,"{""Economic Equity & Wealth Gap"": [""black wealth""]}",1,0.333
How Kickstarter’s First Black CEO Is Opening Doors For Black Creators,Kickstarter’s Everette Taylor is leading the launch of the Culture Fund—a $1 million initiative established to help diverse creators and founders reach their goals.,theroot.com,2026-08-13,News,Rashad Grove,https://www.theroot.com/how-kickstarter-s-first-black-ceo-is-opening-doors-for-2000120984,,,{},0,0.0
A Black Surrogate Fights For Bodily Autonomy in High-Stakes Legal Battle,"A Texas surrogacy fight is raising questions about bodily autonomy, parental rights, abortion and how far contracts can control pregnancy.",theroot.com,2026-08-13,Black Maternal Healthcare,Phenix S Halley,https://www.theroot.com/a-black-surrogate-fights-for-bodily-autonomy-in-high-st-2000120819,Maternal Health,maternal_health,"{""Maternal Health"": [""black maternal""]}",1,0.333
This Mom’s Kids Spend 4 Hours a Day Reading and Exercising. Folks Say She’s Doing the Most!,"In a viral clip, a Black mom is getting dragged online for her kids’ summer regimen—but not everyone sees an issue with it and have come to her defense!",theroot.com,2026-08-13,Culture,Shanelle Genai,https://www.theroot.com/this-mom-s-kids-spend-4-hours-a-day-reading-and-exercis-2000120967,,,{},0,0.0
How a Racist Spotter Cost a Black Powerlifter the World Title,"After a volunteer spotter confessed he sabotaged Sonita Muluh from winning the powerlifting championships in June, authorities have now stepped in.",theroot.com,2026-08-13,News,Angela Wilson,https://www.theroot.com/how-a-racist-spotter-cost-a-black-powerlifter-the-world-2000120952,,,{},0,0.0
Nolan Wells’ Parents Tell Black Journalists They Are Still Fighting to Learn the Truth About Their Son’s Death,"During a panel at the National Association of Black Journalists’ convention, Nolan Wells’ parents declared that too much about their son’s death still doesn’t add up.",theroot.com,2026-08-13,Culture,Phenix S Halley,https://www.theroot.com/nolan-wells-parents-tell-black-journalists-they-are-st-2000120960,,,{},0,0.0
Why Zoe Saldaña Is Calling Out Hollywood’s Political Double Standard,The “Lioness” star is keeping it real about why the burden of answering for Hollywood’s social and political issues so often falls on marginalized stars.,theroot.com,2026-08-13,Entertainment,Shanelle Genai,https://www.theroot.com/why-zoe-salda-a-is-calling-out-hollywood-s-political-do-2000121025,,,{},0,0.0
From HBCU to CEO: Black Entrepreneurs Who Have Built Successful Businesses,"For Black Business Month, we’re spotlighting HBCU graduates who turned big ideas into thriving businesses, influential brands and lasting legacies.",theroot.com,2026-08-13,Black Business,Phenix S Halley,https://www.theroot.com/from-hbcu-to-ceo-black-entrepreneurs-who-have-built-su-2000121076,Economic Equity & Wealth Gap,economic_equity,"{""Economic Equity & Wealth Gap"": [""black business""]}",1,0.333
The 5 Most Shocking Things Paris Jackson Revealed About Her Childhood With Michael Jackson,Paris Jackson is getting transparent about growing up as the daughter of her famous father Michael in a new interview. Here’s what she had to say!,theroot.com,2026-08-13,Entertainment,Shanelle Genai,https://www.theroot.com/the-5-most-shocking-things-paris-jackson-revealed-about-2000121080,,,{},0,0.0
Ms. Lauryn Hill and Erykah Badu share first-ever joint portrait celebrating Black creativity,"Lauryn Hill and Erykah Badu make history with first joint portrait for Outlander Magazine, celebrating Black music, fashion and creativity.",thegrio.com,2026-08-13,Entertainment,Peter Kerich,https://thegrio.com/2026/08/13/lauryn-hill-erykah-badu-first-joint-portrait/,,,{},0,0.0
There Are No Sports Fans Like Black Women. Why Aren’t Brands Acknowledging That?,"This year’s WNBA All-Star Weekend saw record-breaking numbers with nearly 20,000 attendees. Jordan Wood’s iconic orange purse became a part of the New York Knicks’ historic NBA Championship win. And fashionistas brought style and team spirit effortlessly with their FIFA World Cup fits this summer. Women are having one hell of a moment in sports. […]",ebony.com,2026-08-13,Culture,,https://www.ebony.com/no-sports-fans-like-black-women-why-arent-brands-acknowledging/,,,{},0,0.0
"Ray J celebrates 10th anniversary with Princess Love, says ‘I don’t wanna get a divorce’",Ray J honored Princess Love on their 10th wedding anniversary with a post saying he still doesn’t want a divorce despite ups and downs.,thegrio.com,2026-08-13,Entertainment,Janeé Bolden,https://thegrio.com/2026/08/13/ray-j-princess-love-10th-anniversary-divorce-post/,,,{},0,0.0
"Amid Legal Fight, Surrogate Gives Birth After Refusing Couple’s Request To Abort Fetus With Heart Defect","An unusual legal case involving surrogacy, reproductive rights and medical care is currently playing out across several states. At issue are the medical question of what to do for a baby with a congenital heart defect and the legal question of who gets to make decisions concerning a surrogate pregnancy. Ultimately, the surrogate won the… Continue reading Amid Legal Fight, Surrogate Gives Birth After Refusing Couple’s Request To Abort Fetus With Heart Defect",blavity.com,2026-08-13,News,Christopher Rhodes,https://blavity.com/surrogate-gives-birth-after-refusing-couples-request-to-abort-fetus-heart-defect,,,{},0,0.0
Massachusetts father dies after rescuing sons caught in Martha’s Vineyard riptide,Kevin Foster died after entering a Martha’s Vineyard riptide to help his sons and other swimmers. His family remembers a devoted father.,thegrio.com,2026-08-13,News,Peter Kerich,https://thegrio.com/2026/08/13/kevin-foster-dies-saving-swimmers-marthas-vineyard-riptide/,,,{},0,0.0
‘Love Island USA’s’ Trinity Tatum shuts down rumor she was escorted out of reunion taping,Love Island USA winner Trinity Tatum is denying rumors that she was escorted out of the Season 8 reunion after speculation spread online.,thegrio.com,2026-08-13,Entertainment,Janeé Bolden,https://thegrio.com/2026/08/13/love-island-usa-trinity-tatum-reunion-rumor/,,,{},0,0.0
7-year-old Virginia boy receives lifesaving award after helping mother during medical emergency,A 7-year-old Virginia boy is honored after calmly calling 911 and helping his mother during a seizure at home.,thegrio.com,2026-08-13,News,Peter Kerich,https://thegrio.com/2026/08/13/7-year-old-boy-saves-mom-calling-911/,,,{},0,0.0
Maryland professor detained by ICE in Texas after winning ‘Teacher of the Year’ award,Berhanu Kibret was detained at an airport in Texas while traveling to the state for a conference where he received the honor.,thegrio.com,2026-08-13,Lifestyle,Kay Wicker,https://thegrio.com/2026/08/13/maryland-professor-detained-by-ice-in-texas-after-winning-teacher-of-the-year-award/,,,{},0,0.0
Former Miss North Carolina USA says she is ‘not sorry’ for using racial slur,Brittany Boltinhouse is defending her comments after losing her title over conduct that officials said violated pageant standards.,thegrio.com,2026-08-13,Entertainment,Odafe Oghen,https://thegrio.com/2026/08/13/brittany-boltinhouse-n-word-not-sorry/,,,{},0,0.0
Wendell Smallwood Jr. granted early prison release to be with 8-year-old daughter battling cancer,"Smallwood Jr. is set for early release so he can be with his 8-year-old daughter, Mila, who is dying of cancer.",thegrio.com,2026-08-13,News,Bolarinwa Oladeji,https://thegrio.com/2026/08/13/wendell-smallwood-early-release-daughter-cancer/,,,{},0,0.0
WNBA responds to scrutiny over transgender athletes and women’s basketball,Officials say the league’s policies remain focused on inclusion while addressing concerns from players and teams.,thegrio.com,2026-08-13,Entertainment,Odafe Oghen,https://thegrio.com/2026/08/13/wnba-transgender-debate-eligibility-policy/,,,{},0,0.0
ICE Plans To Spend Up To $20 Million On Electric Shock Gloves For Agents,"In a development that sounds like something from a science fiction story, U.S. immigration enforcement agents may soon be armed with electric shock gloves. The multi-million dollar plan is setting off alarm bells, with skeptics worried that agents will misuse the technology as they carry out the Trump administration’s harsh immigration crackdowns. ICE spending $10… Continue reading ICE Plans To Spend Up To $20 Million On Electric Shock Gloves For Agents",blavity.com,2026-08-13,Politics,Christopher Rhodes,https://blavity.com/ice-plans-to-spend-up-to-20-million-on-electric-shock-gloves-for-agents,Policing & Public Safety,policing,"{""Policing & Public Safety"": [""immigration enforcement""]}",1,0.333
"Trump Secretly Swapped Planes In Turkey Amid Iran Threat, Leaving Staff And Reporters Behind","An unusual story is unfolding of a plane switcheroo that may have unknowingly left reporters and members of President Trump’s own administration in danger. The president is downplaying his role in the subterfuge, which saw him secretly switching planes during a trip abroad amid threats of an assassination attempt, all while leaving the people meant… Continue reading Trump Secretly Swapped Planes In Turkey Amid Iran Threat, Leaving Staff And Reporters Behind",blavity.com,2026-08-13,Politics,Christopher Rhodes,https://blavity.com/trump-swapped-planes-in-turkey-amid-iran-threat,,,{},0,0.0
Jayden Daniels pushes back after LSU gives his No. 5 jersey to another player,The Heisman Trophy winner’s representative says the number represents a significant part of his LSU legacy.,thegrio.com,2026-08-13,Entertainment,Peter Kerich,https://thegrio.com/2026/08/13/jayden-daniels-lsu-no-5-jersey-cease-and-desist/,,,{},0,0.0
"Oprah Winfrey defends her past support of Dr. Phil and Dr. Oz, says paths have ‘not one thing to do with me’","Oprah Winfrey is distancing herself from Dr. Phil and Dr. Oz, saying their careers and political views have nothing to do with her.",thegrio.com,2026-08-13,News,Bolarinwa Oladeji,https://thegrio.com/2026/08/13/oprah-winfrey-dr-phil-dr-oz-criticism-response/,,,{},0,0.0
‘Not against these cupcakes’: Shaq explains why he doesn’t miss playing in the NBA,Former NBA MVP Shaquille O'Neal reignited debate over how his dominant style would translate to the modern league.,thegrio.com,2026-08-13,Entertainment,Odafe Oghen,https://thegrio.com/2026/08/13/shaq-calls-nba-players-cupcakes-modern-nba/,,,{},0,0.0
"Aug. 11 Primaries: Mixed Results For Wisconsin, Minnesota Progressives","Wisconsin Lt. Gov. David Crowley won an upset victory over progressive Francesca Hong, who was favored to win the Democratic nomination for governor.",newsone.com,2026-08-12,Nation,,https://newsone.com/6869005/wisconsin-minnesota-primaries-progressives-aug-11/,,,{},0,0.0
White House Press Secretary Karoline Leavitt Announces Her Resignation,OPINION: There has to be at least some part of her that is relieved she won’t have to spend her days wiping Trump’s butt with her ever-dwindling integrity.,newsone.com,2026-08-12,Nation,,https://newsone.com/6869045/karoline-leavitt-resigns-white-house-press-secretary/,,,{},0,0.0
Arkansas Trooper Slams And Punches Black Teen Over Her 'Attitude',"Alisa Hackett, 18, was pulled over for speeding on State Highway 18 by state trooper Moisses Arellano, who said he clocked her driving 71 mph in a 60-mph zone with the vehicle’s hazard lights on.",newsone.com,2026-08-12,Civil Rights &Amp; Social Justice,,https://newsone.com/6869019/arkansas-state-trooper-moisses-arellano-alisa-hackett/,,,{},0,0.0
Megan Thee Stallion opens up to Michelle Obama about the emotional toll of fame: ‘I’m tired of people talking about me’,"Appearing on Michelle Obama's IMO Podcast, Megan Thee Stallion reflects on boundaries, embracing emotions and prioritizing her mental health.",thegrio.com,2026-08-12,Featured,Haniyah P.,https://thegrio.com/2026/08/12/megan-thee-stallion-michelle-obama-emotional-toll-fame/,,,{},0,0.0
"David Crowley wins Wisconsin Democratic primary, putting state’s first Black governor within reach","After briefly suspending his campaign, Crowley returned to defeat Francesca Hong in a closely watched race.",thegrio.com,2026-08-12,Politics,Gerren Keith Gaynor,https://thegrio.com/2026/08/12/david-crowley-wins-wisconsin-democratic-primary-putting-states-first-black-governor-within-reach/,,,{},0,0.0
Zoe Saldaña calls out the double standard actors of color face in Hollywood,Zoe Saldaña says political questions in Hollywood are too often directed at women and actors of color instead of industry gatekeepers.,thegrio.com,2026-08-12,Entertainment,Odafe Oghen,https://thegrio.com/2026/08/12/political-questions-in-hollywood-zoe-saldana/,,,{},0,0.0
Shamea Morton challenges Francesca Amiker after she says Morton ‘needs to get off’ ‘RHOA’,Morton says she won’t surrender a platform that allows her to showcase her life and discuss issues that matter.,thegrio.com,2026-08-12,Entertainment,Bolarinwa Oladeji,https://thegrio.com/2026/08/12/shamea-morton-francesca-amiker-rhoa-response/,,,{},0,0.0
Oprah Winfrey and Stedman Graham step out together for first time in nearly seven years,The longtime couple celebrated the 40th anniversary of “The Oprah Winfrey Show” with friends and family in Chicago.,thegrio.com,2026-08-12,Featured,Peter Kerich,https://thegrio.com/2026/08/12/oprah-winfrey-stedman-graham-rare-public-appearance/,,,{},0,0.0
Rep. Lauren Boebert's Son Charged With Sexual Exploitation Of A Child,Tyler Boebert was taken into custody and charged with three counts of sexual exploitation of a child and two counts of contributing to the delinquency of a minor.,newsone.com,2026-08-12,Crime,,https://newsone.com/6868911/lauren-boebert-son-tyler-boebert-child-sexual-exploitation/,,,{},0,0.0
Homeland Security Spending Millions On Electric Gloves For ICE,Homeland Security’s purchase has alarmed several civil rights groups given ICE’s extensive recent history of questionable use-of-force incidents.,newsone.com,2026-08-12,Nation,,https://newsone.com/6869025/dhs-ice-electronic-gloves/,Policing & Public Safety,policing,"{""Policing & Public Safety"": [""use of force"", ""homeland security""]}",1,0.333
"Massachusetts eliminates 24-week abortion limit, becoming 10th state without a gestational cutoff",Gov. Maura Healey says the new law will allow patients facing serious pregnancy complications to receive care closer to home.,thegrio.com,2026-08-12,Featured,Peter Kerich,https://thegrio.com/2026/08/12/massachusetts-eliminates-24-week-abortion-limit-becoming-10th-state-without-a-gestational-cutoff/,,,{},0,0.0
"Coco Jones and Donovan Mitchell are honeymooning on a yacht, but their workout stole the show","The newlyweds shared a scenic workout just days after tying the knot, and viewers quickly noticed one curious detail.",thegrio.com,2026-08-12,News,Bolarinwa Oladeji,https://thegrio.com/2026/08/12/donovan-mitchell-coco-jones-honeymoon-yacht-workout/,,,{},0,0.0
Trump Ordered to Release Billions in Climate Grants Meant for Black Communities,"From the water crisis in Jackson, Mississippi, to sewage problems in Alabama, stalled projects could get new life after federal court rulings.",capitalbnews.org,2026-08-12,,Adam Mahoney,https://capitalbnews.org/environmental-justice-grants-rulings/,,,{},0,0.0
Nolan Wells: 'Friends' Run To Black Conservative Brandon Tatum [Op-Ed],Brandon Tatum is a Black man who has made his entire platform about protecting whiteness at the expense of pro-Black causes.,newsone.com,2026-08-12,Civil Rights &Amp; Social Justice,,https://newsone.com/6868927/nolan-wells-friends-brandon-tatum-show/,,,{},0,0.0
NBA YoungBoy says he kept touring after doctor told him one side of his heart was swollen,The 26-year-old rapper says the issue persists as he considers stepping away from music after one or two more albums.,thegrio.com,2026-08-12,Entertainment,Odafe Oghen,https://thegrio.com/2026/08/12/nba-youngboy-heart-health-enlarged-heart-tour/,,,{},0,0.0
‘My papi chulo’: Rocsi Diaz dotes on beau Anthony Anderson as he guest hosts ‘Kimmel’,"In honor of him guest hosting 'Jimmy Kimmel Live,' Rocsi Diaz showed public love to Anthony Anderson, calling him her 'papi chulo.'",thegrio.com,2026-08-12,Entertainment,Brandon Caldwell,https://thegrio.com/2026/08/12/rocsi-diaz-anthony-anderson-relationship-jimmy-kimmel-live/,,,{},0,0.0
"Surrogate, intended parents clash over care for unborn baby with serious heart condition",A Tx judge has ordered that the child receive potentially life-saving treatment after birth as a legal battle unfolds over who has authority.,thegrio.com,2026-08-12,News,Bolarinwa Oladeji,https://thegrio.com/2026/08/12/surrogate-mckenna-west-gabriel-court-ruling/,,,{},0,0.0
Darius Cooks has a point about America’s literacy crisis. The internet isn’t sure he should be the one making it,Online food personality Darius Cooks Williams speaks out about America’s literacy crisis after two days in the classroom.,thegrio.com,2026-08-12,Lifestyle,Kay Wicker,https://thegrio.com/2026/08/12/darius-cooks-has-a-point-about-americas-literacy-crisis-the-internet-isnt-sure-he-should-be-the-one-making-it/,,,{},0,0.0
Cardi B says she’s taking the summer off and choosing rest over more music,"Cardi B fan complaints make the rapper want to stay in bed, she says, as she explains why she is taking the summer off from music.",thegrio.com,2026-08-12,Entertainment,Odafe Oghen,https://thegrio.com/2026/08/12/cardi-b-fan-complaints-music-summer-break/,,,{},0,0.0
Jhené Aiko and Larry June fuel romance rumors with intimate ‘California Dream’ video,The collaborators have fans questioning their chemistry after appearing as a couple in the rapper’s latest music video.,thegrio.com,2026-08-12,Entertainment,Odafe Oghen,https://thegrio.com/2026/08/12/larry-june-and-jhene-aiko-romance-rumors/,,,{},0,0.0
NYC teen drowned at Queens beach after telling lifeguards to save his friend first,A 17-year-old boy died after being caught in a rip current at Rockaway Beach. His mother saying he urged lifeguards to save his friend first.,thegrio.com,2026-08-12,News,Peter Kerich,https://thegrio.com/2026/08/12/nyc-teen-drowned-at-queens-beach-after-telling-lifeguards-to-save-his-friend-first/,,,{},0,0.0
Titi Davis wants ‘Love Island USA’ fans to give the Islanders some grace,"Titi Davis reunion look sparks backlash after her first red carpet, prompting the Love Island USA star to ask fans for grace and kindness.",thegrio.com,2026-08-12,Entertainment,Odafe Oghen,https://thegrio.com/2026/08/12/titi-davis-reunion-look-love-island-backlash/,,,{},0,0.0
Atatiana Jefferson’s family reaches $11.25M settlement with Fort Worth seven years after she was killed by a police officer,"Fort Worth has agreed to a $11.25M settlement with the estate of Atatiana Jefferson, a Black woman killed by a police officer in 2019.",thegrio.com,2026-08-12,News,Brandon Caldwell,https://thegrio.com/2026/08/12/fort-worth-atatiana-jefferson-estate-settlement/,Policing & Public Safety,policing,"{""Policing & Public Safety"": [""police officer"", ""killed by police""]}",1,0.333
Jovian Zayne turned her burnout into a book about finding softer landings,"Jovian Zayne opens up to theGrio about her upcoming book “Soft Landings for Hard Days,” the burnout epidemic, and more.",thegrio.com,2026-08-12,Books,Kay Wicker,https://thegrio.com/2026/08/12/jovian-zayne-turned-her-burnout-into-a-book-about-finding-softer-landings/,,,{},0,0.0
‘I really thought I was done playing soccer’: Tuskegee’s new soccer program is opening doors for Black student-athletes,"Tuskegee University is launching its first men’s and women’s soccer teams, creating new opportunities for student-athletes at HBCUs.",thegrio.com,2026-08-12,Sports,Haniyah P.,https://thegrio.com/2026/08/12/i-really-thought-i-was-done-playing-soccer-tuskegees-new-soccer-program-is-opening-doors-for-black-student-athletes/,School Funding,school_funding,"{""School Funding"": [""black student""]}",1,0.333
Karoline Leavitt to leave White House press secretary role at end of August,"Karoline Leavitt, one of President Trump's more vocal allies in the White House, is resigning from her position as press secretary.",thegrio.com,2026-08-12,Politics,Odafe Oghen,https://thegrio.com/2026/08/12/karoline-leavitt-resignation-white-house-press-secretary/,,,{},0,0.0
Kamala Harris wants Democrats to be ‘ruthless.’ Experts say it must be on behalf of Black voters,"Experts say Harris is responding to a moment when many Black voters feel overlooked, frustrated and ready for change.",thegrio.com,2026-08-12,Politics,Gerren Keith Gaynor,https://thegrio.com/2026/08/12/kamala-harris-wants-democrats-to-be-ruthless-experts-say-it-must-be-on-behalf-of-black-voters/,,,{},0,0.0
Russell Westbrook announces retirement from NBA in emotional video narrated by Michael B. Jordan,Russell Westbrook is retiring from the NBA after 18 seasons that saw him win league MVP and become a cultural icon in OKC and more.,thegrio.com,2026-08-12,Sports,Brandon Caldwell,https://thegrio.com/2026/08/12/russell-westbrook-retirement-video-michael-b-jordan/,,,{},0,0.0
Logan Ryan reveals the mindset that helped him keep his nearly $80M NFL earnings,"Former two-time Super Bowl champ Logan Ryan explains how he managed his $80M in career earnings, and how other NFL players can do the same.",thegrio.com,2026-08-12,Sports,Brandon Caldwell,https://thegrio.com/2026/08/12/logan-ryan-message-to-nfl-players-save-dont-go-broke/,,,{},0,0.0
Civil rights groups warn ending EEOC workforce data could hide discrimination against Black workers,Civil rights groups warn ending EEOC workforce data could make discrimination against Black workers harder to detect and track.,thegrio.com,2026-08-12,News,Odafe Oghen,https://thegrio.com/2026/08/12/eeoc-workforce-data-black-workers-discrimination/,,,{},0,0.0
What Happens When You Have to Grieve Your Favorite Restaurant,"Whenever I move into a new neighborhood, one of the first things I do is explore the local restaurants. I’m always hoping to find that one place I’ll keep coming back to. And for those who know, when you do, it becomes something special. A favorite restaurant becomes more than somewhere to grab a meal. […]",ebony.com,2026-08-12,Dining,,https://www.ebony.com/black-owned-restaurant-grief/,,,{},0,0.0
Vanessa Williams Opens Up About the Brutal Fallout After Her 1983 Miss America Scandal,Vanessa Williams is reflecting candidly on the negative toll and fallout she experienced after her 1983 Miss America scandal.,theroot.com,2026-08-12,Entertainment,Shanelle Genai,https://www.theroot.com/vanessa-williams-opens-up-about-the-brutal-fallout-afte-2000120888,,,{},0,0.0
CKay Steps Into His ‘BANGER BOY’ Era With a New State of Mind,"In a candid conversation with EBONY, CKay reflects on the heartbreak that sparked a new chapter, the Nigerian sounds shaping BANGER BOY and why his latest era is less about reinvention than refusing to let life stand in his way. There comes a point in every artist’s journey when growth demands a little reinvention—not necessarily […]",ebony.com,2026-08-12,Music,,https://www.ebony.com/ckay-steps-into-his-banger-boy-era-with-a-new-state-of-mind/,,,{},0,0.0
Heartbreaking New Development for Malcolm-Jamal Warner’s Widow and Daughter,Malcolm-Jamal Warner’s widow is unfortunately still facing hardships in the aftermath of his shocking death. Here are the details.,theroot.com,2026-08-12,Entertainment,Shanelle Genai,https://www.theroot.com/heartbreaking-new-development-for-malcolm-jamal-warners-2000120772,,,{},0,0.0
Howard University Offers Buyouts to Hundreds of Staff—What’s Behind the Shift?,Howard University—now the nation’s only R1 HBCU—is navigating financial pressures and a changing higher-education landscape as it reshapes its workforce.,theroot.com,2026-08-12,Education,Asheea Smith,https://www.theroot.com/howard-university-offers-buyouts-to-hundreds-of-staff-w-2000120857,,,{},0,0.0
Black Fitness Influencers to Help You Get Snatched in 2026,"From Pilates to strength training, these Black fitness influencers are bringing the motivation and some serious sweat to our timelines! Let’s take a look.",theroot.com,2026-08-12,Entertainment,Shanelle Genai,https://www.theroot.com/black-fitness-influencers-to-help-you-get-snatched-in-2-2000120854,,,{},0,0.0
HBCU Bowie State University Rolls Out Bachelor Of Science Degree In AI,"Bowie State University continues to champion new STEM pathways. The Maryland-based Historically Black College and University (HBCU) is rolling out a Bachelor of Science in AI, a 120-credit program, to prepare its students to be leaders in the future of technology and increase representation in STEM, according to a press release. Students will be equipped… Continue reading HBCU Bowie State University Rolls Out Bachelor Of Science Degree In AI",afrotech.com,2026-08-12,Education,Samantha Dorisca,https://afrotech.com/bowie-state-university-rolls-out-bachelor-of-science-degree-in-ai,School Funding,school_funding,"{""School Funding"": [""historically black college""]}",1,0.333
"Opinion: Black Leadership is Making Cities Safer, But You Won’t Hear About it in the News",Two Black mayors took cities that the country loves to write off and made them measurably safer. That’s not a fluke. That’s a blueprint.,theroot.com,2026-08-12,Opinion,Randi Bryant,https://www.theroot.com/opinion-black-leadership-is-making-cities-safer-but-y-2000120851,,,{},0,0.0
Expert: David Crowley’s Primary Win Sets Up Historic Midterms for Black Democrats Across the US,David Crowley’s win in Wisconsin puts Democrats closer to a historic chance to elect three Black governors in presidential battleground states this midterm season.,theroot.com,2026-08-12,Culture,Phenix S Halley,https://www.theroot.com/expert-david-crowley-s-primary-win-sets-up-historic-mi-2000120890,,,{},0,0.0
How NBA Foundation’s Ruth Jurgensen Is Driving $300M in Direct Economic Impact,"Ruth Jurgensen, one of the few Black women executives in sports, opened up to The Root about how the NBA Foundation is driving real, lasting economic mobility for Black youth.",theroot.com,2026-08-12,Culture,Rashad Grove,https://www.theroot.com/how-nba-foundations-ruth-jurgensen-is-driving-300m-in-2000120685,Economic Equity & Wealth Gap,economic_equity,"{""Economic Equity & Wealth Gap"": [""economic mobility""]}",1,0.333
"Haitians Dismissed From Jobs, Fit With Ankle Monitors After TPS Ends","After the Supreme Court upheld President Trump’s decision to terminate protected status for hundreds of thousands of Haitians residing in the United States, the impact of this decision is being felt around the country. Haitians are losing jobs and freedoms as they face the end of their legal status in the U.S. and the threat… Continue reading Haitians Dismissed From Jobs, Fit With Ankle Monitors After TPS Ends",blavity.com,2026-08-12,Politics,Christopher Rhodes,https://blavity.com/haitians-dismissed-from-jobs-fit-with-ankle-monitors-after-tps-ends,,,{},0,0.0
Black Centrist David Crowley Defeats DSA Candidate Francesca Hong In Wisconsin Democratic Governor’s Primary Upset,"The Democratic primary for Wisconsin’s governor’s race has ended in a surprise outcome, with a Black centrist candidate defeating a far-left candidate who was widely expected to win. Tuesday’s surprise result reshapes Wisconsin’s race, sets up the possibility of a Black person leading the state for the first time, and defies the trend of progressives… Continue reading Black Centrist David Crowley Defeats DSA Candidate Francesca Hong In Wisconsin Democratic Governor’s Primary Upset",blavity.com,2026-08-12,Politics,Christopher Rhodes,https://blavity.com/david-crowley-defeats-francesca-hong-in-upset,,,{},0,0.0
"A Former Google Employee Created An ‘AI’ Chatbot As A Joke, Now People Really Want In","Former Google product engineer Tucker Bryant is behind ChatTJB, an unconventional chatbot with an actual human on the other end. Instead of relying on a large language model (LLM), Bryant manually answers users’ questions, offering a deliberately slower and less predictable alternative, Futurism reports. The platform offers a Pro tier, though it won’t generate faster… Continue reading A Former Google Employee Created An ‘AI’ Chatbot As A Joke, Now People Really Want In",afrotech.com,2026-08-12,Technology,ShaCamree Gowdy,https://afrotech.com/former-google-employee-ai-chatbot-as-a-joke-now-people-really-want-in,,,{},0,0.0
Treach shuts the door on another Naughty by Nature reunion: ‘It’ll never happen’,"Treach says a Naughty by Nature reunion will never happen, blaming broken trust and years of business disputes within the hip-hop group.",thegrio.com,2026-08-12,Entertainment,Odafe Oghen,https://thegrio.com/2026/08/12/naughty-by-nature-reunion-treach-never-happen/,,,{},0,0.0
More Americans Are Turning To Local Black Farms For Fresh Produce During Cyclospora Outbreak,"Black farmers are seeing an uptick in business following the cyclospora outbreak, reinforcing the need for ongoing support. The recent outbreak is tied to 22,000 cases of illness across 47 states, with more than 500 people hospitalized, according to Capital B News. It is being described as an “explosive diarrhea parasite” that allegedly came from… Continue reading More Americans Are Turning To Local Black Farms For Fresh Produce During Cyclospora Outbreak",afrotech.com,2026-08-12,Technology,Samantha Dorisca,https://afrotech.com/in-midst-cyclospora-outbreak-more-visit-local-black-farms-for-fresh-produce,,,{},0,0.0
Klutch Sports Group President Of Football Operations Nicole Lynn Has Secured Over $375M In Extensions Since The 2025 NFL Season Ended,"Sports agent Nicole Lynn continues to put athletes in a position to win. Lynn is a force in the sports business. She first worked on Wall Street as a financial adviser for athletes. However, she learned that an agent had greater responsibility for the daily lives of athletes, and she had a strong desire to help… Continue reading Klutch Sports Group President Of Football Operations Nicole Lynn Has Secured Over $375M In Extensions Since The 2025 NFL Season Ended",afrotech.com,2026-08-12,Business,Samantha Dorisca,https://afrotech.com/nicole-lynn-has-secured-375m-in-extensions-since-2025-nfl-season,,,{},0,0.0
The Data Is Clear: Black Audiences Want More Multigenerational Representation,A new AARP study showed 54% of Black adults say seeing older Black women on screen has made them feel more positive about aging.,theroot.com,2026-08-12,Entertainment,Angela Wilson,https://www.theroot.com/the-data-is-clear-black-audiences-want-more-multigener-2000120756,,,{},0,0.0
This Nonprofit Backed By MacKenzie Scott Launched An AI Fellowship For Black Men To Solve Real World Issues,"An Oakland, CA, nonprofit has doubled down on its commitment to support Black communities despite the federal government’s anti-DEI policies. Kingmakers of Oakland Kingmakers of Oakland is prioritizing education and success outcomes for Black boys and men from pre-K through Ph.D, per its website. Through an array of programs, the organization seeks to help its… Continue reading This Nonprofit Backed By MacKenzie Scott Launched An AI Fellowship For Black Men To Solve Real World Issues",afrotech.com,2026-08-12,Technology,Samantha Dorisca,https://afrotech.com/this-nonprofit-backed-by-mackenzie-scott-launched-an-ai-fellowship-for-black-men-to-solve-real-world-issues,Book Bans & Anti-DEI,book_bans_dei,"{""Book Bans & Anti-DEI"": [""dei"", ""anti-dei""]}",1,0.333
"Davido Wants Trump to Watch Nigerian Elections, But Critics Have Questions","Davido’s call for Trump to monitor Osun raises questions about foreign intervention, Nigeria’s sovereignty and Trump’s complicated African agenda.",theroot.com,2026-08-12,News,Phenix S Halley,https://www.theroot.com/davido-wants-trump-to-watch-nigerian-elections-but-cri-2000120789,,,{},0,0.0
"All About Rita Conway, One of Marvel’s First Black Woman Characters",Kim Fields is sharing a little-known Black TV fact about her own mother! And we’ve got all the details.,theroot.com,2026-08-12,Entertainment,Shanelle Genai,https://www.theroot.com/all-about-rita-conway-one-of-marvels-first-black-woman-2000120738,,,{},0,0.0
A Look at Hollywood’s Most Eligible Black Bachelors,"From rising stars to Hollywood heavyweights, these men are serving good looks and talent. Let’s take a look.",theroot.com,2026-08-12,Entertainment,Shanelle Genai,https://www.theroot.com/a-look-at-hollywoods-most-eligible-black-bachelors-2000120713,,,{},0,0.0
Two Beauty Powerhouse Collectives that are Reshaping the Future of the Industry,"August is Black Business Month, but for Danika Berry and Tomi Talabi, the work is year-round. These women aren’t just selling beauty—they’re scaling legacy, restoring emotional wellness and rewriting what leadership looks like when it comes from the heart and not just the hustle. In a world that often wants Black brilliance without the blueprint, […]",ebony.com,2026-08-12,Beauty,,https://www.ebony.com/black-beauty-founders-berry-talabi-industry-future/,Economic Equity & Wealth Gap,economic_equity,"{""Economic Equity & Wealth Gap"": [""black business""]}",1,0.333
"Kitchen Essentials You Must Keep In Your Pantry, According to Chefs","From grandma’s old school recipes to your favorite influencer’s weeknight go-to, cooking is a heartfelt gesture from your mind to someone’s plate. For those newer to navigating a kitchen, it can be difficult to determine what items are truly necessary to bring recipes to life. Meanwhile, for others who know their way around a stove, […]",ebony.com,2026-08-12,Dining,,https://www.ebony.com/kitchen-essentials-you-must-keep-in-your-pantry-according-to-chefs/,,,{},0,0.0
Unpacking the Emotional Distance at the Center of Naima Coster’s ‘Take What You Can’,"Take What You Can by Naima Coster, which hit shelves on August 4, gets at a very real kind of friendship: loving someone deeply while still not knowing how to let them show up for you. College friends Val and Milly are both navigating first-time motherhood without their own mothers to lean on, a shared […]",ebony.com,2026-08-12,Books,,https://www.ebony.com/unpacking-emotional-distance-naima-coster-book-review-take-what-you-can/,,,{},0,0.0
Expert: It’s Time to Stop Telling Black Folks to ‘Just Vote’,"As midterms approach, one expert argues Black voters need more than ballots. Instead, they need opportunities to experience their collective power.",theroot.com,2026-08-12,News,Phenix S Halley,https://www.theroot.com/expert-its-time-to-stop-telling-black-folks-to-just-vo-2000120759,,,{},0,0.0
"Who Was Sylvia Robinson? One of Hip-Hop’s First Moguls, Explained","From R&B chart-topper to music executive, how the “Mother of Hip-Hop” built the blueprint for the modern rap empire.",theroot.com,2026-08-11,News,Rashad Grove,https://www.theroot.com/who-was-sylvia-robinson-one-of-hip-hops-first-moguls-2000120392,,,{},0,0.0
Florida Teen Judah Everage’s Arm Broken During Mistaken Takedown By Officer,"The family of a 15-year-old in Florida is seeking answers after he suffered a broken arm during a mistaken police takedown. One of the three officers involved has since resigned, and the investigation is ongoing. What happened to Judah Everage during the police takedown? According to WESH 2, the incident happened in late June in… Continue reading Florida Teen Judah Everage’s Arm Broken During Mistaken Takedown By Officer",blavity.com,2026-08-11,News,Jahaura Michelle,https://blavity.com/judah-everages-arm-broken-during-mistaken-takedown-by-officer,,,{},0,0.0
Black And Disabled Students Are Arrested At Higher Rates By Iowa School Resource Officers: Report,"A new report from the American Civil Liberties Union of Iowa (ACLU of Iowa) found that Black students and students with disabilities are more likely to be arrested or referred to law enforcement at disproportionately high rates by school resource officers across the state. The report, “Rethinking School Safety in Iowa: The Harms of School… Continue reading Black And Disabled Students Are Arrested At Higher Rates By Iowa School Resource Officers: Report",blavity.com,2026-08-11,News,Jahaura Michelle,https://blavity.com/black-and-disabled-students-arrested-at-higher-rates-by-iowa-sros,Policing & Public Safety; School Funding,policing; school_funding,"{""Policing & Public Safety"": [""law enforcement""], ""School Funding"": [""school resource""]}",2,0.667
Photos: Inside the Martha’s Vineyard African American Film Festival,"From Gina Prince-Bythewood to families enjoying the time of their lives, let’s take a look at all the Black excellence at the 2026 MVAAFF!",theroot.com,2026-08-11,Entertainment,Shanelle Genai,https://www.theroot.com/photos-inside-the-marthas-vineyard-african-american-fi-2000120533,,,{},0,0.0
Founder Ryan Williams Raises More Than $10M In Seed Funding For Ellis AI-Native Operations Platform,"Founder Ryan Williams is on a mission to help talented first-time or emerging managers operate private credit funds with the same confidence as a larger institution. Williams grew up in Baton Rouge, LA, and carried a belief from his grandfather, who was raised in the Jim Crow South and led school integration in Louisiana, that he… Continue reading Founder Ryan Williams Raises More Than $10M In Seed Funding For Ellis AI-Native Operations Platform",afrotech.com,2026-08-11,Technology,Samantha Dorisca,https://afrotech.com/ryan-williams-raises-more-than-10m-in-seed-funding-for-ellis,Voter Suppression,voter_suppression,"{""Voter Suppression"": [""jim crow""]}",1,0.333
Is Drake Okay? Inside the Rapper’s String of Viral Livestreams and Public PR Moves,"Ever since his 2024 feud with Kendrick Lamar, Drake hasn’t been the same. Between his recent livestream antics and giving away over $50,000 at his Toronto event, folks are left wondering how the rapper is really doing.",theroot.com,2026-08-11,Entertainment,Mahalia Otshudy,https://www.theroot.com/is-drake-okay-inside-the-rapper-s-string-of-viral-live-2000120608,,,{},0,0.0
Magic Johnson Admits WNBA’s Los Angeles Sparks Ownership Group ‘Haven’t Made A Dime’ On $10M Investment — So What’s Next?,"Patience is key, especially in the investment world, and Magic Johnson knows this all too well. As AFROTECH™ previously reported, Johnson has a portfolio that includes the WNBA’s Los Angeles Sparks. Guggenheim Baseball Management led the investment in the team in 2014. The ownership group consists of Johnson, Mark Walter, Stan Kasten, and part-owners Todd… Continue reading Magic Johnson Admits WNBA’s Los Angeles Sparks Ownership Group ‘Haven’t Made A Dime’ On $10M Investment — So What’s Next?",afrotech.com,2026-08-11,Business,Samantha Dorisca,https://afrotech.com/magic-johnson-wnbas-los-angeles-sparks-ownership-group,,,{},0,0.0
Kiel Baitinger-Peterson Identified As Cop Who Fatally Shot Corey Ruiz,"Madison, Wisconsin, has been the site of several protests in recent weeks after a Madison police officer fatally shot Corey Ruiz in late July.",newsone.com,2026-08-11,Civil Rights &Amp; Social Justice,,https://newsone.com/6868942/corey-ruiz-killed-by-kiel-baitinger-peterson/,Policing & Public Safety,policing,"{""Policing & Public Safety"": [""police officer"", ""cop shot""]}",1,0.333
What the Wisconsin Primary Can Tell Us About Black Voters and Democratic Socialism,"With the Wisconsin primary on Tuesday, Black voters have to decide whether they will embrace the state’s socialist candidate or opt for a more established Democrat.",theroot.com,2026-08-11,News,Phenix S Halley,https://www.theroot.com/what-the-wisconsin-primary-can-tell-us-about-black-vote-2000120584,,,{},0,0.0
Trump Still Trying To Fire Federal Reserve Board’s Lisa Cook Despite Supreme Court Order,"Despite being protected by a recent Supreme Court ruling protecting her position, the only Black woman on the Federal Reserve Board is still being targeted for removal by Trump. The president continues to pursue questionable fraud accusations, as he has done against a variety of other political opponents and scapegoats. Trump informs Lisa Cook he… Continue reading Trump Still Trying To Fire Federal Reserve Board’s Lisa Cook Despite Supreme Court Order",blavity.com,2026-08-11,Politics,Christopher Rhodes,https://blavity.com/trump-still-trying-to-fire-federal-reserve-boards-lisa-cook-despite-supreme-court-order,,,{},0,0.0
"Trump Keeps Taking Cheap Shots At Abdul El-Sayed, They Keep Backfiring","Opinion: At this point, Trump would do well to just stop coming for El-Sayed, because the Democratic nominee just keeps proving that he wants all the smoke.",newsone.com,2026-08-11,Nation,,https://newsone.com/6868863/donald-trump-abdul-el-sayed-trash-talk/,,,{},0,0.0
We Still Don't Know Where Mitch McConnell Is. What's Going On? [Op-Ed],"Since McConnell has been gone, Senate Republicans have been grappling with the absence of his vote, as the GOP only has a slim majority in the chamber.",newsone.com,2026-08-11,Nation,,https://newsone.com/6868648/we-still-cant-find-mitch-mcconnell/,,,{},0,0.0
Joseph Philippe Lemercier Laroche: The Story Of The Only Black Passenger Aboard The Titanic,"Haitian engineer Joseph Laroche’s tragic Titanic story reflects race, class and the pursuit of a better life.",newsone.com,2026-08-11,Education,,https://newsone.com/6868898/joseph-philippe-lemercier-laroche-black-passenger-titanic/,,,{},0,0.0
"[Op-Ed] Trump Vaccine Rollback Is Part Of War On Black, Brown Children","We must not dismiss the new rollback on childhood vaccines as just another fresh eruption of stupidity, “parental choice,” religious conscience, anti-science lunacy, or administrative incompetence.",newsone.com,2026-08-11,Nation,,https://newsone.com/6868917/trump-vaccine-rollback-war-against-black-children/,,,{},0,0.0
"Progressives vs Moderates Showdown In Minnesota, Wisconsin Primaries","Wisconsin’s gubernatorial primary has been a roller coaster, with several people dropping out and reentering the race ahead of Tuesday’s primary.",newsone.com,2026-08-11,Nation,,https://newsone.com/6868890/progressives-moderates-minnesota-wisconsin-primaries/,,,{},0,0.0
Trump Once Again Trying To Fire Lisa Cook From Federal Reserve Board,"President Donald Trump, whose Capital One accounts were closed for potential money laundering, keeps throwing fraud allegations at Lisa Cook.",newsone.com,2026-08-11,Nation,,https://newsone.com/6868884/trump-still-trying-fire-lisa-cook/,,,{},0,0.0
Trump Signs 2 Executive Orders Limiting Birthright Citizenship,The same civil rights groups who won the case in the U.S. Supreme Court filed a lawsuit Tuesday to counter Trump’s executive orders.,newsone.com,2026-08-11,Nation,,https://newsone.com/6868590/trump-birthright-citizenship-executive-order/,,,{},0,0.0
"As Alabama Heads to the Polls For a Second Primary, Organizers Want to Keep Black Voters Engaged",The Root spoke with Alabama voting organizers who broke down voter turnout concerns and the struggle for Black power ahead of the state’s unprecedented second primary election.,theroot.com,2026-08-11,News,Phenix S Halley,https://www.theroot.com/as-alabama-heads-to-the-polls-for-a-second-primary-org-2000120651,,,{},0,0.0
Why Ray J’s Latest Interview May Be a Sign of a New Stable Chapter in His Life,"It’s no secret that Ray J has been in the news for some wild antics over the years. But his latest interview may just prove that he’s finally entered a new, more stable era!",theroot.com,2026-08-11,Entertainment,Shanelle Genai,https://www.theroot.com/why-ray-js-latest-interview-may-be-a-sign-of-a-new-stab-2000120604,,,{},0,0.0
Jasmine Crockett Says Half the Senate Is “Already Dead”,Jasmine Crockett says Republicans are too scared to challenge Trump– and American voters should make them pay at the ballot box.,theroot.com,2026-08-11,News,Phenix S Halley,https://www.theroot.com/jasmine-crockett-says-half-the-senate-is-already-dead-2000120677,,,{},0,0.0
A Look at Oprah Winfrey and Stedman Graham’s 40-Year Relationship,"After Stedman Graham’s recent and rare public appearance, we’re taking a look back at his longstanding love story with Oprah Winfrey.",theroot.com,2026-08-11,Entertainment,Shanelle Genai,https://www.theroot.com/a-look-at-oprah-winfrey-and-stedman-grahams-40-year-rel-2000120682,,,{},0,0.0
Tiffany Haddish Pleads Guilty in 2022 Georgia DUI Case,"After nearly four years and a DUI arrest, comedian Tiffany Haddish changed her plea, accepted probation and somehow still managed to make the courtroom laugh.",theroot.com,2026-08-11,Entertainment,Phenix S Halley,https://www.theroot.com/tiffany-haddish-pleads-guilty-in-2022-georgia-dui-case-2000120692,,,{},0,0.0
W.E.B. Du Bois Doc ‘Rebel With a Cause’ Isn’t History — It’s a Survival Guide for This Moment,"At the Martha’s Vineyard African American Film Festival, the PBS “American Masters” documentary played less like history than instruction for Black America right now.",theroot.com,2026-08-11,News,Nii-Quartelai Quartey,https://www.theroot.com/w-e-b-du-bois-doc-rebel-with-a-cause-isnt-history-it-2000120737,,,{},0,0.0
"After Cyclospora Outbreak, Local Black Farms See Rise in Support","A national parasite outbreak is drawing Black folks to local growers, underscoring how Black-owned farms can build trust and food access.",capitalbnews.org,2026-08-11,,Adam Mahoney,https://capitalbnews.org/black-farmers-cyclospora-safety/,Economic Equity & Wealth Gap,economic_equity,"{""Economic Equity & Wealth Gap"": [""black-owned""]}",1,0.333
Global Mobility Company MOOVE Raises $250M Series C Funding Round At $2.1B Valuation,"Six years since its founding, MOOVE continues to raise new capital to further its presence in Africa. MOOVE, headquartered in the United Arab Emirates, is the brainchild of Ladi Delano and Jide Odunsi. TechCrunch reports it was formed as a vehicle financing startup, then scaled to service ride-hailing and deliveries in Africa, before branching out… Continue reading Global Mobility Company MOOVE Raises $250M Series C Funding Round At $2.1B Valuation",afrotech.com,2026-08-11,Venture Capital,Samantha Dorisca,https://afrotech.com/moove-raises-250m-series-c-funding-round,,,{},0,0.0
Trump’s Latest Target in the DEI Crackdown? A Federal Website for Minority Scholarships,"In Trump’s latest move to crackdown on DEI, a federally funded career website that lists college scholarships for women and students of color will be revamped.",theroot.com,2026-08-11,News,Angela Wilson,https://www.theroot.com/trumps-latest-target-in-the-dei-crackdown-a-federal-we-2000120585,Book Bans & Anti-DEI,book_bans_dei,"{""Book Bans & Anti-DEI"": [""dei""]}",1,0.333
Courtney Clenney pleads guilty to manslaughter in stabbing death of Christian Obumseli,The former OnlyFans model received a six-year prison sentence and is expected to serve about two more years.,thegrio.com,2026-08-11,News,Peter Kerich,https://thegrio.com/2026/08/11/courtney-clenney-pleads-guilty-christian-obumseli-death/,,,{},0,0.0
"Brandy is singing the new ‘A Different World’ theme, but its story starts with Dawnn Lewis","From Dawnn Lewis to Aretha Franklin and now Brandy, the iconic ""A Different World"" theme song has a history as legendary as the show itself.",thegrio.com,2026-08-11,Entertainment,Haniyah P.,https://thegrio.com/2026/08/11/brandy-is-singing-the-new-a-different-world-theme-but-its-story-starts-with-dawnn-lewis/,,,{},0,0.0
Former NFL star Marcellus Wiley will not face charges in domestic violence case,Florida prosecutors said the testimony against Wiley was not sufficiently corroborated by physical or other evidence to obtain a conviction.,thegrio.com,2026-08-11,Featured,Odafe Oghen,https://thegrio.com/2026/08/11/marcellus-wiley-domestic-violence-case-dropped/,,,{},0,0.0
Louisiana man spent 42 years in prison for a murder he didn’t commit. The state still won’t pay him,"Elvis Brooks compensation fight continues as Louisiana’s attorney general opposes his claim for up to $480,000 after 42 years in prison.",thegrio.com,2026-08-11,News,Odafe Oghen,https://thegrio.com/2026/08/11/elvis-brooks-compensation-louisiana-wrongful-conviction/,,,{},0,0.0
Savannah James Hermès experience has many wondering why Black people still shop from these brands,Savannah James reveals she was once denied entry to Hermès in Milan and mistreated in a Chanel store.,thegrio.com,2026-08-11,Lifestyle,Kay Wicker,https://thegrio.com/2026/08/11/savannah-james-hermes-experiences-has-many-wondering-why-black-people-still-shop-from-these-brands/,,,{},0,0.0
Trump calls Democratic candidates ‘jihadists’ as GOP attacks on Muslim politicians intensify,"Trump calls Democratic candidates “jihadists” as Republican attacks on Muslim politicians, including Michigan's Abdul El-Sayed, intensify.",thegrio.com,2026-08-11,Politics,Peter Kerich,https://thegrio.com/2026/08/11/trump-calls-democrats-jihadists-muslim-candidates/,,,{},0,0.0
‘Trippy how life works’: Rihanna takes her kids back to the Barbados street where her dreams began,"Rihanna reflected on her journey as RZA, Riot and Rocki visited the road renamed in their mother’s honor in Barbados.",thegrio.com,2026-08-11,Lifestyle,Brandon Caldwell,https://thegrio.com/2026/08/11/rihanna-children-rihanna-drive-life/,,,{},0,0.0
"What the Kyla Simpson case reveals about the physical, emotional, and financial stakes of surrogacy for a Black woman",We unpack the Kyla Simpson as she continues to fight the rare post surrogacy debacle she’s been embroiled in for nearly two years.,thegrio.com,2026-08-11,Lifestyle,Kay Wicker,https://thegrio.com/2026/08/11/what-the-kyla-simpson-case-reveals-about-the-physical-emotional-and-financial-stakes-of-surrogacy-for-a-black-woman/,,,{},0,0.0
"Vic Mensa to expand his ‘Orange Tree’ thoughts with launch of new podcast, ‘The Vic Mensa Show’","Vic Mensa is expanding on his Orange Tree series with a brand new podcast, 'The Vic Mensa Show' launching later this month.",thegrio.com,2026-08-11,Entertainment,Brandon Caldwell,https://thegrio.com/2026/08/11/vic-mensa-vic-mensa-show-podcast/,,,{},0,0.0
Hana Scott tried taking Michelle Obama’s ‘go high’ approach. Baltimore’s first lady says she’s had enough,"Hana Scott says false claims and hateful messages targeting her and Mayor Brandon Scott have affected her career, mental health and family.",thegrio.com,2026-08-11,Lifestyle,Haniyah P.,https://thegrio.com/2026/08/11/hana-scott-tried-taking-michelle-obamas-go-high-approach-baltimores-first-lady-says-shes-had-enough/,,,{},0,0.0
18-year-old Black woman sues Arkansas State Police Trooper after dashcam shows her being thrown and punched in the face mid-arrest,"An 18-year-old Arkansas teen is suing the officer who arrested her, alleging police brutality after she was punched in the face on camera.",thegrio.com,2026-08-11,News,Brandon Caldwell,https://thegrio.com/2026/08/11/arkansas-teen-sues-state-trooper-police-brutality/,Policing & Public Safety,policing,"{""Policing & Public Safety"": [""police brutality""]}",1,0.333
Brandy is taking us back to Hillman with the new ‘A Different World’ theme song,"Brandy is putting her own spin on the iconic A Different World theme song for Netflix’s sequel series, premiering September 24.",thegrio.com,2026-08-11,Entertainment,Bolarinwa Oladeji,https://thegrio.com/2026/08/11/brandy-a-different-world-theme-song-netflix-sequel/,,,{},0,0.0
‘She did not do this to herself’: Family demands answers after daughter is found hanging from tree in Mississippi,"Tasia Fortune, a 29-year-old Black mother of four, was found hanging from a tree in Jackson, Mississippi. Her family is seeking answers.",thegrio.com,2026-08-11,News,Peter Kerich,https://thegrio.com/2026/08/11/tasia-fortune-death-mississippi-family-seeks-answers/,,,{},0,0.0
‘Raising Kanan’ Series Finale: Star Patina Miller Reveals What’s Next,"How does one say goodbye to a role that’s become a throwback icon, master of the mob wife aesthetic and just an all-around badass? Just ask Patina Miller. “Actually, no lies, I knew in season 4, before we got greenlit for five, how it would come to an end. I’ve been sitting with that for […]",ebony.com,2026-08-11,Entertainment,,https://www.ebony.com/raising-kanan-series-finale-star-patina-miller-reveals-whats-next/,,,{},0,0.0
David Crowley could make Wisconsin history after a governor’s race full of twists,"After leaving and reentering the race, Crowley is seeking the Democratic nomination and a chance to become the state’s first Black governor.",thegrio.com,2026-08-11,Politics,Gerren Keith Gaynor,https://thegrio.com/2026/08/11/david-crowley-wisconsin-governor-primary-election/,,,{},0,0.0
Jurors were deliberating D.C. robbery case when they found something prosecutors missed,Jurors in the Shamell Joyner trial found Chinese yuan and white powder inside evidence that was missed earlier,thegrio.com,2026-08-11,News,Odafe Oghen,https://thegrio.com/2026/08/11/shamell-joyner-trial-jurors-law-enforcement-evidence/,,,{},0,0.0
Damon Wayans joins David Alan Grier on ‘St. Denis Medical’ for an ‘In Living Color’ reunion,"Nearly three decades after their groundbreaking sketch series ended, the comedians are teaming up again on NBC.",thegrio.com,2026-08-11,Entertainment,Peter Kerich,https://thegrio.com/2026/08/11/damon-wayans-joins-david-alan-grier-on-st-denis-medical-for-an-in-living-color-reunion/,,,{},0,0.0
DiJonai Carrington pushes back on criticism after ‘White Privilege’ post following WNBA ejection,"DiJonai Carrington says her ""white privilege"" post wasn't about the foul that got her ejected, firing back at Emmanuel Acho's criticism.",thegrio.com,2026-08-11,News,Bolarinwa Oladeji,https://thegrio.com/2026/08/11/dijonai-carrington-white-privilege-comment-acho/,,,{},0,0.0
Entrepreneur How-To: Upgrading From Home Office to Business Space,"Like many people Jasmine Graham decided to become an entrepreneur after getting laid off. “I incorporated in 2008,” the former fashion business executive tells EBONY. “[After the layoff] I went on a few interviews and realized they wanted to pay me less to do more. Then I started asking myself, ‘Are you really going back […]",ebony.com,2026-08-11,Culture,,https://www.ebony.com/entrepreneur-upgrading-home-business/,,,{},0,0.0
Troy Pryor: Transforming Chicago Filmmaking and Elevating Black Storytellers Through Community and Innovation,"So many catalysts went into Troy Pryor becoming a force in Chicago filmmaking. Ask him about it, though, and he’ll stress two above everything else. Then there’s his four-sport background: The athlete played on his South Side Chicago high school’s inaugural football team. As a walk-on to the University of Illinois football squad, he was […]",ebony.com,2026-08-11,Tv &Amp; Film,,https://www.ebony.com/troy-pryor-transforming-chicago-filmmaking-and-elevating-black-storytellers-through-community-and-innovation/,,,{},0,0.0
Diarra Kilpatrick Knows the Real Treasure Is What Families Pass Down,"Diarra Kilpatrick is full of stories. Growing up in Detroit, the actress, writer and creator of Diarra From Detroit heard plenty of them, from the heartwarming to the completely hilarious. But one story she came across years later—about pieces of old Harlem brownstones carrying the energy of the Black lives once lived inside them—stayed with […]",ebony.com,2026-08-11,Entertainment,,https://www.ebony.com/diarra-kilpatrick-diarra-from-detroit-interview-family-heirlooms/,,,{},0,0.0
EBONY EATS 2026: The Ultimate Guide to the Best Black-Owned Dining,"We’re back at the table, serving up a fresh look at the restaurants, chefs, and culinary visionaries shaping the way we experience food across the country. More than a dining guide, EBONY Eats celebrates the Black-owned restaurants and hospitality leaders who are preserving culture, creating community, and fueling local economies. From hidden gems to acclaimed destinations, we’re spotlighting […]",ebony.com,2026-08-11,Dining,,https://www.ebony.com/ebony-eats-2026/,Economic Equity & Wealth Gap,economic_equity,"{""Economic Equity & Wealth Gap"": [""black-owned""]}",1,0.333
‘A Different World’ Sequel’s Theme Song Revealed: Brandy Sings — WATCH,"A Different World, the sequel, has a new look, new cast members and now a new sound. Grammy Award winner Brandy Norwood has brought her voice to the theme song that has soundtracked the series since its premiere on September 24, 1987, nearly 40 years ago. She follows in a line of great singers who […]",ebony.com,2026-08-11,Music,,https://www.ebony.com/a-different-world-sequel-theme-song-revealed-brandy-sings-watch/,,,{},0,0.0
Black Men Embrace Thong Sandals This Summer: A Stylish Return to Freedom and Confidence,"This summer, Black men have collectively decided that the toes are coming out. Not in the safety of a hotel pool. Not just on somebody’s annual birthday trip to Jamaica. We are talking outside-out. On city streets. At fashion week. With baggy denim, camouflage cargos, tiny tees, tanks, linen shirts, silver jewelry and a level […]",ebony.com,2026-08-11,Fashion,,https://www.ebony.com/black-men-embrace-thong-sandals-this-summer-a-stylish-return-to-freedom-and-confidence/,,,{},0,0.0
Close friend of Malcolm-Jamal Warner’s widow launches GoFundMe to support her as legal battle over his estate continues,"A close friend of Tenisha Warner, the widow of Malcolm-Jamal Warner, has set up a GoFundMe to assist her financially.",thegrio.com,2026-08-11,Lifestyle,Brandon Caldwell,https://thegrio.com/2026/08/11/malcolm-jamal-warner-widow-gofundme/,,,{},0,0.0
Tiffany Haddish avoids jail time after pleading guilty to 2022 DUI arrest in Georgia,Tiffany Haddish can put her Georgia DUI case behind her. She pleaded guilty Tuesday to a misdemeanor charge and must serve probation.,thegrio.com,2026-08-11,Entertainment,Brandon Caldwell,https://thegrio.com/2026/08/11/tiffany-haddish-guilty-plea-georgia-dui-case/,,,{},0,0.0
Toni Braxton celebrates 2 years of marriage to Birdman with rare wedding photos,Toni Braxton and Birdman celebrate two years of marriage as the singer shares rare photos from their private 2024 wedding.,thegrio.com,2026-08-11,Featured,Odafe Oghen,https://thegrio.com/2026/08/11/toni-braxton-and-birdman-second-wedding-anniversary/,,,{},0,0.0
Donell Jones says he and Joe are taking their R&B catalogs to Verzuz,Jones says the veteran singers are planning an Aug. 20 matchup celebrating two catalogs that helped define an era.,thegrio.com,2026-08-11,Entertainment,Bolarinwa Oladeji,https://thegrio.com/2026/08/11/donell-jones-joe-rnb-verzuz-showdown/,,,{},0,0.0
Scientists Used OpenAI To Create 16 New Viruses Not Seen In Nature But Will This Hurt More Than Help?,"There is a significant development in AI and the study of viruses. Scientists from Stanford University and the Arc Institute used AI to create new viruses, CNN reports. This has never been done before. Samuel King, a graduate student at Stanford University and an author of the new study, views the medical milestone as an “obvious… Continue reading Scientists Used OpenAI To Create 16 New Viruses Not Seen In Nature But Will This Hurt More Than Help?",afrotech.com,2026-08-10,Technology,Samantha Dorisca,https://afrotech.com/scientists-have-leaned-on-to-ai-to-create-new-viruses,,,{},0,0.0
Elvis Brooks Was Wrongfully Convicted Of Manslaughter. Louisiana Is Fighting His $480K Claim,"Elvis Brooks, a 69-year-old New Orleans man who spent decades in prison after a wrongful manslaughter conviction, has been denied from getting compensation from the state of Louisiana.",blavity.com,2026-08-10,News,Tomas Kassahun,https://blavity.com/elvis-brooks-was-wrongfully-convicted-of-manslaughter-louisiana-fighting-claim,Criminal Justice Reform,criminal_justice,"{""Criminal Justice Reform"": [""wrongful conviction"", ""wrongfully convicted""]}",1,0.333
"Family Says NC Pastor Suffered A Stroke, Left Paralyzed In ICE Custody","A North Carolina family is demanding answers for 55-year-old pastor Gabriel Johnson, a Liberian immigrant who is being held in an immigration detention center while facing serious health issues.",blavity.com,2026-08-10,News,Tomas Kassahun,https://blavity.com/family-says-nc-pastor-suffered-a-stroke-in-ice-custody,,,{},0,0.0
Ms. Lauryn Hill brings ‘Diaspora Calling!’ to the U.K. for a celebration of Black culture,"The 35,000-person festival featured Erykah Badu, Wyclef Jean and Zion Marley alongside artists from across the diaspora.",thegrio.com,2026-08-10,Entertainment,Odafe Oghen,https://thegrio.com/2026/08/10/diaspora-calling-festival-lauryn-hill-uk/,,,{},0,0.0
Thalles DeSouza is going from Wendy’s to Yale after his bosses bet on his future,"Two former bosses helped DeSouza pay for community college, giving him the opportunity to turn his academic ambitions into reality.",thegrio.com,2026-08-10,News,Bolarinwa Oladeji,https://thegrio.com/2026/08/10/thalles-desouza-wendys-employee-yale-acceptance/,,,{},0,0.0
"Robert Mason, HBCU advocate and founder of the Common Black College Application, dies",The Common Black College Application has demystified the admissions process for hundreds of thousands of Black students since 1998.,thegrio.com,2026-08-10,Lifestyle,Panama Jackson,https://thegrio.com/2026/08/10/robert-mason-hbcu-advocate-and-founder-of-the-common-black-college-application-dies/,,,{},0,0.0
Kiara Bowling faces ‘lifelong recovery’ after children driving car strike her in Oakland,The California State University East Bay student remains hospitalized after being struck while walking a dog in Oakland.,thegrio.com,2026-08-10,News,Bolarinwa Oladeji,https://thegrio.com/2026/08/10/kiara-bowling-oakland-crash-long-recovery/,,,{},0,0.0
A Black Brooklyn family is fighting to save the home their elder has lived in her entire life,"After an expected grant fell through, community support is helping Ms. Sylvia and her family buy more time to preserve their Bed-Stuy home.",thegrio.com,2026-08-10,Featured,Jahaura Michelle,https://thegrio.com/2026/08/10/black-family-save-bed-stuy-home-deed-fraud/,,,{},0,0.0
"‘A spiritual thing’: Mario opens up about fatherhood, reconciling with his father after his mother’s death","Mario is enjoying the early stages of fatherhood but in a candid convo with Anglea Yee, he reflects on how his mother's death brought him and his father together.",thegrio.com,2026-08-10,Entertainment,Brandon Caldwell,https://thegrio.com/2026/08/10/mario-father-reconciliation-fatherhood/,,,{},0,0.0
"From Abdul El-Sayed to Barack Obama, Republicans have a history of weaponizing ethnic names",Experts say emphasizing El-Sayed’s Muslim name is part of a longstanding effort to cast nonwhite candidates as outsiders.,thegrio.com,2026-08-10,Politics,Gerren Keith Gaynor,https://thegrio.com/2026/08/10/obama-abdul-el-sayed-republicans-have-a-history-of-weaponizing-muslim-sounding-names/,,,{},0,0.0
"Mamdani touts ‘immense importance’ of Haitians to economy, urges Trump to extend TPS protections","At a news conference Monday, NYC Mayor Zohran Mamdani called for the Trump Admin to restore protection status to Haitians.",thegrio.com,2026-08-10,News,Brandon Caldwell,https://thegrio.com/2026/08/10/mamdani-trump-haitian-temporary-protection-status/,,,{},0,0.0
"Love, attraction and vulnerability test ‘Married at First Sight’s’ two Black couples",We unpack and recap the latest with BelleJolie & Mecca and Nikki & Shawn on “Married at First Sight” season 20.,thegrio.com,2026-08-10,Entertainment,Kay Wicker,https://thegrio.com/2026/08/10/what-is-going-on-with-the-black-couples-on-married-at-first-sight/,,,{},0,0.0
Barack Obama calls Abdul El-Sayed after Michigan senate primary win,Barack Obama spoke with Michigan Senate nominee Abdul El-Sayed after his primary victory as Democrats unite ahead of the November election.,thegrio.com,2026-08-10,Politics,Peter Kerich,https://thegrio.com/2026/08/10/barack-obama-abdul-el-sayed-michigan-senate-race/,,,{},0,0.0
"Books, movies, podcasts and the Obama Presidential Center: Barack Obama’s second act keeps growing",The former president’s newest project takes listeners inside the literature that influenced his thinking as a young man.,thegrio.com,2026-08-10,Lifestyle,Haniyah P.,https://thegrio.com/2026/08/10/books-movies-podcasts-and-the-obama-presidential-center-barack-obamas-second-act-keeps-growing/,,,{},0,0.0
What does it mean to be ‘culturally Christian’ after leaving the church?,"Ebony Jasmine Harris sat down with 20 Christian women to discuss the new age spirituality movement, manifestation, and more.",thegrio.com,2026-08-10,Lifestyle,Kay Wicker,https://thegrio.com/2026/08/10/what-does-it-mean-to-be-culturally-christian-after-leaving-the-church/,,,{},0,0.0
"With a $100M deal secured for NFL player Quinnen Williams, agent Nicole Lynn is adding to her historic summer","Nicole Lynn's offseason is the stuff of NFL agent dreams. With her latest deal, she's secured more than $375M in potential earnings for her clients.",thegrio.com,2026-08-10,Sports,Brandon Caldwell,https://thegrio.com/2026/08/10/nicole-lynn-historic-summer-nfl-extensions/,,,{},0,0.0
‘It’s sisterhood’: Spinderella explains where her relationship with Salt-N-Pepa stands ahead of upcoming reunion tour,"Ahead of their upcoming reunion tour, DJ Spinderella reveals her feelings about her Salt-N-Pepa bandmates, years after they split.",thegrio.com,2026-08-10,Entertainment,Brandon Caldwell,https://thegrio.com/2026/08/10/dj-spinderella-salt-n-pepa-tour/,,,{},0,0.0
"Trump claims Black voters are rejecting socialism, and ‘flocking’ to Republicans. Here’s what the data says",TheGrio fact-checks Donald Trump’s claim that Black voters are “flocking” to the Republican Party and rejecting socialism.,thegrio.com,2026-08-10,Politics,Gerren Keith Gaynor,https://thegrio.com/2026/08/10/trump-claims-black-voters-are-rejecting-socialism-and-flocking-to-republicans-heres-what-the-data-says/,,,{},0,0.0
Video of Haitian immigrant’s collapse outside ICE office draws national outrage,Monsanto Maler’s emotional moment was captured as former Haitian TPS holders report to immigration officials in Ohio.,thegrio.com,2026-08-10,News,Bolarinwa Oladeji,https://thegrio.com/2026/08/10/haitian-man-ankle-monitor-ice-ohio-tps-ends/,,,{},0,0.0
"Flo Anthony, pioneering Black entertainment journalist and television personality, dies at 74","From Page Six to television and radio, Anthony built a decades-long career covering some of entertainment’s biggest names.",thegrio.com,2026-08-10,Entertainment,Bolarinwa Oladeji,https://thegrio.com/2026/08/10/flo-anthony-entertainment-journalist-dies-74/,,,{},0,0.0
Black people are being found hanging from trees. Why are officials so quick to call it suicide?,"Tasia Fortune's death is the latest in a string of cases across the country, drawing scrutiny over how officials investigate Black deaths.",thegrio.com,2026-08-10,News,Haniyah P.,https://thegrio.com/2026/08/10/black-people-are-being-found-hanging-from-trees-why-are-officials-so-quick-to-call-it-suicide/,,,{},0,0.0
Judge rules Virginia school board discriminated against Black students by restoring Confederate names,"Federal judge orders two Virginia schools: drop Confederate school names, ruling their 2024 restoration discriminated against Black students.",thegrio.com,2026-08-10,News,Odafe Oghen,https://thegrio.com/2026/08/10/confederate-school-names-virginia-judge-ruling/,Book Bans & Anti-DEI,book_bans_dei,"{""Book Bans & Anti-DEI"": [""school board""]}",1,0.333
CNN’s Omar Jimenez presses Nancy Mace over comments targeting Muslim elected officials,Jimenez challenged Mace on religious freedom and constitutional protections after she called Muslim officeholders a threat to America.,thegrio.com,2026-08-10,News,Peter Kerich,https://thegrio.com/2026/08/10/omar-jimenez-nancy-mace-cnn-interview/,,,{},0,0.0
DJ Spinderella gets candid about where she stands with Salt-N-Pepa before tour reunion,DJ Spinderella and Salt-N-Pepa are back in a good space as the trio prepares to reunite for the It’s Iconic Tour with TLC and En Vogue.,thegrio.com,2026-08-10,Entertainment,Odafe Oghen,https://thegrio.com/2026/08/10/dj-spinderella-and-salt-n-pepa-reunion-tour/,,,{},0,0.0
Simone Biles Reveals She Travels With Emergency Anxiety Medication,Simone Biles reveals she carries emergency anxiety medication for travel. Read how the gymnastics GOAT is prioritizing her mental well-being.,blavity.com,2026-08-10,Conditions &Amp; Care,Tyler-Christian Daniels,https://blavity.com/simone-biles-anxiety-medication,,,{},0,0.0
"Obama Calls Abdul El-Sayed In Effort To Unite Democrats, Also Reaches Out To Haley Stevens After Primary","Abdul El-Sayed’s campaign for Michigan’s open U.S. Senate seat recently received a major boost thanks to an important phone call. The upstart progressive who defeated a more established Democratic candidate in the race for Michigan’s open Senate seat now appears to have the backing of one of the party’s most important leaders: former President Barack… Continue reading Obama Calls Abdul El-Sayed In Effort To Unite Democrats, Also Reaches Out To Haley Stevens After Primary",blavity.com,2026-08-10,Politics,Christopher Rhodes,https://blavity.com/obama-calls-abdul-el-sayed,,,{},0,0.0
A Free D.C. Trade Program Is Connecting Black Students to Higher-Paying Jobs,Faith in college degrees is sliding as trade school enrollment rises. The University of the District of Columbia sees an opportunity for residents.,capitalbnews.org,2026-08-10,,Alecia Taylor,https://capitalbnews.org/udc-trade-school-black-students/,,,{},0,0.0
Trump’s ‘Model Cities’ Program: A New Era of Policing That Comes With Heavy Strings For Black Communities,The DOJ wants to hand out $300 million to American cities for policing. But what’s the catch?,theroot.com,2026-08-10,Criminal Justice,Phenix S Halley,https://www.theroot.com/trump-s-model-cities-program-a-new-era-of-policing-t-2000120362,,,{},0,0.0
Courtney Clenney’s Prison Sentence Highlights Racial Disparities in the Legal System,"After an OnlyFans model received a six-year sentence for killing her Black boyfriend, bigger questions about race, gender and who is believed continue to divide America.",theroot.com,2026-08-10,Crime,Phenix S Halley,https://www.theroot.com/courtney-clenney-s-prison-sentence-highlights-racial-di-2000120487,,,{},0,0.0
Move to Millions Podcast Joins the Urban One Podcast Network Ahead of New Season Launch,"Empowering entrepreneurs to build wealth, impact, and legacy through the Move to Millions Podcast on the Urban One Podcast Network.",newsone.com,2026-08-10,Entrepreneurship,,https://newsone.com/6868731/move-to-millions-podcast/,,,{},0,0.0
WNBA’s Uneven Whistle Continues To Put Black Women In Danger [Op-Ed],"OPINION: In just one game, the WNBA protected white players while leaving Black players and refs exposed to a growing threat it keeps ignoring.",newsone.com,2026-08-10,Basketball,,https://newsone.com/6868772/wnba-sophie-cunningham-dijonai-carrington/,,,{},0,0.0
The One Drop Rule Explained: How America Decided Who Was Black,"The one-drop rule’s legacy shapes modern racial identity, highlighting how ancestry doesn’t simply determine race.",newsone.com,2026-08-10,Civil Rights &Amp; Social Justice,,https://newsone.com/6868747/the-one-drop-rule-explained/,,,{},0,0.0
Trump Administration Ends Louisiana Desegregation Consent Decree,"Under President Donald Trump’s leadership, the Justice Department has framed most efforts to limit discrimination as federal overreach.",newsone.com,2026-08-10,Nation,,https://newsone.com/6868767/trump-admin-ends-louisiana-desegregation-consent-decree/,Policing & Public Safety,policing,"{""Policing & Public Safety"": [""consent decree""]}",1,0.333
30 Quotes By Famous Black People You Should Be Reading Every Month,"Famous Black stars share inspiring quotes on success, self-belief, and creating your own path.",newsone.com,2026-08-10,Entertainment,,https://newsone.com/6868778/quotes-from-famous-black-people-that-will-inspire-you/,,,{},0,0.0
"Who Ran The WNBA This Week: Kayla McBride Makes History, Minnesota Clinches & Washington Keeps Rolling","WNBA playoff race heats up, Kayla McBride sets 3-point record, Kelsey Mitchell extends scoring streak.",newsone.com,2026-08-10,Sports,,https://newsone.com/6868798/who-ran-the-wnba-this-week-11/,,,{},0,0.0
Taylor Fresh Foods Recalls Jalapeño Products Due To Salmonella Concerns,"Taylor Fresh Foods, the parent company of Taylor Farms, is already under fire for an ongoing cyclospora outbreak that has sickened thousands.",newsone.com,2026-08-10,Nation,,https://newsone.com/6868805/taylor-fresh-foods-recalls-jalapeno-products-due-to-salmonella-concerns/,,,{},0,0.0
How Rich Paul Built A Nine-Figure Net Worth From Pure Hustle,"If you’ve spent any time following the NBA in recent years, you’ve probably heard Rich Paul’s name pop up more than once. The American entrepreneur is best known for his partnership with NBA champion LeBron James and his behind-the-scenes work with Klutch Sports Group. Paul famously founded Klutch in 2012, after saving money for years hustling vintage jerseys… Continue reading How Rich Paul Built A Nine-Figure Net Worth From Pure Hustle",afrotech.com,2026-08-10,Entertainment,TeeJay Small,https://afrotech.com/rich-paul-net-worth,,,{},0,0.0
"Wendy’s Employee Received Scholarship From Owners To Attend Community College, Now He’s Heading To Yale University","Paying it forward will help Thalles Winner DeSouza attend an Ivy League institution. DeSouza was working at a Wendy’s fast food restaurant in Cape Cod, MA, while he was still in high school, People reports. He had moved to the U.S. after surviving a shooting in Brazil. Thinking of his future, he considered going into… Continue reading Wendy’s Employee Received Scholarship From Owners To Attend Community College, Now He’s Heading To Yale University",afrotech.com,2026-08-10,Education,Samantha Dorisca,https://afrotech.com/wendy-employee-college-assistance-from-owners-now-heading-to-yale-university,,,{},0,0.0
Miss North Carolina USA Breaks Silence After Being Stripped of Her Title—And Replaced by Her Black Runner-Up,Dethroned Miss North Carolina USA Says She Lost Her Title Over Her ‘Conservative Christian’ Beliefs,theroot.com,2026-08-10,Beauty,Shanelle Genai,https://www.theroot.com/miss-north-carolina-usa-breaks-silence-after-being-stri-2000120475,,,{},0,0.0
The Whitney Houston “Legacy of Love” Gala Celebrates Her in Barbie Form,"The Legacy of Love Gala had a very special guest this year. With the theme, “I Wanna Dance With Somebody,” the fifth annual celebration presented the Whitney Houston Barbie Signature Doll, the latest addition to the Barbie Signature Series. Capturing her iconic look from Houston’s 1987 “I Wanna Dance with Somebody (Who Loves Me)” music video, […]",ebony.com,2026-08-10,Culture,,https://www.ebony.com/the-whitney-houston-legacy-of-love-gala-celebrates-her-in-barbie-form/,,,{},0,0.0
‘I’m Still Here’ Tracy Morgan on His Near-Death Experience at AAFCA Awards,"More than a decade after the devastating car crash that nearly took his life, Tracy Morgan can still find humor in his survival. “I remember being in a coma, and I’m here getting an award,” he told the crowd in an emotional acceptance speech at the African American Film Critics Association (AAFCA) TV Honors. After […]",ebony.com,2026-08-10,Entertainment,,https://www.ebony.com/im-still-here-tracy-morgan-reflects-near-death-experience-aafca-awards/,,,{},0,0.0
Press Play: 10 Podcasts Shaping the Conversation Right Now,"Long before social media was filled with clips from people with microphones and podcast studios, we had kitchen tables and front porches, beauty shops and barbershops, church parking lots and family reunions. We have always found places to gather, talk, laugh, debate, tell stories and make sense of what is happening around us. It is […]",ebony.com,2026-08-10,Entertainment,,https://www.ebony.com/press-play-10-black-podcasts-shaping-the-conversation-right-now/,,,{},0,0.0
The Future of Dermatology Has to Include Black Skin,"On a summer day at the Citi Open, sunscreen feels less like a beauty recommendation and more like common sense. Between hours of tennis, heat and direct sun exposure, SPF should be as essential courtside as water and a good pair of sunglasses. But for Black people, the conversation around sun protection has historically been […]",ebony.com,2026-08-10,Beauty,,https://www.ebony.com/the-future-of-dermatology-has-to-include-black-skin/,,,{},0,0.0
The Storm Casting Debate Has Just Been Reignited. Here Are 5 Actresses Perfect for the Role,"Chlöe Bailey put Storm back at the center of the internet with one simple post. The Strung star wrote, “I’m a Black girl who makes beats, builds Legos, & reads comics,” with Storm among the pictures, and opened the floodgates to one of the most anticipated castings in Marvel fandom: who will play Storm in […]",ebony.com,2026-08-10,Entertainment,,https://www.ebony.com/storm-casting-debate-reignited-here-are-5-actresses-perfect-for-the-role/,,,{},0,0.0
Best Back-to-School Tech for High Schoolers in 2026,"Back-to-school shopping used to mean fresh sneakers, a new backpack and enough notebooks to convince your parents that this year you were finally going to become organized. In 2026, the list looks a little different. High schoolers are moving between classrooms, group chats, Google Docs, extracurriculars, content creation and whatever game everyone is currently obsessed […]",ebony.com,2026-08-10,Shopping,,https://www.ebony.com/best-back-to-school-tech-for-high-schoolers-in-2026/,,,{},0,0.0
Becky Hammon questions WNBA scheduling after resting A’ja Wilson and Aces stars,The coach said player health “comes first” after a cross-country trip left Las Vegas with little recovery time.,thegrio.com,2026-08-10,Entertainment,Peter Kerich,https://thegrio.com/2026/08/10/aces-rest-aja-wilson-chelsea-gray-jackie-young-brutal-travel/,,,{},0,0.0
Usher laughs off ‘clone’ speculation after tour footage goes viral,The R&B star responded directly after fans claimed someone else may have taken his place during a recent performance.,thegrio.com,2026-08-10,Entertainment,Odafe Oghen,https://thegrio.com/2026/08/10/usher-clone-rumors-metlife-concert/,,,{},0,0.0
‘Love Island USA’ Season 8 Islanders are reuniting. Here’s when to watch,The Love Island USA Season 8 reunion is being filmed August 10. Find out when the reunion airs and how to watch it on Peacock.,thegrio.com,2026-08-10,Entertainment,Peter Kerich,https://thegrio.com/2026/08/10/love-island-usa-season-8-reunion-date-time-watch/,,,{},0,0.0
"Michael B. Jordan and Raye spotted together at Six Flags, fueling dating rumors",Fan-captured footage of the actor and British singer enjoying the amusement park quickly sparked speculation online.,thegrio.com,2026-08-10,Featured,Odafe Oghen,https://thegrio.com/2026/08/10/michael-b-jordan-and-raye-dating-rumors-six-flags/,,,{},0,0.0
Trump Overhauling Website Providing Scholarships For Black Students,The changes being made to CareerOneStop are to bring it in line with the Trump administration’s ongoing efforts to kill DEI initiatives.,newsone.com,2026-08-10,Nation,,https://newsone.com/6868733/trump-overhauling-website-providing-scholarships-for-black-students/,Book Bans & Anti-DEI,book_bans_dei,"{""Book Bans & Anti-DEI"": [""dei""]}",1,0.333
Boston University Is Covering Full Tuition For Students From Families Making Less Than $200K,"Incoming college students from across the nation are receiving additional support to pursue higher education. As AFROTECH™ previously reported, various institutions have launched financial aid initiatives to further support students. These include the University of North Texas at Dallas, which is offering free tuition to qualifying students from families making less than $100,000, and the… Continue reading Boston University Is Covering Full Tuition For Students From Families Making Less Than $20…",afrotech.com,2026-08-10,Education,Samantha Dorisca,https://afrotech.com/boston-university-is-covering-full-tuition-for-students-from-families-making-less-than-200k,,,{},0,0.0
"Trump Claims New Witnesses Say Reflecting Pool Was Damaged By David Hearn, Because He Just Can't Let This One Go","Trump’s ego won’t let him admit he was wrong about vandalizing the reflecting pool, doubling down despite evidence against him.",newsone.com,2026-08-10,Nation,,https://newsone.com/6868717/trump-reflecting-pool-was-damaged-by-david-hearn/,,,{},0,0.0
Is Michael B. Jordan Dating Raye? A Look at His Full Dating History,"As dating rumors swirl around the actor and singer Raye, we’re taking a look back at Jordan’s most notable romances.",theroot.com,2026-08-10,Entertainment,Shanelle Genai,https://www.theroot.com/is-michael-b-jordan-dating-raye-a-look-at-his-full-da-2000120360,,,{},0,0.0
How Wendy’s Franchise Owners Helped Fund an Employee’s Dream to Study at Yale,"After Thalles DeSouza’s bosses at Wendy’s noticed his potential, they helped fund his college tuition. Now, he’s on his way to Yale University!",theroot.com,2026-08-10,News,Angela Wilson,https://www.theroot.com/how-wendy-s-franchise-owners-helped-fund-an-employee-s-2000120455,,,{},0,0.0
What Savannah James’ Hermès Incident Reveals About Luxury Brands and Black Consumers,"Savannah James, wife of NBA star LeBron James, is opening up about a negative shopping experience she had at a designer store. Sadly, her incident speaks to a larger pattern of prejudice.",theroot.com,2026-08-10,Beauty + Style,Shanelle Genai,https://www.theroot.com/what-savannah-james-herm-s-incident-reveals-about-luxu-2000120394,,,{},0,0.0
The Memoir That Reopened a Cold Case: Keffe D’s Words Now Haunt His Murder Trial,"After Duane “Keffe D” reportedly admitted to his role in the shooting of Tupac Shakur in a tell-all memoir, he’s now walking his words right back.",theroot.com,2026-08-10,News,Angela Wilson,https://www.theroot.com/the-memoir-that-reopened-a-cold-case-keffe-d-s-words-n-2000120396,,,{},0,0.0
Bishop William Barber’s New Podcast Takes on the 2026 Midterms,"“The Repairer’s Brief: Facts and Focus to Empower the Fight for a Third Reconstruction” first episode will air live today on Monday, August 10 at 7:00PM ET on YouTube.",theroot.com,2026-08-10,News,Rashad Grove,https://www.theroot.com/bishop-william-barbers-new-podcast-takes-on-the-2026-mi-2000120419,,,{},0,0.0
Opinion: Trump’s Homelessness Executive Order Is Making Homelessness Worse,"For a year, the White House has been waging an unprecedented and extreme attack on both people experiencing homelessness and the real solutions to homelessness",theroot.com,2026-08-10,News,Jesse Rabinowitz,https://www.theroot.com/opinion-trumps-homelessness-executive-order-is-making-2000120446,Housing & Displacement,housing,"{""Housing & Displacement"": [""homelessness""]}",1,0.333
Black Woman Fighting For Her Life After Being Struck By a 6-Year-Old Driver,"An investigation is underway after a 6-year-old and his brother allegedly stole their parents’ car, causing a devastating car crash that injured a Black beauty queen.",theroot.com,2026-08-10,News,Phenix S Halley,https://www.theroot.com/black-woman-fighting-for-her-life-after-being-struck-by-2000120423,,,{},0,0.0
Understanding Alopecia in Black Women: What an Expert Wants You to Know,"August is Hair Loss Awareness Month. Black women are disproportionately affected by certain forms of alopecia, but many don’t recognize the early warning signs until damage has occurred. A dermatologist explains what you need to know and what your can do.",theroot.com,2026-08-10,Health,Shellie M. Scott,https://www.theroot.com/understanding-alopecia-in-black-women-what-an-expert-w-2000120162,,,{},0,0.0
New Report: Alabama’s Maternal Health Crisis Puts Black Moms at Risk,"A new ACLU report exposes the healthcare gaps, racial disparities and hospital closures putting Alabama moms at risk.",theroot.com,2026-08-10,Culture,Phenix S Halley,https://www.theroot.com/new-report-alabama-s-maternal-health-crisis-puts-black-2000120368,Maternal Health,maternal_health,"{""Maternal Health"": [""maternal health""]}",1,0.333
Books By Black Authors We Can’t Wait to Read This Fall,"As we get closer to the end of summer, we’re looking at new books by Black authors dropping in fall 2026 that’ll keep us cozy.",theroot.com,2026-08-10,Entertainment,Mahalia Otshudy,https://www.theroot.com/books-by-black-authors-we-cant-wait-to-read-this-fall-2000120343,,,{},0,0.0
Opinion: Ms. Rachel’s Stand for Racial Justice Reveals a Brutal History of Policing White Allies,"Whiteness was never about skin. It’s a loyalty contract, and it only holds up if regular people continue to sign it, even when it costs them.",theroot.com,2026-08-09,Opinion,Randi B.,https://www.theroot.com/opinion-ms-rachel-s-stand-for-racial-justice-reveals-2000120319,,,{},0,0.0
King Harris injured after brother Major accidentally pins him between cars during parking lesson,T.I. and Tiny’s son King Harris was injured after his newly licensed younger brother Major accidentally pinned him between two cars during a parking lesson.,thegrio.com,2026-08-09,Entertainment,Bobby Pen,https://thegrio.com/2026/08/09/king-harris-injured-major-harris-parking-accident/,,,{},0,0.0
"Arkansas trooper punched an 18-year-old Black woman during a traffic stop, use-of-force report confirms","An Arkansas State Police use-of-force report confirms a trooper struck 18-year-old Alisa Hackett in the face during a traffic stop, prompting",thegrio.com,2026-08-09,News,Bolarinwa Oladeji,https://thegrio.com/2026/08/09/arkansas-trooper-alisa-hackett-traffic-stop-force/,Policing & Public Safety,policing,"{""Policing & Public Safety"": [""use of force""]}",1,0.333
New Survey Shows Black Adults are in the Worst Financial Position in Nearly a Decade,"A new survey shows that under the Trump administration, Black adults’ financial well-being continues to deteriorate disproportionately.",theroot.com,2026-08-09,News,Angela Wilson,https://www.theroot.com/new-survey-shows-black-adults-are-in-the-worst-financia-2000119918,,,{},0,0.0
Some of Whitney Houston’s Iconic Looks Are Now Up For Sale,"Just in time for what would have been Whitney Houston’s 63rd birthday, some of her iconic looks are up for auction.",theroot.com,2026-08-09,Entertainment,Ty Cole,https://www.theroot.com/some-of-whitney-houston-s-iconic-looks-are-now-up-for-s-2000120237,,,{},0,0.0
Hakeem Jeffries tells voters ‘remember in November’ after Todd Blanche confirmation,Hakeem Jeffries tells voters to “remember in November” after the Senate confirms Todd Blanche as attorney general in a 50-49 vote.,thegrio.com,2026-08-09,Featured,Odafe Oghen,https://thegrio.com/2026/08/09/todd-blanche-confirmation-hakeem-jeffries/,,,{},0,0.0
"After public clash over Atlanta’s support, Invest Fest and Mayor Andre Dickens talk 2027",Invest Fest and Atlanta Mayor Andre Dickens are looking ahead to 2027 after weeks of public tension over the city’s support of the Black business festival.,thegrio.com,2026-08-09,Business,Bobby Pen,https://thegrio.com/2026/08/09/invest-fest-atlanta-andre-dickens-2027/,Economic Equity & Wealth Gap,economic_equity,"{""Economic Equity & Wealth Gap"": [""black business""]}",1,0.333
"EXCLUSIVE: The Ultimate Afrobeats Summer Playlist, Curated by Odeal",Odeal sat down with The Root to talk about his favorite Afrobeats/Afro-R&B hits and his forthcoming EP—just in time for summer!,theroot.com,2026-08-09,Entertainment,Shanelle Genai,https://www.theroot.com/exclusive-the-ultimate-afrobeats-summer-playlist-cura-2000118020,,,{},0,0.0
Tuskegee University Brings HBCU Culture to the Pitch in New Soccer Docuseries,"Executive produced by Brian Egeston and directed by Byron Horne, ‘Unveiling History’ captures the Golden Tigers’ inaugural NCAA Men’s and Women’s soccer teams.",theroot.com,2026-08-09,Sports,Rashad Grove,https://www.theroot.com/tuskegee-university-brings-hbcu-culture-to-the-pitch-in-2000120284,,,{},0,0.0
"Republican support for Trump’s immigration agenda holds, but independents could complicate the midterms","Republicans remain supportive of Trump’s immigration policies, while new polling shows independents and Black Americans are more concerned about ICE and deportations.",thegrio.com,2026-08-09,News,Bobby Pen,https://thegrio.com/2026/08/09/trump-immigration-policies-republicans-independents-midterms/,,,{},0,0.0
Trump’s Former Personal Lawyer Todd Blanche Is Now The United States’ Attorney General,"Todd Blanche, the lawyer who represented Donald Trump in several criminal trials, is now confirmed as United States attorney general.",blavity.com,2026-08-09,Politics,Tomas Kassahun,https://blavity.com/trumps-former-personal-lawyer-todd-blanche-now-us-attorney-general,,,{},0,0.0
Chloe Bailey says she ‘bullied back’ trolls who attacked her makeup-free look,"Chloe Bailey says she “bullied back” trolls who criticized her makeup-free Saint Lucia TikTok after years of comments about her body, looks and sexuality.",thegrio.com,2026-08-09,Entertainment,Bobby Pen,https://thegrio.com/2026/08/09/chloe-bailey-trolls-makeup-free-look-body-shaming/,,,{},0,0.0
Haitian Immigrant’s Family Takes On the Feds After Her Death Was Ruled a Homicide,"After Daphy Michel’s death was ruled a homicide, her family announced plans to file a lawsuit accusing ICE of failures that led to her death.",theroot.com,2026-08-08,Legal,Phenix S Halley,https://www.theroot.com/haitian-immigrants-family-takes-on-the-feds-after-her-d-2000120254,,,{},0,0.0
"On day he’s inducted into Pro Football Hall of Fame, NFL player Roger Craig reveals dementia diagnosis","Roger Craig had an emotional moment during his induction to the Pro Football Hall of Fame on Saturday, revealing he has dementia.",thegrio.com,2026-08-08,Health,Brandon Caldwell,https://thegrio.com/2026/08/08/roger-craig-dementia-diagnosis-hall-of-fame/,,,{},0,0.0
‘Debilitating’: Hunter Biden reveals update on President Biden’s cancer battle,"In an interview on 'BBC Newsnight,' Hunter Biden revealed that former President Joe Biden's prostate cancer had spread even more.",thegrio.com,2026-08-08,News,Brandon Caldwell,https://thegrio.com/2026/08/08/joe-biden-cancer-spread-bones-hunter-biden/,,,{},0,0.0
‘Y’all got somebody for me?’: Jaylen Brown is ready for love after Coco Jones and Donovan Mitchell’s wedding,"Jaylen Brown says Coco Jones and Donovan Mitchell’s wedding inspired him to find love, even asking fans to help him meet someone.",thegrio.com,2026-08-08,Entertainment,Bobby Pen,https://thegrio.com/2026/08/08/jaylen-brown-love-coco-jones-donovan-mitchell-wedding/,,,{},0,0.0
Trump’s former personal attorney Todd Blanche confirmed to be Attorney General on slim vote,Acting Attorney General Todd Blanche was confirmed to lead the Justice Department on Saturday in a narrow 50-49 vote.,thegrio.com,2026-08-08,Politics,Brandon Caldwell,https://thegrio.com/2026/08/08/todd-blanche-attorney-general/,,,{},0,0.0
Landmark study finds HBCU graduates outperform national benchmarks,"A landmark HBCU alumni study finds graduates outperform national benchmarks in well-being, workplace engagement and college belonging.",thegrio.com,2026-08-08,Hbcu,Odafe Oghen,https://thegrio.com/2026/08/08/hbcu-alumni-study-national-benchmarks/,,,{},0,0.0
"Faith, Freedom, and Identity: Inside Atlanta’s Powerful Production of ‘Choir Boy’","From the Black church to the main stage, the stars and director of “Choir Boy” spoke with The Root to discuss faith, brotherhood, and Black queer liberation in Atlanta.",theroot.com,2026-08-08,Entertainment,Darian Aaron,https://www.theroot.com/faith-freedom-and-identity-inside-atlanta-s-powerful-2000120125,,,{},0,0.0
Austin’s Police Chief Called It ‘Suicide by Police.’ Civil Rights Lawyers Aren’t Buying It.,Texas advocates say a full investigation must be completed into the death of 17-year-old Anthoneil Williams II at the hands of police,theroot.com,2026-08-08,Criminal Justice,Phenix S Halley,https://www.theroot.com/austins-police-chief-called-it-suicide-by-police-civil-2000120138,,,{},0,0.0
WATCH: The Root sits down with Gov. Wes Moore for an exclusive interview – Part 1,"Political journalist Nii-Quartelai Quartey sits down with Maryland Gov. Wes Moore (D) for a wide-ranging conversation, including what he thinks about the 2028 campaign and ICE.",theroot.com,2026-08-08,News,The Root Staff,https://www.theroot.com/watch-the-root-sits-down-with-gov-wes-moore-for-an-ex-2000120159,,,{},0,0.0
Porsha Williams secures Atlanta mansion and $1.56M equity reimbursement in divorce settlement,"Porsha Williams secures the Atlanta mansion, $1.56 million in equity reimbursement and a Rolls-Royce in her final divorce agreement.",thegrio.com,2026-08-08,Entertainment,Odafe Oghen,https://thegrio.com/2026/08/08/porsha-williams-divorce-settlement-mansion/,,,{},0,0.0
Michael B. Jordan Got Adopted by a Tulsa Grandma and the Family Reunion Invite Is Pending,"During an adorable FaceTime chat, Jordan thanked Story for letting him be a part of her family and accepted his newfound position as her grandson.",theroot.com,2026-08-08,Entertainment,Shanelle Genai,https://www.theroot.com/michael-b-jordan-got-adopted-by-a-tulsa-grandma-and-th-2000120235,,,{},0,0.0
‘House of the Dragon’ Finale: Will It Do Right by Rhaena and House Velaryon?,"In House of the Dragon, Rhaena Targaryen’s infused storyline revolves around firebreathing dragons and a violent wreckage as she faced the dangerous fury in season 3 of House of the Dragon. HBO’s Game of Thrones prequel series introduced the Black noble family dynasty, House Velaryon, into the TV franchise two seasons ago, a creative choice […]",ebony.com,2026-08-08,Tv &Amp; Film,,https://www.ebony.com/will-house-of-the-dragon-finale-3-do-right-by-rhaena-house-velaryon/,,,{},0,0.0
Megan Thee Stallion’s legal dispute with former photographer is moving forward,Megan Thee Stallion’s legal dispute with former photographer Emilio Garcia will continue after a federal judge declined to dismiss the remaining claims.,thegrio.com,2026-08-08,Entertainment,Bobby Pen,https://thegrio.com/2026/08/08/megan-thee-stallion-photographer-lawsuit-moves-forward/,,,{},0,0.0
‘Menace II Society’ actor Samuel Monroe Jr.’s medical ordeal continues as major decision looms,Actor Samuel Monroe Jr. might remain in a vegetative state as his health continues to deteriorate as he's spent months in the hospital.,thegrio.com,2026-08-08,Entertainment,Brandon Caldwell,https://thegrio.com/2026/08/08/samuel-monroe-jr-menace-ii-society-health-update/,,,{},0,0.0
Family of North Carolina pastor who suffered stroke in ICE custody says they had to beg to see him in Texas,Gabriel Johnson’s family finally visited the North Carolina pastor in Texas as they fight for his release following a stroke in ICE custody.,thegrio.com,2026-08-08,News,Bobby Pen,https://thegrio.com/2026/08/08/gabriel-johnson-family-visit-stroke-ice-custody/,,,{},0,0.0
"Democratic Socialist Donovan McKinney Beats Incumbent Thanedar, Paving Way For Detroit’s Return To Black Representation","Another Democratic Socialist has won a congressional primary, this time in Michigan. The victory continues the progressive surge that has emerged within the Democratic Party, while also making it very likely that the majority-Black Detroit area will again send a Black representative to Congress in January. McKinney defeats incumbent Rep.",blavity.com,2026-08-07,Politics,Christopher Rhodes,https://blavity.com/donovan-mckinney-beats-incumbent-thanedar,,,{},0,0.0
Justin Pearson Wins Tennessee Primary In A Newly Gerrymandered District — Here’s What He’s Up Against,"Justin Pearson, who gained national prominence for protesting and for being targeted by Republicans in Tennessee, has won the Democratic primary for that state’s main Democratic district. However, Pearson now faces a changed political landscape after the state’s GOP carved up the previously Black-dominated district, part of a wave of racial gerrymandering allowed by the… Continue reading Justin Pearson Wins Tennessee Primary In A Newly Gerrymandered District — Here’s What He’s Up Against",blavity.com,2026-08-07,Politics,Christopher Rhodes,https://blavity.com/justin-pearson-wins-tennessee-primary-in-a-newly-gerrymandered-district,Voter Suppression,voter_suppression,"{""Voter Suppression"": [""gerrymandering""]}",1,0.333
20 Iconic ‘Real Housewives’ Moments That Live Rent-Free in Our Heads,"It’s a big weekend for Real Housewives fans as Bravo gears up to celebrate two decades of the beloved franchise with the premiere of The Real Housewives Ultimate Girls Trip: Roaring 20th this Sunday, August 9. The nine-episode special will bring together The Real Housewives of Salt Lake City’s Lisa Barlow, The Real Housewives of […]",ebony.com,2026-08-07,Entertainment,,https://www.ebony.com/20-iconic-real-housewives-moments/,,,{},0,0.0
‘Michael’ Sequel Gets a Production Start Date—Fans Already Have Wish Lists,"For those who feel the Michael biopic shouldn’t stop til you get enough, a bit of good news is on the horizon. The highly anticipated sequel is set to begin production toward the end of this year, or early next, according to Deadline. Lionsgate Motion Picture Group Chairman Adam Fogelson announced the update, adding that […]",ebony.com,2026-08-07,Entertainment,,https://www.ebony.com/michael-sequel-production-start-date-fans-wish-lists/,,,{},0,0.0
The Block is Hot: The Best Dressed Creatives This Week,"The Block Is Hot Instagram’s best dressers aren’t chasing trends anymore. They’re setting the pace. This week’s standout looks from Black creatives felt less like a scroll through social media and more like a masterclass in personal style, where color theory, proportion and confidence collided in ways that reminded us why Black fashion continues to […]",ebony.com,2026-08-07,Fashion,,https://www.ebony.com/the-block-is-hot-the-best-dressed-creatives-this-week-2/,,,{},0,0.0
Meet the Organization Fighting for Black Suicide Prevention,"T-Kea Blackman and Jordan Scott want you to know that Black people die by suicide too. Through their Maryland-based nonprofit organization Black People Die By Suicide Too (BPDBST), they have not only clarified that sentiment, but they’ve also created space for the Black community to be equipped with resources and education. The founders met in a psychiatric hospitalization […]",ebony.com,2026-08-07,Wealth,,https://www.ebony.com/meet-the-organization-fighting-for-black-suicide-prevention/,,,{},0,0.0
"New Beauty Launches From r.e.m. beauty, NYX Cosmetics and More!","August may have everyone whispering about fall, but the forecast and our beauty routines have other plans. The heat is still clinging to the sidewalks, SPF is still non-negotiable and brands are continuing to drop complexion-perfecting formulas, skin-loving hybrids and fragrance launches that feel made for the final stretch of summer. Before pumpkin spice takes […]",ebony.com,2026-08-07,Beauty,,https://www.ebony.com/beauty-launches/,,,{},0,0.0
These Black-Owned Travel Brands Need to Be a Part of Your Jet-Setting Routine,"The hardest, most annoying part about going on vacation? Undeniably, the packing. Speaking for myself, at least. It’s not the logistics, or booking the lodging, or hell, even coughing up the coins for it all. It’s the strategy needed to assemble my freshest ‘fits, accessories, shoes, beauty products and more into a suitcase and personal […]",ebony.com,2026-08-07,Travel,,https://www.ebony.com/black-owned-travel-brands-black-business-month/,Economic Equity & Wealth Gap,economic_equity,"{""Economic Equity & Wealth Gap"": [""black-owned""]}",1,0.333
Jade Cargill on Her Viral WWE Hair Moment and Why Black Women’s Hair Needs No Explanation,"Before the internet had the full story, it already had an opinion. Millions watched the moment Jade Cargill’s wig came off mid-match during a WWE broadcast, turning what could have been a fleeting wardrobe malfunction into the latest social media spectacle. But for Cargill, the viral clip wasn’t simply about wrestling. It exposed a much […]",ebony.com,2026-08-07,Beauty,,https://www.ebony.com/jade-cargill-on-her-viral-wwe-hair-moment-and-why-black-womens-hair-needs-no-explanation/,,,{},0,0.0
Varnell Hill Is Back! 5 Things to Know About the Long-Awaited ‘Martin’ Spinoff,"Nearly three decades after his unforgettable appearance on Martin, Tommy Davidson’s flashy talk-show host Varnell Hill is finally getting a show of his own. The character only appeared briefly on the classic sitcom, but his over-the-top confidence, slick style and instant rivalry with Martin Payne made him one of the show’s most memorable guest characters. […]",ebony.com,2026-08-07,Entertainment,,https://www.ebony.com/varnell-hill-things-fast-facts-martin-spinoff/,,,{},0,0.0
Trump-Tied Law Firm Gets $150M Contract To Represent Migrant Children,The Houston-based Burke Law Group was awarded the federal contract despite only having two lawyers on staff who specialize in immigration law.,newsone.com,2026-08-07,Nation,,https://newsone.com/6868606/burke-law-group-representing-migrant-children/,,,{},0,0.0
Tuskegee Students Say the Dress Code Debate Misses the Real Issues,"The university rolled out a new professionalism policy on dress, phones, and tardiness. The internet focused on bonnets and durags.",capitalbnews.org,2026-08-07,,Alecia Taylor,https://capitalbnews.org/tuskegee-dress-code-students/,,,{},0,0.0
"Al Sharpton, Martin Luther King III Announce March On Washington",The march is being held to both mark the 63rd anniversary of Dr. Martin Luther King’s “I Have A Dream” speech and advocate for voting rights.,newsone.com,2026-08-07,Civil Rights &Amp; Social Justice,,https://newsone.com/6866297/al-sharpton-martin-luther-king-iii-march-on-washington/,Voter Suppression,voter_suppression,"{""Voter Suppression"": [""voting rights""]}",1,0.333
MAGA Crashes Out Over Abdul El-Sayed Win In Michigan [Op-Ed],"Progressive Democrat Abdul El-Sayed narrowly defeated his centrist, well-funded opponent, Rep. Haley Stevens, in Michigan’s Senate primary race.",newsone.com,2026-08-07,Nation,,https://newsone.com/6868540/abdul-el-sayed-maga-crashout-xenophobia/,,,{},0,0.0
Turns Out the WNBA Might Be in Good Hands After All [Op-Ed],"Angel Reese’s Barbie night, the Cleveland Sirens’ big reveal, and Cheryl Reeve’s trans rights t-shirt show a bright future is within reach.",newsone.com,2026-08-07,Basketball,,https://newsone.com/6868641/wnba-future-good-hands/,,,{},0,0.0
A Man Accused Of Scamming NFL Players Is Dead. Here's What We Know,"Mohamed Coulibaly, the man accused of orchestrating an investment scheme that allegedly targeted NFL players, was found dead.",newsone.com,2026-08-07,Nation,,https://newsone.com/6868613/mohamed-coulibaly-found-dead/,,,{},0,0.0
"Rep. LaMonica McIver opens up about pregnancy, prosecution and a fight she says is bigger than herself","Rep. LaMonica McIver discusses her pregnancy, $1 million legal battle, fundraising struggles and why she won't back down amid federal charges.",thegrio.com,2026-08-07,Politics,Gerren Keith Gaynor,https://thegrio.com/2026/08/07/lamonica-mciver-pregnancy-prosecution-17-years/,,,{},0,0.0
Diarra Kilpatrick has a hit with ‘Diarra From Detroit’ and Colman Domingo wants to star on his ‘favorite’ show,"Diarra Kilpatrick's 'Diarra From Detroit' is earning rave reviews, to the point even Colman Domingo is clamoring for a guest role.",thegrio.com,2026-08-07,Entertainment,Brandon Caldwell,https://thegrio.com/2026/08/07/diarra-kilpatrick-colman-domino-diarra-from-detroit/,,,{},0,0.0
"As Haitian temporary protected status ends, Miami businessowner who voted for Trump has ‘regret’","As TPS status ends for more than 350,000 Haitian nationals in the U.S., one Miami business owner has regret about voting for Trump.",thegrio.com,2026-08-07,News,Brandon Caldwell,https://thegrio.com/2026/08/07/chef-creole-haitian-immirgrant-trump-vote-tps-status/,,,{},0,0.0
‘Being relentless’: Olajuwon Ajanaku of Eastside Golf details how a chance meeting with Michael Jordan led to an once-in-a-lifetime deal,"During InvestFest, Eastside Golf co-founder Olajuwon Ajanaku explained how the brand came to meet with Michael Jordan for a once-in-a-lifetime deal.",thegrio.com,2026-08-07,Lifestyle,Brandon Caldwell,https://thegrio.com/2026/08/07/eastside-golf-michael-jordan-pitch/,,,{},0,0.0
Trump administration reopens bid to oust Federal Reserve Governor Lisa D. Cook,Cook's lawyers say the latest effort relies on the same allegations they have repeatedly dismissed as unfounded and politically motivated.,thegrio.com,2026-08-07,News,Bolarinwa Oladeji,https://thegrio.com/2026/08/07/trump-lisa-cook-federal-reserve-removal-push/,,,{},0,0.0
Here’s why a woman decided to marry ’50’ instead of a man on her 50th birthday,"After a wedding-style ceremony went viral, Tracy explained why she chose to celebrate her 50th birthday by “marrying” the decade ahead.",thegrio.com,2026-08-07,Featured,Haniyah P.,https://thegrio.com/2026/08/07/heres-why-a-woman-decided-to-marry-50-instead-of-a-man-on-her-50th-birthday/,,,{},0,0.0
Law Roach’s sharp tongue is dividing ‘Project Runway’ fans again,"Law Roach has fans divided on his harsh criticism on ""Project Runway,"" but there may be a rhyme and a reason to the potency.",thegrio.com,2026-08-07,Style,Kay Wicker,https://thegrio.com/2026/08/07/law-roachs-sharp-tongue-is-dividing-project-runway-fans-again/,,,{},0,0.0
How Tennessee’s Justin J. Pearson emerged as a leading voice for voting rights and racial justice,"As Democratic nominee, Pearson faces an uphill battle in Tennessee's newly redrawn 9th Congressional District. He says he's ""not giving up.""",thegrio.com,2026-08-07,Politics,Gerren Keith Gaynor,https://thegrio.com/2026/08/07/justin-j-pearson-tennessee-district-9-voting-rights-racial-justice/,Voter Suppression,voter_suppression,"{""Voter Suppression"": [""voting rights""]}",1,0.333
Why HBCUs must move beyond survival mode,Howard's enrollment controversy highlights the need for sustained investments as more students choose Black colleges.,thegrio.com,2026-08-07,Featured,Panama Jackson,https://thegrio.com/2026/08/07/why-hbcus-must-move-beyond-survival-mode/,,,{},0,0.0
Judge keeps Kevin Hart’s Heartbeat lawsuit against former podcast employees in court,Kevin Hart’s Hartbeat lost its bid to move its lawsuit against two former employees into private arbitration.,thegrio.com,2026-08-07,Entertainment,Odafe Oghen,https://thegrio.com/2026/08/07/hartbeat-arbitration-bid-ex-employees-lawsuit/,,,{},0,0.0
Black Florida teen suffered broken arm after police stopped the wrong person,Judah Everage's family says the 15-year-old repeatedly tried to explain officers had stopped the wrong teenager.,thegrio.com,2026-08-07,News,Peter Kerich,https://thegrio.com/2026/08/07/judah-everage-broken-arm-melbourne-police-officer-resigns/,,,{},0,0.0
How Baltimore Mayor Brandon Scott became the face of the internet’s favorite reaction meme,The viral clip of Baltimore Mayor Brandon Scott dates back to a 2024 press conference about the city’s violence prevention plan.,thegrio.com,2026-08-07,Featured,Haniyah P.,https://thegrio.com/2026/08/07/how-baltimore-mayor-brandon-scott-became-the-face-of-the-internets-favorite-reaction-meme/,,,{},0,0.0
Charlamagne Tha God draws a line on Wendy Williams documentaries,Charlamagne Tha God says he will not participate in Wendy Williams documentaries unless Williams is directly involved in telling her story.,thegrio.com,2026-08-07,Entertainment,Odafe Oghen,https://thegrio.com/2026/08/07/wendy-williams-documentaries-charlamagne-involvement/,,,{},0,0.0
Meta ordered to pay $567 million over harms to children on Facebook and Instagram,A New Mexico judge ordered Meta to pay $567 million and implement new child safety measures for Facebook and Instagram.,thegrio.com,2026-08-07,News,Bolarinwa Oladeji,https://thegrio.com/2026/08/07/meta-567-million-child-safety-ruling-new-mexico/,,,{},0,0.0
Questions remain after death of man accused in alleged NFL investment fraud,Mohamed Coulibaly denied operating a scam before his death. Investigations into both his death and the allegations continue.,thegrio.com,2026-08-07,Sports,Peter Kerich,https://thegrio.com/2026/08/07/questions-remain-after-death-of-man-accused-in-alleged-nfl-investment-fraud/,,,{},0,0.0
"With ‘Stuntboy,’ Kareem Edouard and the We Up Collective look to showcase more Black boys in children’s animation","With Stuntboy, Kareem Edouard and his team shine a light on an underrepresented group: Black boys in animation.",thegrio.com,2026-08-07,Entertainment,Brandon Caldwell,https://thegrio.com/2026/08/07/kareem-edouard-stuntboy-black-animiation-interview/,,,{},0,0.0
Serena Page shuts down engagement rumors ahead of romantic Italy trip with Kordell Beckham,"""Love Island USA"" winners, Page and Beckham, say they're focused on their relationship, not rushing a proposal.",thegrio.com,2026-08-07,Entertainment,Bolarinwa Oladeji,https://thegrio.com/2026/08/07/serena-page-kordell-beckham-engagement-italy-trip/,,,{},0,0.0
"Nearly 30 years after Tupac Shakur’s killing, Duane ‘Keffe D’ Davis heads to trial",Duane “Keffe D” Davis is set for trial Aug. 10 as the only person ever charged in Tupac Shakur’s 1996 killing.,thegrio.com,2026-08-07,News,Odafe Oghen,https://thegrio.com/2026/08/07/tupac-murder-trial-keffe-d-sole-defendant/,,,{},0,0.0
"Chad Ochocinco Shared How He Picks His Partners, and the Internet is Divided",A resurfaced interview with NFL star Chad Ochocinco has Black folks online debating whether his dating preferences are problematic!,theroot.com,2026-08-07,Entertainment,Shanelle Genai,https://www.theroot.com/chad-ochocinco-shared-how-he-picks-his-partners-and-th-2000120099,,,{},0,0.0
WATCH: The Root’s Exclusive interview with Gov. Wes Moore – Part 2,Political journalist Nii-Quartelai Quartey sits down with Maryland Gov. Wes Moore (D) for a wide-ranging conversation about him becoming chair of the National Governor’s Association and his working relationship with the White House.,theroot.com,2026-08-07,News,The Root Staff,https://www.theroot.com/watch-the-roots-exclusive-interview-with-gov-wes-moor-2000120167,,,{},0,0.0
Your Ultimate Fall 2026 Watchlist: The Black Movies and Shows We Can’t Wait to See,"From Tyler Perry to Mahershala Ali, our favorite Black stars are coming in hot with new projects this fall.",theroot.com,2026-08-07,Entertainment,Shanelle Genai,https://www.theroot.com/your-ultimate-fall-2026-watchlist-the-black-movies-and-2000120052,,,{},0,0.0
Trump Is Coming for Lisa Cook Again — This Time With a New Legal Playbook,"After falling short in court, the president is making another attempt to remove the Federal Reserve governor, escalating a fight over the central bank’s independence.",theroot.com,2026-08-07,Politics,Phenix S Halley,https://www.theroot.com/trump-is-coming-for-lisa-cook-again-this-time-with-a-2000120231,,,{},0,0.0
Is Donald Trump Wearing A Wig? Internet Debates After His Most Recent Appearance,The internet is buzzing with speculation about Donald Trump’s hair after his latest public appearance. Was he wearing a wig?,newsone.com,2026-08-07,Politics,,https://newsone.com/6868595/donald-trump-wig-internet-debate/,,,{},0,0.0
Why Nene Leakes remains a reality TV icon nearly two decades later,After more than five years away from the franchise Nene Leakes is making her grand return to “The Real Housewives” universe.,thegrio.com,2026-08-07,Entertainment,Kay Wicker,https://thegrio.com/2026/08/07/why-nene-leakes-remains-a-reality-tv-icon-nearly-two-decades-later/,,,{},0,0.0
Justin Pearson Wins Tennessee Democratic Congressional Primary,"State Rep. Justin Pearson is running to represent Tennessee’s Ninth Congressional District, which was redrawn in the state’s redistricting effort.",newsone.com,2026-08-07,Nation,,https://newsone.com/6868591/justin-pearson-wins-tennessee-democratic-primary/,Voter Suppression,voter_suppression,"{""Voter Suppression"": [""redistricting""]}",1,0.333
T-Pain Breaks Down Why Black Artists Sell Their Music Catalogs,"As more Black musicians cash out on their catalogs, the conversation around ownership, wealth and legacy continues! Let’s talk about it.",theroot.com,2026-08-07,Entertainment,Shanelle Genai,https://www.theroot.com/t-pain-breaks-down-why-black-artists-sell-their-music-c-2000119965,,,{},0,0.0
Black Woman Found Hanging In Jackson Identified As Tasia Fortune,Medical examiners are still working to determine the cause of death even as online speculation has many suspecting foul play.,newsone.com,2026-08-07,Nation,,https://newsone.com/6868579/black-woman-found-hanging-identified-tasia-fortune/,,,{},0,0.0
Dr. Erica Schwartz Confirmed As First Black Woman Director Of Centers For Disease Control And Prevention,"Dr. Erica Schwartz will lead the Centers for Disease Control and Prevention (CDC) at a tumultuous time for the nation’s public health agency. According to CNN, Dr. Erica Schwartz was confirmed by the U.S. Senate to serve as director of the CDC. She was nominated in April for the position, which has been vacant for… Continue reading Dr. Erica Schwartz Confirmed As First Black Woman Director Of Centers For Disease Control And Prevention",afrotech.com,2026-08-07,Career,Samantha Dorisca,https://afrotech.com/dr-erica-schwartz-director-of-us-centers-for-disease-control-and-prevention,,,{},0,0.0
This University In Ohio Will Integrate AI Into Their Curriculum Across All Departments By 2028,"More and more universities are adjusting their curriculum to keep up with AI. AI in the Majors Miami University is the latest institution to reshape its curriculum around emerging technologies. Beginning in Fall 2026, Miami University is rolling out a faculty-led curriculum initiative called AI in the Majors, according to a press release. The goal… Continue reading This University In Ohio Will Integrate AI Into Their Curriculum Across All Departments By 2028",afrotech.com,2026-08-07,Technology,Samantha Dorisca,https://afrotech.com/miami-university-to-roll-out,,,{},0,0.0
"Katt Williams Says His Journey ‘Has Been Independent From The Beginning,’ And 24 Tours Later His Blueprint Is Still Working","Katt Williams wasn’t handed a blueprint when he took the leap of faith to launch a career in comedy. Today, he’s carved a lane for himself, showcasing opportunities for many of those who’ve come behind him. Williams has always been larger than life, with comedy being the launching pad for a successful career in entertainment… Continue reading Katt Williams Says His Journey ‘Has Been Independent From The Beginning,’ And 24 Tours Later His Blueprint Is Still Working",afrotech.com,2026-08-07,Technology,Shanique Yates,https://afrotech.com/katt-williams-textnow-campaign-feature,,,{},0,0.0
How Black-Owned BOWA Construction Played A Part In The Obama Presidential Center And Its Lasting Legacy,"The Obama Presidential Center is a nod not only to legacy and community but also to Black-owned businesses. As AFROTECH™ previously reported, the center opened on Juneteenth in Chicago. Its museum reservations are already sold out through 2027, but new groups of tickets are available for sale on the second Wednesday of each month. The… Continue reading How Black-Owned BOWA Construction Played A Part In The Obama Presidential Center And Its Lasting Legacy",afrotech.com,2026-08-07,Business,Samantha Dorisca,https://afrotech.com/black-owned-bowa-construction-helps-design-obama-presidential-center,Economic Equity & Wealth Gap,economic_equity,"{""Economic Equity & Wealth Gap"": [""black-owned""]}",1,0.333
Opinion: Louisiana Is Becoming the Blueprint for Rolling Back Black Civil Rights,The damage caused by segregation did not disappear when the laws changed.,theroot.com,2026-08-07,Opinion,Denise Forte,https://www.theroot.com/opinion-louisiana-is-becoming-the-blueprint-for-rollin-2000119979,,,{},0,0.0
The Internet is Dragging Martha Stewart for Her Shady Meghan Markle Comments,"Stewart, the legendary lifestyle icon, had some choice words about Meghan Markle’s latest career pivot. And people online aren’t letting it slide!",theroot.com,2026-08-07,Entertainment,Shanelle Genai,https://www.theroot.com/the-internet-is-dragging-martha-stewart-for-her-shady-m-2000120049,,,{},0,0.0
"L’Oréal Promotes Rahquel Purcell To Chief Diversity, Equity and Inclusion Officer For North America","Rahquel Purcell has been promoted at L’Oréal. The finance graduate began her career at Procter & Gamble, where she worked for 23 years and held several leadership roles before her final post as director of global packaging purchases, according to her LinkedIn. She has spent more than 10 years at L’Oréal USA and serves on… Continue reading L’Oréal Promotes Rahquel Purcell To Chief Diversity, Equity and Inclusion Officer For North America",afrotech.com,2026-08-07,Career,Samantha Dorisca,https://afrotech.com/loreal-promotes-rahquel-purcell-to-chief-diversity-equity-and-inclusion-officer-north-america,Book Bans & Anti-DEI,book_bans_dei,"{""Book Bans & Anti-DEI"": [""diversity equity inclusion""]}",1,0.333
"Russell City Was Erased 60 Years Ago, California is Finally Paying Reparations to the Black Families Who Lost It All","After decades of waiting, displaced Black families will finally receive reparations for homes seized and communities destroyed by government action in Russell City.",theroot.com,2026-08-07,Culture,Phenix S Halley,https://www.theroot.com/russell-city-was-erased-60-years-ago-california-is-fin-2000120064,Reparations,reparations,"{""Reparations"": [""reparations""]}",1,0.333
Woman Found Hanging from Tree in Mississippi Identified as 29-Year-Old Tasia Fortune,"Another tragic loss in Mississippi. Following the death of Nolan Wells, another Black life has been lost under deeply troubling circumstances in Jackson.",theroot.com,2026-08-07,News,Angela Wilson,https://www.theroot.com/woman-found-hanging-from-tree-in-mississippi-identified-2000120083,,,{},0,0.0
"Man at the Center of an Alleged NFL Player Scam is Found Dead, Here’s What We Know","Former NFL players say they lost millions in alleged fraud, while the death of the accused mastermind raises new questions.",theroot.com,2026-08-07,Criminal Justice,Phenix S Halley,https://www.theroot.com/man-at-the-center-of-an-alleged-nfl-player-scam-is-foun-2000120112,,,{},0,0.0
"A$AP Rocky Says He ‘Manifested’ His Relationship With Rihanna, Here’s How Their Love Story Actually Went Down",Rapper A$AP Rocky is revealing little-known details about the origin story of his relationship with Rihanna.,theroot.com,2026-08-07,Entertainment,Shanelle Genai,https://www.theroot.com/a-ap-rocky-says-he-manifested-his-relationship-with-rih-2000120152,,,{},0,0.0
Where Every Black Character Should End Up in the House of the Dragon Finale,"House of the Dragon has quietly become one of the Blackest shows on television. Here’s how we hope the writers send off Corlys, Baela, Rhaena, Addam, Alyn, and everybody else who deserves better than Westeros.",theroot.com,2026-08-07,Opinion,Lawrence Ware,https://www.theroot.com/where-every-black-character-should-end-up-in-the-house-2000120043,,,{},0,0.0
Atlanta Mom Sues Kaiser Permanente Over Unneeded Hysterectomy,"A medical error allegedly transformed a cancer scare into irreversible surgery, exposing systemic issued faced by many Black women.",theroot.com,2026-08-07,Black Maternal Healthcare,Phenix S Halley,https://www.theroot.com/atlanta-mom-sues-kaiser-permanente-over-unneeded-hyster-2000120164,Maternal Health,maternal_health,"{""Maternal Health"": [""black maternal""]}",1,0.333
Michael B. Jordan FaceTimes Tulsa grandmother who proudly displayed his portrait on her family wall,"Michael B. Jordan surprises a viral grandmother who added him to her family wall, sending jewelry before joining her by FaceTime.",thegrio.com,2026-08-06,Entertainment,Odafe Oghen,https://thegrio.com/2026/08/06/michael-b-jordan-fan-surprise-viral-grandmother/,,,{},0,0.0
U.S. Senate Selects Dr. Erica Schwartz As New CDC Director,"After nearly a year of vacancy, the Senate has chosen Dr. Erica Schwartz to lead the Centers for Disease Control and Prevention as its 22nd director on Wednesday, August 5, 2026. This decision comes after Schwartz previously served as deputy surgeon general under the first iteration of the Trump administration, with many of her votes coming […]",ebony.com,2026-08-06,Health,,https://www.ebony.com/dr-erica-schwartz-new-cdc-director/,,,{},0,0.0
Threats Against Federal Judges Are Rising Under Trump — This Judge Says His Family Became A Target,"A federal judge said he and his family have been subjected to hundreds of threatening messages and multiple credible death threats after he issued several rulings against the Trump administration. U.S. District Judge John McConnell, Rhode Island’s chief federal judge, said the threats began escalating in early 2025 after he temporarily blocked the Trump administration’s… Continue reading Threats Against Federal Judges Are Rising Under Trump — This Judge Says His Family Became A Target",blavity.com,2026-08-06,Politics,Jahaura Michelle,https://blavity.com/threats-against-federal-judges-after-challenging-trump,,,{},0,0.0
Moving On Up: TV Shows That Gave Us That Millionaire Mindset,"Before we could scroll TikTok and see the fabulously rich lives of Black influencers, audiences turned to their TV sets to see examples of Black wealth. Today I can stream Empire and Bel-Air, or reel back to Girlfriends and, well, the original The Fresh Prince of Bel-Air to see rich Black characters flaunting their fortunes, […]",ebony.com,2026-08-06,Entertainment,,https://www.ebony.com/moving-on-up-tv-shows-millionaire-mindset/,Economic Equity & Wealth Gap,economic_equity,"{""Economic Equity & Wealth Gap"": [""black wealth""]}",1,0.333
Christian Dior’s Secret Weapon Was A Black Woman From Texas,"In 1949, Christian Dior made Dorothea Towles Church the first Black model in Paris haute couture, forcing Black American elegance into global white luxury. At Atlanta’s SCAD FASH Museum of Fashion + Film, the National Black Arts Festival co-hosted “Black Beauty in Post-War Paris” alongside the museum’s Dior: Crafting Fashion exhibition. I shared the stage […]",ebony.com,2026-08-06,Fashion,,https://www.ebony.com/christian-diors-secret-weapon-was-a-black-woman-from-texas/,,,{},0,0.0
I Fell In Love in Zihuatanejo—Here Is Why You Need to Book Your Trip,It is my honest belief that romance should not be regulated to Valentine’s Day. The onus is on us to romanticize our lives as much as possible. A daily regimented practice of pouring into oneself through the provision of a good meal and a luxurious trip abroad to decompress from the incessant realities of life. […],ebony.com,2026-08-06,Travel,,https://www.ebony.com/zihuatanejo-why-you-need-to-book-your-trip/,,,{},0,0.0
Why You Should be Mindful of Chronic Stress as a Black Business Owner,"Generationally, African American culture has held onto the mantra of going above and beyond in work, sometimes even at the expense of their own health. In the lives of business owners and independent entrepreneurs, this can sometimes show us as chronic stress. Chronic stress is a health concern that has a higher likelihood to impact […]",ebony.com,2026-08-06,Health,,https://www.ebony.com/black-entrepreneurs-chronic-stress/,Economic Equity & Wealth Gap,economic_equity,"{""Economic Equity & Wealth Gap"": [""black business""]}",1,0.333
"The State of US: Michigan Primaries, Protect College Sports Act and More","Congressional Black Caucus Condemns EEOC Rollback of Workforce Data Collection The Congressional Black Caucus condemned the Trump administration’s decision to end a decades-old requirement that employers report workforce demographic data to the Equal Employment Opportunity Commission, calling the move a threat to civil rights enforcement that has for more than 60 years helped identify patterns […]",ebony.com,2026-08-06,News &Amp; Politics,,https://www.ebony.com/the-state-of-us-michigan-primaries-protect-college-sports-act-and-more/,,,{},0,0.0
Inside the AI Fellowship Helping Filmmakers Bring Their Stories to Life,"Artificial intelligence can build a city, design your attainable life goals and render a deepfake that’s way too convincing. But has it figured out a way to make us care? Luckily, that part still needs a storyteller. That’s the drive behind the MACRO and A16Z Cultural Leadership Fund’s launch of the Epigraph Creator Fellowship, which […]",ebony.com,2026-08-06,Culture,,https://www.ebony.com/ai-fellowship-epigraph-creator-fellowship-launch-macro-a16z/,,,{},0,0.0
Does Beyoncé’s ‘Morning Dew (Donk)’ Remix Signal a Tour with JAŸ-Z?,"Just when you thought this summer was fresh out of surprises, we got gifted by Beyoncé yesterday morning. The “Morning Dew (Donk)” Remix Pack is a four-song EP that not only features an acoustic version of the track; there’s more! We also received a “Donk Mix” version, which has a bit faster tempo than the […]",ebony.com,2026-08-06,Music,,https://www.ebony.com/does-beyonce-morning-dew-donk-remix-signal-a-tour-with-jay-z/,,,{},0,0.0
Miss North Carolina USA stripped of crown after reports of alleged racist posts resurface online,Miss North Carolina title removal follows reports that old posts attributed to Brittany Boltinhouse repeatedly used the N-word.,thegrio.com,2026-08-06,Entertainment,Odafe Oghen,https://thegrio.com/2026/08/06/miss-north-carolina-title-removal-brittany-boltinhouse/,,,{},0,0.0
"As Voter Confusion Persists, Here’s How Voting Rights Groups Are Changing Their Playbook","As election laws evolve and misinformation continues to cloud the political landscape, voting rights organizations are rethinking how they engage voters ahead of the 2026 midterm elections.",blavity.com,2026-08-06,Politics,Maya Boddie,https://blavity.com/how-voting-rights-groups-are-changing-their-playbook,Voter Suppression,voter_suppression,"{""Voter Suppression"": [""voting rights""]}",1,0.333
Cambridge professor Jason Arday resigns as university launches new investigations into his qualifications,"The renowned sociologist denied allegations of misconduct, saying public scrutiny had become overwhelming for his family.",thegrio.com,2026-08-06,Featured,Peter Kerich,https://thegrio.com/2026/08/06/jason-arday-resigns-cambridge-investigation/,,,{},0,0.0
"Mamdani, Alongside Hochul, Announces Over 2,000 Free Child Care Offers For NYC Families","More than 2,000 New York City children are receiving offers for the city’s first 2-K program following thousands of applications for the free child care initiative. Most families received one of their top choices Mayor Zohran Mamdani and Gov. Kathy Hochul announced that more than 5,700 families applied in the program’s first year, and it… Continue reading Mamdani, Alongside Hochul, Announces Over 2,000 Free Child Care Offers For NYC Families",blavity.com,2026-08-06,Politics,Jahaura Michelle,https://blavity.com/mamdani-announces-over-2000-free-child-care-offers-for-nyc-families,,,{},0,0.0
Why the Voting Rights Act Still Matters for Black Voters in 2026,"Sixty-one years after the Voting Rights Act, one expert explains why Black voters face renewed attacks on access, representation and the power of the ballot.",theroot.com,2026-08-06,Culture,Phenix S Halley,https://www.theroot.com/why-the-voting-rights-act-still-matters-for-black-voter-2000119955,Voter Suppression,voter_suppression,"{""Voter Suppression"": [""voting rights""]}",1,0.333
"Will CDC’s First Black Woman Director Push Back On RFK Jr., Or Fall In Line?","For the first time in nearly a year, a Senate-confirmed candidate is set to assume the role of full-time Director of the Centers for Disease Control and Prevention. For the first time ever, the CDC will be led by a Black woman. And while the incoming director’s credentials have been recognized by both sides of… Continue reading Will CDC’s First Black Woman Director Push Back On RFK Jr., Or Fall In Line?",blavity.com,2026-08-06,News,Christopher Rhodes,https://blavity.com/erica-schwartz-first-black-woman-cdc-director-will-she-push-back-on-rfk-jr,,,{},0,0.0
"Is Rabbit Fever On Your Radar? A Guide To Symptoms, Causes And Treatment","Learn the symptoms of rabbit fever, how this rare bacterial infection spreads and essential tips to protect yourself and your family.",blavity.com,2026-08-06,Conditions &Amp; Care,"Dr. Diana Rangaves, PharmD",https://blavity.com/rabbit-fever,,,{},0,0.0
How Keke Palmer Built Her Multi-Million Dollar Empire,How does Keke ‘Keep a Job’ Palmer stay booked and busy? Let’s take a look!,theroot.com,2026-08-06,Entertainment,Shanelle Genai,https://www.theroot.com/how-keke-palmer-built-her-multi-million-dollar-empire-2000119811,,,{},0,0.0
New Poll Finds Black Women Have Lost Faith in Washington But Not in Their Vote,"Partnering with The Root, the 10th annual “Power of the Sister Vote” poll finds Black women are frustrated with Washington but more motivated than ever to vote in November’s midterm elections.",theroot.com,2026-08-06,Culture,Phenix S Halley,https://www.theroot.com/new-poll-finds-black-women-have-lost-faith-in-washingto-2000119816,,,{},0,0.0
The Best Black-Owned Bed and Breakfasts Across the U.S.,"To celebrate Black Business Month, we’ve found the best Black-owned bed and breakfasts to stay in for a weekend getaway this summer. These charming inns need to be on your travel bucket list.",theroot.com,2026-08-06,Black Business Month,Mahalia Otshudy,https://www.theroot.com/the-best-black-owned-bed-and-breakfasts-across-the-u-s-2000119104,Economic Equity & Wealth Gap,economic_equity,"{""Economic Equity & Wealth Gap"": [""black business"", ""black-owned""]}",1,0.333
The Ultimate Guide to What to Watch at the 2026 Martha’s Vineyard African American Film Festival,"From Marsai Martin in ‘Girl Dad’ to a documentary about Jean-Michel Basquiat, these are the Black stories we’re keeping on our radar at this year’s festival!",theroot.com,2026-08-06,Entertainment,Shanelle Genai,https://www.theroot.com/the-ultimate-guide-to-what-to-watch-at-the-2026-marthas-2000119838,,,{},0,0.0
Andrea Lewis Talks About Drake’s $50K Degrassi Reunion Surprise,"Lewis spoke exclusively with The Root about the viral moment, her bond with Drake and why the gift will help fuel her next creative chapter.",theroot.com,2026-08-06,Entertainment,Shanelle Genai,https://www.theroot.com/andrea-lewis-talks-about-drake-s-50k-degrassi-reunion-2000119910,,,{},0,0.0
"30 Years After Tupac’s Death, a Look at the Events Leading to Keffe D’s Trial","Nearly 30 years after Tupac Shakur was gunned down, his murder trial will start next week for Duane “Keffe D” Davis, who’s accused of orchestrating his killing.",theroot.com,2026-08-06,News,Angela Wilson,https://www.theroot.com/30-years-after-tupacs-death-a-look-at-the-events-leadi-2000119832,,,{},0,0.0
How to Budget Like a Boss: Finance Expert Shares Money Tips for Black Americans,"Personal finance expert Anthony O’Neal shares practical budgeting tips to help Black Americans cut expenses, build savings, and take control of their financial futures.",theroot.com,2026-08-06,Culture,Asheea Smith,https://www.theroot.com/how-to-budget-like-a-boss-finance-expert-shares-money-2000119976,,,{},0,0.0
"The First Black Woman Will Lead the CDC, but Can She Restore Trust?","Erica Schwartz has vowed not to betray science, but she repeatedly dodged how she would do that when facing pressure from the administration.",capitalbnews.org,2026-08-06,,Brandon Tensley,https://capitalbnews.org/erica-schwartz-first-black-woman-cdc-director/,,,{},0,0.0
"Chocolate City Under Trump: A Fight for Identity, Power and Place in DC","Chocolate City’s legacy was built by generations of Black Washingtonians. Now, Trump’s second term is testing the city’s power, identity and ability to shape its own future.",theroot.com,2026-08-06,Culture,Phenix S Halley,https://www.theroot.com/chocolate-city-under-trump-a-fight-for-identity-power-2000119869,,,{},0,0.0
Exclusive: Wes Moore Bets on Bi-Partisanship in a Divisive Age,The new National Governor’s Association Chair is positioned to be a bridge-builder,theroot.com,2026-08-06,News,Nii-Quartelai Quartey,https://www.theroot.com/exclusive-wes-moore-bets-on-bi-partisanship-in-a-divis-2000119940,,,{},0,0.0
ASAP Rocky addresses Drake’s latest Rihanna references and says everyone should move on already,"The rapper dismissed ongoing online drama, saying he and Rihanna have already moved forward with their lives.",thegrio.com,2026-08-06,Entertainment,Bolarinwa Oladeji,https://thegrio.com/2026/08/06/asap-rocky-responds-drake-rihanna-comments-move-on/,,,{},0,0.0
How ‘Pour Minds’ podcast hosts Lex P. and Drea Nicole built a sisterhood beyond the mic,"From its sold-out tour to unfiltered conversations, “Pour Minds” podcast creates a space for Black women to laugh, let loose, and feel seen.",thegrio.com,2026-08-06,Entertainment,Haniyah P.,https://thegrio.com/2026/08/06/how-pour-minds-podcast-hosts-lex-p-and-drea-nicole-built-a-sisterhood-beyond-the-mic/,,,{},0,0.0
"Yahya Abdul-Mateen II’s Emmy-nominated ‘Wonder Man’ axed, and its creators want answers","""Wonder Man"" co-creator Cretton says he's heartbroken and still doesn't understand why Marvel canceled the Emmy-nominated series.",thegrio.com,2026-08-06,Entertainment,Bolarinwa Oladeji,https://thegrio.com/2026/08/06/wonder-man-canceled-destin-daniel-cretton-heartbroken/,,,{},0,0.0
Jasmine Crockett remains skeptical Talarico can win Texas US Senate seat,Crockett said she's unconvinced by early polling and is watching campaign spending for signs the Senate race is truly competitive.,thegrio.com,2026-08-06,Politics,Gerren Keith Gaynor,https://thegrio.com/2026/08/06/jasmine-crockett-skeptical-talarico-can-win-texas-us-senate-seat/,,,{},0,0.0
Puerto Ricans in San Juan area prepare for 48-hour water ration due to historic drought,"On Friday, Puerto Ricans in San Juan and surrounding communities will be affected by water rationing, planned to take place over 48 hours.",thegrio.com,2026-08-06,News,Nhari Djan,https://thegrio.com/2026/08/06/puerto-ricans-in-san-juan-area-prepare-for-48-hour-water-ration-due-to-historic-drought/,,,{},0,0.0
Ari Lennox opens up about the ‘depressing’ financial stress of touring during London show,"Ari Lennox expressed that her bill from touring was ""astronomical"" during a performance at a festival in London.",thegrio.com,2026-08-06,Entertainment,Nhari Djan,https://thegrio.com/2026/08/06/ari-lennox-opens-up-about-the-depressing-financial-stress-of-touring-during-london-show/,,,{},0,0.0
"John James wins GOP primary, seeks to become Michigan’s first Black governor",The GOP nominee now faces Democratic Secretary of State Jocelyn Benson in the Michigan November general election.,thegrio.com,2026-08-06,Politics,Odafe Oghen,https://thegrio.com/2026/08/06/john-james-primary-win-michigan-governor/,,,{},0,0.0
"Trump signs new order ending ‘birth toursim,’ recycling citizenship argument about ‘babies of slaves’","After the Supreme Court rejected his birthright citizenship order, Trump is pursuing narrower actions expected to face court challenges.",thegrio.com,2026-08-06,Politics,Gerren Keith Gaynor,https://thegrio.com/2026/08/06/trump-signs-new-order-ending-birth-toursim-recycling-citizenship-argument-about-babies-of-slaves/,,,{},0,0.0
Nolan Wells: 3 Charged With Threatening People Related To Case,"The three people charged with making violent threats have no relation to each other, Nolan Wells’s family, and don’t even live in Mississippi.",newsone.com,2026-08-06,Crime,,https://newsone.com/6868543/three-charged-making-threats-nolan-wells-case/,,,{},0,0.0
6 Months Of Jail For White Man Who Killed 2 Black Women Is Not Justice,OPINION: Jason Anthony Scott pleaded guilty to two counts of involuntary manslaughter and assault with a deadly weapon inflicting serious injury after hitting another vehicle while going 100 mph.,newsone.com,2026-08-06,Crime,,https://newsone.com/6868483/jason-anthony-scott-six-months-killed-two-black-women/,,,{},0,0.0
Scholarships For Black Students That You Can Apply To Right Now,"Scholarships can make college affordable for Black students, with opportunities covering tuition, books, and more to reduce financial burden.",newsone.com,2026-08-06,Education,,https://newsone.com/6868515/scholarships-for-black-students/,,,{},0,0.0
What Are Flock Cameras And Why Are They So Controversial?,"Flock cameras expand surveillance, raising privacy concerns over tracking drivers’ movements without oversight or consent.",newsone.com,2026-08-06,Civil Rights &Amp; Social Justice,,https://newsone.com/6868484/what-are-flock-cameras-and-why-are-they-so-controversial/,,,{},0,0.0
Nursing Board Closes Anonymous Complaint Against Mother Of Nolan Wells,The parents of Nolan Wells have been subjected to racist attacks over the last month simply for wanting to know what led to their son’s death.,newsone.com,2026-08-06,Civil Rights &Amp; Social Justice,,https://newsone.com/6868481/nursing-board-closes-complaint-against-christine-wonsley/,,,{},0,0.0
What The Flock? Cops Use AI Camera System To Stalk Their Exes And More,"Flock cameras are artificial-intelligence roadside cameras that track license plates, adding them to a mappable database that can be searched by law enforcement.",newsone.com,2026-08-06,Crime,,https://newsone.com/6868453/cops-use-flock-camera-stalk-their-exes-and-more/,Policing & Public Safety,policing,"{""Policing & Public Safety"": [""law enforcement""]}",1,0.333
[Op-Ed] The Latest ICE Surge Is Political Violence,Enforcement becomes political violence when state force is deployed at scale in ways that discipline whole communities beyond the person immediately seized.,newsone.com,2026-08-06,Opinion,,https://newsone.com/6868459/latest-ice-surge-political-violence/,,,{},0,0.0
MACRO And a16z Debut First Class For Tech-Driven Creator Fellowship,"MACRO and Andreessen Horowitz’s Cultural Leadership Fund debuted work from the inaugural class of The Epigraph Creator Fellowship on July 30 at MACRO Foundation’s Summernight event in Los Angeles. The program pairs culturally grounded creators with AI production tools. Announced in April 2026, it ran eight weeks and gave fellows direct access to platforms from… Continue reading MACRO And a16z Debut First Class For Tech-Driven Creator Fellowship",afrotech.com,2026-08-06,Entertainment,Trey Mangum,https://afrotech.com/macro-and-a16z-debut-first-class-for-tech-driven-creator-fellowship,,,{},0,0.0
Former Fortune 500 Executive Dr. Donald W. Comer To Serve As Lane College’s 11th President,"Dr. Donald W. Comer will continue serving Lane College as president. The Jackson, TN, native with three degrees (BBA in accounting; MBA in strategic management; Ph.D. in urban higher education) was appointed interim president of the city’s Lane College in July 2024. Comer had already shown a heart of service for Historically Black Colleges and… Continue reading Former Fortune 500 Executive Dr. Donald W. Comer To Serve As Lane College’s 11th President",afrotech.com,2026-08-06,Career,Samantha Dorisca,https://afrotech.com/dr-donald-w-comer-to-serve-as-lane-college-11th-president,,,{},0,0.0
"Black Adults Report Greater Financial Strain Under Current Presidential Administration, With College-Educated Adults Hit Hardest","Black adults’ financial confidence declined during President Donald Trump’s term. This is reflected in findings released by the Federal Reserve Board through the Survey of Household Economics and Decisionmaking (SHED), which examines the economic well-being of households across the nation. It also identifies potential financial risks.",afrotech.com,2026-08-06,Business,Samantha Dorisca,https://afrotech.com/black-adults-financial-well-being-declines-according-to-federal-reserve-board,,,{},0,0.0
"Exclusive: NAACP Launches Health Equity Map, Pointing Out Disparities In Food, Healthcare, Clean Air And Water, And More","A first-of-its-kind tool has launched to drive investment in health equity. The NAACP launched a health equity map, in partnership with global healthcare company Sanofi, to raise awareness of health disparities and prompt action from policymakers and healthcare systems. Map users will be able to discover data from nearly 23,000 residents across 4,000 ZIP codes in 47… Continue reading Exclusive: NAACP Launches Health Equity Map, Pointing Out Disparities In Food, Healthcare, Clean Air And Water, A…",afrotech.com,2026-08-06,Technology,Samantha Dorisca,https://afrotech.com/naacp-launches-health-equity-map,Environmental Justice,environmental_justice,"{""Environmental Justice"": [""clean air"", ""clean water""]}",1,0.333
A Breakdown Of The Late Malcolm-Jamal Warner’s Net Worth,"Malcolm-Jamal Warner’s financial legacy is a classic study in how huge cultural fame doesn’t always translate into a massive fortune. After soaring to stardom at age 14 as Theo Huxtable on “The Cosby Show,” he spent the next four decades consistently working as an actor, director and Grammy-winning musician. Yet, despite his enduring career and… Continue reading A Breakdown Of The Late Malcolm-Jamal Warner’s Net Worth",afrotech.com,2026-08-06,Entertainment,Tyler-Christian Daniels,https://afrotech.com/malcolm-jamal-warner-net-worth,,,{},0,0.0
Dr. Charis Chambers wants Black families to stop treating puberty like a secret,"Dr. Charis Chambers, “The Period Doctor,” discusses the urgency behind her new book, “The Period and Puberty Parenting Revolution.”",thegrio.com,2026-08-06,Featured,Kay Wicker,https://thegrio.com/2026/08/06/dr-charis-chambers-wants-black-families-to-stop-treating-puberty-like-a-secret/,,,{},0,0.0
Jackson councilman calls on US Attorney’s Office to investigate death of woman found hanging from tree,"A councilman in Jackson, MS is calling for the U.S. Attorney Office to investigate the death of a woman found hanging from a tree.",thegrio.com,2026-08-06,News,Nhari Djan,https://thegrio.com/2026/08/06/jackson-councilman-calls-on-us-attorneys-office-to-investigate-death-of-woman-found-hanging-from-tree/,,,{},0,0.0
How viral hair artist Kayra Theodore turned childhood bows into a manifesto on freedom,"Kayra Theodore's hair show, ""Untied,"" reimagines the hairstyles that once made her a target into symbols of freedom, healing & creativity.",thegrio.com,2026-08-06,Featured,Haniyah P.,https://thegrio.com/2026/08/06/how-viral-hair-artist-kayra-theodore-turned-childhood-bows-into-a-manifesto-on-freedom/,,,{},0,0.0
A$AP Rocky says Rihanna is recording new music ‘right now’,"A$AP Rocky says Rihanna’s new music is being recorded right now, but no album title, collaborators or release date have been announced.",thegrio.com,2026-08-06,Entertainment,Odafe Oghen,https://thegrio.com/2026/08/06/rihanna-new-music-asap-rocky-studio/,,,{},0,0.0
How Diana Ross’ sparkling diamond earrings became one of Oprah Winfrey’s earliest aspirations,"The media mogul reflected on how Sidney Poitier, Diana Ross and Maya Angelou helped her see herself—and her future—in popular culture.",thegrio.com,2026-08-06,Entertainment,Odafe Oghen,https://thegrio.com/2026/08/06/oprah-diamond-earrings-diana-ross/,,,{},0,0.0
Toddlers found alive days after mother and her ex-boyfriend died in Pennsylvania home,"Two toddlers were found alive in a Wilkinsburg, Pennsylvania home two days after their mother and her ex-boyfriend died, police say.",thegrio.com,2026-08-06,News,Bolarinwa Oladeji,https://thegrio.com/2026/08/06/wilkinsburg-toddlers-found-alive-mother-dead/,,,{},0,0.0
Black-owned business loses Blue Angels contract after more than four decades serving the Navy,A Black-owned Pensacola business lost its 43-year Blue Angels uniform contract after the Navy awarded a new $1.69 million deal to Aquila.,thegrio.com,2026-08-06,Business,Peter Kerich,https://thegrio.com/2026/08/06/blue-angels-end-43-year-uniform-contract-sewing-box/,Economic Equity & Wealth Gap,economic_equity,"{""Economic Equity & Wealth Gap"": [""black business"", ""black-owned business"", ""black-owned""]}",1,0.333
Why some Democratic socialists are winning Black voters — and others aren’t,Political strategists say Black voters are rewarding candidates who connect progressive policies to their lived experiences.,thegrio.com,2026-08-06,Politics,Gerren Keith Gaynor,https://thegrio.com/2026/08/06/black-voters-democratic-socialists/,,,{},0,0.0
Dr. Erica Schwartz confirmed as first Black woman to lead the CDC,"The U.S. Senate has confirmed Dr. Erica Schwartz as CDC director, ending a year without permanent leadership at the nation's top public health",thegrio.com,2026-08-06,News,Bolarinwa Oladeji,https://thegrio.com/2026/08/06/erica-schwartz-confirmed-cdc-director/,,,{},0,0.0
Tuskegee president Dr. Mark Brown explains university’s viral bonnet and durag dress code policy,"After backlash over new dress code, Tuskegee University's president says the policy is focused on ""student success"" and workforce preperation.",thegrio.com,2026-08-06,Hbcu,Haniyah P.,https://thegrio.com/2026/08/06/tuskegee-president-dr-mark-brown-explains-universitys-viral-bonnet-and-durag-dress-code-policy/,,,{},0,0.0
Lawyer who represented Trump joins defense team for Nolan Wells’ friends,The expanded legal team says it is prepared to pursue remedies over allegedly defamatory online claims related to Wells' case.,thegrio.com,2026-08-06,News,Bolarinwa Oladeji,https://thegrio.com/2026/08/06/nolan-wells-friends-hire-edward-paltzik/,,,{},0,0.0
More than 25 million young adults now live at home as affordability worsens,"Experts say soaring rents, home prices and everyday costs are making independent living harder to afford for record numbers.",thegrio.com,2026-08-06,News,Bolarinwa Oladeji,https://thegrio.com/2026/08/06/record-young-adults-living-with-parents-housing-costs/,,,{},0,0.0
"When asked about WTA’s new testing policy, Coco Gauff didn’t pick a side—she chose nuance",Coco Gauff offered support for the trans community and understanding of fairness in women’s sports in her response.,thegrio.com,2026-08-06,Entertainment,Kay Wicker,https://thegrio.com/2026/08/06/when-asked-about-wtas-new-testing-policy-coco-gauff-didnt-pick-a-side-she-chose-nuance/,,,{},0,0.0
"Olandria, Trinity Tatum, and more ‘Love Island USA’ stars light up Variety’s Power of Young Hollywood","Olandria Carthen, Serena Page, Trinity Tatum, Kayda Bosse, Melanie Moreno and Aniya Harvey brought villa star power to Hollywood.",thegrio.com,2026-08-06,Entertainment,Bolarinwa Oladeji,https://thegrio.com/2026/08/06/olandria-serena-page-variety-power-young-hollywood/,,,{},0,0.0
Former Mount Vernon police official accused of helping son flee after alleged Bronx gang shooting,Former Mount Vernon deputy commissioner Jennifer Lackard and her son face charges after an alleged gang-related Bronx courthouse shooting.,thegrio.com,2026-08-06,News,Peter Kerich,https://thegrio.com/2026/08/06/jennifer-lackard-son-bronx-courthouse-shooting/,,,{},0,0.0
Why This Top NY Safety Official Now Faces Criminal Charges,"Jennifer Lackard, a now-former top New York public safety official, was arrested for allegedly being the getaway driver for her son who allegedly shot at a rival gang member—but that’s just the beginning.",theroot.com,2026-08-05,Crime,Angela Wilson,https://www.theroot.com/why-this-top-ny-safety-official-now-faces-criminal-char-2000119731,Policing & Public Safety,policing,"{""Policing & Public Safety"": [""public safety""]}",1,0.333
"Jay Ellis Talks Entrepreneurship, Patience And Exploring Engineering Feats With ‘How Did They Build That?’","Jay Ellis is in awe of some of the world’s greatest works of global engineering, just like the rest of us. As the Insecure alum prepares for a new season of Smithsonian Channel’s How Did They Build That?, he spoke with AfroTech about the work he’s doing on and off the screen, as well as… Continue reading Jay Ellis Talks Entrepreneurship, Patience And Exploring Engineering Feats With ‘How Did They Build That?’",afrotech.com,2026-08-05,Entertainment,Shanique Yates,https://afrotech.com/jay-ellis-entrepreneurship-how-did-they-bulid-that,,,{},0,0.0
Ted Lasso is Back with Surprising Nods to Black Culture,The popular show’s season four premiere delivered a few unexpected Black moments that delighted some fans,theroot.com,2026-08-05,Entertainment,Shanelle Genai,https://www.theroot.com/ted-lasso-is-back-with-surprising-nods-to-black-culture-2000119718,,,{},0,0.0
Hidden Gems: These HBCUs Deserve a Spot on Your College List,"From Elizabeth City State and Dillard to the University of the Virgin Islands and Alcorn State, these 15 HBCUs should be on your radar.",theroot.com,2026-08-05,Culture,Phenix S Halley,https://www.theroot.com/hidden-gems-these-hbcus-deserve-a-spot-on-your-college-2000119686,,,{},0,0.0
Inside the Rich Black History of Martha’s Vineyard,"As thousands prepare to gather in Oak Bluffs for the Martha’s Vineyard African American Film Festival, we’re looking at the history of the summer capital of Black excellence!",theroot.com,2026-08-05,News,Angela Wilson,https://www.theroot.com/inside-the-rich-black-history-of-marthas-vineyard-2000119662,,,{},0,0.0
Can AI Help Close The Black Maternal Health Gap? This New Documentary Explores It,"What if artificial intelligence (AI) could be used to provide better health care for Black women across the nation? In a new film produced for Microsoft and Kearney by BBC StoryWorks Commercial Productions, viewers are given a glimpse into Black maternal health and how artificial intelligence and data are being used to improve outcomes. As… Continue reading Can AI Help Close The Black Maternal Health Gap? This New Documentary Explores It",afrotech.com,2026-08-05,News,Shanique Yates,https://afrotech.com/black-maternal-health-ai-documentary,Maternal Health,maternal_health,"{""Maternal Health"": [""maternal health"", ""black maternal""]}",1,0.333
Kevin Hart Joins The Beyoncé And Jay-Z As One Of The Highest-Grossing Black Touring Acts In History,"All roads lead back to comedy for Kevin Hart. Hart is a comedian who has expanded his business ventures beyond comedy shows. He currently has an R-rated comedy film streaming on Netflix called “72 Hours,” produced in partnership with Sony, Davis Entertainment, Counterbalance Entertainment, Will Packer, and Hart’s own studio, Hartbeat, according to What’s On… Continue reading Kevin Hart Joins The Beyoncé And Jay-Z As One Of The Highest-Grossing Black Touring Acts In History",afrotech.com,2026-08-05,Business,Samantha Dorisca,https://afrotech.com/revenue-from-kevin-harts-comedy-tours-revenue,,,{},0,0.0
Steve Madden Says HBCUs Deserve More Attention ‘Especially At This Time In America’ — Here’s How His Company Is Ensuring They Get It,"Steve Madden wants to ensure HBCU students have a stake in the fashion industry. Madden turned a $1,100 investment into an iconic shoe brand that launched in 1990 in Queens, NY, according to information on the company’s website. He said the venture was inspired by music and street culture with a focus on individuality. Since… Continue reading Steve Madden Says HBCUs Deserve More Attention ‘Especially At This Time In America’ — Here’s How His Company Is Ensuring They Get It",afrotech.com,2026-08-05,Hbcu,Samantha Dorisca,https://afrotech.com/steve-madden-partnership-howard-university-school-of-business,,,{},0,0.0
Exclusive: Gov. Wes Moore has thoughts on all the chatter about 2028,"Soon after becoming chair of the National Governors Association, Maryland’s governor says Democrats should focus on November.",theroot.com,2026-08-05,News,Phenix S Halley,https://www.theroot.com/exclusive-gov-wes-moore-has-thoughts-on-all-the-chatt-2000119657,,,{},0,0.0
Exactly How Many Days Did It Take OpenAI To Detect Its AI Agent Had Become A Hacker?,"OpenAI took days to detect a major cybersecurity threat caused by its AI agent. As AFROTECH™ previously reported, an AI agent, powered by its models including GPT-5.6 Sol, hacked Hugging Face’s infrastructure, compromising its database of AI models. This occurred during OpenAI’s internal cybersecurity evaluation. Its AI agent escaped a sandboxed testing environment without human… Continue reading Exactly How Many Days Did It Take OpenAI To Detect Its AI Agent Had Become A Hacker?",afrotech.com,2026-08-05,Technology,Samantha Dorisca,https://afrotech.com/how-many-days-did-it-take-openai-to-detect-its-ai-agent-had-become-a-hacker,,,{},0,0.0
"Abdul El-Sayed, Progressive Senate Candidate, Defeats Centrist Haley Stevens In Michigan Democratic Primary","One of the most high-profile primary races of the 2026 midterm cycle played out in Michigan, with a progressive Democratic Senate candidate defeating a centrist, establishment-backed Democratic opponent. Now, attention turns to the general election, in which Democrats have to be concerned about healing intraparty divisions in order to compete with the GOP for a… Continue reading Abdul El-Sayed, Progressive Senate Candidate, Defeats Centrist Haley Stevens In Michigan Democratic Primary",blavity.com,2026-08-05,Politics,Christopher Rhodes,https://blavity.com/abdul-el-sayed-defeats-haley-stevens,,,{},0,0.0
Pope Leo Appears To Publicly Acknowledge Black Ancestry For First Time,"Pope Leo has further fueled discussions about his heritage by seemingly acknowledging his multiracial background. The pope’s comments, made as part of a larger conversation about being an American pope, are the closest that the head of the Catholic Church has made about his family’s racial history, which has been a topic of discussion since… Continue reading Pope Leo Appears To Publicly Acknowledge Black Ancestry For First Time",blavity.com,2026-08-05,News,Christopher Rhodes,https://blavity.com/pope-leo-appears-to-publicly-acknowledge-black-ancestry-for-first-time,,,{},0,0.0
Trump-Backed Black Conservative Lost A Congressional Primary To Opponent Who Dropped Out Of Race Last Month,"In an unusual result in one of the key primary races to be decided Tuesday, a Trump-backed Republican lost a U.S. House race to a candidate who was no longer running for the position. The surprise outcome boosts Democrats’ chances of holding onto the battleground seat and makes it increasingly likely that there will be… Continue reading Trump-Backed Black Conservative Lost A Congressional Primary To Opponent Who Dropped Out Of Race Last Month",blavity.com,2026-08-05,Politics,Christopher Rhodes,https://blavity.com/amir-hassan-loses-primary,,,{},0,0.0
Maxwell Frost Has ‘Technically’ Already Won Reelection — Now He’s Helping Other Progressives,"As more primary races come to an end around the United States, Democrats and Republicans are squaring off for a high-stakes Election Day this November to determine control of Congress. The youngest member of Congress, however, has also become the first member to secure reelection, and the Florida Democrat has now turned to boosting other… Continue reading Maxwell Frost Has ‘Technically’ Already Won Reelection — Now He’s Helping Other Progressives",blavity.com,2026-08-05,Politics,Christopher Rhodes,https://blavity.com/maxwell-frost-has-technically-already-won-reelection-now-hes-helping-other-progressives,,,{},0,0.0
"After defeating Cori Bush, Rep. Wesley Bell has a message for his former rival","Bell urged unity following a decisive primary victory, defeating Bush for a second straight election in Missouri's 1st Congressional District.",thegrio.com,2026-08-05,Politics,Gerren Keith Gaynor,https://thegrio.com/2026/08/05/rep-wesley-bell-wins-election-against-cori-bush-missouri-house/,,,{},0,0.0
Cori Bush Loses Rematch With Wesley Bell In Congressional Race Defined By Israel Policy,"Former Rep. Cori Bush fell short Tuesday in her attempt to unseat Rep. Wesley Bell, the man who defeated her two years ago to represent the St. Louis area in Congress. Bush’s stalled comeback bid comes despite progressive candidates rising around the country. Rep. Bell defeats Cori Bush for second time in race colored by… Continue reading Cori Bush Loses Rematch With Wesley Bell In Congressional Race Defined By Israel Policy",blavity.com,2026-08-05,Politics,Christopher Rhodes,https://blavity.com/wesley-bell-defeats-cori-bush-in-rematch,,,{},0,0.0
One Progressive Won. One Lost. What Democratic Voters Were Really Saying.,Analysis: Abdul El-Sayed’s rise and Cori Bush’s defeat reveal Democratic voters are rewarding practicality without abandoning progressive economic priorities.,theroot.com,2026-08-05,News,Phenix S Halley,https://www.theroot.com/one-progressive-won-one-lost-what-democratic-voters-w-2000119496,,,{},0,0.0
Is Your Morning Coffee Habit Actually Affecting Your Heart Health?,Wondering if a morning brew affects your ticker? Blavity Health breaks down what recent studies reveal about coffee and heart disease risks.,blavity.com,2026-08-05,Conditions &Amp; Care,"Dr. Diana Rangaves, PharmD",https://blavity.com/coffee-heart-disease,,,{},0,0.0
Trump-backed candidate Amir Hassan falls short in Michigan GOP primary as suspended rival secures victory,Thomas J. Smith secured the Republican nomination after remaining on the ballot despite suspending his campaign less than three weeks earlier.,thegrio.com,2026-08-05,News,Bolarinwa Oladeji,https://thegrio.com/2026/08/05/trump-endorsed-amir-hassan-loses-michigan-gop-primary/,,,{},0,0.0
‘Girlfriends’ cast reunites to cheer on Tracee Ellis Ross’ Broadway debut,"The Girlfriends cast reunited to support Tracee Ellis Ross as she made her Broadway debut in Every Brilliant Thing, celebrating the milestone",thegrio.com,2026-08-05,Entertainment,Peter Kerich,https://thegrio.com/2026/08/05/girlfriends-cast-reunites-tracee-ellis-ross-broadway/,,,{},0,0.0
‘Inside the NBA’ analyst Kenny Smith says ‘I do’ to Croatian influencer Tia Jurcic,"Kenny Smith marries Tia Jurcic in California, marking the third marriage for both and highlighting their nearly 20-year age gap.",thegrio.com,2026-08-05,Featured,Odafe Oghen,https://thegrio.com/2026/08/05/kenny-smith-wedding-tia-jurcic-california/,,,{},0,0.0
Whoopi Goldberg says her ‘The View’ paycheck would leave fans ‘shocked’,The EGOT winner joked about her salary before reflecting on why she's remained at the table for nearly two decades.,thegrio.com,2026-08-05,Entertainment,Bolarinwa Oladeji,https://thegrio.com/2026/08/05/whoopi-goldberg-the-view-paycheck-shocked/,,,{},0,0.0
"Whoopi Goldberg is Choosing the Single Life, and Black Women Are Here For It",Goldberg’s latest and hilarious comments about dating tap into a conversation many Black women are already having! Let’s get into it.,theroot.com,2026-08-05,Entertainment,Shanelle Genai,https://www.theroot.com/whoopi-goldberg-is-choosing-the-single-life-and-black-2000119654,,,{},0,0.0
Claressa Shields rejects ‘somebody’s husband’ label for Papoose amid pending divorce from Remy Ma,Claressa Shields says Papoose filed for divorce and rejects claims that she is dating “somebody’s husband” while the case remains pending.,thegrio.com,2026-08-05,Featured,Odafe Oghen,https://thegrio.com/2026/08/05/claressa-shields-papoose-relationship-divorce/,,,{},0,0.0
Exclusive: Olivia Miles Is Taking The WNBA By Storm and We’re All Here For It,"The rookie guard opens up about her electric transition to the pros, staying grounded through the hype and being her authentic self.",theroot.com,2026-08-05,Sports,Rashad Grove,https://www.theroot.com/exclusive-olivia-miles-is-taking-the-wnba-by-storm-and-2000119596,,,{},0,0.0
STUDY: Black Adults Face Rising Financial Strain Over The Last Decade: Here's What The Data Shows,"Black households face growing financial hardship as job losses, layoffs hit them hardest under Trump-Vance.",newsone.com,2026-08-05,Business &Amp; Economy,,https://newsone.com/6868351/shed-survey-black-adults-face-rising-financial-strain/,,,{},0,0.0
"Raise a chair if you remember: Three years later, Black communities are still celebrating the viral Montgomery brawl","From the swinging folding chair to the hundreds of memes that followed, the viral 2023 Alabama Riverfront brawl is cemented in Black history.",thegrio.com,2026-08-05,Featured,Haniyah P.,https://thegrio.com/2026/08/05/raise-a-chair-if-you-remember-three-years-later-black-communities-are-still-celebrating-the-viral-montgomery-brawl/,,,{},0,0.0
Dominique Dillon didn’t just fall asleep on live TV — she exposed a crisis befalling Black mothers,"Dominique Dillon, a newscaster at Fox 13 Memphis who fell asleep on air, is bringing to light the sleep-deprivation crisis Black moms face.",thegrio.com,2026-08-05,Health,Kay Wicker,https://thegrio.com/2026/08/05/dominique-dillon-didnt-just-fall-asleep-on-live-tv-she-exposed-a-crisis-befalling-black-mothers/,,,{},0,0.0
"LAPD officer accused of illegally recording coworkers to document alleged racist, sexist comments",An LAPD officer recording case brings 16 felony counts after Daniel Flores allegedly taped colleagues making discriminatory remarks.,thegrio.com,2026-08-05,News,Odafe Oghen,https://thegrio.com/2026/08/05/lapd-officer-recording-case-daniel-flores/,,,{},0,0.0
‘He is our child’: Tabitha Brown opens up on the shared grief of Black parents over Nolan Wells and how it can establish trauma,"Tabitha Brown is speaking out about the collective grief shared regarding Nolan Wells, and how it affects the everyday lives of those raising Black kids.",thegrio.com,2026-08-05,Lifestyle,Brandon Caldwell,https://thegrio.com/2026/08/05/tabitha-brown-collective-grief-trauma-nolan-wells/,,,{},0,0.0
US Military Vet Sues Idaho National Guard After Violent Detention,"Anna King, a retired U.S. Army captain who earned both a Purple Heart and a Bronze Star, was tossed to the ground and zip-tied in her own home by Idaho National Guard members in Washington, D.C..",newsone.com,2026-08-05,Civil Rights &Amp; Social Justice,,https://newsone.com/6868171/veteran-anna-king-sues-national-guard-violent-detention/,,,{},0,0.0
Judge Blocks NY Law Banning Federal Agents From Wearing Masks,The judge did allow the state to move forward with a ban preventing New York law enforcement from formally cooperating with ICE Agents.,newsone.com,2026-08-05,Nation,,https://newsone.com/6868318/judge-blocks-ban-ice-agents-masks/,Policing & Public Safety,policing,"{""Policing & Public Safety"": [""law enforcement""]}",1,0.333
Jasmine Crockett Repeated A Viral Claim About Black Women,"During a panel focused on voting and civic engagement, U.S. Rep. Jasmine Crockett argued that Black women have been disproportionately harmed by the Trump regime’s attacks on DEI in the workforce.",newsone.com,2026-08-05,Nation,,https://newsone.com/6868324/jasmine-crockett-error-highly-educated-black-women/,Book Bans & Anti-DEI,book_bans_dei,"{""Book Bans & Anti-DEI"": [""dei""]}",1,0.333
The Biggest Stories From The August 4 Primary Elections,"While Progressive Abdul El-Sayed secured the Democratic nomination in Michigan’s Senate race, Cori Bush’s comeback bid in Missouri fell short.",newsone.com,2026-08-05,Nation,,https://newsone.com/6868341/biggest-stories-august-4-primary-elections/,,,{},0,0.0
Tuskegee’s Dress Code And The Deliberate Blindness Of Decorum,"A “polarizing” decision from a private institution has upset some because they only read the headline, not the story.",newsone.com,2026-08-05,News,,https://newsone.com/6868327/tuskegee-dress-code-deliberate-blindness-decorum/,,,{},0,0.0
Authorities Determine The Source Of Last Year’s Eaton Fire In Altadena,A report from the Los Angeles County Fire Department found that the Eaton Fire began as a result of a malfunctioning transmission tower.,newsone.com,2026-08-05,Nation,,https://newsone.com/6868379/eaton-fire-altadena-source-southern-california-edison/,,,{},0,0.0
Swimming While Black?: Father Says Police Were Called After He Refused To Show ID At Apartment Pool,"Black father’s pool visit turns traumatic after police called over ID demand, sparking discussion on racial profiling.",newsone.com,2026-08-05,Black News,,https://newsone.com/6868372/leo-sullivan-chicago-pool-incident/,Policing & Public Safety,policing,"{""Policing & Public Safety"": [""racial profiling""]}",1,0.333
11 Items Every Home Gym Needs,"I’ll be honest with you: my home gym didn’t happen overnight. It was built piece by piece over time, with each addition making the space more functional, more intentional, and more mine. What I have learned through that process is that you don’t need a commercial gym membership or a massive budget to build a […]",ebony.com,2026-08-05,Health,,https://www.ebony.com/must-have-items-every-home-gym-needs/,,,{},0,0.0
Our Summer of Nostalgia: How America Refound Itself,"Four things are happening in American culture this summer that, taken together, reveal something important about who we are right now. The New York Knicks won their first NBA Championship in 53 years. Toy Story 5 delivered the biggest opening weekend of 2026. The FIFA World Cup descended on American cities, transforming strangers into communities overnight. And […]",ebony.com,2026-08-05,Culture,,https://www.ebony.com/our-summer-of-nostalgia-how-america-refound-itself/,,,{},0,0.0
These Are the Black DJs Creating the Soundtrack to Your Timeline,"With every swipe and scroll on social media, whether it be Instagram or TikTok, you can count on finding mixes, mashups and transitions to every song known to man. As someone who’s contributed to the timeline once or twice, it’s evident that DJs on social media influence which songs go viral, how new songs are […]",ebony.com,2026-08-05,Music,,https://www.ebony.com/these-are-the-black-djs-creating-the-soundtrack-to-your-timeline/,,,{},0,0.0
The Ultimate Back-to-School Tech Essentials Every High School Student Will Actually Use,"The modern high school student is carrying more than textbooks these days. Somewhere between first period and final bell exists an ecosystem of chargers, playlists, FaceTime calls, digital planners, college applications and enough screenshots to tell the story of an entire semester. School isn’t simply where students learn anymore. It’s where identities are built in […]",ebony.com,2026-08-05,Shopping,,https://www.ebony.com/the-ultimate-back-to-school-tech-essentials-every-high-school-student-will-actually-use/,,,{},0,0.0
‘I thought she was going to win’: Jill Biden reflects on Kamala Harris’ 2024 loss with sobering admission,"Dr. Jill Biden believes she'll never see a female President in her lifetime, telling Kelly Ripa that she was ""shocked"" Kamala Harris lost in 2024.",thegrio.com,2026-08-05,Politics,Brandon Caldwell,https://thegrio.com/2026/08/05/jill-biden-kamala-harris-female-president-in-her-lifetime/,,,{},0,0.0
‘I love my job and my patients’: Professional misconduct case filed against Nolan Wells’ mother dismissed by Mississippi Board of Nursing,"An anonymous misconduct complaint filed against Christine Wells Wonsley with the Mississippi Board of Nurses has been closed, she says.",thegrio.com,2026-08-05,News,Brandon Caldwell,https://thegrio.com/2026/08/05/christine-wonsley-nursing-complaint-dismissed-nolan-wells/,,,{},0,0.0
GOP Rep Max Miller Urged To Resign Amid Domestic Violence Allegations,"Max Miller, an Ohio Republican seeking a third term in the House of Representatives, has been accused of horrific domestic violence by his ex-wife, Emily Moreno, the daughter of Sen. Bernie Moreno.",newsone.com,2026-08-05,Nation,,https://newsone.com/6868348/max-miller-accused-abuse-urged-resign/,,,{},0,0.0
New York Passes Medical Aid In Dying Act For Terminally Ill Patients,The Medical Aid in Dying Act allows New Yorkers who have no more than six months to live and meet a strict set of requirements to request life-ending medication from their health care providers.,newsone.com,2026-08-05,Nation,,https://newsone.com/6868311/new-york-passes-medical-aid-in-dying-act/,,,{},0,0.0
"Paramount+ reveals first look at ‘The Varnell Hill Show,’ bringing an iconic ‘Martin’ character back to TV","More than 30 years after his iconic debut on 'Martin,' Tommy Davidson is reprising his role as Varnell Hill with an eight-episode series.",thegrio.com,2026-08-05,Entertainment,Brandon Caldwell,https://thegrio.com/2026/08/05/varnell-hill-show-first-look-paramount-plus/,,,{},0,0.0
Would you pick your child up from a sleepover after a late-night call home? A discussion,The great sleepover debate was reignited this week after a mom claimed she refused to pick up her child from home who called home.,thegrio.com,2026-08-05,Lifestyle,Kay Wicker,https://thegrio.com/2026/08/05/would-you-pick-your-child-up-from-a-sleepover-after-a-late-night-call-home-a-discussion/,,,{},0,0.0
T-Pain says selling his music catalog was about protecting his family’s future,"T-Pain says he sold his music catalog to secure his children's future, arguing that declining payouts made a sale better than royalties.",thegrio.com,2026-08-05,Featured,Peter Kerich,https://thegrio.com/2026/08/05/t-pain-explains-selling-music-catalog-kids-future/,,,{},0,0.0
Florida pastor charged with abusing teen boy and allegedly exposing him to HIV,Investigators allege the 14-year-old was exposed to HIV as authorities examine whether additional victims may exist.,thegrio.com,2026-08-05,News,Bolarinwa Oladeji,https://thegrio.com/2026/08/05/florida-pastor-charged-abusing-teen-boy-hiv-exposure/,,,{},0,0.0
Why Atlanta Could Lose a Major Black Business Festival,"After Earn Your Leisure founders Rashad Bilal and Troy Millings said the city of Atlanta doesn’t support Invest Fest, the mayor just replied back.",theroot.com,2026-08-05,Culture,Angela Wilson,https://www.theroot.com/why-atlanta-could-lose-a-major-black-business-festival-2000119377,Economic Equity & Wealth Gap,economic_equity,"{""Economic Equity & Wealth Gap"": [""black business""]}",1,0.333
Beyoncé surprises fans with ‘Morning Dew (Donk)’ remix pack featuring JAY-Z,The four-track release includes JAY-Z's first officially released verse since 2022 and an acoustic version of the song.,thegrio.com,2026-08-05,Entertainment,Odafe Oghen,https://thegrio.com/2026/08/05/beyonce-remix-pack-morning-dew-fan-reactions/,,,{},0,0.0
Perez Hilton hospitalized after apparent mental health crisis during livestream,"Perez Hilton was hospitalized after concerned livestream viewers contacted authorities, prompting a mental health crisis response.",thegrio.com,2026-08-05,Featured,Peter Kerich,https://thegrio.com/2026/08/05/perez-hilton-hospitalized-livestream-viewers-called-help/,,,{},0,0.0
Whole Foods’ Black Lives Matter apparel ban upheld by federal labor board,"The NLRB ruled the Whole Foods BLM apparel ban lawful, finding workers’ messages were not tied to their workplace conditions.",thegrio.com,2026-08-05,Featured,Odafe Oghen,https://thegrio.com/2026/08/05/whole-foods-blm-apparel-ban-lawful/,,,{},0,0.0
Ohio father allegedly posed as daughter on TikTok to lure accused rapist before shooting him,The man faces multiple felony charges while investigators separately examine the father's actions during the alleged confrontation.,thegrio.com,2026-08-05,News,Peter Kerich,https://thegrio.com/2026/08/05/ohio-father-allegedly-posed-as-daughter-on-tiktok-to-lure-accused-rapist-before-shooting-him/,,,{},0,0.0
"Take a Look Inside Usher’s Sleek, Art-Filled Atlanta Home",Usher is opening up his Atlanta home and giving his fans a look at the chic space. Let’s check it out!,theroot.com,2026-08-05,Beauty,Shanelle Genai,https://www.theroot.com/take-a-look-inside-ushers-sleek-art-filled-atlanta-hom-2000119597,,,{},0,0.0
D.L. Hughley says Nicki Minaj is targeting the wrong person in Fauci criticism,"The comedian argued Trump, not Fauci, should receive the bulk of criticism over the federal pandemic response.",thegrio.com,2026-08-05,Entertainment,Odafe Oghen,https://thegrio.com/2026/08/05/dl-hughley-defends-fauci-nicki-minaj/,,,{},0,0.0
Donavan McKinney defeats Shri Thanedar in Michigan primary,Donavan McKinney’s win is another victory for the progressive insurgency toppling incumbent Democratic lawmakers.,thegrio.com,2026-08-05,Politics,Panama Jackson,https://thegrio.com/2026/08/05/donavan-mckinney-defeats-shri-thanedar-in-michigan-primary/,,,{},0,0.0
Rihanna’s Carnival comeback is the carefree mom moment we love to see,"From dancing with A$AP Rocky to dazzling on a float, Rihanna's return to Crop Over is a reminder of the joy and freedom of Caribbean culture.",thegrio.com,2026-08-05,Lifestyle,Haniyah P.,https://thegrio.com/2026/08/05/rihannas-carnival-comeback-is-the-carefree-mom-moment-we-love-to-see/,,,{},0,0.0
Who is Abdul El-Sayed? Michigan’s Democratic Senate nominee makes his case to Black voters,Who is Abdul El-Sayed? Meet Michigan's Democratic Senate nominee and his pitch to Black voters ahead of November.,thegrio.com,2026-08-05,Politics,Gerren Keith Gaynor,https://thegrio.com/2026/08/05/bdul-el-sayed-michigan-democratic-senate-nominee-black-voters/,,,{},0,0.0
"Black Woman Found Hanging From A Tree In Jackson, Mississippi","The identity of the hanging victim, who was discovered Monday night, has not been revealed yet, and the investigation into her death is still underway.",newsone.com,2026-08-05,Nation,,https://newsone.com/6868396/black-woman-found-hanging-jackson-mississippi/,,,{},0,0.0
Designer loses A$AP Rocky gig after posting screenshot of the rapper’s message,"A$AP Rocky says he won't work with the designer after Peters shared their private Instagram DM publicly, calling the post ""distasteful.""",thegrio.com,2026-08-04,Entertainment,Bolarinwa Oladeji,https://thegrio.com/2026/08/04/asap-rocky-allan-peters-private-dm-deal/,,,{},0,0.0
Analysis says Supreme Court’s ‘colorblind’ approach has weakened Voting Rights Act,A Vox analysis traces how Supreme Court colorblindness reshaped voting law and weakened protections for Black voters.,thegrio.com,2026-08-04,Politics,Odafe Oghen,https://thegrio.com/2026/08/04/supreme-court-colorblindness-voting-rights/,Voter Suppression,voter_suppression,"{""Voter Suppression"": [""voting rights"", ""voting law""]}",1,0.333
Chris Bosh shares new details about near-fatal health emergency,"Chris Bosh says a pulmonary embolism caused his January health scare, nearly killed him and required a week-long hospital stay.",thegrio.com,2026-08-04,Featured,Odafe Oghen,https://thegrio.com/2026/08/04/chris-bosh-health-scare-pulmonary-embolism/,,,{},0,0.0
Serena Williams says GLP-1 treatment improved her health beyond weight loss,"The former world No. 1 says the medication changed her bloodwork, reduced health risks and shouldn't carry the stigma it often does.",thegrio.com,2026-08-04,News,Bolarinwa Oladeji,https://thegrio.com/2026/08/04/serena-williams-defends-glp1-use-weight-loss/,,,{},0,0.0
Zendaya and Tom Holland are on pace to make Hollywood box office history,"With ""Spider-Man: Brand New Day"" and ""The Odyssey"" topping theaters, the stars could challenge the record for the highest-grossing year.",thegrio.com,2026-08-04,Entertainment,Peter Kerich,https://thegrio.com/2026/08/04/zendaya-tom-holland-box-office-record-2026/,,,{},0,0.0
"A$AP Rocky says Rihanna ‘held me down’ through heartbreak, legal troubles and life’s hardest moments","Rihanna supported A$AP Rocky through grief, detention and his felony trial, the rapper says in a preview of his Jason Lee interview.",thegrio.com,2026-08-04,Featured,Odafe Oghen,https://thegrio.com/2026/08/04/rihanna-supported-asap-rocky-lowest-moments/,,,{},0,0.0
Rare ‘MoMo’ twins who were born hugging each other finally head home after two-month NICU stay,Rare MoMo twins born while hugging each other have finally gone home after spending nearly two months in the NICU.,thegrio.com,2026-08-04,Featured,Peter Kerich,https://thegrio.com/2026/08/04/rare-momo-twins-born-hugging-each-other-go-home/,,,{},0,0.0
Rihanna celebrates Barbados’ biggest festival in full Crop Over style,"Rihanna celebrated Grand Kadooment Day in Barbados in an elaborate jeweled and feathered costume, dancing alongside her brother's band.",thegrio.com,2026-08-04,News,Bolarinwa Oladeji,https://thegrio.com/2026/08/04/rihanna-barbados-grand-kadooment-day-carnival/,,,{},0,0.0
National prayer rally set for Nolan Wells on what would have been his 19th birthday,"A national prayer rally for Nolan Wells is set for Aug. 19 in Biloxi, Mississippi, with Dr. Jamal Bryant delivering the keynote on what would",thegrio.com,2026-08-04,News,Bolarinwa Oladeji,https://thegrio.com/2026/08/04/nolan-wells-national-prayer-rally-jamal-bryant/,,,{},0,0.0
Fisk University president defends proposed data center as part of $900M campus vision,Fisk University President Dr. Agenia Clark says proposed campus data center is still in planning and aims to expand research opportunities.,thegrio.com,2026-08-04,Featured,Peter Kerich,https://thegrio.com/2026/08/04/fisk-university-data-center-campus-expansion/,,,{},0,0.0
Jaafar Jackson lands first major role after ‘Michael’ alongside Will Smith,"The actor will appear in Amazon MGM Studios' upcoming thriller ""Supermax,"" marking his first announced project since ""Michael.""",thegrio.com,2026-08-04,Entertainment,Odafe Oghen,https://thegrio.com/2026/08/04/jaafar-jackson-supermax-role-will-smith/,,,{},0,0.0
Everything You Need To Know About Today’s Primaries,"All eyes are on a progressive vs establishment showdown for Michigan’s Democratic Senate nomination, while Cori Bush eyes a comeback in Missouri.",newsone.com,2026-08-04,Nation,,https://newsone.com/6868284/primaries-tuesday-august-4-everything-to-know/,,,{},0,0.0
Why Black mothers need the Mamas First Act to pass,"Black lawmakers speak out about the Mamas First Act, reintroduced in Congress in July, that could make pregnancy so much safer.",thegrio.com,2026-08-04,Health,Kay Wicker,https://thegrio.com/2026/08/04/why-black-mothers-need-the-mamas-first-act-to-pass/,,,{},0,0.0
LAPD Officer Punished For Telling The Truth About Other Cops,LAPD officer Daniel Flores was charged with 16 felony counts of eavesdropping on or recording confidential communications.,newsone.com,2026-08-04,Civil Rights &Amp; Social Justice,,https://newsone.com/6868135/lapd-officer-punished-for-telling-truth/,,,{},0,0.0
Capital One Closed Trump Accounts Over Suspicion Of Money Laundering,"A Trump financial holdings company sued Capital One, alleging the bank closed Trump’s accounts for political reasons, but the accounts were closed over allegations of money laundering.",newsone.com,2026-08-04,Nation,,https://newsone.com/6868196/trump-money-laundering-capital-one/,,,{},0,0.0
New Landmark Study Reveals HBCU Graduates Thrive Long After College—And The Data Proves Why,"HBCU study shows graduates thrive, feel supported and recommend their schools, despite higher costs.",newsone.com,2026-08-04,Education,,https://newsone.com/6868193/hbcu-landmark-proof-of-promise-study-explained/,,,{},0,0.0
Jeanine Pirro Admits That Contractors Caused Reflecting Pool Damage,The Department of Justice has dropped the vandalism charges against Olympian David Hearn as well as three others accused of damaging the pool.,newsone.com,2026-08-04,Nation,,https://newsone.com/6868094/trump-reflecting-pool-damage-contractors/,,,{},0,0.0
Millions Of People Have Lost SNAP Benefits Due To Trump Overhaul,"As part of last year’s Big, Beautiful Bill, Trump made significant changes to the work requirements and funding structure for SNAP benefits.",newsone.com,2026-08-04,Nation,,https://newsone.com/6868184/millions-lose-snap-benefits-trump-overhaul/,,,{},0,0.0
How To Get Free Back-To-School Supplies For The Kids This Year,Families looking to save on back-to-school costs can explore various options to obtain free school supplies this year. Here’s a detailed guide.,newsone.com,2026-08-04,Family &Amp; Parenting,,https://newsone.com/6868102/how-to-get-free-back-to-school-supplies-for-the-kids-this-year/,,,{},0,0.0
Inside Chadwick Boseman’s Net Worth & Estate Distribution,"Chadwick Boseman built one of the most purposeful careers in modern Hollywood, and he did it in barely a decade. He played Jackie Robinson, James Brown and Thurgood Marshall. Then came King T’Challa, the role that turned a Marvel movie into a cultural event. In August 2020, he was gone at 43. Fans learned only… Continue reading Inside Chadwick Boseman’s Net Worth & Estate Distribution",afrotech.com,2026-08-04,Entertainment,Tyler-Christian Daniels,https://afrotech.com/chadwick-boseman-net-worth,,,{},0,0.0
Olympian Jackie Joyner-Kersee Opens East St. Louis Innovation Center To Teach Youth Urban Agriculture And Food Innovation,"Jackie Joyner-Kersee wants East St. Louis, IL, youth to have a bright future. Joyner-Kersee is an Olympic track-and-field champion from East St. Louis. According to the University of Illinois Alumni Association (UIAA), she was raised in a family that experienced food insecurity. Since 1988, she has dedicated her time to ensuring youth from her hometown… Continue reading Olympian Jackie Joyner-Kersee Opens East St. Louis Innovation Center To Teach Youth Urban Agriculture And Food Innovation",afrotech.com,2026-08-04,Education,Samantha Dorisca,https://afrotech.com/olympian-jackie-joyner-kersee-opens-east-st-louis-innovation-center,,,{},0,0.0
Former NYC Mayor Eric Adams Pitched Wisconsin Rapids Community On Proposed Data Center,"Former New York City Mayor Eric Adams is pursuing a new career path. Adams held the position until Dec. 31, 2025, when he was succeeded by Zohran Mamdani. Now, he is embarking on a new career as a business development consultant, selling products to companies and sovereign nations, according to The Real Deal. The “real estate-related… Continue reading Former NYC Mayor Eric Adams Pitched Wisconsin Rapids Community On Proposed Data Center",afrotech.com,2026-08-04,Technology,Samantha Dorisca,https://afrotech.com/former-nyc-mayor-eric-adams-pitched-wisconsin-community-on-data-center,,,{},0,0.0
Tuskegee University President Dr. Mark A. Brown Defends New Dress Code,"Tuskegee University President Dr. Mark A. Brown is standing by the university’s new dress code despite the debate it has sparked ahead of its Fall 2026 implementation. During an appearance on CNN on Saturday, Aug. 1, 2026, Brown said the policy is centered on student success and reflects the university’s commitment to preparing students for… Continue reading Tuskegee University President Dr. Mark A. Brown Defends New Dress Code",afrotech.com,2026-08-04,Education,ShaCamree Gowdy,https://afrotech.com/tuskegee-university-dress-code-policy-hbcu-workforce,,,{},0,0.0
The Late Michael Jackson Among Top Artists Fueling Sony Music’s 22% Sales Jump,"The late Michael Jackson’s musical footprint continues to drive strong business returns. In April 2026, the “Michael” movie was released in theatres. Lionsgate’s musical biopic cast Jackson’s nephew, Jaafar, in the titular role. The film opened with $97 million in ticket sales domestically and $217 million globally, according to Variety. By July, it surpassed $1… Continue reading The Late Michael Jackson Among Top Artists Fueling Sony Music’s 22% Sales Jump",afrotech.com,2026-08-04,Business,Samantha Dorisca,https://afrotech.com/the-late-michael-jackson-among-top-artists-fueling-sony-music-22-sales-jump,,,{},0,0.0
‘RHOA’ stars Pinky Cole and Shamea Morton Mwangi announce baby news,Pinky Cole announces her fourth pregnancy as Shamea Morton reveals her surrogate is expecting after repeated embryo-transfer setbacks.,thegrio.com,2026-08-04,Entertainment,Odafe Oghen,https://thegrio.com/2026/08/04/rhoa-baby-announcements-pinky-cole-shamea-morton/,,,{},0,0.0
"Howard University Readmits More Than 200 Students Who Were Unenrolled For Financial Reasons, Unreported Immunizations",More than 500 first-year students have been readmitted to Howard University after they were unenrolled for financial reasons.,blavity.com,2026-08-04,News,Tomas Kassahun,https://blavity.com/howard-university-readmits-more-than-200-students-who-were-unenrolled,,,{},0,0.0
Why Howard University is still the ‘Mecca’: LinkedIn ranks it the top HBCU for career success,"Despite recent enrollment drama, new reports say Howard University is among the top HBCUs for long-term career success.",thegrio.com,2026-08-04,Hbcu,Haniyah P.,https://thegrio.com/2026/08/04/why-howard-university-is-still-the-mecca-linkedin-ranks-it-the-top-hbcu-for-career-success/,,,{},0,0.0
"ICE Is Quiet, but The Agency Has Now Planted Itself Into Daily Life","From Springfield Haitians to HBCU students and IRS data battles, ICE’s expanding reach is reshaping immigration enforcement across America today",theroot.com,2026-08-04,News,Phenix S Halley,https://www.theroot.com/ice-is-quiet-but-the-agency-has-now-planted-itself-int-2000119443,Policing & Public Safety,policing,"{""Policing & Public Safety"": [""immigration enforcement""]}",1,0.333
Eric Holder endorses Keisha Lance Bottoms in Georgia governor’s race,"Former U.S. Attorney General Eric Holder has endorsed Keisha Lance Bottoms for Georgia governor, calling the 2026 election pivotal.",thegrio.com,2026-08-04,Politics,Peter Kerich,https://thegrio.com/2026/08/04/eric-holder-endorses-keisha-lance-bottoms-georgia/,,,{},0,0.0
Unlocking Insights: Your Wellness Routine Might Be Costing You More Than It’s Helping,"In Audre Lorde’s A Burst of Light, she wrote, “caring for myself is not self-indulgence, it is self-preservation, and that is an act of political warfare.” Somewhere in the fusion of manipulative capitalism and our shared desire to escape either the social climate or the complexity of our individual lives, we lost the plot. We’ve […]",ebony.com,2026-08-04,Health,,https://www.ebony.com/unlocking-insights-wellness-routine-costs/,,,{},0,0.0
PeachFuzz Laser Studio is Redefining Beauty Standards for Black and Brown Skin,"As we celebrate Black Business Month this August, it’s only right to spotlight the brands redefining care for our communities from the inside out. In an industry that has long overlooked the needs of melanated skin, PeachFuzz Laser Studio is setting a new standard. Founders Keisha Wagner-Gaymon, a nurse practitioner with a deep understanding of […]",ebony.com,2026-08-04,Beauty,,https://www.ebony.com/laser-hair-removal-dark-skin-black-brown-women-peachfuzz/,Economic Equity & Wealth Gap,economic_equity,"{""Economic Equity & Wealth Gap"": [""black business""]}",1,0.333
"Happy Birthday, Barack Obama! Songs From His Most‑Loved Playlists","Today, August 4, marks yet another revolution around the sun for Barack Obama, the nation’s 44th president. It’s been a busy year for the now 65-year-old, with the opening of the Obama Presidential Center, which he and his wife, Michelle Obama, are devoted to civic engagement, culture and leadership development — no wonder people have deemed this Obama […]",ebony.com,2026-08-04,Culture,,https://www.ebony.com/happy-birthday-barack-obama-favorite-playlist-songs/,,,{},0,0.0
How Zendaya Officially Became the Highest-Grossing Actor of 2026,Three movies have already cemented Zendaya as the highest grossing actor in 2026! Let’s break down how much they made.,theroot.com,2026-08-04,Entertainment,Shanelle Genai,https://www.theroot.com/how-zendaya-officially-became-the-highest-grossing-acto-2000119466,,,{},0,0.0
17 Things Not To Say To a Chronically Ill Loved One,"From unsolicited medical advice to comparing someone’s diagnosis to a tragic story, these common responses may do more harm than good. Here’s how to show up with empathy instead.",theroot.com,2026-08-04,Culture,Asheea Smith,https://www.theroot.com/17-things-not-to-say-to-a-chronically-ill-loved-one-2000119261,,,{},0,0.0
"They’re Not Settling for Us, They’re Selecting Us: The Truth Behind the HBCU Surge","The President of Delaware State University explains why students aren’t settling for HBCUs, but choosing places that have never asked them to prove they belong.",theroot.com,2026-08-04,Opinion,"Tony Allen, Ph.D",https://www.theroot.com/they-re-not-settling-for-us-they-re-selecting-us-the-2000119507,,,{},0,0.0
Black author vows to fight back after he loses $2 million publishing deal due to AI accusations,"A $2M book deal was pulled from author Jerry Falade, who's hotly contested novel ""Call Me, I'll Hide The Body"" is facing AI accusations.",thegrio.com,2026-08-04,Lifestyle,Brandon Caldwell,https://thegrio.com/2026/08/04/jerry-falade-call-me-ill-hide-the-body-deal-pulled/,,,{},0,0.0
The Tragic Truth About Bobby Caldwell’s Final Years,The family of Bobby Caldwell is revealing how his world came crashing down in 2017 after a routine visit to urgent care altered the course of his life forever.,theroot.com,2026-08-04,Entertainment,Angela Wilson,https://www.theroot.com/the-tragic-truth-about-bobby-caldwells-final-years-2000119493,,,{},0,0.0
"A New Joe Jackson Documentary Is Coming, But It May Be Too Little, Too Late to Rehab His Image",Marlon Jackson is producing a new docuseries about his famous father. But will it be enough to shift negative perceptions of the tough patriarch? Let’s talk about it.,theroot.com,2026-08-04,Entertainment,Shanelle Genai,https://www.theroot.com/a-new-joe-jackson-documentary-is-coming-but-it-may-be-2000119499,,,{},0,0.0
Debate Ignites Over Fundraiser for Friends of Nolan Wells,A $200k fundraiser for Nolan Wells’ friends is sparking sharp debate over sympathy and accountability in the case.,theroot.com,2026-08-04,Criminal Justice,Phenix S Halley,https://www.theroot.com/debate-ignites-over-fundraiser-for-friends-of-nolan-wel-2000119548,,,{},0,0.0
How Howard University Beats out the Competition in Forbes’ Latest Rankings,"For students looking for a place where achievement and identity intersect, Howard University’s No. 1 ranking is a reminder of why its legacy matters",theroot.com,2026-08-04,Black Excellence,Phenix S Halley,https://www.theroot.com/how-howard-university-beats-out-the-competition-in-forb-2000119522,,,{},0,0.0
Nene Leakes’ Most Hilarious ‘Real Housewives of Atlanta’ Moments,Nene Leakes is a ‘Real Hosuewives’ OG who’s brought countless laughs and memorable memes to the culture. Let’s take a look back at her best moments!,theroot.com,2026-08-04,Entertainment,Shanelle Genai,https://www.theroot.com/nene-leakes-most-hilarious-real-housewives-of-atlanta-m-2000119552,,,{},0,0.0
Is Socialism America’s Future? Experts Weigh In,"From Bernie Sanders’ national campaigns to local wins by Zohran Mamdani and Janeese Lewis George, experts debate whether socialism’s growing appeal in America can last",theroot.com,2026-08-04,News,Phenix S Halley,https://www.theroot.com/is-socialism-americas-future-experts-weigh-in-2000114299,,,{},0,0.0
‘Wonder Man’ Gave Me a Superhero I Could Relate to — Here’s Why He’ll Be Missed,"I’ve watched a lot of Marvel’s universe over the past few years, lulled in by the play on different TV genres in WandaVision, curiously and cluelessly stumbling through Loki’s transformation in his self-titled series—is he a tree now?—and utterly baffled by Agatha All Along: was the Road even real? So when Wonder Man came along, […]",ebony.com,2026-08-04,Entertainment,,https://www.ebony.com/wonder-man-a-superhero-i-could-relate-to-why-he-wll-be-missed/,,,{},0,0.0
The Best Back-to-School Fashion and Beauty Gifts for Middle Schoolers,"Back-to-school shopping has officially entered its cool era. Forget the days when a new backpack and a pack of pencils were enough to impress. Today’s middle schoolers exist at the intersection of style, technology and self-expression, where personal taste develops almost as quickly as their TikTok algorithm. They know what silhouettes are trending, they care […]",ebony.com,2026-08-04,Beauty,,https://www.ebony.com/the-best-back-to-school-fashion-and-beauty-gifts-for-middle-schoolers/,,,{},0,0.0
"Despite Trump’s announcement of Gaza peace plan, Israel’s increased airstrikes leave dozens dead as region mourns",Continued airstrikes in Gaza have thrown issues into President Trump's proposed peace deal between Israel and Hamas.,thegrio.com,2026-08-04,Politics,Brandon Caldwell,https://thegrio.com/2026/08/04/trump-gaza-peace-plan-israel-strikes/,,,{},0,0.0
Keke Palmer to host celebrity edition of ‘The Voice’ with Queen Latifah among lead coaches,'The Voice' is switching things up in 2027 with the launch of a celebrity edition of the show and Keke Palmer serving as host.,thegrio.com,2026-08-04,Entertainment,Brandon Caldwell,https://thegrio.com/2026/08/04/keke-palmer-the-voice-season-31-host/,,,{},0,0.0
Aaron Pierre says fatherhood—not fame—is shaping his biggest career decisions,"Aaron Pierre discusses fatherhood, playing John Stewart in “Lanterns” and joining “Star Wars: Starfighter” in a new GQ profile.",thegrio.com,2026-08-04,Entertainment,Odafe Oghen,https://thegrio.com/2026/08/04/aaron-pierre-gq-interview-fatherhood-lanterns-star-wars/,,,{},0,0.0
Steve Madden reflects on his commitment to HBCUs and the Black culture that shaped him,Steve Madden opened up about the influence of Black culture on his life and why investing in HBCUs has become a priority for his brand.,thegrio.com,2026-08-04,Entertainment,Bolarinwa Oladeji,https://thegrio.com/2026/08/04/steve-madden-hbcu-support-black-culture-influence/,,,{},0,0.0
Joe Budden expands his media empire with a new true crime podcast,The Joe Budden true crime podcast “Crime in America” premieres Aug. 11 with Wolf Entertainment and Advance Local’s Headline Studio.,thegrio.com,2026-08-04,Entertainment,Odafe Oghen,https://thegrio.com/2026/08/04/joe-budden-true-crime-podcast-crime-in-america/,,,{},0,0.0
"More bags coming: Cardi B leads Old Navy’s new denim campaign alongside Quen Blackwell, Wisdom Kaye and more","Cardi B continues to run up a check, this time starring in a brand new campaign for Old Navy featuring Quen Blackwell and others.",thegrio.com,2026-08-04,Lifestyle,Brandon Caldwell,https://thegrio.com/2026/08/04/cardi-b-old-navy-denim-campaign/,,,{},0,0.0
Ohio Residents Upset as Haitian Immigrants Get Ankle Monitors Amid Citizenship Policy Changes,"A recent U.S. Supreme Court ruling has shifted the lives of thousands of Haitian immigrants after their legal status was revoked by the Trump administration, which decided to end Temporary Protective Status (TPS). Since the decision was made, Haitian immigrants were instructed to visit Ohio’s Immigration and Customs Enforcement (ICE) office in Springfield after receiving call-in […]",ebony.com,2026-08-04,News &Amp; Politics,,https://www.ebony.com/ohio-residents-haitian-immigrants-ankle-monitors/,Policing & Public Safety,policing,"{""Policing & Public Safety"": [""immigration enforcement""]}",1,0.333
Whoopi Goldberg says even EGOT status doesn’t guarantee work: ‘I still have to support myself’,"Whoopi Goldberg reflects on decades of proving herself in Hollywood, landing ""Sister Act,"" and why she's still asking to be cast in roles.",thegrio.com,2026-08-04,Entertainment,Haniyah P.,https://thegrio.com/2026/08/04/whoopi-goldberg-says-even-egot-status-doesnt-guarantee-work-i-still-have-to-support-myself/,,,{},0,0.0
"12 Black celebrities who have helped students pay for college, from Tyler Perry to Oprah Winfrey",Tyler Perry joins a growing list of Black celebrities who have been generous in supporting college students in need.,thegrio.com,2026-08-04,Lifestyle,Kay Wicker,https://thegrio.com/2026/08/04/12-black-celebrities-who-have-helped-students-pay-for-college-from-tyler-perry-to-oprah-winfrey/,,,{},0,0.0
"Black adults are in worst financial position in a decade under Trump’s economy, new study shows","An analysis shows Black adults' financial well-being has declined, with college graduates seeing the steepest setbacks.",thegrio.com,2026-08-04,Politics,Gerren Keith Gaynor,https://thegrio.com/2026/08/04/black-adults-worst-financial-position-decade-under-trump-economy/,,,{},0,0.0
James Carville Threatens To Leave Democratic Party Over Hasan Piker: ‘One Of Us Is Going To Leave’,"Hasan Piker, a left-wing socialist and Twitch streamer, has gained support among young Democratic voters. However, Democratic strategist James Carville has stated he may leave the party if Piker gains influence. Why is James Carville threatening to leave the Democratic Party? In an interview with Fox News’ The Sunday Briefing, Carville said he would no… Continue reading James Carville Threatens To Leave Democratic Party Over Hasan Piker: ‘One Of Us Is Going To Leave’",blavity.com,2026-08-04,Politics,Jahaura Michelle,https://blavity.com/james-carville-hasan-piker-dispute,,,{},0,0.0
"No, USAID Didn’t Fund Rap Music — Despite What This Viral Right-Wing Theory Claims About Its Chart Decline","A bizarre conspiracy theory circulating online has combined two popular targets of right-wing hatred: rap music and the U.S. Agency for International Development. The wild theory accuses the US government of financially supporting hip hop music, alleging that Trump’s dismantling of USAID is responsible for rap music falling from the top of the music charts.… Continue reading No, USAID Didn’t Fund Rap Music — Despite What This Viral Right-Wing Theory Claims About Its Chart Decline",blavity.com,2026-08-04,News,Christopher Rhodes,https://blavity.com/usaid-didnt-fund-rap-music-despite-what-this-viral-theory,,,{},0,0.0
"Summer Lee, Pennsylvania’s First Black Woman In Congress, Is Building A Blueprint For Black Political Power","Long before she was a member of Congress, Rep. Summer Lee believed lasting political change started with ordinary people organizing in their communities. After becoming the first Black woman elected to Congress from Pennsylvania in 2022, and earning a seat on the House Judiciary Committee this summer, that belief hasn’t changed at all. “Real power… Continue reading Summer Lee, Pennsylvania’s First Black Woman In Congress, Is Building A Blueprint For Black Political Power",blavity.com,2026-08-04,Politics,Maya Boddie,https://blavity.com/summer-lee-on-black-political-power,,,{},0,0.0
"LAPD Cop Who Recorded Colleagues’ Racist, Sexist Remarks Charged With Felony Eavesdropping","A Los Angeles Police Department officer who revealed multiple examples of racism within the city’s police force is now the one facing legal trouble, as he is charged with over a dozen felonies for making the recordings of his fellow officers. The cop’s legal team is fiercely defending the officer, arguing that he did not… Continue reading LAPD Cop Who Recorded Colleagues’ Racist, Sexist Remarks Charged With Felony Eavesdropping",blavity.com,2026-08-04,News,Christopher Rhodes,https://blavity.com/lapd-cop-who-recorded-colleagues-remarks-charged,Policing & Public Safety,policing,"{""Policing & Public Safety"": [""police department"", ""police officer""]}",1,0.333
Denim Tears Pays Homage to André Leon Talley With a Fall/Winter 2026 Collection Rooted in Legacy,"Few figures reshaped the fashion industry quite like André Leon Talley. Long before diversity became a corporate talking point, the legendary editor, author and cultural critic occupied rooms that weren’t built with Black voices in mind, forever altering how luxury fashion understood culture, scholarship and style. Four years after his passing, his influence continues to […]",ebony.com,2026-08-04,Fashion,,https://www.ebony.com/denim-tears-pays-homage-to-andre-leon-talley-with-a-fall-winter-2026-collection-rooted-in-legacy/,,,{},0,0.0
Nolan Wells: White 'Friends' Launch GiveSendGo Fundraiser For Themselves,"A GiveSendGo campaign was launched on behalf of three of Wells’ white “friends” who accompanied the 18-year-old on a Fourth of July trip to Horn Island, but returned without him.",newsone.com,2026-08-04,Nation,,https://newsone.com/6868251/nolan-wells-white-friends-givesendgo-fundraiser/,,,{},0,0.0
Tyler Perry Helps Pay Tuskegee University Student Sheneika Janay DuBerry’s Tuition To Attend Graduate School At Harvard,"Billionaire filmmaker Tyler Perry is paying it forward to a rising writer furthering her education. Sheneika Janay DuBerry is a Tuskegee University student who graduated with a bachelor’s degree in English in the spring semester, The Grio reports. In an Instagram post, DuBerry said creativity has always been her center point, leading her to sell… Continue reading Tyler Perry Helps Pay Tuskegee University Student Sheneika Janay DuBerry’s Tuition To Attend Graduate School At Harvard",afrotech.com,2026-08-03,Education,Samantha Dorisca,https://afrotech.com/tyler-perry-helps-pay-student-sheneika-janay-duberrys-tuition-at-harvard,,,{},0,0.0
The Richest Black Man In The World Plans To Give Away 33% Of His Wealth,"Aliko Dangote is one of the wealthiest people in the world, but at this stage, success has less to do with a dollar amount for him. Dangote went from selling candy to classmates when he was young to now making $10 billion in a single quarter, he revealed in a 2026 interview with The School… Continue reading The Richest Black Man In The World Plans To Give Away 33% Of His Wealth",afrotech.com,2026-08-03,Business,Samantha Dorisca,https://afrotech.com/aliko-dangote-plans-to-give-away-33-of-his-wealth,,,{},0,0.0
Longtime Friends Launch Fintech Platform To Help Entrepreneurs Turn Everyday Payments Into Wealth-Building Opportunities,"These longtime friends and entrepreneurs are launching a new merchant wallet, designed specifically to simplify how businesses get paid. Bakari (Sencere) Smith and Austin Evans have transformed their longtime friendship into a tech venture. Inspired by Atlanta’s entrepreneurial scene, they launched Guala, a fintech platform that aims to empower the next generation of entrepreneurs and… Continue reading Longtime Friends Launch Fintech Platform To Help Entrepreneurs Turn Everyday Payments Into Wea…",afrotech.com,2026-08-03,Technology,Samantha Dorisca,https://afrotech.com/longtime-friends-launch-guala-to-end-fragmented-payments,,,{},0,0.0
Dr. Monica Baskin To Make History As The First Black Woman Named Director Of An NCI-Designated Cancer Center,"There are only nine women in the U.S. who currently lead a comprehensive cancer center and Dr. Monica Baskin is now one of them. Dr. Monica Baskin, an Atlanta native and alum of Georgia State University, earned a master’s degree in community counseling and a Ph.D. in counseling psychology, according to her LinkedIn profile. Baskin… Continue reading Dr. Monica Baskin To Make History As The First Black Woman Named Director Of An NCI-Designated Cancer Center",afrotech.com,2026-08-03,Career,Samantha Dorisca,https://afrotech.com/monica-baskin-will-make-history-at-vcu-massey-cancer-center,,,{},0,0.0
"Louis Carr Drove $10B In Ad Revenue For BET. Now As President, He’s Leading It Through The Creator Economy Era","Since its inception in 1980, BET has long served as the place for Black entertainment television, and today, while its original model has evolved, that sentiment remains the same. Founded by Robert L. Johnson, BET launched in July 1983 as a two-hour weekly block on the USA Network before evolving into the 24-hour cable channel… Continue reading Louis Carr Drove $10B In Ad Revenue For BET. Now As President, He’s Leading It Through The Creator Economy Era",afrotech.com,2026-08-03,Entertainment,Shanique Yates,https://afrotech.com/bet-louis-carr-leading-through-creator-economy-era,,,{},0,0.0
Why Will Smith Regrets Giving His Kids a Free Pass for the Truth,Will Smith’s resurfaced comments about his parenting style has folks online debating its merit. But here’s why he shouldn’t be so worried.,theroot.com,2026-08-03,Entertainment,Shanelle Genai,https://www.theroot.com/why-will-smith-regrets-giving-his-kids-a-free-pass-for-2000119454,,,{},0,0.0
Paul Wall explains why he’s never used the N-word — and why he kept profanity out of his music,The rapper said his family's expectations and his faith influenced a career-long commitment to clean lyrics and avoiding racial slurs.,thegrio.com,2026-08-03,Entertainment,Peter Kerich,https://thegrio.com/2026/08/03/paul-wall-clean-lyrics-interview/,,,{},0,0.0
A Look Inside Coco Jones and Donovan Mitchell’s Beautiful Wedding Reception!,Singer Coco Jones and NBA star Donovan Mitchell have officially tied the knot over the weekend. Here’s what we know about their fabulous reception!,theroot.com,2026-08-03,Beauty + Style,Shanelle Genai,https://www.theroot.com/a-look-inside-coco-jones-and-donovan-mitchells-beautifu-2000119321,,,{},0,0.0
Looking For A New Healthcare Provider? Here Are 6 Black Female Doctors In St. Louis,Searching for a provider who truly sees you? Meet accomplished Black female doctors in St. Louis caring for the community across specialties.,blavity.com,2026-08-03,Health,Tyler-Christian Daniels,https://blavity.com/black-female-doctors-in-st-louis,,,{},0,0.0
"GiveSendGo fundraiser of ‘targeted’ friends of Nolan Wells raises over $100K, blame ‘race baiters’ for upending their lives","A fundraiser launched by the father of one of Nolan Wells' friends has raised $100K, all in the name of defending the teens from libel.",thegrio.com,2026-08-03,News,Brandon Caldwell,https://thegrio.com/2026/08/03/nolan-wells-dr-benjamin-hudson-givesendgo-fundraiser/,,,{},0,0.0
‘Black Panther III’ star David Jonsson reveals the one Denzel Washington film that inspired him to act,"David Jonsson is giving Denzel Washington his flowers, revealing the one film of his that made him want to act.",thegrio.com,2026-08-03,Entertainment,Brandon Caldwell,https://thegrio.com/2026/08/03/david-jonsson-denzel-washington-malcolm-x/,,,{},0,0.0
Cori Bush wants her seat back. She says this time the moment is different.,Bush hopes to reclaim her House seat from Wesley Bell as shifting Democratic priorities reshape one of the nation's most watched primaries.,thegrio.com,2026-08-03,Politics,Gerren Keith Gaynor,https://thegrio.com/2026/08/03/cori-bush-wants-her-seat-back-she-says-this-time-the-moment-is-different/,,,{},0,0.0
Why Nara Smith and the tradwife debate has struck such a chord,"The model and digital creator Nara Smith said she’s not a “tradwife,” and the internet hasn’t rested since.",thegrio.com,2026-08-03,Lifestyle,Kay Wicker,https://thegrio.com/2026/08/03/why-nara-smith-and-the-tradwife-debate-has-struck-such-a-chord/,,,{},0,0.0
From your toothbrush to your bedsheets: Black-owned brands can upgrade your entire routine,"Swap your everyday essentials for these Black-owned products that are better for your home, your health, and make a lasting economic impact.",thegrio.com,2026-08-03,Featured,Haniyah P.,https://thegrio.com/2026/08/03/from-your-toothbrush-to-your-bedsheets-black-owned-brands-can-upgrade-your-entire-routine/,Economic Equity & Wealth Gap,economic_equity,"{""Economic Equity & Wealth Gap"": [""black-owned""]}",1,0.333
‘Cruelty is at its core’: Rep. LaMonica McIver speaks out after another detainee dies at NJ’s Delaney Hall,A second detainee has died at New Jersey's Delaney Hall as Rep. LaMonica McIver continues to vow to shut the facility down.,thegrio.com,2026-08-03,News,Brandon Caldwell,https://thegrio.com/2026/08/03/detainee-dies-at-delaney-hall-mciver-speaks-out/,,,{},0,0.0
"Trump says he is deserving of ‘reparations,’ calls Obama presidency ‘corrupt’",Reparations advocates say Trump's remarks undermine the longstanding movement seeking redress for descendants of enslaved Black Americans.,thegrio.com,2026-08-03,Politics,Gerren Keith Gaynor,https://thegrio.com/2026/08/03/trump-reparations-calls-obama-presidency-corrupt/,Reparations,reparations,"{""Reparations"": [""reparations"", ""descendants of enslaved""]}",1,0.333
OpenAI event with Black influencers sparks questions about representation and responsibility,"Numerous Black creators, including the founder of Blavity, are facing scrutinty online for recently attending an OpenAI retreat.",thegrio.com,2026-08-03,Technology,Brandon Caldwell,https://thegrio.com/2026/08/03/black-creators-openai-retreat-reaction/,,,{},0,0.0
Marlon Jackson to narrate new Joe Jackson docuseries for BLK Prime,A Joe Jackson docuseries from BLK Prime will feature Marlon Jackson narrating an eight-episode look at his father's life and legacy.,thegrio.com,2026-08-03,Entertainment,Odafe Oghen,https://thegrio.com/2026/08/03/joe-jackson-docuseries-blk-prime/,,,{},0,0.0
"K. Michelle calls out Shaboozey, says Black country artists should support one another","K. Michelle called out Shaboozey during a Breakfast Club interview, saying he ghosted her after she asked about a collaboration.",thegrio.com,2026-08-03,Entertainment,Bolarinwa Oladeji,https://thegrio.com/2026/08/03/k-michelle-shaboozey-feature-breakfast-club/,,,{},0,0.0
Geno Segers will no longer join Broadway’s ‘Hadestown’ after online backlash,"Hadestown and Geno Segers part ways after backlash over past videos about transgender people, leaving the musical searching for a new Hades.",thegrio.com,2026-08-03,Entertainment,Odafe Oghen,https://thegrio.com/2026/08/03/geno-segers-hadestown-departure-backlash/,,,{},0,0.0
New video from Horn Island may show boat tied to Nolan Wells’ final day,Authorities have not confirmed the vessel shown in the footage is connected to Wells' disappearance or death.,thegrio.com,2026-08-03,News,Odafe Oghen,https://thegrio.com/2026/08/03/nolan-wells-boat-video-horn-island/,,,{},0,0.0
More than 4 million Americans have lost SNAP benefits as food assistance changes take hold,The reduction comes ahead of even broader changes scheduled to take effect over the next two years under the One Big Beautiful Bill Act.,thegrio.com,2026-08-03,News,Bolarinwa Oladeji,https://thegrio.com/2026/08/03/snap-benefits-4-million-americans-food-assistance-changes/,,,{},0,0.0
Jordan Chiles says not every friendship is meant to last — and that’s helped protect her peace,"The Olympic gymnast, Jordan Chiles, opens up to theGrio about how she navigates a very public life while managing her mental health.",thegrio.com,2026-08-03,Lifestyle,Kay Wicker,https://thegrio.com/2026/08/03/jordan-chiles-says-not-every-friendship-is-meant-to-last-and-thats-helped-protect-her-peace/,,,{},0,0.0
Family of Haitian asylum seeker Daphy Michel plans lawsuit after death ruled homicide,The lawsuit will target the federal government and other entities following Daphy Michel's death after her release from ICE custody.,thegrio.com,2026-08-03,News,Odafe Oghen,https://thegrio.com/2026/08/03/daphy-michel-family-lawsuit-ice-release/,,,{},0,0.0
‘This is modern-day shackling’: Haitian immigrants leave Ohio ICE appointments wearing ankle monitors as TPS ends,"As the Trump administration ends Temporary Protected Status, some Haitians in Ohio were given ankle monitors after mandatory ICE check-ins.",thegrio.com,2026-08-03,News,TheGrio Staff,https://thegrio.com/2026/08/03/this-is-modern-day-shackling-haitian-immigrants-leave-ohio-ice-appointments-wearing-ankle-monitors-as-tps-ends/,,,{},0,0.0
Former Jackson State defensive back Levi Wyatt dies at 23 in Mississippi crash,"Former Jackson State defensive back Levi Wyatt has died at 23 following a crash in Jackson, Mississippi, prompting tributes from the HBCU",thegrio.com,2026-08-03,News,Bolarinwa Oladeji,https://thegrio.com/2026/08/03/levi-wyatt-jackson-state-football-dies-crash/,,,{},0,0.0
Brandy and Ray J’s sweet reunion has fans celebrating a sibling bond that’s come full circle,Ray J and Brandy share a warm Atlanta linkup as he calls his sister his lifelong best friend and thanks her for always supporting him.,thegrio.com,2026-08-03,Entertainment,Odafe Oghen,https://thegrio.com/2026/08/03/ray-j-brandy-linkup-atlanta/,,,{},0,0.0
Capital One asks judge to dismiss Trump Organization lawsuit over closed bank accounts,"The bank says hundreds of accounts were closed after an anti-money laundering review, rejecting claims the decision was politically motivated.",thegrio.com,2026-08-03,Politics,Peter Kerich,https://thegrio.com/2026/08/03/capital-one-trump-organization-accounts-aml-review/,,,{},0,0.0
The Truth About the Claims Connecting Nolan Wells to Ida B. Wells,"As online rumors spread, Ida B. Wells’ family is urging people to verify facts before sharing misinformation about Nolan Wells.",theroot.com,2026-08-03,Culture,Phenix S Halley,https://www.theroot.com/the-truth-about-the-claims-connecting-nolan-wells-to-id-2000119341,,,{},0,0.0
How an AI Accusation Ruined a Black Author’s $2M Book Deal,Jerry Falade’s $2 million publishing deal was just axed due to AI suspicions— something he says is the start of a disturbing pattern against Black writers.,theroot.com,2026-08-03,News,Angela Wilson,https://www.theroot.com/how-an-ai-accusation-ruined-a-black-authors-2m-book-de-2000119312,,,{},0,0.0
Why Tyrese’s Latest Post Has Fans Concerned for His Mental Health,Tyrese Gibson’s latest vulnerable post online actually has fans sending him positive words instead of criticism. Let’s talk about it.,theroot.com,2026-08-03,Entertainment,Shanelle Genai,https://www.theroot.com/why-tyreses-latest-post-has-fans-concerned-for-his-ment-2000119294,,,{},0,0.0
Report: Haitian Immigrants In Ohio Fitted With Ankle Monitors,This move has little to do with monitoring immigrants and more to do with criminalizing and villainizing a marginalized group of people.,newsone.com,2026-08-03,Civil Rights &Amp; Social Justice,,https://newsone.com/6868057/haitian-migrants-ohio-fitted-with-ankle-monitors/,,,{},0,0.0
"HBCU Alumni Are Thriving At Higher Rates Than Peers, Landmark New Survey Finds","Attending HBCUs provides meaningful experiences for students and significantly improves their life outcomes after graduation. Those are the takeaways from a landmark survey shared with Blavity that polled alumni from dozens of Black schools, affirming the benefits of attending HBCUs at a time when these institutions are under scrutiny. New survey documents professional success, personal… Continue reading HBCU Alumni Are Thriving At Higher Rates Than Peers, Landmark New Survey Finds",blavity.com,2026-08-03,News,Christopher Rhodes,https://blavity.com/hbcu-alumni-landmark-survey,,,{},0,0.0
Social Security Benefits Could Drop $16K For Couples — What A New Bipartisan Bill Aims To Do,Newly retired couples could see a decrease in their social security benefits in the coming years.,blavity.com,2026-08-03,Politics,Tomas Kassahun,https://blavity.com/social-security-benefits-could-drop-16k-for-couples,,,{},0,0.0
My First Camp-cation Changed the Way I Think About Control,"For those who may know me, my name and “camp anything” probably never even crossed your mind, yet here we are. When I set foot on the Trailborn Highlands property in North Carolina to experience the benefits of the Marriott Bonvoy Boundless® Credit Card through a Camp-Cation curated by Chase and Marriott Bonvoy, I’m not going to lie, I was nervous, but open to see what I would soon […]",ebony.com,2026-08-03,Travel,,https://www.ebony.com/my-first-camp-cation/,,,{},0,0.0
"‘Raising Kanan’ Series Finale and the Best TV Shows on Starz, Bravo and Netflix this August","It’s not just time for back-to-school shopping — it’s time for a binge-worthy TV lineup that’s delivering a packed roster of comedy, dramas and major series finales this August. It’s the end… and the beginning for Kanan Sharp as Power Book III: Raising Kanan comes to its explosive conclusion. Aaron Pierre trades his golden aura […]",ebony.com,2026-08-03,Entertainment,,https://www.ebony.com/raising-kanan-series-finale-best-tv-shows-on-starz-bravo-august-2026/,,,{},0,0.0
Celebrity Baby News: ‘RHOA’ Is Doubly Expecting,"It’s a double blessing for the stars of The Real Housewives of Atlanta. Pinky Cole is also expanding her family. She is expecting her fourth child with her husband, Derrick Hayes, which will be revealed during the taping of the RHOA reunion. Cynthia Bailey had announced after the reunion taping that one of the show’s […]",ebony.com,2026-08-03,Entertainment,,https://www.ebony.com/celebrity-births-2026/,,,{},0,0.0
"Before Miami, I Obsessed Over My Hair. Experts Say UV Protection Matters For Black Skin And Strands, Too","Last night, I spent three hours in a braiding salon in Harlem getting large triangle-part braids for a quick trip to Miami. I don’t love how they turned out, but with the heat and humidity waiting for me, I wasn’t sure what else to do with my hair. My go-to twist out felt risky, ninety-five […]",ebony.com,2026-08-03,Beauty,,https://www.ebony.com/before-miami-i-obsessed-over-my-hair-experts-say-uv-protection-matters-for-black-skin-and-strands-too/,,,{},0,0.0
Savannah State Student Keeps Fighting for His Baseball Dream Despite ICE Detention,"As the Trump administration cracks down on student visas, Johan Sandoval's attorney says he was detained for a document error.",capitalbnews.org,2026-08-03,,Alecia Taylor,https://capitalbnews.org/johan-sandoval-ice-detention-savannah-state/,,,{},0,0.0
"Who Is Dr. Erica Schwartz, Trump’s Pick For CDC Director?","Dr. Erica Schwartz, President Donald Trump’s pick for CDC director, previously served as deputy attorney general during Trump’s first term.",newsone.com,2026-08-03,Nation,,https://newsone.com/6868060/erica-schwartz-trump-cdc-director-pick/,,,{},0,0.0
Trey Reed: Family Says Ben Crump Never Sent Autopsy Results,"Last September, attorney Ben Crump came to the aid of the family of Trey Reed after the 21-year-old was found hanging from a tree on Delta State’s campus.",newsone.com,2026-08-03,Nation,,https://newsone.com/6868073/trey-reed-ben-crump-autopsy-results/,,,{},0,0.0
Mandela Barnes Drops Out Of Wisconsin Governor’s Race,Wisconsin’s former Lt. Gov. Mandela Barnes dropped out as polling showed Democratic Socialist Francesca Hong holds a commanding lead in the race.,newsone.com,2026-08-03,Nation,,https://newsone.com/6868068/mandela-barnes-drops-wisconsin-governor-race/,,,{},0,0.0
"For Decades, a Jim Crow Era-Law Disenfranchised Black Virginians. Now, 66,000 People Can Vote Again.","More than 66,000 Virginians have their voting rights back, pushing Virginia further from a Jim Crow legacy that targeted Black voters.",theroot.com,2026-08-03,Politics,Phenix S Halley,https://www.theroot.com/for-decades-a-jim-crow-era-law-disenfranchised-black-v-2000119295,Voter Suppression,voter_suppression,"{""Voter Suppression"": [""voting rights"", ""disenfranchised"", ""jim crow""]}",1,0.333
Monifa Bandele Explains The Critical Importance Of Black August,"Born on the unforgiving grounds of California’s San Quentin Prison, Black August is a child of the regularly erased, the often unnamed and widely unclaimed people most of us were never meant to know.",newsone.com,2026-08-03,Civil Rights &Amp; Social Justice,,https://newsone.com/5449092/black-august-honors-black-freedom-fighters/,,,{},0,0.0
"Who Ran The WNBA This Week? The Lynx Reach 10 Straight, Sydney Taylor's Magical Season Continues & Kelsey Plum Heads To Phoenix","WNBA surges into second half with buzzer-beaters, trades, and playoff positioning battles.",newsone.com,2026-08-03,Sports,,https://newsone.com/6868118/who-ran-the-wnba-this-week-10/,,,{},0,0.0
5 Black-Owned School Supply Brands You Need To Know,Support Black-owned school supply brands that empower diverse students and celebrate their cultures.,newsone.com,2026-08-03,Culture,,https://newsone.com/6868088/black-owned-school-supply-brands-you-need-to-know/,Economic Equity & Wealth Gap,economic_equity,"{""Economic Equity & Wealth Gap"": [""black-owned""]}",1,0.333
NASCAR debuts first Delta Sigma Theta show car designed by one of the sorority’s own,"NASCAR unveiled its first Delta Sigma Theta-branded show car, designed by LSU student and NASCAR intern Camilla Wilkins-Bowens.",thegrio.com,2026-08-03,Technology,Bobby Pen,https://thegrio.com/2026/08/03/nascar-delta-sigma-theta-show-car/,,,{},0,0.0
Halle Berry celebrates her upcoming 60th birthday by declaring she is still ‘juicy like a peach’,Halle Berry celebrates her upcoming 60th birthday while promoting Juicy Like a Peach and encouraging women to embrace aging and intimacy.,thegrio.com,2026-08-03,Health,Bobby Pen,https://thegrio.com/2026/08/03/halle-berry-60-birthday-juicy-like-a-peach/,,,{},0,0.0
LAPD detain trespassing suspect at property reportedly connected to Nia Long after burglary call,"Officers responding to a reported break-in found no evidence of a burglary or attempted burglary, according to the LAPD.",thegrio.com,2026-08-03,Entertainment,Bolarinwa Oladeji,https://thegrio.com/2026/08/03/nia-long-hollywood-hills-home-trespassing-investigation/,,,{},0,0.0
15 South African Netflix Shows to Watch After ‘The Polygamist’,"Looking for shows like “The Polygamist” on Netflix? We’ve rounded up the best South African dramas, thrillers, comedies, and romances on the platform.",theroot.com,2026-08-03,Entertainment,B.Kadijat Towolawi,https://www.theroot.com/15-south-african-netflix-shows-to-watch-after-the-polyg-2000118912,,,{},0,0.0
The Hidden ‘Gold Rush’ Behind Black Business Growth You Need to Know,"As Black Business Month begins, new data show Black-owned employer businesses are reaching historic highs, highlighting the industries where entrepreneurs are finding the greatest opportunity.",theroot.com,2026-08-03,Black Business,Shellie M. Scott,https://www.theroot.com/the-hidden-gold-rush-behind-black-business-growth-you-2000119285,Economic Equity & Wealth Gap,economic_equity,"{""Economic Equity & Wealth Gap"": [""black business"", ""black-owned""]}",1,0.333
Nolan Wells’ mother tells critics to ‘unfriend and block’ her if they oppose her fight for answers,Christine Wonsley says criticism will not stop the Nolan Wells family’s push for a fair and transparent investigation into his death.,thegrio.com,2026-08-03,News,Odafe Oghen,https://thegrio.com/2026/08/03/nolan-wells-family-seeks-answers-christine-wonsley/,,,{},0,0.0
Douglasville teen balances football and books to score a perfect 1600 on the SAT,"Douglasville student athlete Korry Sessoms earned a rare perfect 1600 on the SAT, balancing top academics with football as he sets his sights",thegrio.com,2026-08-02,News,Bolarinwa Oladeji,https://thegrio.com/2026/08/02/korry-sessoms-perfect-sat-score-douglasville/,,,{},0,0.0
Why South Carolina Holding Onto The First Democratic Primary Spot Is Dividing The Party,"South Carolina, and particularly its Black voters, are set to play a significant role in choosing the 2028 Democratic presidential candidate. The state has been chosen to lead the Democratic primary season, continuing the priority that the party has given to the state in recent years. Progressive Democrats, however, are concerned that the state’s more… Continue reading Why South Carolina Holding Onto The First Democratic Primary Spot Is Dividing The Party",blavity.com,2026-08-02,Politics,Christopher Rhodes,https://blavity.com/south-carolina-holding-onto-its-first-democratic-primary-spot,,,{},0,0.0
Major Breakthrough in Howard Readmission Saga: Hundreds of Students Enrolled,Hundreds of students can finally breathe a sigh of relief as Howard resolves the ongoing readmission crisis and restores their active status,theroot.com,2026-08-02,News,Rashad Grove,https://www.theroot.com/major-breakthrough-in-howard-readmission-saga-hundreds-2000119247,,,{},0,0.0
The MOVE Bombing: 13 Facts About The Revolutionary Movement That Ended in Tragedy,"As America reflects on 250 years of its history, the MOVE bombing stands as a painful reminder that some of the nation’s darkest chapters aren’t buried in the distant past.",theroot.com,2026-08-02,Culture,Asheea Smith,https://www.theroot.com/the-move-bombing-13-facts-about-the-revolutionary-move-2000119135,,,{},0,0.0
"Best HBCUs for Securing Top Jobs and High Salaries, Ranked","Forbes just ranked the top 20 HBCUs that set their graduates up for success, historically educating the nation’s Black doctors, lawyers, engineers and teachers.",theroot.com,2026-08-02,Culture,Angela Wilson,https://www.theroot.com/best-hbcus-for-securing-top-jobs-and-high-salaries-ran-2000119144,,,{},0,0.0
3 killed and at least 7 wounded in shooting at newly opened Idaho In-N-Out,"Three people were killed and at least seven wounded in a shooting at an In-N-Out Burger in Twin Falls, Idaho. An employee was among the dead.",thegrio.com,2026-08-02,News,Bobby Pen,https://thegrio.com/2026/08/02/idaho-in-n-out-shooting-twin-falls/,,,{},0,0.0
Tyler Perry covers Tuskegee graduate’s remaining Harvard tuition,"Tyler Perry covered the remaining Harvard tuition balance for Tuskegee graduate Janay DuBerry, helping the writer and educator continue her studies.",thegrio.com,2026-08-02,Entertainment,Bobby Pen,https://thegrio.com/2026/08/02/tyler-perry-tuskegee-graduate-harvard-tuition/,,,{},0,0.0
HBCU x Essence - Essence,,essence.com,,,https://www.facebook.com/essence,https://www.essence.com/hbcu2024/,,,{},0,0.0
Paint the Polls Black - Essence,,essence.com,,Paintthepollsblack,https://www.facebook.com/essence,https://www.essence.com/paintthepollsblack/,,,{},0,0.0
Education - Essence,Subscribe Now,essence.com,,Education,https://www.facebook.com/essence,https://www.essence.com/education/,,,{},0,0.0
History - Essence,Subscribe Now,essence.com,,History,https://www.facebook.com/essence,https://www.essence.com/history/,,,{},0,0.0
Opinion - Essence,Subscribe Now,essence.com,,Opinion,https://www.facebook.com/essence,https://www.essence.com/opinion/,,,{},0,0.0
Politics - Essence,Subscribe Now,essence.com,,Politics,https://www.facebook.com/essence,https://www.essence.com/politics/,,,{},0,0.0
Fort Worth Approves $11.25M Atatiana Jefferson Settlement,Fort Worth approved an $11.25 million settlement with Atatiana Jefferson’s family nearly seven years after she was fatally shot by a police officer inside her home.,essence.com,,News,Shelby Stewart,https://www.essence.com/news/atatiana-jefferson-family-fort-worth-settlement/,Policing & Public Safety,policing,"{""Policing & Public Safety"": [""police officer"", ""shot by police""]}",1,0.333
Shelby Stewart - Essence,,essence.com,,Authors,,https://www.essence.com/authors/sstewartessence-com/,,,{},0,0.0
Keeping Energy Affordable For Customers Who Need It Most,"Through energy bill assistance and essential resources, Entergy has helped vulnerable customers save on energy costs and access support",essence.com,,News,Shelby Stewart,https://www.essence.com/news/keeping-energy-affordable-for-customers-who-need-it-most/,,,{},0,0.0
Remembering Nolan Wells—The Mississippi Teen Who Left Us Too Soon—On His 19th Birthday - Essence,"On what would have been his golden birthday, we honor his legacy and reflect on why his death, and the painful mystery around it, is so impactful to the Black community.",essence.com,,Community,Bridgette Bartlett Royall,https://www.essence.com/news/remembering-nolan-wells-on-his-19th-birthday/,,,{},0,0.0
Bridgette Bartlett Royall - Essence,,essence.com,,Authors,,https://www.essence.com/authors/bbartlett/,,,{},0,0.0
‘We Have To Find Out What Happened To Nolan’: Nolan Wells’ Parents Demand Justice At NABJ Convention - Essence,"Joined by attorney Benjamin Crump and Rev. Al Sharpton, grieving parents Christine and Elmore Wonsley, call for a federal review at the National Association of Black Journalists convention in Atlanta.",essence.com,,Community,Bridgette Bartlett Royall,https://www.essence.com/news/nolan-wells-parents-demand-justice-at-nabj-convention/,,,{},0,0.0
5 Reasons The Nolan Wells Case Angers Me As The Mother Of A Black Son - Essence,Recent updates surrounding the Mississippi teen’s tragic death have made an already emotional matter even more infuriating—and the heartbreak feels far too familiar for Black parents everywhere.,essence.com,,Community,Bridgette Bartlett Royall,https://www.essence.com/news/5-reasons-nolan-wells-case-angers-me-as-mom-of-black-son/,,,{},0,0.0
Barack Obama Released His Summer 2026 Reading List: See The Picks - Essence,"Our forever POTUS announced the page turners he’s most excited about this season, and two of our fave authors, Tayari Jones and Colson Whitehead made the cut.",essence.com,,Education,Alexis Bennett Parker,https://www.essence.com/news/barack-obama-released-his-summer-2026-reading-list/,,,{},0,0.0
- Essence,,essence.com,,Authors,,https://www.essence.com/authors/bridgette-bartlett-royall-0/,,,{},0,0.0
Mourning Nolan Xavier Wells: Why This Loss Feels So Personal For The Black Community - Essence,"The untimely death of the promising 18-year-old Mississippi football star—and the lack of answers surrounding it—is, unfortunately, far too familiar for us.",essence.com,,Community,Bridgette Bartlett Royall,https://www.essence.com/news/mourning-nolan-xavier-wells-why-this-loss-feels-so-personal/,,,{},0,0.0
EXCLUSIVE: The Hands That Built The White House: Robin Roberts Explores Historic Family Discovery,Robin Roberts spotlights the first confirmed living descendants of an enslaved person who helped build the White House in a powerful new ABC News special.,essence.com,,News,Shelby Stewart,https://www.essence.com/news/exclusive-robin-roberts-white-house-enslaved-builder-descendants/,Reparations,reparations,"{""Reparations"": [""descendants of enslaved""]}",1,0.333
Ashley Etienne Is Done Advising. Now She's The One To Watch.,The former political adviser for Vice President Kamala Harris is now a political contributor on the long-running political affairs show Meet the Press every Sunday morning.,essence.com,,News,Victoria Uwumarogie,https://www.essence.com/news/ashley-etienne-meet-the-press/,,,{},0,0.0
Texas Jury Sentences Karmelo Anthony To 35 Years In High-Profile Case,"Karmelo Anthony has been sentenced to 35 years in prison for the fatal stabbing of Austin Metcalf, concluding a Texas case that sparked national debate.",essence.com,,News,Shelby Stewart,https://www.essence.com/news/karmelo-anthony-sentenced-35-years/,,,{},0,0.0
"Sundial Media & Technology Group Launches THEIA, A New Creator Marketing Agency - Essence","Sundial launches THEIA, a new creator marketing agency led by Pamela Zapata, to help brands build meaningful creator partnerships.",essence.com,,Money & Career,Okla Jones,https://www.essence.com/news/money-career/sundial-media-launches-theia-creator-marketing-agency/,,,{},0,0.0
"Black Women In The News: Joy Reid On Her Unexpected MSNBC Exit, Brave Big Chop And Bold Next Chapter - Essence","After decades in traditional media, the pioneering journalist is building something entirely her own. Here’s how she’s doing it.",essence.com,,Video,https://www.facebook.com/essence,https://www.essence.com/video/black-women-in-the-news-joy-reid-next-chapter/,,,{},0,0.0
WATCH | Aisha Bowe Shares Her Journey From Community College to Rocket Scientist—Now She’s Headed to Space and Set to Make History - Essence,"The former NASA scientist and tech entrepreneur is joining Blue Origin’s first all-female space crew, bringing her Bahamian roots, STEM advocacy, and full glam along for the ride. In this interview, she reveals how she got there.",essence.com,,Video,https://www.facebook.com/essence,https://www.essence.com/video/watch-aisha-bowe-shares-her-journey-from-community-college-to-rocket-scientist-now-shes-headed-to-space-and-set-to-make-history/,,,{},0,0.0
"WATCH | 2025: A Year to Redirect, Not Rest – ESSENCE Black Futures Honorees Speak Candidly About Why We Need Collective Action Now More Than Ever - Essence","ESSENCE Black Futures honorees, Dr. Brandon Frame, Tevon Blair, Dr. Topeka Sam and Mayor W. Mondale Robinson discuss the power of community, education and advocacy in the face of political and social challenges, urging us all to stay informed and engaged.",essence.com,,Video,https://www.facebook.com/essence,https://www.essence.com/video/watch-2025-a-year-to-redirect-not-rest-essence-black-futures-honorees-speak-candidly-about-why-we-need-collective-action-now-more-than-ever/,,,{},0,0.0
Videos,,essence.com,,Videos,By ESSENCE Editors,https://www.essence.com/videos,,,{},0,0.0
- Essence,,essence.com,,Authors,,https://www.essence.com/authors/okla-jones/,,,{},0,0.0
Kameirah Johnson's Black Hair Artwork Wins Google's National Contest,Johnson’s viral artwork celebrating Black hair culture earned her a $55k scholarship to NYU and a feature on the world's most famous homepage.,essence.com,,Lifestyle,https://www.facebook.com/essence,https://www.essence.com/lifestyle/black-hair-google-doodle/,,,{},0,0.0
- Essence,,essence.com,,Authors,,https://www.essence.com/authors/elizabeth-ayoola/,,,{},0,0.0
2025 Travel Awards - Essence,,essence.com,,,https://www.facebook.com/essence,https://www.essence.com/2025travelawards/,,,{},0,0.0
Travel - Essence,Subscribe Now,essence.com,,Travel,https://www.facebook.com/essence,https://www.essence.com/travel/,,,{},0,0.0
The Parent Playbook: How To Get Your Kids To Fall In Love With Reading,These strategies can help you get your kids off the tablets and into their books this school year.,essence.com,,Lifestyle,Victoria Uwumarogie,https://www.essence.com/lifestyle/how-to-get-your-kids-to-fall-in-love-with-reading/,,,{},0,0.0
We Got Lattes At Home: How I Reclaimed My Mornings—And Saved Thousands,"A homemade latte, movement, and a few quiet moments are helping me slow down and make the most of my mornings.",essence.com,,Lifestyle,Victoria Uwumarogie,https://www.essence.com/lifestyle/ninja-autobarista-review/,,,{},0,0.0
Camille Rose's New Drink Line Aims To Help You Sip Your Way To Healthier Hair,The brand’s new Rejuva Boost drink mixes are designed to support healthy-looking hair from the inside out.,essence.com,,Health & Wellness,Victoria Uwumarogie,https://www.essence.com/lifestyle/camille-rose-rejuva-boost-supplement/,,,{},0,0.0
"Black Breastfeeding Week 2026 Bridges Community, Care And Collective Power - Essence","This annual movement reclaims wellness for nursing Black mothers while driving equity, education, and maternal justice.",essence.com,,Community,Bridgette Bartlett Royall,https://www.essence.com/uncategorized/black-breastfeeding-week-2026/,,,{},0,0.0
"Chrisean Rock Can Reject The Internet's Diagnoses, But Maybe She Should Listen To The Concerns",Being your child’s biggest advocate sometimes means listening when others see something you don’t.,essence.com,,Lifestyle,Victoria Uwumarogie,https://www.essence.com/lifestyle/chrisean-rock-son/,,,{},0,0.0
- Essence,,essence.com,,Authors,,https://www.essence.com/authors/essence-editors/,,,{},0,0.0
Unboxed: How Burlesque Performer Jessabelle Thunder Found Herself On Stage,"From a surprise sign-up to Miss Exotic World 2025, the burlesque star talks about finding self-love, community, and power in taking risks through the form of live entertainment.",essence.com,,Lifestyle,Victoria Uwumarogie,https://www.essence.com/lifestyle/unboxed-jessabelle-thunder/,,,{},0,0.0
- Essence,,essence.com,,Authors,,https://www.essence.com/authors/kiara-byrd/,,,{},0,0.0
"Parents, OpenAI Just Launched ChatGPT—For Teens",OpenAI’s new ChatGPT for Teens comes with age-appropriate safeguards and parental controls designed to make AI use safer for young people.,essence.com,,Lifestyle,Victoria Uwumarogie,https://www.essence.com/lifestyle/chatgpt-for-teens/,,,{},0,0.0
Getaway Goals: Christina Milian And Her Daughter Violet Twin In Saint-Tropez During Family Vacation,"The actress and her family painted the town red with stylish looks, delicious food, and quality time with loved ones.",essence.com,,Lifestyle,Victoria Uwumarogie,https://www.essence.com/lifestyle/christina-milian-and-daughter-saint-tropez/,,,{},0,0.0
Black Motherhood: Navigating My 'COVID Baby' Starting First Grade - Essence,Mom Whitney-Gayle Benta reflects on moving past pandemic-era isolation to give her son his first real taste of independence.,essence.com,,Education,Bridgette Bartlett Royall,https://www.essence.com/lifestyle/black-motherhood-my-covid-baby-starts-first-grade/,,,{},0,0.0
- Essence,,essence.com,,Authors,,https://www.essence.com/authors/as-told-to-bridgette-bartlett-royall/,,,{},0,0.0
The Game's Daughter Cali Dream Celebrates Her Sweet 16 With A Mercedes Maybach,"During a stunning birthday bash surrounded by loved ones, she was surprised with a luxury whip.",essence.com,,Lifestyle,Victoria Uwumarogie,https://www.essence.com/lifestyle/the-game-daughter-cali-sweet-16/,,,{},0,0.0
Mary J. Blige Gets Candid About Occasionally Questioning Her Child-Free Choice,"During a candid conversation with Michelle Obama, Blige opened up about wondering what motherhood could have looked like for her.",essence.com,,Lifestyle,Victoria Uwumarogie,https://www.essence.com/lifestyle/mary-j-blige-children/,,,{},0,0.0
Tia Mowry Shows How Cooking Together Creates a Safe Space for ToughConversations,Sponsored by Pfizer,essence.com,,Video,https://www.facebook.com/essence,https://www.essence.com/video/tia-mowry-cooking-together/,,,{},0,0.0
If Not For My Girls: A Coca-Cola® Holiday Moment With Sisterhood at the Center,"For this special 'If Not For My Girls' with Coca-Cola, the cast comes together for a Friendsmas full of warm memories, cultural flavors, and traditions that feel like home.",essence.com,,Video,https://www.facebook.com/essence,https://www.essence.com/video/a-coca-cola-holiday-moment/,,,{},0,0.0
"Family, Faith, and Flavor: Karen Clark-Sheard and Kierra Sheard-Kelly Share Their Holiday Recipe for Grace",Presented by Coca-Cola®,essence.com,,Video,https://www.facebook.com/essence,https://www.essence.com/video/coca-cola-faith-family-flavor/,,,{},0,0.0
Meghan Markle and Prince Harry Are Moving Back To The U.K.—But Is It That Simple?,"After stepping away from royal life and relocating to California amid struggles with the British press, the couple are reportedly returning to Britain with their two children.",essence.com,,Lifestyle,Victoria Uwumarogie,https://www.essence.com/lifestyle/meghan-markle-and-prince-harry-return-to-uk/,,,{},0,0.0
- Essence,,essence.com,,Authors,,https://www.essence.com/authors/victoria-uwumarogie/,,,{},0,0.0
"Black Business Month: Desiree Talley On ‘POPLAW,’ Ownership, And Protecting Your Ideas - Essence","Desiree Talley discusses POPLAW, entertainment law and helping creatives protect their work while making smarter business decisions.",essence.com,,Business,Okla Jones,https://www.essence.com/entertainment/black-business-month-desiree-talley-poplaw/,Economic Equity & Wealth Gap,economic_equity,"{""Economic Equity & Wealth Gap"": [""black business""]}",1,0.333
WATCH: Tyler Perry Debuts Trailer For New Drama ‘Doing Life’ - Essence,Tyler Perry’s Doing Life stars Naomi Baker and Jay Reeves as two people seeking a fresh start after their lives unexpectedly intersect.,essence.com,,Entertainment,Okla Jones,https://www.essence.com/entertainment/tyler-perry-doing-life-trailer/,,,{},0,0.0
Scene Stealers: Tommy Davidson Is Back Like He Never Left - Essence,"Tommy Davidson brings Varnell Hill back to television in a new Paramount+ comedy, expanding the character he introduced on Martin in 1993.",essence.com,,Entertainment,Okla Jones,https://www.essence.com/entertainment/scene-stealers-tommy-davidson/,,,{},0,0.0
"‘Why Did I Get Married, Again?,’ ‘Average Joe,’ The Premiere Of ‘A Different World,’ And The Films And TV Shows To Watch This Month - Essence","September’s watchlist includes A Different World, Average Joe and new films starring Mahershala Ali, Danielle Brooks and more.",essence.com,,Entertainment,Okla Jones,https://www.essence.com/entertainment/what-to-watch-this-month-sepember-2026/,,,{},0,0.0
"Star Gazing: US Open, 2026 BMI R&B/Hip-Hop Awards, Brandy, Serena Williams, And More - Essence","Black stars closed out August at the US Open, BMI R&B/Hip-Hop Awards and other events in New York, Los Angeles and beyond.",essence.com,,Celebrity,Okla Jones,https://www.essence.com/entertainment/star-gazing-us-open-2026-bmi-awards/,,,{},0,0.0
Gladys Knight Is Stepping Back From Her Busy Touring Schedule After Decades On The Road - Essence,"Gladys Knight plans to reduce her touring schedule, giving the 82-year-old singer more time with family after over 70 years in music.",essence.com,,Culture,Okla Jones,https://www.essence.com/entertainment/gladys-knight-steps-back-from-busy-touring-schedule/,,,{},0,0.0
‘The Jamie Foxx Show’ Turns 30: See The Cast Then And Now - Essence,"Thirty years after its premiere, revisit The Jamie Foxx Show and see where Jamie Foxx, Garcelle Beauvais and the sitcom’s cast are today.",essence.com,,Entertainment,Okla Jones,https://www.essence.com/entertainment/the-jamie-foxx-show-at-30-then-and-now/,,,{},0,0.0
Beyoncé Announces ‘B’Day’ 20th Anniversary Deluxe Edition,"Beyoncé is celebrating 20 years of B’Day with a deluxe anniversary edition featuring bonus tracks, B-sides, Spanish recordings and collectible vinyl.",essence.com,,Entertainment,Shelby Stewart,https://www.essence.com/entertainment/beyonce-bday-20th-anniversary-deluxe-edition/,,,{},0,0.0
"Best New Music This Week: Yung Miami Releases The “Spend Dat” Remix, Ice Spice And Lil Yachty Connect On “Out My Face,” Tiana Major9, And More - Essence","New music from Yung Miami, Ice Spice, Tiana Major9, Erykah Badu, Kendrick Lamar, SAINt JHN and more arrives this week.",essence.com,,Entertainment,Okla Jones,https://www.essence.com/entertainment/new-music-yung-miami-erykah-badu/,,,{},0,0.0
What’s New And Black On Netflix In September - Essence,"Halle Berry, Jordan Peele and Ice Cube join new projects from Tyler Perry, Kevin Hart and more on Netflix this September.",essence.com,,Entertainment,Okla Jones,https://www.essence.com/entertainment/new-and-black-on-netflix-in-september-2026/,,,{},0,0.0
‘Tyler Perry’s Sistas’ Kicks Off The Second Half Of Its Milestone 10th Season This Fall - Essence,New episodes of Tyler Perry’s Sistas begin October 7 on BET as old secrets resurface and the women face new challenges.,essence.com,,Entertainment,Okla Jones,https://www.essence.com/entertainment/tyler-perry-sistas-10th-season-trailer/,,,{},0,0.0
This Martha’s Vineyard Exhibition Celebrated How Black Women Shape The Idea Of “Home”,"The Long Gallery Harlem had their first-ever pop-up in Martha’s Vineyard, curated by Jade Flint and artist Taylor Thomas—and Tina Knowles approved.",essence.com,,Entertainment,Akili King,https://www.essence.com/entertainment/marthas-vineyard-art-exhibition-celebrated-black-women-home/,,,{},0,0.0
"The Journey Of A Soca King: Machel Montano On His Life, Music And Legacy - Essence","Machel Montano reflects on four decades of soca, his Brooklyn exhibition and his mission to bring Caribbean music to the world.",essence.com,,Entertainment,Okla Jones,https://www.essence.com/entertainment/the-journey-of-a-soca-king-machel-montano/,,,{},0,0.0
FIRST LOOK: ‘Reasonable Doubt’ Returns With New Faces And A New Case For Season 4 [Exclusive] - Essence,"Reasonable Doubt returns October 6 as Jax Stewart faces a new case, with Tank, Meagan Good and La La Anthony joining Season 4.",essence.com,,Entertainment,Okla Jones,https://www.essence.com/entertainment/first-look-reasonable-doubt-season-4-exclusive/,,,{},0,0.0
Inside The Obama Presidential Center Museum - Essence,"Inside the Obama Presidential Center Museum, visitors explore the Obamas’ White House years, historic artifacts and public art in Chicago.",essence.com,,Culture,Okla Jones,https://www.essence.com/entertainment/inside-the-obama-presidential-center-museum/,,,{},0,0.0
WATCH: Tommy Davidson In ‘The Varnell Hill Show’ Trailer,"Tommy Davidson returns as Varnell Hill in a new Paramount+ comedy featuring Kym Whitley, Martin Lawrence and more familiar faces.",essence.com,,Entertainment,Okla Jones,https://www.essence.com/entertainment/watch-the-varnell-hill-show-trailer/,,,{},0,0.0
‘The Steve Harvey Show’ Turns 30: See The Cast Then And Now - Essence,"Celebrating 30 years of The Steve Harvey Show, we look back at its beloved characters and where the stars who played them are today.",essence.com,,Entertainment,Okla Jones,https://www.essence.com/entertainment/the-steve-harvey-show-30-then-and-now/,,,{},0,0.0
"Natasha Cloud, Enes Kanter Freedom Confrontation Brings WNBA Debate Courtside - Essence","Natasha Cloud confronts Enes Kanter Freedom during a WNBA game, as Jemele Hill and Sky coach Tyler Marsh weigh in on the controversy.",essence.com,,Culture,Okla Jones,https://www.essence.com/entertainment/natasha-cloud-enes-kanter-brings-wnba-debate-courtside/,,,{},0,0.0
From ‘Selma’ To ‘14th’: 6 Things To Know About Ava DuVernay - Essence,"Ava DuVernay celebrates her 54th birthday as we revisit six facts about her career, historic achievements and path to filmmaking.",essence.com,,Celebrity,Okla Jones,https://www.essence.com/entertainment/6-things-to-know-about-ava-duvernay/,,,{},0,0.0
"Star Gazing: Verzuz “R&B Nights,” All Points East Festival, Lanterns Premiere, Tems, Coco Gauff, And More - Essence","Black stars stepped out this week for major performances, premieres and celebrations, from London and New York to Los Angeles.",essence.com,,Celebrity,Okla Jones,https://www.essence.com/entertainment/star-gazing-verzuz-all-points-east-tems/,,,{},0,0.0
Joe And Donell Jones Face Off On ‘Verzuz: R&B Nights’,"Joe and Donell Jones revisited three decades of R&B hits during Verzuz, with 702 and 50 Cent joining them for surprise performances.",essence.com,,Entertainment,Okla Jones,https://www.essence.com/entertainment/joe-and-donell-jones-verzuz-recap/,,,{},0,0.0
"Best New Music This Week: Lucky Daye & Leon Thomas Connect On “Fly You Out,” Coco Jones Releases “Love Me Through,” Genia, And More - Essence","This week’s new music includes releases from Lucky Daye and Leon Thomas, Coco Jones, Rapsody, Jorja Smith, DESTIN CONRAD and more.",essence.com,,Entertainment,Okla Jones,https://www.essence.com/entertainment/new-music-lucky-daye-leon-thomas-coco-jones/,,,{},0,0.0
"WATCH: Danielle Brooks, J. Alphonse Nicholson Lead ‘If I Go Will They Miss Me’ - Essence",Danielle Brooks and J. Alphonse Nicholson star alongside newcomer Bodhi Dell in Walter Thompson-Hernández’s Watts-set family drama.,essence.com,,Entertainment,Okla Jones,https://www.essence.com/entertainment/danielle-brooks-j-alphonse-nicholson-if-i-go-will-they-miss-me/,,,{},0,0.0
"Ava DuVernay Returns With ‘14th,’ A New Documentary Examining American Citizenship - Essence",Ava DuVernay’s 14th premieres at the New York Film Festival before arriving globally on Netflix December 4.,essence.com,,Culture,Okla Jones,https://www.essence.com/entertainment/ava-duvernay-14th-documentary/,,,{},0,0.0
Kei Henderson Is Building A New Blueprint For Artists With Third + Hayden - Essence,Former 21 Savage manager Kei Henderson discusses artist ownership and building Third + Hayden for Black Business Month.,essence.com,,Entertainment,Okla Jones,https://www.essence.com/entertainment/kei-henderson-third-hayden/,Economic Equity & Wealth Gap,economic_equity,"{""Economic Equity & Wealth Gap"": [""black business""]}",1,0.333
Ib Kamara Is Leaving Off-White After Four Years At The Helm,Kamara succeeded founder Virgil Abloh after he passed away in 2022.,essence.com,,Fashion,Mecca Pryor,https://www.essence.com/fashion/ib-kamara-leaving-off-white/,,,{},0,0.0
Mecca Pryor - Essence,,essence.com,,Authors,,https://www.essence.com/authors/mecca-pryor-editorialintessence-com/,,,{},0,0.0
Exclusive: Kamie Crawford Makes A Convincing Case For Three Wedding Day Looks,"One dress wasn't enough for her big day. The newlywed breaks down her three-look wedding, from ceremony to after-party, and how she honored her mother and grandmother along the way.",essence.com,,Bridal Bliss,Victoria Uwumarogie,https://www.essence.com/fashion/kamie-crawford-wedding-day-looks/,,,{},0,0.0
How Taraji P. Henson Is Reinventing Herself Through Street Style - Essence,"From Schiaparelli to Rick Owens and more, Taraji P. Henson's #TPHStreetStyle proves she's one of Instagram's most stylish follows right now.",essence.com,,Fashion,https://www.facebook.com/essence,https://www.essence.com/fashion/how-taraji-p-henson-is-reinventing-herself-through-street-style/,,,{},0,0.0
- Essence,,essence.com,,Authors,,https://www.essence.com/authors/mecca-pryor/,,,{},0,0.0
3 Accessories Zoë Kravitz Uses to Instantly Level Up Casual Outfits - Essence,"If you ever find yourself staring in the mirror wondering why your chill-moment outfits aren’t hitting, the answer might just come down to the details.",essence.com,,Celebrity,Alexis Bennett Parker,https://www.essence.com/fashion/get-the-look-zoe-kravitz-leopard-bag-kitten-heel-accessories/,,,{},0,0.0
Alexis Bennett Parker - Essence,,essence.com,,Authors,,https://www.essence.com/authors/aparkersundialmg-com/,,,{},0,0.0
Jordyn Woods Launches WOODS Bridal Collection Following Marriage to Karl-Anthony Towns,"Jordyn Woods just launched her first bridal collection, WOODS Bridal, after her wedding with Karl-Anthony Towns two weeks ago.",essence.com,,Celebrity,Akili King,https://www.essence.com/fashion/jordyn-woods-bridal-collection/,,,{},0,0.0
- Essence,,essence.com,,Authors,,https://www.essence.com/authors/india-espy-jones/,,,{},0,0.0
The Shoes ESSENCE Editors Are Wearing For NYFW,"These editor-approved shoes make getting from show to show a little more stylish, and a lot more comfortable.",essence.com,,Accessories,Akili King,https://www.essence.com/fashion/essence-editors-nyfw-shoes/,,,{},0,0.0
Savannah James’ Best Beauty & Style Moments,"From court-side casual to red carpet blonde, take a look at Savannah James' best beauty and style moments in honor of her birthday.",essence.com,,Beauty,Akili King,https://www.essence.com/beauty/savannah-james-best-beauty-style-moments/,,,{},0,0.0
The Black Owned Wedding Guest Dresses That Will Carry You Through Fall I Dos - Essence,This selection will allow you to ease through your upcoming fall weddings in style.,essence.com,,Fashion,Mecca Pryor,https://www.essence.com/fashion/the-black-owned-wedding-guest-dresses/,,,{},0,0.0
Here’s What Equality Looks Like For The Next Generation Of Black Women In Fashion,"In honor of Women’s Equality Day, 4 female fashion founders discuss the realities of what it's like for the next generation of women designers.",essence.com,,Fashion,Mecca Pryor,https://www.essence.com/fashion/womens-equality-day-female-fashion-founders/,,,{},0,0.0
Why The TELFAR x Timberland Collab Is Perfect For Fall,"TELFAR collaborated with Timberland on a collection that sold out instantly. Now, they’re up for pre-order again just in time for fall.",essence.com,,Celebrity,Akili King,https://www.essence.com/fashion/beyonce-rema-wear-telfar-timberland-collaboration/,,,{},0,0.0
Keke Palmer's Beauty & Style Evolution - Essence,"From old Hollywood style to ginger pixie cuts, see how Keke Palmer's style and beauty has evolved in honor of her birthday.",essence.com,,Fashion,https://www.facebook.com/essence,https://www.essence.com/fashion/keke-palmer-beauty-style-evolution/,,,{},0,0.0
In The Studio: Who Decides War - Essence,"Everard Best met Téla D’Amore on the streets of New York City’s Lower East Side . Years later, the duo would helm a defining fashion brand of the times.",essence.com,,Video,https://www.facebook.com/essence,https://www.essence.com/video/in-the-studio-who-decides-war/,,,{},0,0.0
Crafting Iconic Style: Law Roach Unveils His Secrets in New Book - Essence,"In an exclusive conversation, our VP of Content, Nandi Howard, sat down with Roach to dive into his latest project.",essence.com,,Video,https://www.facebook.com/essence,https://www.essence.com/video/law-roach-new-book/,,,{},0,0.0
WATCH | Reset Your Wardrobe This Fall With JCPenney® - Essence,"Out with the old, and in with the new! Essies, that is our only motto as we head deeper into the Fall season. The weather is getting colder, so what better time to spice up your wardrobe this Fall season, than now. JCPenney® wants to make your transition into Winter…",essence.com,,Video,https://www.facebook.com/essence,https://www.essence.com/video/jcpenney-reset-wardrobe-fall-season-fashion-house/,,,{},0,0.0
- Essence,,essence.com,,Authors,,https://www.essence.com/authors/kerane-marcellus/,,,{},0,0.0
Naomi Osaka Serves Her First 2026 US Open Looks,The eye-catching looks have us wondering: can we expect a fashion series from Osaka’s 2026 US Open looks?,essence.com,,Fashion,Mecca Pryor,https://www.essence.com/fashion/naomi-osaka-serves-her-first-2026-us-open-looks/,,,{},0,0.0
Street Style: Black Beauties At London's 60th Notting Hill Carnival,Melanated muses took over. The 60th event brought two million people to the streets of West London.,essence.com,,Beauty,Victoria Uwumarogie,https://www.essence.com/beauty/60th-notting-hill-carnival/,,,{},0,0.0
Kelly Rowland Swears By This Serum For Iridescent Skin,"Olay's new brand ambassador, Kelly Rowland, has been using the brand since childhood—but this new serum is her all-time favorite.",essence.com,,Beauty,Akili King,https://www.essence.com/beauty/kelly-rowland-47-dollar-olay-serum-iridescent-skin/,,,{},0,0.0
Akili King - Essence,,essence.com,,Authors,,https://www.essence.com/authors/akingessence-com/,,,{},0,0.0
"Black Makeup Artists Get Real About Beauty, NYFW & What It Takes To Make It","Lyric Christian hosted the latest iteration of “Beauty, Unfiltered” to talk about comparison, competition, and all the raw and uncut advice about the beauty industry.",essence.com,,Beauty,Akili King,https://www.essence.com/beauty/mind-candy-beauty-unfiltered-nyfw/,,,{},0,0.0
The Best Pixie Cuts Of All Time - Essence,"From Josephine Baker's Eton crop to Halle Berry's gamine cut, here are the most legendary pixie cuts in history.",essence.com,,Beauty,https://www.facebook.com/essence,https://www.essence.com/beauty/best-pixie-cuts-of-all-time/,,,{},0,0.0
Our State Of Beauty,"The highs, lows, ups, and downs for Black women in beauty—and what it’s all for.",essence.com,,Beauty,Akili King,https://www.essence.com/beauty/our-state-of-beauty/,,,{},0,0.0
- Essence,,essence.com,,Authors,,https://www.essence.com/authors/kayla-greaves/,,,{},0,0.0
"An Astrologer Read My Birth Chart—Then, Changed How I See My Beauty",An ESSENCE beauty editor had her birth chart read by an astrologer in Costa Rica—here’s what it said about her relationship with beauty.,essence.com,,Beauty,Akili King,https://www.essence.com/beauty/astrology-birth-chart-reading-beauty-pov/,,,{},0,0.0
What 'Recession Beauty Indicators' Mean For Black Women - Essence,"With Trump’s unpredictable economy impacting the price of beauty, are Black women—and our biweekly appointments—immune?",essence.com,,Beauty,https://www.facebook.com/essence,https://www.essence.com/beauty/recession-indicators-beauty-black-women/,,,{},0,0.0
7 Times Cassie Gave Us Major Beauty Inspiration,"From dreamlike blush to naturally full brows, see Cassie's latest and greatest beauty moments in honor of her birthday.",essence.com,,Beauty,Akili King,https://www.essence.com/beauty/cassie-best-beauty-moments/,,,{},0,0.0
Howard University Is Latest HBCU To Launch On-Campus Barbershop And Salon - Essence,"The “Mecca” partners with alumnus C. Alan Bennett, founder of cosmetology and barbering school, Bennett Career Institute, to bring barbershop and salon services to residence halls this fall.",essence.com,,Beauty,Bridgette Bartlett Royall,https://www.essence.com/beauty/howard-university-to-launch-campus-barbershop-and-salon/,,,{},0,0.0
Makeup By Chelsea Breaks Down Doechii's PFW Beauty Looks - Essence,"From a ""bruised"" lip at Le Grand Dîner du Louvre to an Erykah Badu-inspired beat at Chloe, the artist explains how she executed all the looks.",essence.com,,Video,https://www.facebook.com/essence,https://www.essence.com/video/doechii-makeup-artist-chelsea-uchenna-profile-video/,,,{},0,0.0
'Less Is More' Black-Owned Beauty Products To Try - Essence,"Senior Beauty Editor Akili King discusses her favorite Black-owned beauty finds that reflect our 2025 ""Less Is More"" beauty mantra.",essence.com,,Video,https://www.facebook.com/essence,https://www.essence.com/video/less-is-more-black-owned-beauty-products-to-try-2025/,Economic Equity & Wealth Gap,economic_equity,"{""Economic Equity & Wealth Gap"": [""black-owned""]}",1,0.333
Beauty School: An Expert Look At Extra Long Nails - Essence,"Sha'Carri Richardson's nail artist Angie Aguirre breaks down the history behind long nails, how to execute a '90s look, and more.",essence.com,,Video,https://www.facebook.com/essence,https://www.essence.com/video/beauty-school-history-extra-long-nails/,,,{},0,0.0
"This $5 Mask Transformed My Skin Overnight—And 45,000 Reviewers Agree",Here’s why this ESSENCE Beauty Editor has been recruited to the viral overnight collagen mask—and how she woke up with glass skin.,essence.com,,Beauty,Akili King,https://www.essence.com/beauty/the-empties-edit-biodance-collagen-mask/,,,{},0,0.0
