title,description,source,date_of_publication,category,author,link
What Donovan Mitchell’s Cavaliers Deal Means For His Net Worth,"The conversation about Donovan Mitchell’s net worth just got a major rewrite. In July 2026, the Cleveland Cavaliers guard signed a four-year deal worth $273 million, the richest average annual salary in NBA history. Nicknamed “Spida,” Mitchell has turned explosive scoring into one of the league’s most bankable brands. His money runs well beyond his… Continue reading What Donovan Mitchell’s Cavaliers Deal Means For His Net Worth",afrotech.com,2026-10-01,Business,Tyler-Christian Daniels,https://afrotech.com/donovan-mitchell-net-worth
Quaker Congregation Helps Black Families Purchase Homes As Part Of Its Reparations Program,"A Quaker congregation in Philadelphia has launched a reparations-based grant program to help Black families become first-time homeowners, part of a broader effort by the group to address its own historical ties to slavery and racial injustice. Quakers supporting Black communities in Philadelphia As the Philadelphia Inquirer recently reported, Charmira and Quincy Pilgrim, a Black… Continue reading Quaker Congregation Helps Black Families Purchase Homes As Part Of Its Reparations Program",blavity.com,2026-09-30,News,Christopher Rhodes,https://blavity.com/quaker-congregation-helps-black-families-purchase-homes
What To Know About the 7 Former Cornell Students Accused of Sexual Assault,"A sexual assault lawsuit involving seven former Cornell University students has brought renewed attention to an alleged 2024 assault, the university’s handling of the case and questions about why criminal charges were not initially filed. The lawsuit was filed by Jane Doe, a former Cornell student who alleges that she was sexually assaulted for hours […]",ebony.com,2026-09-30,News &Amp; Politics,,https://www.ebony.com/what-to-know-about-the-7-former-cornell-students-accused-of-sexual-assault/
What ADHD Looks Like in the Early Career Phase,"I spent my entire school career struggling with no clear reason. At the time, all I knew was that, unlike most of my classmates, I had a hard time staying focused even when I intended to. What came naturally to my counterparts was a silent, ongoing battle for me, showing up in so many ways. […]",ebony.com,2026-09-30,Health,,https://www.ebony.com/what-adhd-looks-like-in-the-early-career-phase/
"A Love Letter to Jasmine Guy, Because Growing Older Was Never the Insult You Thought It Was","Before timelines, algorithms and comment sections decided everyone’s face was public property, Jasmine Guy was already teaching us what it looked like to be a Black woman with presence. We knew the walk. We knew the voice. We knew the tilt of the head that could make an entire sentence unnecessary. And, of course, we […]",ebony.com,2026-09-30,Beauty,,https://www.ebony.com/a-love-letter-to-jasmine-guy-because-growing-older-was-never-the-insult-you-thought-it-was/
Is ‘The Ick’ Killing Relationships Before They Get Started?,"One minute, you’re excited about someone. The next, one tiny thing changes everything. Maybe it’s the way they chew, an awkward joke, the way they dress, or something they said that suddenly makes you think, ‘Yeah…I can’t do this.’ Welcome to the ick. The viral dating term has become shorthand for that sudden, inexplicable feeling that […]",ebony.com,2026-09-30,Life,,https://www.ebony.com/the-ick-love-and-relationships/
Tomi Adeyemi Doubles Down on ‘Children of Blood and Bone.’ Will It Make Film Adaptations Harder?,"When the film adaptation of Children of Blood and Bone was first announced, author Tomi Adeyemi was thrilled at the prospect of bringing it to the screen. The first book in her Legacy of Orïsha series, Children of Blood and Bone puts dark-skinned Black girls at the center of the magic, drawing on Yoruba mythology […]",ebony.com,2026-09-30,Entertainment,,https://www.ebony.com/tomi-adeyemi-doubles-down-children-of-blood-and-bone-will-it-make-film-adaptations-harder/
Toni Morrison’s ‘The Bluest Eye’ Abruptly Pulled From Georgia School Libraries,"Toni Morrison’s The Bluest Eye has been removed from school media centers in Georgia’s Cobb County School District over concerns about sexually explicit content involving child rape and incest. What did the Cobb County Superintendent say about the book’s removal? Cobb County Superintendent Chris Ragsdale announced the decision Sept. 17, saying the district determined that… Continue reading Toni Morrison’s ‘The Bluest Eye’ Abruptly Pulled From Georgia School Libraries",blavity.com,2026-09-30,News,Jahaura Michelle,https://blavity.com/toni-morrisons-the-bluest-eye-abruptly-pulled-from-georgia-school-libraries
Senate Passes Bill That Could Reshape How College Athletes Get Paid,"The U.S. Senate passed a bipartisan bill on Monday that would create national rules for college athletes’ pay, transfers and eligibility, bringing Congress closer to changing how college sports operate. The Protect College Sports Act passed 77-22 and now heads to the House of Representatives. The legislation would give the NCAA new authority to enforce… Continue reading Senate Passes Bill That Could Reshape How College Athletes Get Paid",blavity.com,2026-09-30,Politics,Jahaura Michelle,https://blavity.com/senate-passes-bill-that-could-reshape-how-college-athletes-get-paid
Is Mississippi’s Senate race the sleeping giant of this election? Scott Colom thinks voters are waking up,"Scott Colom discusses his historic Senate bid, Black voters, affordability and why Mississippi matters in 2026.",thegrio.com,2026-09-30,Politics,Gerren Keith Gaynor,https://thegrio.com/2026/09/30/mississippi-senate-race-scott-colom/
Solange’s A Seat at the Table Turns 10,"When we sit down to consider the greatest albums of the 2010’s, Solange’s “A Seat At The Table” leads the charge in that conversation. Ten years ago today, Solange gifted the world with an offering in the form of her third studio album. The masterpiece that is “A Seat At The Table” is a classic […]",ebony.com,2026-09-30,Culture,,https://www.ebony.com/solanges-a-seat-at-the-table-turns-10/
"Tesla On Trial In Racial Discrimination Lawsuit Alleging Racial Slurs, Unfair Pay And Promotion Practices","Tesla is on trial for a racial discrimination lawsuit brought forward by Black employees at its flagship plant in California, The Guardian reports. The outlet notes that dozens of those employees have brought forward allegations that involve racial slurs, among other offenses. The lawsuit dates back to February 2022 and accuses the automobile and energy… Continue reading Tesla On Trial In Racial Discrimination Lawsuit Alleging Racial Slurs, Unfair Pay And Promotion Practices",afrotech.com,2026-09-30,Technology,Samantha Dorisca,https://afrotech.com/tesla-on-trial-for-racial-discrimination-lawsuit-filed-black-employees
Sensori Co-Founders Raise Nearly $1M In Oversubscribed Pre-Seed Round With Support From More Than 40 Creators,"Functional non-alcoholic startup Sensori is banking on creators and community. The mood-boosting beverage brand, led by Shanna Pearre (CEO) and Darean Rhodes (COO), has raised nearly $1 million in an oversubscribed pre-seed round, according to Inc. It all started with an Instagram story, which probably wouldn’t surprise anyone following the company’s digital footprint.",afrotech.com,2026-09-30,Venture Capital,Samantha Dorisca,https://afrotech.com/sensori-co-founders-raise-nearly-1m-in-oversubscribed-pre-seed-round
What Is Dr. Abdul El-Sayed’s Net Worth? A Look Inside His Financial Footprint,"Throughout the 2026 Michigan Senate primary, progressive candidate and former health official Abdul El-Sayed focused heavily on criticizing big money in politics. However, the spotlight shifted when he faced mounting pressure to reveal his own financial standing. After weeks of scrutiny, El-Sayed filed a financial disclosure detailing his household wealth – a revelation that landed… Continue reading What Is Dr. Abdul El-Sayed’s Net Worth? A Look Inside His Financial Footprint",afrotech.com,2026-09-30,Business,Tyler-Christian Daniels,https://afrotech.com/abdul-el-sayed-net-worth
What Really Happened to Lisa Bonet on ‘A Different World?’,"From a late-’80s spin-off of “The Cosby Show’ to her undeniable nod in the new ‘A Different World’ series, here’s how Lisa Bonet’s Hillman story got complicated.",theroot.com,2026-09-30,Entertainment,Shanelle Genai,https://www.theroot.com/what-really-happened-to-lisa-bonet-on-a-different-world-2000128600
NFL Fans Can Now Watch Live Games On Select United Flights,United Airlines is bringing live NFL and college football to select Starlink-equipped flights through seatback screens and connectivity.,travelnoire.com,2026-09-30,Travel News,Faith Katunga,https://travelnoire.com/united-live-nfl-games-flights
Whoopi Goldberg Avoided Flying For Years: Here’s What Helped Her Get Back In The Air,"EGOT winner, talk show host, and veteran actress Whoopi Goldberg has been open for decades about how she's navigated her fear of flying.",travelnoire.com,2026-09-30,Culture,Natasha Decker,https://travelnoire.com/whoopi-goldberg-fear-of-flying
Her Grandfather Was From Jamaica. Going Back For Her Honeymoon Was Never Really A Question,"A day-by-day itinerary inspired by a real Negril honeymoon — spa days at The Skylark, sunset at Rick's Cafe and fresh lobster on Booby Cay.",travelnoire.com,2026-09-30,Culture,Anslem Samuel Rocque,https://travelnoire.com/negril-jamaica-honeymoon-marcus-lana
Fall Culture Index 2026: Get Lit Edition — 10 Books to Wrap Up Your September,"Ah, September. Between the back-to-school haze and the temperature figuring out if it’s really ready for sweater weather, it’s always a season of change. But one thing didn’t falter: the month’s book offerings, with several well-known faces speaking their peace in memoirs. Layla Ali drops her truths in a new memoir. As the daughter of […]",ebony.com,2026-09-30,Black,,https://www.ebony.com/fall-culture-index-2026-get-lit-books-september/
A Key Voice for Farmers of Color at USDA Has Gone Silent Under Trump,Growers are calling on congressional leaders to hold the USDA accountable for ignoring the minority farmers committee.,capitalbnews.org,2026-09-30,,Aallyah Wright,https://capitalbnews.org/trump-usda-minority-farmers-committee/
2026 Airline Rankings Are In: These 10 Airlines Came Out On Top,The world’s best airlines of 2026 have been revealed by Skytrax. See which carriers made the top 10 and which airline took the No. 1 spot.,travelnoire.com,2026-09-30,Travel News,Faith Katunga,https://travelnoire.com/worlds-best-airlines-2026
Tisha Campbell reveals the lengths Martin Lawrence went to for her to play Gina: ‘He came to my mom’s house’,"Tisha Campbell revealed exactly how she became Gina for an iconic TV series, revealing Martin Lawrence went to her mom's house to convince her.",thegrio.com,2026-09-30,Entertainment,Brandon Caldwell,https://thegrio.com/2026/09/30/tisha-campbell-martin-moms-house-martin-lawrence/
We Asked An Expert if County Certification Fights Could Undermine Trust in the 2026 Midterms,"County officials could delay certification of midterm election results, triggering legal battles and fueling distrust after voters have cast their ballots. We asked an expert to break it down for us.",theroot.com,2026-09-30,Politics,Phenix S Halley,https://www.theroot.com/we-asked-an-expert-if-county-certification-fights-could-2000128495
Cardi B’s Flyest Fashion Week Looks of All Time,"As Paris Fashion Week gets underway, let’s get into Cardi B.’s most iconic style slays from over the years!",theroot.com,2026-09-30,Beauty + Style,Shanelle Genai,https://www.theroot.com/cardi-bs-flyest-fashion-week-looks-of-all-time-2000128489
The Story of the Frugal Washerwoman Who Saved a Fortune and Gave It Away to Black Students,"A lifetime over an outdoor wash pot. A hard-earned $150,000. And zero hesitation to give it all back to the next generation. This week marks the 27th anniversary of the passing of Oseola McCarty, whose legacy changed Black students’ lives forever.",theroot.com,2026-09-30,News,Angela Wilson,https://www.theroot.com/the-story-of-the-frugal-washerwoman-who-saved-a-fortune-2000128485
Lindsay Clancy Holdout Juror Gives His Side of the Story,Michael Desronvil speaks publicly for the first time since the jury deadlocked and the trial ended without a verdict.,theroot.com,2026-09-30,Criminal Justice,Phenix S Halley,https://www.theroot.com/lindsay-clancy-holdout-juror-gives-his-side-of-the-stor-2000128481
"After 41 Years Behind Bars, Death Row Inmate Finally Gets a Chance at Freedom","New DNA testing has weakened the case against Douglas Carter, who spent 41 years on death row for a murder he denies committing.",theroot.com,2026-09-30,Crime,Phenix S Halley,https://www.theroot.com/after-41-years-behind-bars-death-row-inmate-finally-ge-2000128437
It Needs to Be Said: Black Men Have to Start Going to the Doctor,Prostate cancer can be hard to spot early. Here’s how to find a doctor and start the conversation.,theroot.com,2026-09-30,Opinion,Lawrence Ware,https://www.theroot.com/it-needs-to-be-said-black-men-have-to-start-going-to-t-2000128467
Angela Bassett Sheds Light on Black Actors’ Struggle to Land Roles After Oscar Recognition,Angela Bassett’s latest comments have us wondering why Oscar recognition doesn’t always translate into more opportunities for Black talent.,theroot.com,2026-09-30,Entertainment,Shanelle Genai,https://www.theroot.com/angela-bassett-sheds-light-on-black-actors-struggle-to-2000128460
Trump Immigration Court Deporting Unaccompanied Children As Young As 2,"At this point, no decent, empathetic human being could deny that under President Donald Trump, immigration enforcement has become a regular practice of cruelty, inhumanity, and general heartlessness. While Trump continues to welcome white Afrikaners from South Africa into the country as refugees to save them from a fictional “white genocide,” his administration is canceling protections for Black and brown migrants who are actually in the country to escape the deadly violence of their homelands,…",newsone.com,2026-09-30,Civil Rights & Social Justice,Zack Linly,https://newsone.com/6873137/trump-immigration-court-deporting-children/
Department Of Education Strips Title IX Protections From LGBTQ+ Students,"Project 2025’s game plan is taking shape. Trans people, who make up less than 1% of the adult population , are again under attack in a culture war that grows staler by the week while grocery bills keep climbing . In the latest, the Department of Education on Monday formally rescinded the Biden administration’s 2024 Title IX rule.",newsone.com,2026-09-30,Civil Rights & Social Justice,Angela M. Bronner,https://newsone.com/6873077/education-department-strips-title-ix/
Federal Judge Lifts Oakland Police Department’s Consent Decree,"On Tuesday, a federal judge lifted a consent decree on the Oakland Police Department that had been in place for 23 years. AP reports that the consent decree was originally issued in 2003. The OPD made headlines in 2000 after a rookie officer spoke out against a group of officers called the Oakland “riders.” The riders were found to have conducted false arrests, planted evidence, and regularly used excessive force while policing the predominantly Black area of West Oakland.",newsone.com,2026-09-30,Civil Rights & Social Justice,Joe Jurado,https://newsone.com/6873131/oakland-police-department-consent-decree-lifted/
DHS Uses NFL Legend’s Image In Anti-Migrant Propaganda,"The National Football League has asked the Department of Homeland Security to take down a social media video that uses highlights of Hall of Fame safety Brian Dawkins to promote the Trump administration’s immigration crackdowns. So far, the agency is refusing. NFL spokesman Brian McCarthy confirmed Monday that the league had asked DHS to remove the video, the Guardian reports.",newsone.com,2026-09-30,Nation,Angela M. Bronner,https://newsone.com/6873125/dhs-uses-nfl-legend-brian-dawkins-image/
Why The Courtside Finger Pointing At A’ja Wilson Unearths A History Of Racism And Respectability Politics for Black Women,"As Black women in America, we are constantly expected to possess an endless reservoir of grace and composure while absorbing disrespect and racism. When a white male spectator aggressively pointed his finger at Las Vegas Aces star A’ja Wilson during a playoff match, a collective shockwave went through our community. Wilson promptly defended her space.",newsone.com,2026-09-30,Opinion,Nicky Childers,https://newsone.com/6873111/aja-wilson-racism-respectability-politics-black-women/
A’ja Wilson Receives King Center’s 2027 Youth Influencer Award,"The King Center announced Wednesday that Las Vegas Aces star A’ja Wilson will receive its 2027 Beloved Community Youth Influencer Award. In a statement posted to social media , the King Center said that Wilson received the award in recognition of her work through the A’ja Wilson Foundation. Wilson’s foundation focuses on helping young girls with dyslexia build confidence and navigate their mental health struggles.",newsone.com,2026-09-30,Athletes,Joe Jurado,https://newsone.com/6873108/aja-wilson-received-center-young-influencer-award/
Cornell Gang Rape: Fraternity Text Messages Related To Investigation Revealed As Mayor Shuts Down Event Permits,"It’s easy to imagine that the seven members of Cornell University’s Chi Pi fraternity thought all of their troubles had faded away to obscurity after they were accused of drugging and gang-raping a female student for several hours in October 2024. Since authorities had reportedly declined to press any charges after the alleged rape was reported the following month, they likely thought they were safe, not just from prosecution, but from public scrutiny and outrage.",newsone.com,2026-09-30,Crime,Zack Linly,https://newsone.com/6873100/cornell-gang-rape-text-messages/
Wisconsin High School Students Stage Walkout In Support Of Nolan Wells,"It has been nearly three months since Nolan Wells went to a party with several friends on an island off the coast of Mississippi on July 4, and we still have no idea why he died on that trip instead of returning with his travelling companions. Last week, a Mississippi grand jury determined that there was no evidence of criminal wrongdoing in Wells’ death, and that there was no evidence that his so-called friends had anything to do with his death.",newsone.com,2026-09-30,Civil Rights & Social Justice,Zack Linly,https://newsone.com/6873095/wisconsin-students-walkout-support-nolan-wells/
Notable Black Folks Who Died In 2026,"UPDATE — Wednesday, September 30, 2026, 11:17 a.m. EST: We love our Black celebrities . Period. No matter how famous they get or how big the stages become, there’s always a different kind of pride that comes with seeing Black folks win. It feels personal, like their success is proof that we can make it too, that our stories matter, and that our voices deserve to be heard on the biggest platforms possible.",newsone.com,2026-09-30,Nation,Davonta Herring,https://newsone.com/6745511/notable-black-people-who-died-2026/
Experience Traditional Ethiopian And Eritrean Beauty Treatments At These Las Vegas Spas,"Two Habesha spas in Las Vegas offer visitors traditional, centuries-old beauty treatments and rituals hailing from East Africa.",travelnoire.com,2026-09-30,Culture,Natasha Decker,https://travelnoire.com/las-vegas-habesha-beauty-treatments
"Savannah James Flies First Class While Her Friend Flies Business. Now, the Internet is Divided",Savannah James says she doesn’t feel obligated to pay for her longtime friend’s upgraded seat when they travel together. And the internet has some serious thoughts!,theroot.com,2026-09-30,Entertainment,Shanelle Genai,https://www.theroot.com/savannah-james-flies-first-class-while-her-friend-flies-2000128569
Meet the Black family behind the Luster’s Pink hair lotion you grew up with,"For nearly 70 years, Luster Products has been a Black-owned, family-owned leader in textured haircare, passed down through generations.",thegrio.com,2026-09-30,Business,Haniyah P.,https://thegrio.com/2026/09/30/meet-the-black-family-behind-the-lusters-pink-hair-lotion-you-grew-up-with/
"NYC delivery worker bill could put thousands of jobs at risk, analysis finds","The proposed legislation could affect thousands of NYC delivery jobs, workers of color and minority-owned last-mile businesses.",thegrio.com,2026-09-30,Featured,Jahaura Michelle,https://thegrio.com/2026/09/30/nyc-delivery-worker-bill-could-put-thousands-of-jobs-at-risk-analysis-finds/
Tyler Perry lists Beverly Hills estate for $57M as ambitions to move to Puerto Rico grow,Tyler Perry is serious about his upcoming move to Puerto Rico. The filmmaker has put his famed Beverly Hills mansion up for sale.,thegrio.com,2026-09-30,Featured,Brandon Caldwell,https://thegrio.com/2026/09/30/tyler-perry-beverly-hills-mansion-for-sale/
Savannah James flies first class while her bestie flies business — and they’re both fine with that,We unpack the etiquette and nuances of having “mixed-income” friendships in today’s economy.,thegrio.com,2026-09-30,Lifestyle,Kay Wicker,https://thegrio.com/2026/09/30/savannah-james-flies-first-class-while-her-bestie-flies-business-and-theyre-both-fine-with-that/
What advocates fear gets lost in the urgent message ‘Black people don’t hang themselves’,"T-Kea Blackman, co-founder of Black People Die By Suicide Too, gets real about the rising rates of suicides among the Black community.",thegrio.com,2026-09-30,Lifestyle,Kay Wicker,https://thegrio.com/2026/09/30/what-advocates-fear-gets-lost-in-the-urgent-message-black-people-dont-hang-themselves/
"10 Black voices making sense of politics, one podcast at a time","In honor of International Podcast Day, here are some Black-led podcasts keeping audiences informed about current events and policies.",thegrio.com,2026-09-30,Politics,Haniyah P.,https://thegrio.com/2026/09/30/10-black-voices-making-sense-of-politics-one-podcast-at-a-time/
Diddy rep pushes back on report claiming rapper receives special treatment in prison,"Combs’ representative disputes a report alleging cellphone and alcohol use in prison, saying the rapper is serving his sentence within rules.",thegrio.com,2026-09-30,News,Bolarinwa Oladeji,https://thegrio.com/2026/09/30/diddy-representative-denies-prison-contraband-report/
7 Black creatives and scholars named among the 2026 MacArthur Fellows,"The 2026 class includes artists, writers, musicians, scholars and researchers whose work explores race, history, memory, and identity.",thegrio.com,2026-09-30,News,Bolarinwa Oladeji,https://thegrio.com/2026/09/30/black-2026-macarthur-fellows-genius-grants/
"New poll finds Black women voters are approaching the midterms with Obama-era enthusiasm, but a different motivation","New poll finds Black women voters are driven by urgency ahead of the midterms, with concerns about leadership, voting rights and the economy.",thegrio.com,2026-09-30,Politics,Gerren Keith Gaynor,https://thegrio.com/2026/09/30/new-poll-finds-black-women-voters-are-approaching-the-midterms-with-obama-era-enthusiasm-but-a-different-motivation/
How social media algorithms are fueling the spread of racist and engagement-driven content,Studies and whistleblower claims have sparked new questions about whether social media platforms prioritize engagement over safety.,thegrio.com,2026-09-30,Technology,Brandon Caldwell,https://thegrio.com/2026/09/30/social-media-algorithims-engagement-driven-content-racism/
"After 23 years, Oakland police department exits federal oversight with accountability questions remaining",The decision closes the longest-running federal monitoring of police in U.S. history; advocates say accountability remains critical.,thegrio.com,2026-09-30,News,Odafe Oghen,https://thegrio.com/2026/09/30/oakland-police-oversight-ends-23-years/
Diana Ross calls for security after fan interaction crosses boundaries onstage,"Footage of the August concert resurfaced online, showing Ross asking venue staff to intervene after a fan crossed physical boundaries.",thegrio.com,2026-09-30,Entertainment,Odafe Oghen,https://thegrio.com/2026/09/30/diana-ross-fan-incident-security-onstage/
Nolan Wells supporters organize social media blackout as family continues seeking answers,The campaign asks participants to change their profile pictures and share Wells’ name as his family continues seeking answers.,thegrio.com,2026-09-30,News,Bolarinwa Oladeji,https://thegrio.com/2026/09/30/blackout-for-nolan-wells-social-media-campaign/
Judge reduces jury award against Chris Brown in dog attack lawsuit,A Los Angeles judge has given Chris Brown’s former housekeeper a choice between accepting $9.5 million or facing a new trial over damages.,thegrio.com,2026-09-30,News,Bolarinwa Oladeji,https://thegrio.com/2026/09/30/chris-brown-housekeeper-9-5-million-damages-trial/
"Mighty Sparrow, legendary calypso singer who brought Caribbean music worldwide, dies at 91","Mighty Sparrow, the “Calypso King of the World,” dies at 91 after a brief illness in New York, ending a career that helped globalize calypso.",thegrio.com,2026-09-30,Entertainment,Odafe Oghen,https://thegrio.com/2026/09/30/mighty-sparrow-death-calypso-icon-91/
John Legend launches housing support program for HBCU students and Penn undergrads,John Legend joins a rent assistance program providing $850 housing grants to 50 students at three HBCUs and the University of Pennsylvania.,thegrio.com,2026-09-30,Featured,Odafe Oghen,https://thegrio.com/2026/09/30/john-legend-rent-initiative-hbcu-students/
"After 41 years in Utah custody, Black man released following new DNA findings",Douglas Stewart Carter was released after 41 years in Utah custody after DNA evidence excluded him from key evidence in a 1985 murder case.,thegrio.com,2026-09-30,News,Odafe Oghen,https://thegrio.com/2026/09/30/douglas-carter-release-dna-death-row-utah/
New York AG reviews Cornell’s handling of sexual assault allegations as investigation reopens,The review comes as local prosecutors reopen the case and consider whether criminal charges should be presented to a grand jury.,thegrio.com,2026-09-30,News,Bolarinwa Oladeji,https://thegrio.com/2026/09/30/new-york-attorney-general-cornell-sexual-assault-review/
"Trump’s Hispanic Heritage Month event draws criticism from first Afro Latina in Congress, who stresses Black-Latino unity","Rep. Analilia Mejia responds to Trump’s Hispanic Heritage Month event, criticizing his policies and calling for Black-Latino unity.",thegrio.com,2026-09-30,Politics,Gerren Keith Gaynor,https://thegrio.com/2026/09/30/trumps-hispanic-heritage-month-analilia-mejia-black-latino-unity/
GOP Senator Blocks Bipartisan Effort To Protect Kennedy Center From Trump,"Donald Trump, his administration, and his hand-picked board at the John F. Kennedy Center for the Performing Arts are essentially holding the institution hostage until Trump’s name is restored to a building that was meant to honor an assassinated president of the United States. As we previously reported , Trump and the board have both warned that the Kennedy Center would go bankrupt and could be demolished due to disrepair if the current president’s name wasn’t restored.",newsone.com,2026-09-29,Nation,Zack Linly,https://newsone.com/6873042/senator-mike-lee-blocks-kennedy-center-protection/
Brad Pitt’s Daughter Officially Drops His Last Name,"Today in celebrity drama, one of the children adopted by Brad Pitt and Angelina Jolie has legally dropped Pitt’s last name. TMZ reports that 21-year-old Zahara Jolie filed a motion to change her last name with the Los Angeles Superior Court earlier this year. A brief hearing was held on Monday, where a judge granted her request. “There being no objections, the petition for change of name is granted,” the Sept. 28 minute order states. “The Decree is signed and filed.",newsone.com,2026-09-29,Celebrity Kids,Joe Jurado,https://newsone.com/6873033/zahara-jolie-pitt-brad-pitt-daughter-name-change/
"In 2026, Azeez Al-Shaair’s ‘Controversial’ Eye Blacks Are The Closest Thing To Athlete Activism [Op-Ed]","Raised fists stripped Tommie Smith and John Carlos of their Olympic medals. Kneeling got Colin Kaepernick blackballed. Valuing life keeps getting Azeez Al-Shaair fined. Nowadays, this is what “buck-breaking” looks like. The Houston Texans linebacker has become quite the “disturbance” this year, depending on your geopolitical views and sense of humanity, as he’s been in the news more for his equipment choices than for his on-field production.",newsone.com,2026-09-29,Civil Rights & Social Justice,Carron J. Phillips,https://newsone.com/6873020/azeez-al-shaair-eye-blacks-protest/
Black Man Released From Death Row After Crime Scene DNA Doesn’t Match Him,"In news that yet again justifies distrust in the American justice system, a Black man in Utah who spent over 40 years on death row was released this week after DNA evidence from the crime scene didn’t match him. CBS News reports that 71-year-old Douglas Stewart Carter was sentenced to death in 1985 over the murder of Eva Olesen. Olesen was the aunt of Provo’s police chief at the time.",newsone.com,2026-09-29,Civil Rights & Social Justice,Joe Jurado,https://newsone.com/6873006/douglas-stewart-carter-released-dna-evidence/
"Sarah Huckabee Sanders’ welfare ad featuring a white man sparked outrage, but isn’t that accurate?","Conservatives are outraged by Huckabee Sanders making a white man the face of welfare, but data shows there may be some truth to her ad.",thegrio.com,2026-09-29,Politics,Haniyah P.,https://thegrio.com/2026/09/29/sarah-huckabee-sanders-welfare-ad-featuring-a-white-man-sparked-outrage-but-isnt-that-accurate/
What Medicaid’s New Payment Model Means For Your Prescriptions,"A new Medicaid payment model ties drug cost to what other countries pay. Here's who saves, what your copay will be and what changes in 2027.",blavity.com,2026-09-29,Cost &Amp; Coverage,Tyler-Christian Daniels,https://blavity.com/medicaid-payment-model
"America’s oldest living person, Naomi Whitehead, celebrates her 116th birthday surrounded by family",The Georgia-born supercentenarian marked the milestone with a celebration attended by as many as 90 relatives.,thegrio.com,2026-09-29,News,Bolarinwa Oladeji,https://thegrio.com/2026/09/29/naomi-whitehead-oldest-american-116th-birthday/
"‘A Different World’ Was a Ratings Hit in 1987. In 2026, it’s Happening Again","In the past, there was a defining presence on television. It happened around the late 1980s through the nineties, and A Different World was one of the top shows on the list. Nearly four decades later, the series return has proven that audiences never stopped wanting it. A Different World arrived on NBC in 1987 […]",ebony.com,2026-09-29,Entertainment,,https://www.ebony.com/a-different-world-ratings-hit-in-1987-and-2026/
Odell Beckham Jr. released by the Giants as reunion with team only lasts three games,Odell Beckham Jr.'s reunion with the New York Giants has come to an abrupt end as the popular wide receiver was released after three games.,thegrio.com,2026-09-29,Sports,Brandon Caldwell,https://thegrio.com/2026/09/29/odell-beckham-jr-released-giants/
How Dance Became More Than Creative Expression For Amari ‘Monster’ Marshall,"You don’t see it every day, but here she is: Amari “Monster” Marshall, in front of a room full of dancers, TikTok creators, and fans of the muse, showing steps on how to dance “gully” in the Red Bull Creator Space curated by Red Bull Dance. Her body moves fluidly, with technique, to a trap […]",ebony.com,2026-09-29,Culture,,https://www.ebony.com/how-dance-became-more-than-creative-expression-for-amari-monster-marshall/
I Went to Paris for Pride. I Came Home Thinking Bigger About Black Queer Life,"When the Paris tourism office, “Paris je t’aime,” first invited me to celebrate Global Black Pride 2026, I didn’t know what to expect. As a California native, I am a seasoned veteran of celebrating the American queer community back home, having experienced San Francisco Pride and West Hollywood Pride on several occasions over the years. […]",ebony.com,2026-09-29,Culture,,https://www.ebony.com/paris-global-black-pride-2026-bigger-picture-black-queer-life-abroad/
What to Wear to CultureCon: From the Corporate Creative to the Streetwear Lover,"Fall in New York is always an invigorating time. From the awe-inspiring foliage to the first wear of your favorite leather trench, autumn in the city is unmatched. And for the thousands of creatives traveling to New York, there’s one event that makes the season especially gratifying: CultureCon. Birthed by Imani Ellis in 2017, CultureCon […]",ebony.com,2026-09-29,Fashion,,https://www.ebony.com/what-to-wear-to-culturecon-from-the-corporate-creative-to-the-streetwear-lover/
Virginia Army officer becomes 19th known U.S. service member to die since Iran war began,"Capt. Bianca Wilkerson, a 37-year-old Norfolk native, died in a non-combat-related incident while deployed overseas, officials said.",thegrio.com,2026-09-29,News,TheGrio Staff,https://thegrio.com/2026/09/29/virginia-army-officer-becomes-19th-known-u-s-service-member-to-die-since-iran-war-began/
7 books by Black authors releasing today,"From Deesha Phillylaw to Omar Tyree to Tomi Adeyemi and more we round up seven books by Black authors releasing Tuesday, September 29.",thegrio.com,2026-09-29,Lifestyle,Kay Wicker,https://thegrio.com/2026/09/29/7-books-by-black-authors-releasing-today/
‘A Different World’ costume designer Provi Fulp reveals the fashion secrets behind Netflix’s Hillman,"A Different World costume designer Provi Fulp reveals how she styled Hillman’s original and new cast, while spotlighting Black creatives.",thegrio.com,2026-09-29,Entertainment,Haniyah P.,https://thegrio.com/2026/09/29/a-different-worlds-costume-designer-reveals-the-fashion-secrets-behind-netflixs-hillman/
"As federal student loans for certain degrees hang in the balance, Trump Administration says loans are not a ‘welfare program’",Programs in social work and other fields face new financial hurdles as the administration pushes a return-on-investment standard. The Trump,thegrio.com,2026-09-29,Politics,Brandon Caldwell,https://thegrio.com/2026/09/29/trump-administration-federal-student-loan-cuts-select-degrees/
"Days after 44th birthday, Lil Wayne seemingly reveals he’s engaged to a 23-year-old woman","It's a happy day for the Hot Boys as Lil Wayne isn't just celebrating B.G.'s engagement, he's also engaged to Madi Cannon.",thegrio.com,2026-09-29,Entertainment,Brandon Caldwell,https://thegrio.com/2026/09/29/lil-wayne-engaged-madi-cannon/
Trump Admin To Bar Loans For College Degrees That Don’t Make Enough Money,"The Trump administration keeps finding fresh ways to make this country worse while calling it making America great again . President Donald Trump has already done his best to make the nation unaffordable, to normalize white nationalist bigotry, and to make policy out of scientific illiteracy, and it should never be forgotten that he, his administration, and his GOP enablers are also working hard to give the U.S. a populace that is less educated and far less prone to critical thinking.",newsone.com,2026-09-29,Nation,Zack Linly,https://newsone.com/6872995/trump-student-loan-ban-degrees-dont-make-money/
Black Women Are Sounding the Alarm About Voting Rights and America’s Future,A new poll reveals their thoughts on whether the nation is delivering on what Black women need to thrive.,capitalbnews.org,2026-09-29,,Aallyah Wright,https://capitalbnews.org/black-women-voters-poll-america-future/
Is Iced Coffee An Appropriate Interview Accessory?,"Apparently, having an iced coffee accompany you to a job interview is perceived as unprofessional. I can’t believe that the internet’s discourse has stooped to the level of using iced beverages as a means of measuring a person’s seriousness about wanting a position, but here we are. Whether you walk into an interview with an […]",ebony.com,2026-09-29,Culture,,https://www.ebony.com/is-iced-coffee-an-appropriate-interview-accessory/
How to Financially Prepare for a Career Change,"As the job market continues to shift, many are considering a career pivot or starting fresh in a new industry. While daunting in nature, the reality is that layoffs are continuing to happen, and the job security that once existed doesn’t seem to be rearing its head again anytime soon. The challenge that often arises […]",ebony.com,2026-09-29,Life,,https://www.ebony.com/how-to-financially-prepare-for-a-career-change/
The Importance of Midterm Elections Beyond Election Day,49% of Americans answered “yes” when posed the question of if they expect the upcoming midterm election cycle to be fair and free in a survey conducted at the beginning of September 2026 by UC San Diego’s School of Social Sciences. This data reveals that less than half of Americans have a level of uncertainty […],ebony.com,2026-09-29,News &Amp; Politics,,https://www.ebony.com/the-importance-of-midterm-elections-beyond-election-day/
What the Cornell 7 and LSU sexual assault cases are revealing about the experiences of Black women,"In the wake of the Cornell 7 and LSU assault cases, many, including Black women, are reckoning with their dismay and rage.",thegrio.com,2026-09-29,Lifestyle,Kay Wicker,https://thegrio.com/2026/09/29/what-the-cornell-7-and-lsu-sexual-assault-cases-are-revealing-about-the-experiences-of-black-women/
Woman accused of shooting at Rihanna and ASAP Rocky’s home determined mentally fit to stand trial,A Florida woman who reportedly fired more than 20 rounds at ASAP Rocky and Rihanna's home in March has been cleared to stand trial.,thegrio.com,2026-09-29,Entertainment,Brandon Caldwell,https://thegrio.com/2026/09/29/ivanna-lisette-ortiz-mentally-competent-rihanna-asap-rocky-shooting/
Stevie Wonder Releases 4 Unvaulted Tracks From ‘Songs In The Key Of Life’ Ahead Of 50th Anniversary Tour,"Alright, my fellow Stevie Wonder fans, this is not a drill. If you ask most Stevie fans what the singer, songwriter, musician and music producer’s best album is, they’ll tell you it’s 1976’s Songs in the Key of Life . Well, on Monday, which marks the 50th anniversary of the album that won Album of the Year at the Grammys in ’76, Wonder blessed the world with four unvaulted tracks from recording sessions during the time the album was recorded.",newsone.com,2026-09-29,Culture,Zack Linly,https://newsone.com/6872989/stevie-wonder-songs-in-the-key-of-life/
Court Dismisses Trump Lawsuit Over 2024 Poll That Showed Kamala Harris Leading Presidential Race In Iowa,"One of President Trump’s attacks against the news media appears to have hit a legal dead end, with an Iowa court dismissing a lawsuit filed by the president against a pollster and one of the state’s newspapers. The setback comes as the president continues to attack individual people and major outlets within the mainstream media.… Continue reading Court Dismisses Trump Lawsuit Over 2024 Poll That Showed Kamala Harris Leading Presidential Race In Iowa",blavity.com,2026-09-29,Politics,Christopher Rhodes,https://blavity.com/court-dismisses-trump-lawsuit-over-2024-poll
‘All American’ Series Finale Reminded Us Why We Need More Coming-Of-Age Stories,"All American called its final play as the hit CW show concluded with its series finale on September 28. It was a heartwarming farewell; audiences were reunited with beloved Spencer James, played by Daniel Ezra — who directed the series finale — one last time as he became the man he always aspired to be […]",ebony.com,2026-09-29,Entertainment,,https://www.ebony.com/all-american-series-finale-need-more-coming-of-age-stories/
WATCH: How a Performer’s Quick Thinking Saved His MLB National Anthem Solo After His Trumpet Malfunctions,"When the sound cut out mid-anthem, legendary trumpeter Jesse McGuire didn’t miss a beat. What he did next saved the performance—and left the crowd speechless.",theroot.com,2026-09-29,News,Samantha Chery,https://www.theroot.com/watch-how-a-performers-quick-thinking-saved-his-mlb-na-2000128354
Jay-Z and the Historic Price of a False Accusation,"Jay-Z’s accuser has recanted, raising difficult questions about false allegations, racial stereotypes and the lasting consequences for Black men.",theroot.com,2026-09-29,Culture,Phenix S Halley,https://www.theroot.com/jay-z-and-the-historic-price-of-a-false-accusation-2000128198
Exclusive: James Talarico launches multimillion-dollar ad campaign centered on Black voters,"James Talarico is launching new radio, digital and print ads targeting Black voters as his campaign expands outreach across Texas.",thegrio.com,2026-09-29,Politics,Gerren Keith Gaynor,https://thegrio.com/2026/09/29/exclusive-james-talarico-launches-new-ads-targeting-black-voters/
Quavo reunites with Offset and sparks baby speculation with ‘QRÖMELIFE’ teaser,"Quavo and Offset preview “Away,” their first collaboration in five years, as Quavo teases a Migos reunion amidst new fatherhood speculation.",thegrio.com,2026-09-29,Entertainment,Peter Kerich,https://thegrio.com/2026/09/29/quavo-offset-first-collaboration-five-years-migos-reunion/
Ms. Pat calls out Judge Judy over ‘go somewhere else’ comments about America,The comedian pushed back after Sheindlin argued that people unhappy with the country shouldn’t demand that it change.,thegrio.com,2026-09-29,Entertainment,Bolarinwa Oladeji,https://thegrio.com/2026/09/29/judge-judy-america-comments-ms-pat-backlash/
"Before You Book A Trending Destination, Check How Locals Are Responding To Tourism","Learn how protests, tourist taxes, rental limits, entry fees, and crowd controls can reveal local tourism pressure before you book a trip.",travelnoire.com,2026-09-29,Plan &Amp; Shop,Faith Katunga,https://travelnoire.com/local-tourism-pressure-before-booking-trip
All About Hillman’s New Heartthrobs in ‘A Different World’ Sequel Series,"The leading men of the new ‘A Different World’ series have folks all over the internet itching to know more. Well, look no further!",theroot.com,2026-09-29,Entertainment,Shanelle Genai,https://www.theroot.com/all-about-hillmans-new-heartthrobs-in-a-different-world-2000128443
The Heartbreaking Last Conversation Jay-Z Had With His Father,The ‘Reasonable Doubt’ rapper is finally getting candid about his relationship with his dad and the last conversation they had before he passed away.,theroot.com,2026-09-29,Entertainment,Shanelle Genai,https://www.theroot.com/the-heartbreaking-last-conversation-jay-z-had-with-his-2000128384
All “A Different World’s” Hillman College Got Right About HBCU Life,"“A Different World” turned Hillman into television, but anyone familiar with HBCUs recognized plenty of truth beneath the sitcom’s antics.",theroot.com,2026-09-29,Culture,Phenix S Halley,https://www.theroot.com/all-a-different-worlds-hillman-college-got-right-abou-2000128306
Why Candace Owens’ Family is Begging Her to ‘Disappear’ Now,"In a public warning, a relative of Candace Owens reportedly urged the conservative podcaster to go dark amid fears for her life.",theroot.com,2026-09-29,News,Angela Wilson,https://www.theroot.com/why-candace-owens-family-is-begging-her-to-disappear-no-2000128312
The Black Portland Neighborhood That Refused to Be Erased,"On a river most Americans couldn’t find on a map, 1803 Fund is building a model for owning and stewarding a prosperous Black Portland, for the next 250 years and beyond.",theroot.com,2026-09-29,Culture,Jeff Johnson,https://www.theroot.com/the-black-portland-neighborhood-that-refused-to-be-eras-2000128322
"Why Black Americans Hate That AI Quavo, Takeoff Trend","The viral Migos, AI trend may look harmless, but it’s raising some very valid concerns and annoying some folks online. Let’s get into it.",theroot.com,2026-09-29,Entertainment,Shanelle Genai,https://www.theroot.com/why-black-americans-hate-that-ai-quavo-takeoff-trend-2000128311
Angela Bassett says roles were ‘few and far between’ after her Oscar-nominated turn as Tina Turner,Angela Bassett reflects on limited Hollywood roles for Black women after her acclaimed portrayal of Tina Turner in 1993.,thegrio.com,2026-09-29,Entertainment,Peter Kerich,https://thegrio.com/2026/09/29/angela-bassett-limited-roles-after-tina-turner/
The Quaker Reparations That Helped This Black Philly Family Build Generational Wealth,"A $10,000 grant from a Quaker congregation helped one Black Philadelphia family build homeownership, stability and generational wealth.",theroot.com,2026-09-29,Culture,Phenix S Halley,https://www.theroot.com/the-quaker-reparations-that-helped-this-black-philly-fa-2000126454
Trayon White’s Political Teflon Holds Up—For Now,"After a mistrial in his bribery case, Democrat Trayon White remains in office, facing another trial and questions from his constituents in Washington, D.C.",theroot.com,2026-09-29,News,Phenix S Halley,https://www.theroot.com/trayon-white-s-political-teflon-holds-up-for-now-2000128127
Jasmine Guy reveals why returning as Whitley Gilbert in ‘A Different World’ made her nervous,Jasmine Guy reveals why returning as Whitley Gilbert in Netflix’s A Different World revival made her nervous after more than 30 years away.,thegrio.com,2026-09-29,Entertainment,Bolarinwa Oladeji,https://thegrio.com/2026/09/29/jasmine-guy-a-different-world-revival-whitley/
The Best Black Looks at Paris Fashion Week 2026,"From Rihanna to Anok Yai, Paris Fashion Week 2026 got off to a truly glamorous start. Let’s take a look!",theroot.com,2026-09-29,Beauty + Style,Shanelle Genai,https://www.theroot.com/the-best-black-looks-at-paris-fashion-week-2026-2000128272
"Trump Administration Could Limit Your Access To Federal Student Loans, If Your Degree Doesn’t Earn Enough","The Trump Administration’s crackdown on college majors continues. In April 2026, the U.S. Department of Education issued a press release about President Trump’s Working Families Tax Cuts Act, which is designed to address low-earning outcomes. At the time, the proposed act aimed to hold institutions and programs accountable as federal student loans reach nearly $1.7… Continue reading Trump Administration Could Limit Your Access To Federal Student Loans, If Your Degree Doesn’t Earn Enough",afrotech.com,2026-09-29,Education,Samantha Dorisca,https://afrotech.com/trump-administration-could-limit-your-access-to-federal-student-loans-if-your-degree-doesnt-earn-enough
John Legend Joins Initiative To Assist Students With Rent At His Alma Mater And Select HBCUs,"John Legend is supporting an initiative to help college students pay rent. Before becoming an EGOT-winning musician, Legend was a student at the University of Pennsylvania. According to TIME, he moved from a small town in Ohio and started working at a church to cover his expenses. This also led to him working with Lauryn… Continue reading John Legend Joins Initiative To Assist Students With Rent At His Alma Mater And Select HBCUs",afrotech.com,2026-09-29,Hbcu,Samantha Dorisca,https://afrotech.com/john-legend-joins-initiative-to-cover-rent-for-hbcu-students-and-his-alma-mater
Alexandria Hamilton Created An ‘Independent Safety Layer For Clinical AI’ Because Governance Shouldn’t Be A Final Step,"AI systems architect Alexandria Hamilton aims to create products that make a positive impact. Hamilton has seven years of experience across the Electronic Health Records (EHR) sector, working at Oracle Cerner and a pediatric health system, where she led data and AI products. As noted on her LinkedIn, she built AI systems for healthcare and… Continue reading Alexandria Hamilton Created An ‘Independent Safety Layer For Clinical AI’ Because Governance Shouldn’t Be A Final Step",afrotech.com,2026-09-29,Technology,Samantha Dorisca,https://afrotech.com/alexandria-hamilton-created-an-independent-safety-layer-for-clinical-ai
Nearly 3 million people impacted by Defense Department data breach exposing sensitive information,Unauthorized users accessed records containing SSNs and military employment information between October 2025 and July 2026.,thegrio.com,2026-09-29,News,Peter Kerich,https://thegrio.com/2026/09/29/pentagon-data-breach-nearly-3-million-people/
Kamala Harris rejects the question of whether America is ‘ready’ for a Black woman president,Harris said she believes the country will elect a Black woman president and argued that voters ultimately determine what is possible.,thegrio.com,2026-09-29,News,Bolarinwa Oladeji,https://thegrio.com/2026/09/29/kamala-harris-black-woman-president/
Quavo gets emotional about fatherhood and hearing his daughter call him ‘Dad’,The rapper says becoming a father has revealed a softer side of himself while giving him a renewed sense of purpose.,thegrio.com,2026-09-29,Entertainment,Bolarinwa Oladeji,https://thegrio.com/2026/09/29/quavo-fatherhood-daughter-new-dad/
Planning A Venice Day Trip? A Tourist Tax Of $34 May Be Part Of Your Bill,Talks are reportedly underway to increase Venice's tourist tax as soon as next year.,travelnoire.com,2026-09-29,Travel News,Natasha Decker,https://travelnoire.com/venice-day-tripper-fee-increase-2027
"The New Wellness Trip Is Social, Cultural, And Less Clinical","Wellness travel is shifting toward social saunas, walking trips, food traditions, sleep retreats, and experiences connected to local culture.",travelnoire.com,2026-09-29,Culture,Faith Katunga,https://travelnoire.com/wellness-travel-trends-social-cultural
Taxpayer-funded ads starring Trump and Brandon Johnson are drawing bipartisan questions,"Taxpayer-funded ads featuring Trump and Brandon Johnson are drawing scrutiny over public resources, politics and election-season advertising.",thegrio.com,2026-09-29,Politics,Peter Kerich,https://thegrio.com/2026/09/29/taxpayer-funded-ads-trump-brandon-johnson/
Fed governor Lisa Cook says AI boom is creating broader inflation pressures,"Cook says AI is adding inflation pressure through data centers, energy and construction, while future rate decisions remain data dependent.",thegrio.com,2026-09-29,News,Bolarinwa Oladeji,https://thegrio.com/2026/09/29/fed-lisa-cook-ai-investment-inflation-pressures/
The Business Of Being Brandy: How The R&B Icon Built Her Net Worth,"Long before social media enabled overnight viral stardom, Brandy Norwood carved out her own unique path to fame. Born in Mississippi and raised in California, she arrived on the 1990s R&B scene as a teenager with a soulful voice mature far beyond her years. For young Black girls growing up at the time, she was… Continue reading The Business Of Being Brandy: How The R&B Icon Built Her Net Worth",afrotech.com,2026-09-28,Entertainment,Sarah Rand,https://afrotech.com/brandy-net-worth
She Attended AFROTECH™ Conference In 2025 and Vowed to Speak The Next Year: How Araine Greer Is Keeping That Promise,"When Araine Greer left her first AFROTECH™ conference in 2025, she made herself a promise. “When I left the conference, I told myself I will be a speaker next year, and now look at me! God is so amazing!” This November, the senior cloud solution architect at Microsoft will take the stage at AFROTECH™ 2026… Continue reading She Attended AFROTECH™ Conference In 2025 and Vowed to Speak The Next Year: How Araine Greer Is Keeping That Promise",afrotech.com,2026-09-28,News,AfroTech,https://afrotech.com/how-araine-greer-is-keeping-her-afrotech-promise
‘No holding back’: Nick Cannon says upcoming Netflix docuseries about family life will give people ‘everything’,"Nick Cannon says his upcoming docuseries highlighting his family life won't hold anything back and will give viewers ""everything.""",thegrio.com,2026-09-28,Entertainment,Brandon Caldwell,https://thegrio.com/2026/09/28/nick-cannon-netflix-docuseries-parenting-12-children/
"Confido, An AI-Powered Platform For CPG Brands, Raises $55M In Series B Funding Round","Confido has raised millions in its Series B round. As AFROTECH™ previously reported, Confido, the “first automated financial operations software built for CPG,” was founded by Harvard University graduate Justin Hunter (CEO) and Massachusetts Institute of Technology alumna Kara Holinski (CTO). Specifically, it helps bring finance, accounting, sales, and operations under one roof using “one… Continue reading Confido, An AI-Powered Platform For CPG Brands, Raises $55M In Series B Funding Round",afrotech.com,2026-09-28,Venture Capital,Samantha Dorisca,https://afrotech.com/confido-an-ai-powered-platform-for-cpg-brands-raises-55m-in-series-b
Qantas Is Launching An 18-Hour Nonstop Flight Between New York And Sydney,"Qantas plans to launch the first scheduled nonstop service between New York and Sydney in 2028, cutting the journey to about 18 hours.",travelnoire.com,2026-09-28,Travel News,Faith Katunga,https://travelnoire.com/qantas-nonstop-new-york-sydney-flight-2028
Croix: Inside D.C.’s New Rooftop Restaurant Serving Crucian Cuisine,"Croix, a new Caribbean rooftop restaurant in DC's Navy Yard, brings the flavors of St. Croix to the District with a menu led by Chef Keem Hughley.",travelnoire.com,2026-09-28,Culture,Simone Cherí,https://travelnoire.com/croix-rooftop-restaurant-dc
Jasmine Crowe-Houston’s Free Goodr Grocery Store At This Elementary School Helps Lead To 43% Drop In Absences,"Goodr’s free grocery store is increasing student participation at C.J. Hicks Elementary School. As AFROTECH™ previously reported, Goodr, a sustainable food waste management company based in Atlanta, was founded by Jasmine Crowe-Houston and has opened several free grocery stores to support students and their families.",afrotech.com,2026-09-28,Technology,Samantha Dorisca,https://afrotech.com/goodrs-free-grocery-store-at-c-j-hicks-elementary-brings-reduced-absences
National Medical Fellowships And HealthStack Partner To Build AI Fluency Across the Health Care Workforce,"HealthStack and National Medical Fellowships are launching an ongoing partnership focused on AI education and upskilling for current and future health care leaders. AI is already part of medicine. Training has to keep up. AI in health care is no longer theoretical. According to the American Medical Association, 81% of physicians now report awareness or… Continue reading National Medical Fellowships And HealthStack Partner To Build AI Fluency Across the Health Care Workforce",afrotech.com,2026-09-28,News,AfroTech,https://afrotech.com/national-medical-fellowships-and-healthstack-partner-to-build-ai-fluency
Op-ed: We’re Adept to Missing The Actual Point with Nikole Hannah-Jones,"We have an unnatural allegiance to dogpiling onto Black women. Watching the discourse surrounding Nikole Hannah-Jones over the past several days has cemented that observation. The general consensus of opinions regarding Hannah-Jones’ essay In Fighting For Every Child, Did I Betray My Own? landed in a pile of negative responses that not only missed the […]",ebony.com,2026-09-28,Culture,,https://www.ebony.com/op-ed-were-adept-to-missing-the-actual-point-with-nikole-hannah-jones/
"5 Times ‘A Different World’ Inspired Us With Art, Culture and Community","A Different World returned September 24, with a Netflix sequel bringing a fresh cast together with some of the Day Ones. Decades after the original ended in 1993, A Different World’s impact still resonates. From Boyz II Men singing the final season’s theme to Tupac Shakur’s guest appearance, the series remains a time capsule for […]",ebony.com,2026-09-28,Entertainment,,https://www.ebony.com/a-different-world-episodes-steeped-in-art-and-culture/
Soups Going Triple Platinum in Our Homes This Autumn,"The most wonderful time of year is almost here: soup season. Not sure about you, but fewer things bring me more joy than throwing a bunch of ingredients in a huge pot, letting it simmer on your stove, and cuddling under a blanket until the timer dings. The only thing that makes this a tiny […]",ebony.com,2026-09-28,Dining,,https://www.ebony.com/soups-going-triple-platinum-in-our-homes-this-autumn/
"Normani Is Entering Her Freedom Era, and the VMAs Are Part of the Evolution","Normani has never needed excess to make a red carpet moment land. Her approach has always been a little more precise: a strong silhouette, great glam and the kind of confidence that makes even the simplest look feel intentional. Heading into the 2026 MTV Video Music Awards, that philosophy feels even more pronounced. For the […]",ebony.com,2026-09-28,Beauty,,https://www.ebony.com/normani-is-entering-her-freedom-era-and-the-vmas-are-part-of-the-evolution/
Here’s the Best Moments You Missed at the 2026 VMAs,"The MTV Video Music Awards made its return to the big stage this year – in Los Angeles this time, instead of its more recent home of New York – for an unusually late award show. The 2026 edition kicked off its night well past summer’s end, something unheard of in the last 40 years […]",ebony.com,2026-09-28,Entertainment,,https://www.ebony.com/heres-the-best-moments-you-missed-at-the-2026-vmas/
A Love Letter to Hillman,"As told to Danyale Freeman Dear Hillman College, You’ve always been the place where I’ve wanted to be, undoubtedly. Being a part of your community by way of A Different World has served as a place of refuge since you came into my life at eight years old. I was living in Baltimore, Maryland at […]",ebony.com,2026-09-28,Entertainment,,https://www.ebony.com/a-love-letter-to-hillman/
"Major Deals Keep Coming During Olivia Miles’ Rookie Of The Year Run, Now With Adidas","Olivia Miles has signed with adidas Basketball, capping a rookie season that has turned the Minnesota Lynx guard into one of the most marketable young players in the WNBA. The deal was announced Sept. 28, shortly after Miles was named WNBA Rookie of the Year. The No. 2 overall pick out of TCU finished in… Continue reading Major Deals Keep Coming During Olivia Miles’ Rookie Of The Year Run, Now With Adidas",afrotech.com,2026-09-28,News,Trey Mangum,https://afrotech.com/olivia-miles-rookie-of-the-year-run-major-deals
OpenAI To Pause Development Of Some AI Models — Here’s Why,"OpenAI is taking action after several of its AI agents went “rogue,” NBC News reports. OpenAI agents have attempted to hack federal government websites. This allegedly included the Department of Education website, though the attempt was unsuccessful, AI evaluator Transluce noted. OpenAI acknowledged that agents “acted in unexpected ways” and said it will pause development of… Continue reading OpenAI To Pause Development Of Some AI Models — Here’s Why",afrotech.com,2026-09-28,Technology,Samantha Dorisca,https://afrotech.com/openai-to-pause-development-of-some-of-its-ai-models
Lice Treatment For Black Hair: The Ultimate Step-By-Step Guide,"A pediatric physician explains how to check braids, locs and coils, which treatments to use and how long clearance takes.",blavity.com,2026-09-28,Conditions &Amp; Care,Tyler-Christian Daniels,https://blavity.com/lice-treatment-for-black-hair
13 Mayors From The African American Mayors Association Are Coming To AFROTECH™ Conference 2026,"A delegation of 13 mayors from the African American Mayors Association (AAMA) will attend the AFROTECH™ Conference 2026 in Houston, Nov. 2-6. During the conference, the mayors will take part in private roundtables with leaders from tech, public service and entrepreneurship. The conversations will center on three areas: health equity, the future of work and… Continue reading 13 Mayors From The African American Mayors Association Are Coming To AFROTECH™ Conference 2026",afrotech.com,2026-09-28,News,AfroTech,https://afrotech.com/mayors-from-the-african-american-mayors-association-are-coming-to-afrotech-2026
"Jay-Z Accuser Says ‘No Truth’ To Her Claims, Recants Sexual Assault Allegations",The woman who brought accusations of sexual assault against Jay-Z is now recanting her allegations.,blavity.com,2026-09-28,News,Tomas Kassahun,https://blavity.com/jay-z-accuser-recants-allegations
Angela Stribling Dies: Longtime BET And Radio Personality Dies At 58,"Angela Stribling, a longtime BET personality and radio host, has died following a two-year battle with brain cancer. She was 58. Her husband, Ken Washington, announced Stribling’s death in a post shared to his Instagram account, according to People. “It is with a broken heart that I share that my beloved wife, Angela Marie Stribling,… Continue reading Angela Stribling Dies: Longtime BET And Radio Personality Dies At 58",blavity.com,2026-09-28,News,Jahaura Michelle,https://blavity.com/angela-stribling-dies
Mighty Sparrow Dies: Trinidadian Music Legend Known As The ‘Calypso King Of The World’ Was 91,"Slinger Francisco, the Trinidadian singer who spent more than six decades bringing calypso to audiences worldwide as the Mighty Sparrow, has died. He was 91. Details on The Mighty Sparrow’s death, according to his family Francisco died Sunday surrounded by his family in New York following a “brief illness.” His daughter, Karen Francisco, announced his… Continue reading Mighty Sparrow Dies: Trinidadian Music Legend Known As The ‘Calypso King Of The World’ Was 91",blavity.com,2026-09-28,News,Jahaura Michelle,https://blavity.com/mighty-sparrow-dies
Justice Ketanji Brown Jackson Says Supreme Court’s Emergency Docket Is Being Abused. Here’s What That Means,"Justice Ketanji Brown Jackson called out her colleagues as she delivered a speech at the University of the District of Columbia’s law school. Jackson specifically raised concerns about how her colleagues are handling emergency dockets, urgent cases that need to be processed in the U.S. Supreme Court. The justice said in her speech that the… Continue reading Justice Ketanji Brown Jackson Says Supreme Court’s Emergency Docket Is Being Abused. Here’s What That Means",blavity.com,2026-09-28,Politics,Tomas Kassahun,https://blavity.com/justice-ketanji-brown-jackson-says-emergency-docket-abused
"A Right-Wing Sheriff In California Seized 650,000 Ballots, And The State’s Ruling On It Could Impact Elections Nationwide",California's effort to stop Republican officials from taking and investigating ballots may have impact on how elections are conducted around the country.,blavity.com,2026-09-28,Politics,Tomas Kassahun,https://blavity.com/california-ballot-seizing-ruling-could-impact-nationwide-elections
Galveston Cop Who Fired 8 Shots At Unarmed Man Won’t Face Charges,"A Galveston, Texas, police officer who shot and killed Randy Martin during a traffic stop in May will not face criminal charges, even as newly released footage fuels doubts about the officer’s account. Houston Public Media reports that a grand jury decided not to take action against the officer who killed Martin, 47. The Texas Rangers investigated the shooting, and the district attorney’s office presented the case, which included video of the incident.",newsone.com,2026-09-28,Civil Rights & Social Justice,Angela M. Bronner,https://newsone.com/6872875/cop-killed-randy-martin-galveston-no-charges/
Black Augustans Want Local News That Helps Them Prepare for the Next Disaster,A survey of more than 500 residents reveals what Black Augustans struggle to find — and what they want local news to cover.,capitalbnews.org,2026-09-28,,Capital B Staff,https://capitalbnews.org/augusta-black-residents-local-news-survey/
Why the ‘A Different World’ Reboot Gets Black Queer Representation Right,"Amir is queer, Black and minding his business. Somehow, that’s still controversial.",theroot.com,2026-09-28,Black Excellence,Ty Cole,https://www.theroot.com/why-the-a-different-world-reboot-gets-black-queer-rep-2000128187
Rihanna Finally Shared the Photo of Her Baby Girl We’ve Been Hoping For,"Rihanna gave fans a rare glimpse into daughter Rocki’s first year, after the tiny fashionista’s birthday.",theroot.com,2026-09-28,Culture,Shellie M. Scott,https://www.theroot.com/rihanna-finally-shared-the-photo-of-her-baby-girl-weve-2000128132
Gabourey Sidibe Says a Creepy Ghost Stalked Her After Filming ‘American Horror Story’,Oscar-nominated actress Gabourey Sidibe says she had to call on her Catholic faith after a creepy experience on the ‘American Horror Story’ set. Let’s get into it!,theroot.com,2026-09-28,Entertainment,Shanelle Genai,https://www.theroot.com/gabourey-sidibe-says-a-creepy-ghost-stalked-her-after-f-2000128164
Byron Allen celebrates 20 years of ‘Comics Unleashed’ with star-studded CBS primetime special,"Kevin Hart, Tiffany Haddish, Leslie Jones, and Sheryl Underwood are among the comedians celebrating the show's enduring legacy.",thegrio.com,2026-09-28,Entertainment,TheGrio Staff,https://thegrio.com/2026/09/28/byron-allen-celebrates-20-years-of-comics-unleashed-with-star-studded-cbs-primetime-special/
"Shaboozey puts country and hip-hop on display with Gunna, performs ‘Cowgirl’ and ‘High Noon’ at VMAs","Shaboozey made his VMAs debut with Gunna, performing “Cowgirl” and “High Noon” in a Western-inspired country and hip-hop performance.",thegrio.com,2026-09-28,Entertainment,Jahaura Michelle,https://thegrio.com/2026/09/28/shaboozey-puts-country-and-hip-hop-on-display-with-gunna-performs-cowgirl-and-high-noon-at-vmas/
"Angela Stribling, beloved BET host and jazz singer, dies at 58 after brain cancer battle",Former BET host and D.C. radio personality Angela Stribling has died after a two-year battle with brain cancer.,thegrio.com,2026-09-28,Entertainment,Peter Kerich,https://thegrio.com/2026/09/28/angela-stribling-bet-whur-death-brain-cancer/
Maxine Waters calls for investigation after OpenAI agents accessed federal government websites,Maxine Waters calls for an OpenAI investigation after AI agents accessed federal government websites during an ongoing review.,thegrio.com,2026-09-28,Featured,Peter Kerich,https://thegrio.com/2026/09/28/maxine-waters-openai-ai-agents-federal-websites/
"Trump administration moves to cut $810 million, including funds for minority-owned businesses","Trump federal funding cuts would cancel $810 million for refugee services, minority business programs, housing counseling and other spending.",thegrio.com,2026-09-28,Politics,Odafe Oghen,https://thegrio.com/2026/09/28/trump-federal-funding-cuts-810-million/
"At 24, Maleah Joi Moon has a Tony, a Grammy, and Netflix’s No. 1 Show","From Broadway’s “Hell’s Kitchen” to Netflix’s “A Different World,” actress Maleah Joi Moon is building a remarkable entertainment career.",thegrio.com,2026-09-28,Entertainment,Haniyah P.,https://thegrio.com/2026/09/28/at-24-maleah-joi-moon-has-a-tony-a-grammy-and-netflixs-no-1-show/
"Patti LaBelle, Common and Public Enemy honored for their impact on Black music at BMAC Gala","LaBelle received the Icon Award, while Common and Public Enemy were recognized for decades of music and social impact.",thegrio.com,2026-09-28,Entertainment,Odafe Oghen,https://thegrio.com/2026/09/28/common-public-enemy-bmac-gala-honors/
Chris Rock says working with daughter Zahra on ‘Grown Ups 3’ is the best part of returning to the franchise,"Zahra Rock, 22, joins dad Chris Rock in Grown Ups 3 after growing up around the franchise and appearing in his new film Misty Green.",thegrio.com,2026-09-28,Entertainment,Peter Kerich,https://thegrio.com/2026/09/28/zahra-rock-chris-rock-grown-ups-3/
Hakeem Jeffries puts affordability at center of Democrats’ midterm message,"Hakeem Jeffries focuses on affordability, healthcare and the Iran war during a CNN interview ahead of the 2026 midterm elections.",thegrio.com,2026-09-28,Politics,Peter Kerich,https://thegrio.com/2026/09/28/hakeem-jeffries-affordability-cnn-midterm-election/
Jasmine Guy and the burden of ‘Black don’t crack’,Jasmine Guy responds to the ageism discourse sparked by the “A Different World” reboot landing on Netflix.,thegrio.com,2026-09-28,Lifestyle,Kay Wicker,https://thegrio.com/2026/09/28/jasmine-guy-and-the-burden-of-black-dont-crack/
Keisha Lance Bottoms could make history as Georgia governor race comes down to the wire,Keisha Lance Bottoms and Rick Jackson are separated by less than a point in the Georgia governor race as Bottoms seeks a historic first.,thegrio.com,2026-09-28,Politics,Odafe Oghen,https://thegrio.com/2026/09/28/georgia-governor-race-keisha-lance-bottoms-dead-heat/
Rick Ross accused of physical assault by ex-girlfriend Jazzma Kendrick,Jazzma Kendrick accuses Rick Ross of physical assault as Tia Kemp and 50 Cent respond to her allegations online.,thegrio.com,2026-09-28,News,Peter Kerich,https://thegrio.com/2026/09/28/jazzma-kendrick-rick-ross-assault-allegations-tia-kemp/
James Talarico gets a warm welcome at HBCU classic as Black voter push enters final stretch,Talarico brought his Black voter outreach to the HBCU State Fair Classic as the Texas Senate candidate makes his case ahead of November.,thegrio.com,2026-09-28,Politics,Gerren Keith Gaynor,https://thegrio.com/2026/09/28/james-talarico-black-voters-hbcu-state-fair-classic-prairie-view/
Ex-NAACP president Cornell William Brooks challenges ‘Project 2025’ architect in heated debate over DEI,"In a debate with Heritage Foundation president Kevin Roberts, Cornell Brooks argued that America’s gains on race did not happen on their own.",thegrio.com,2026-09-28,Politics,Brandon Caldwell,https://thegrio.com/2026/09/28/cornell-brooks-kevin-roberts-debate-dei-project-2025/
Snoop Dogg turns the VMAs’ return to Los Angeles into a West Coast homecoming,"Snoop Dogg hosts the 2026 MTV VMAs in Los Angeles, bringing West Coast energy, jokes and decades of hip-hop history to the ceremony.",thegrio.com,2026-09-28,Entertainment,Peter Kerich,https://thegrio.com/2026/09/28/snoop-dogg-vmas-2026-los-angeles-host/
"‘My brother tried to molest me’: Popular streamer Reggie Travers alleges sexual abuse, then calls on Kai Cenat to speak up",Twitch streamer Reggie revealed a shocking abuse allegation and urged others like Kai Cenat to speak up about other situations.,thegrio.com,2026-09-28,Lifestyle,Brandon Caldwell,https://thegrio.com/2026/09/28/reggie-travers-sexual-abuse-allegations-kai-cenat/
Rare footage brings the legends of the Harlem Renaissance back to life 50 years later,"“Once Upon A Time In Harlem” is bringing rare footage of Black luminaries from the Harlem Renaissance, more than 50 years in the making.",thegrio.com,2026-09-28,Entertainment,Kay Wicker,https://thegrio.com/2026/09/28/rare-footage-brings-the-legends-of-the-harlem-renaissance-back-to-life-50-years-later/
Did you spot these Black-Owned brands in Netflix’s ‘A Different World’?,"From Amir's Telfar backpack to Deborah's Pattern Beauty, Netflix's A Different World put a spotlight on Black-owned businesses.",thegrio.com,2026-09-28,Lifestyle,Haniyah P.,https://thegrio.com/2026/09/28/did-you-spot-these-black-owned-brands-in-netflixs-a-different-world/
Black businesses caught in limbo as lawsuit challenges Trump administration over $289M in funding,Freedom Economy's lawsuit challenges the Trump admin. over $289 million in federal funding as community lenders await the actual dollars.,thegrio.com,2026-09-28,Politics,Gerren Keith Gaynor,https://thegrio.com/2026/09/28/black-businesses-caught-in-limbo-as-lawsuit-challenges-trump-administration-over-289m-in-funding/
The Untold Story of The Elaine Massacre of 1919,"This week marks the 107th anniversary of the Elaine Massacre of 1919, where white mobs hunted and killed Black sharecroppers who simply wanted fair cotton prices.",theroot.com,2026-09-28,News,Angela Wilson,https://www.theroot.com/the-untold-story-of-the-elaine-massacre-of-1919-2000128154
"Yes, Jasmine Guy Is the Victim of ‘Black Don’t Crack’ but She’s Not Alone",The “Black Don’t Crack” standard has claimed another victim: Jasmine Guy’s latest post is a stark reminder of the double standard Black women face as we age.,theroot.com,2026-09-28,Entertainment,Shanelle Genai,https://www.theroot.com/yes-jasmine-guy-is-the-victim-of-black-dont-crack-but-2000128130
Texas Redistricting Effort Could Backfire On Republicans,"Last year, Texas triggered the nationwide redistricting battle at President Donald Trump’s behest. As the midterm election approaches, Texas’ new congressional map may backfire on Republicans. You love to see it. According to PBS, the Texas redistricting effort largely banked on the GOP maintaining the gains they made with Latino voters in the 2024 election. There’s just this small, growing problem that Latino voters are increasingly turning against the Republican Party.",newsone.com,2026-09-28,Nation,Joe Jurado,https://newsone.com/6872924/texas-redistricting-effort-could-backfire-republicans/
Can’t-Miss NBA Drama: Top 5 Storylines to Watch This Season,"Superteams, revenge games, and legacy tests—the biggest storylines set to dominate the upcoming season.",theroot.com,2026-09-28,Sports,Rashad Grove,https://www.theroot.com/can-t-miss-nba-drama-top-5-storylines-to-watch-this-se-2000128128
"Stroke, Cancer, High Blood Pressure: ‘Old People’ Diseases Are Hitting Young Black Women Hardest","Stroke, cancer, and high blood pressure have long been filed under mee-maw and paw-paw problems. New research says it’s time to rethink that, especially for young Black women. According to CNN , a study published Sept. 23 in the journal Neurology found that stroke rates among adults ages 20 to 54 nearly doubled over almost three decades, climbing from 33.9 cases per 100,000 people in 1993-94 to 62.2 per 100,000 in 2020.",newsone.com,2026-09-28,Health,Angela M. Bronner,https://newsone.com/6872867/young-black-women-stroke-cancer-hypertension/
NY Prosecutors Reopen Investigation Into Gang Rape Allegations At Cornell University Following Lawsuit,"A former Cornell University student has alleged that in October 2024, she was drugged and gang raped for several hours by seven members of the college’s Chi Pi fraternity. According to her attorney, the allegations were adjudicated without a single accused member of the frat facing criminal charges or receiving any punishment.",newsone.com,2026-09-28,Crime,Zack Linly,https://newsone.com/6872881/cornell-university-gang-rape-investigation/
Lanterns Episode 7: Hal Jordan Confronts His Past And Future,"We’ve reached the penultimate episode of Lanterns, which made the unusual but appreciated choice to dig deeper into Hal Jordan’s background instead of pushing the core mystery forward. The episode opens in 1975, where we see a young Hal sitting in his baseball coach’s office. His dad pulls up, and we see how Hal’s inherent arrogance is bolstered by his dad, Martin Jordan. The coach tells Martin that Hal refused to hand the ball to a substitute pitcher, which led to the team forfeiting.",newsone.com,2026-09-28,Culture,Joe Jurado,https://newsone.com/6872886/lanterns-episode-7-recap-hal-jordan-past-future/
"Tell The Truth, Shame The Devil, Though This Devil Has No Shame","Dr. Lonnie Bunch, the outgoing Secretary of the Smithsonian, had a few parting words for the president and those of his ilk who think that even talking about enslavement is somehow unpatriotic. Speaking Friday at the 10th anniversary celebration of the National Museum of African American History and Culture, the museum he built from scratch as its founding director, Bunch argued that slavery is “foundational” to understanding the United States.",newsone.com,2026-09-28,Nation,Angela M. Bronner,https://newsone.com/6872871/lonnie-bunch-speaks-truth-smithsonian-us-history/
WNBA Playoffs Are Here: Everything You Need To Know,"The road to a WNBA championship officially began Sunday, September 27, with eight teams still standing after a regular season that rarely gave anybody much time to get comfortable. The Minnesota Lynx finished with the league’s best record for the second straight season, the Golden State Valkyries climbed all the way to the No.",newsone.com,2026-09-28,Sports,Davonta Herring,https://newsone.com/6872909/wnba-playoffs-everything-to-know/
Meta’s ‘Muse’ Is Partnering With Expedia To Bring Hotel Booking To Travelers,"Expedia's integration into Meta's ""Muse"" aims to make hotel booking a conversation rather than a research-heavy challenge.",travelnoire.com,2026-09-28,Plan &Amp; Shop,Natasha Decker,https://travelnoire.com/expedia-meta-muse-travel-booking-partnership
"Surviving Trump: Supporters Turn On Trump Over Iran, Epstein, And Taxpayer-Funded Ads [Op-Ed]","Welcome back for another episode of Surviving Trump, our regular column where we highlight President Donald Trump’s most recent blunders, L’s and displays of incompetence, corruption and bigotry. It’s a full-time job and nobody has to do it, but everybody should, because government-sponsored propaganda should never go unchallenged, especially when it’s being played on a 24/7 MAGA loop.",newsone.com,2026-09-28,Opinion,Zack Linly,https://newsone.com/6872946/surviving-trump-iran-epstein-taxpayer-funded-ads/
Around The Table: 6 Dinner Experiences Bringing Black Travelers Together,"Intimate dinners, from Sacramento to Guyana, are giving Black travelers a place to find culture and connection around the table.",travelnoire.com,2026-09-28,Culture,Mitti Hicks,https://travelnoire.com/black-travel-dinner-experiences
Expert: Why Charlotte Could be The Next Black Mecca,Don’t sleep on Charlotte! One local real estate agent is giving you the lowdown on why Charlotte is a thriving city for Black folks.,theroot.com,2026-09-28,Culture,Kyla Croal,https://www.theroot.com/expert-why-charlotte-could-be-the-next-black-mecca-2000127971
Fashion Trainwrecks at the MTV VMAs 2026,"The VMAs brought the stars, but not everyone brought their best fashion game. Let’s take a look!",theroot.com,2026-09-28,Beauty + Style,Shanelle Genai,https://www.theroot.com/fashion-trainwrecks-at-the-mtv-vmas-2026-2000128057
New Report: Black Women’s Wages Tell a Different Story About the Economy,New wage data shows Black women are losing ground even as broader measures suggest progress across the U.S. economy overall.,theroot.com,2026-09-28,Culture,Phenix S Halley,https://www.theroot.com/new-report-black-women-s-wages-tell-a-different-story-2000126251
The High Cost HBCU Homecoming Attendance Is Changing the Tradition,"As HBCU Homecoming ticket prices rise, students are confronting a growing question: Can they still afford to participate in their own tradition?",theroot.com,2026-09-28,Culture,Phenix S Halley,https://www.theroot.com/the-high-cost-hbcu-homecoming-attendance-is-changing-th-2000119318
Fall Superfoods to Add to Your Grocery List For Better Health,"These seasonal superfoods will upgrade your grocery list, satisfy your palate, and support your health just in time for fall.",theroot.com,2026-09-28,Health,Shellie M. Scott,https://www.theroot.com/fall-superfoods-to-add-to-your-grocery-list-for-better-2000128034
How Toni Morrison’s Love For MacKenzie Scott Yielded Billions For HBCUs,"Before giving away billions, Scott was a Princeton writer mentored by Toni Morrison, whose influence remained meaningful throughout her extraordinary life.",theroot.com,2026-09-28,Education,Phenix S Halley,https://www.theroot.com/how-toni-morrisons-love-for-mackenzie-scott-yielded-bil-2000126426
Exclusive: Jodeci’s Reunion Reminds the World Who Built ’90s R&B,"Thirty-five years after Forever My Lady, the iconic group takes the stage to reclaim their status as the architects of modern R&B.",theroot.com,2026-09-27,News,Rashad Grove,https://www.theroot.com/exclusive-jodeci-s-reunion-reminds-the-world-who-built-2000127648
13 Black Adult Animated Shows to Stream Now,"If you thought cartoons were only for kids, you’re wrong. Here are 13 Black adult animations that’ll have you hooked to your TV screen.",theroot.com,2026-09-27,Entertainment,Mahalia Otshudy,https://www.theroot.com/13-black-adult-animated-shows-to-stream-now-2000127831
Why You Might Like The New ‘A Different World’ Series More Than You Think,"Between the references to the OG series and a fresh take on HBCU life, this sequel has plenty to keep viewers coming back!",theroot.com,2026-09-27,Entertainment,Shanelle Genai,https://www.theroot.com/why-you-might-like-the-new-a-different-world-series-mor-2000127898
Surprising Reason Sugar Should Not be Added To Sweet Potatoes,"Sweet potatoes are naturally sweet and packed with nutrients, so maybe it’s time to chill on the sugar this holiday season. Here’s why.",theroot.com,2026-09-27,Culture,Asheea Smith,https://www.theroot.com/surprising-reason-sugar-should-not-be-added-to-sweet-po-2000128000
"How Meghan Markle Built Her Estimated $60M Net Worth Through Media, Tech And Lifestyle Brands","Meghan Markle has established herself as one of the most recognizable Black women in global celebrity culture, following a career trajectory few could have predicted. Before taking on the title of Duchess of Sussex, she led a relatively standard Hollywood life, best known for her role as Rachel Zane on the legal drama “Suits.” Her… Continue reading How Meghan Markle Built Her Estimated $60M Net Worth Through Media, Tech And Lifestyle Brands",afrotech.com,2026-09-27,Entertainment,Sarah Rand,https://afrotech.com/meghan-markle-net-worth
13 Amazing and Historic Black Towns to Visit This Fall,"Skip the usual fall destinations and discover smaller towns where Black history, culture and community remain part of everyday life.",theroot.com,2026-09-27,Culture,Phenix S Halley,https://www.theroot.com/13-amazing-and-historic-black-towns-to-visit-this-fall-2000127887
"The Wrap-Up: A Musical John Legend, BMAC Spotlights Icons, Nicole Avant Honored & More","From John Legend’s musical debut at The Shed to Nicole Avant’s prestigious French honor, discover this week’s standout events celebrating art, activism, and cultural impact. Authentic Life at The Shed At The Shed’s 2026 Gala, I knew John Legend, Lynn Nottage, and Whitney White would take home the Dan Doctoroff Disruptor Award for their upcoming […]",ebony.com,2026-09-27,Celebrity,,https://www.ebony.com/the-wrap-up-john-legend-bmac-gala-nicole-avant-ferg/
2026 MTV VMAs Red Carpet: The Best Fashion Looks of the Night,"The MTV Video Music Awards red carpet has never been the place to behave. This is the carpet where fashion is supposed to be loud, sexy, slightly ridiculous and memorable enough that we are still talking about it years later. Tonight’s arrivals understood that assignment. Instead of one overwhelming trend, the carpet became a collision […]",ebony.com,2026-09-27,Fashion,,https://www.ebony.com/2026-mtv-vmas-red-carpet-the-best-fashion-looks-of-the-night/
"Trump DOJ Drops Dozens Of School Desegregation Cases, But The Most Segregated Schools Are In The North","The Trump administration is walking away from one of the federal government’s oldest tools for enforcing Brown v. Board of Education . The Justice Department said Thursday it has ended more than 50 decades-old consent decrees aimed at undoing Jim Crow-era school segregation, CBS News reports . Harmeet Dhillon, who heads the department’s Civil Rights Division, called the orders onerous and outdated. She said federal oversight no longer reflects what classrooms look like today.",newsone.com,2026-09-27,Civil Rights & Social Justice,Angela M. Bronner,https://newsone.com/6872845/trump-doj-drops-school-desegregation-cases/
Georgia Mother Shanteria ‘Tia’ Mosely Found Dead After Family’s Search; 18-Year-Old Charged With Murder,"A 26-year-old Georgia mother is dead, and an 18-year-old man has been charged with her murder after her family tracked her to a Smyrna, Ga., apartment complex and found her remains. Smyrna police charged Kingston Lammar Bradley with malice murder on Friday (Sept. 25) in the death of Shanteria “Tia” Mosely, known to loved ones as “KT,” FOX 5 Atlanta reports . Bradley had already been charged with concealing the death of another.",newsone.com,2026-09-27,Crime,Angela M. Bronner,https://newsone.com/6872843/shaneria-mosely-found-dead-dismembered/
The Gathering Spot’s Ryan Wilson On AFROTECH™ Conference’s 10-Year Arc: ‘The Question Now Is How Big We’re Willing to Imagine’,"Ryan Wilson is speaking at the AFROTECH™ Conference 2026 in Houston, the conference’s 10th year. Wilson is CEO and co-founder of The Gathering Spot, the private membership club and community that started with one location and now operates in multiple cities. He shared his reflections with AFROTECH™ ahead of the conference. How Has The Gathering… Continue reading The Gathering Spot’s Ryan Wilson On AFROTECH™ Conference’s 10-Year Arc: ‘The Question Now Is How Big We’re Willing to Imagine’",afrotech.com,2026-09-27,News,AfroTech,https://afrotech.com/the-gathering-spots-ryan-wilson-on-afrotech
"Dante Moore leaves Oregon-USC game in an ambulance, evaluated at local hospital",Oregon quarterback Dante Moore was taken off the field by ambulance after a hit to the head during Saturday's game against USC.,thegrio.com,2026-09-27,News,Bolarinwa Oladeji,https://thegrio.com/2026/09/27/dante-moore-oregon-injury-usc-ambulance/
50 Cent’s meeting with Tony Buzbee draws attention after Jay-Z accuser’s court reversal,50 Cent posed with attorney Tony Buzbee at a Houston charity event as the legal fallout from the now-retracted Jay-Z allegations continues.,thegrio.com,2026-09-27,Entertainment,Bolarinwa Oladeji,https://thegrio.com/2026/09/27/50-cent-tony-buzbee-jay-z-legal-dispute/
"Spike Lee, Chance the Rapper and Scottie Pippen anchor J.Crew’s intergenerational style moment","Spike Lee, Chance the Rapper, Scottie Pippen and Amandla Stenberg join J.Crew’s 40th anniversary Barn Jacket campaign spanning generations and cities.",thegrio.com,2026-09-27,Entertainment,Bobby Pen,https://thegrio.com/2026/09/27/spike-lee-chance-rapper-scottie-pippen-jcrew-barn-jacket/
Misael Ramos released on bail after arrest over Austin protest against ICE shooting,Austin City Council candidate Misael Ramos was released after being arrested on a riot participation charge linked to an ICE protest.,thegrio.com,2026-09-27,News,Bolarinwa Oladeji,https://thegrio.com/2026/09/27/misael-ramos-austin-city-council-arrest-ice-protest/
‘Y’all still keep buying these cars’: Tesla racism trial sparks calls for boycott,Tesla faces boycott calls as Black consumers react to allegations of racism against workers and the automaker’s controversial courtroom defense.,thegrio.com,2026-09-27,News,Bobby Pen,https://thegrio.com/2026/09/27/tesla-boycott-racism-trial-backlash/
Nicki Minaj takes aim at how Democrats court artists ahead of Lara Trump sit-down,"Nicki Minaj criticized Democrats for being ""too caught up in pop culture"" in a teaser for her Fox News interview with Lara Trump.",thegrio.com,2026-09-27,Entertainment,Bolarinwa Oladeji,https://thegrio.com/2026/09/27/nicki-minaj-democrats-pop-culture-lara-trump/
Donald Trump booed at Tennessee-Texas game as midterms loom,Donald Trump was booed by some fans at the Tennessee-Texas football game as Republicans face a pivotal stretch ahead of the 2026 midterm elections.,thegrio.com,2026-09-27,News,Bobby Pen,https://thegrio.com/2026/09/27/donald-trump-booed-tennessee-texas-game/
Best and Worst Black Fashion at the MTV Video Music Awards Over the Years,"Before this year’s stars serve looks, we’re revisiting the VMAs fashion moments that gave us life—and pause!",theroot.com,2026-09-26,Beauty + Style,Shanelle Genai,https://www.theroot.com/best-and-worst-black-fashion-at-the-mtv-video-music-awa-2000127914
Meet the Historic All-Black Surgery Team at Johns Hopkins,"For the first time in the hospital’s history, an all-Black team took the helm of the flagship trauma service",theroot.com,2026-09-26,News,Rashad Grove,https://www.theroot.com/meet-the-historic-all-black-surgery-team-at-johns-hopki-2000127958
NJ Lt. Gov. Dale Caldwell Quits After Misconduct Probe,Dale Caldwell’s exit comes one day after Gov. Mikie Sherrill called for his resignation over an independent ethics probe.,theroot.com,2026-09-26,News,Rashad Grove,https://www.theroot.com/nj-lt-gov-dale-caldwell-quits-after-misconduct-probe-2000127967
Rising author Thélyson Orélien removed from major literary race amid AI and plagiarism allegations,Haitian-Canadian novelist Thélyson Orélien has been removed from the Goncourt longlist amid disputed AI-writing and plagiarism allegations,thegrio.com,2026-09-26,News,Bolarinwa Oladeji,https://thegrio.com/2026/09/26/thelyson-orelien-goncourt-ai-plagiarism-allegations/
What Is Yaya Mayweather’s Net Worth? Everything You Need To Know About Her Financial Footprint,"Iyanna “Yaya” Mayweather has spent her entire life surrounded by extraordinary wealth, thanks to her father, Floyd Mayweather Jr., who reportedly earned more than $1 billion in boxing and related ventures. The daughter of the undefeated boxing champion has built a massive social media imprint, with 1.4 million followers on Instagram and another 266,000 on… Continue reading What Is Yaya Mayweather’s Net Worth? Everything You Need To Know About Her Financial Footprint",afrotech.com,2026-09-26,Entertainment,Precious Gibson,https://afrotech.com/yaya-mayweather-net-worth
"Keke Wyatt allegedly threatened to shoot a woman during custody exchange, warrant says","New details have emerged in Keke Wyatt's arrest, alleging the singer pulled a gun and threatened a woman during a Georgia custody exchange.",thegrio.com,2026-09-26,Entertainment,Odafe Oghen,https://thegrio.com/2026/09/26/keke-wyatt-arrest-warrant-gun-threat/
Kirk Franklin and GloRilla team up again for new gospel track ‘This Time’,"Kirk Franklin and GloRilla reunite on ""This Time,"" a new gospel track from Franklin's upcoming double album ""I Am What I Am.""",thegrio.com,2026-09-26,Entertainment,Odafe Oghen,https://thegrio.com/2026/09/26/kirk-franklin-glorilla-this-time/
Common launches new wine inspired by the Chicago neighborhood where he grew up,"Common is taking his Chicago story to the world of wine with Jefferey Park, a new Pinot Noir inspired by community and connection.",thegrio.com,2026-09-26,Lifestyle,Brandon Caldwell,https://thegrio.com/2026/09/26/common-jefferey-park-wine/
Kandi Burruss says Todd Tucker tried to pitch his ‘Til Divorce Do Us Part’ series ‘multiple times’,"In a new interview, Kandi Burruss pushes back on Todd Tucker's new divorce series and explains why her one-woman show was different.",thegrio.com,2026-09-26,Lifestyle,Brandon Caldwell,https://thegrio.com/2026/09/26/kandi-burruss-todd-tucker-til-divorce-do-us-part/
Azeez Al-Shaair was told to remove Palestinian child’s name from eyeblack or be pulled from NFL game,Texans linebacker Azeez Al-Shaair reportedly could have been barred from playing vs. the Bengals in Week 2 over his continued eyeblack messaging.,thegrio.com,2026-09-26,Featured,Odafe Oghen,https://thegrio.com/2026/09/26/azeez-al-shaair-eyeblack-palestinian-child-nfl-game/
Black Athletes Who Owned the ‘SNL’ Stage,"Swapping jerseys for sketch comedy, these legendary Black athletes delivered some of Studio the best SNL performances.",theroot.com,2026-09-26,News,Rashad Grove,https://www.theroot.com/black-athletes-who-owned-the-snl-stage-2000127678
Black Mississippi State student weighs legal action after bomb threat accusation ends in handcuffs,A Mississippi State student is considering legal action after being handcuffed over a bomb threat allegation he denies making.,thegrio.com,2026-09-26,News,Odafe Oghen,https://thegrio.com/2026/09/26/black-mississippi-state-student-bomb-threat-detention/
Police Say Tasia Fortune’s Hanging Was ‘Staged’,"The mysterious hanging of 29-year-old Tasia Fortune is coming closer to closure. On Friday, a police detective testified that Fortune was first killed in a dispute over drugs, and her body subsequently hung from a tree in a “staged” lynching, according to the Washington Post . The Post reports that “Fortune was killed in a disagreement about drugs, and she fought hard with her attackers before she was killed,” Jackson police Detective Samuel Dukes told the court.",newsone.com,2026-09-26,Crime,Angela M. Bronner,https://newsone.com/6872830/tasia-fortune-hanging-staged/
California Sheriff Ordered To Return Over 600K Ballots,"It’s crazy how the people who keep yapping about “protecting election security” are the ones who keep infringing on election security. On Thursday, the California Supreme Court ordered Chad Bianco, the Republican sheriff of Riverside County, to return nearly 650,000 ballots he seized from election officials during an investigation.",newsone.com,2026-09-26,Nation,Joe Jurado,https://newsone.com/6872827/california-sheriff-chad-bianco-ordered-return-ballots/
FAFO: Credit Union CEO Out After Posting Pic Of Her Family In ‘Lake America’ Shirts,"In today’s episode of How TF You Let Trump Get You Fired On Your Day Off?, the CEO of a U.S.-based credit union is no longer the CEO of a U.S.-based credit union because she went full MAGA when you never go full MAGA , by posting an AI-generated photo of her and her family wearing “Lake America” sweatshirts.",newsone.com,2026-09-26,Nation,Zack Linly,https://newsone.com/6872823/jane-smith-first-family-credit-union-fired/
Justice Ketanji Brown Jackson Concerned Over Supreme Court’s Approval Of ‘Harmful Acts’,"If you’ve spent the last year wondering how far the Supreme Court will go in allowing President Donald Trump to run roughshod over the United States’ foundational principles, you’re not alone. In fact, Justice Ketanji Brown Jackson has expressed concerns about how the court’s willingness to approve “harmful acts” by the Trump administration through emergency orders is damaging trust in the institution.",newsone.com,2026-09-26,Nation,Joe Jurado,https://newsone.com/6872820/justice-ketanji-brown-jackson-concerned-scotus-rulings/
Coach Prime’s Foot Surgery Explained: What Caused Deion Sanders’ Toe Amputation?,"Coach Prime reflects on the emotional toll of his toe amputation, detailing the health battle, blood clots and his resilience.",blavity.com,2026-09-26,Conditions &Amp; Care,Joel Randell,https://blavity.com/deion-sanders-toe-amputation
A Look Inside Muhammad Ali’s Former $17M Mansion in LA,"Before ‘The Greatest’ brings Muhammad Ali’s story to the screen, let’s take a peek inside the Los Angeles mansion the boxing legend once called home.",theroot.com,2026-09-25,Entertainment,Shanelle Genai,https://www.theroot.com/a-look-inside-muhammad-alis-former-17m-mansion-in-la-2000127817
Florida Senate nominee Angie Nixon resolves DeSantis office arrest without guilty plea,The state representative reached an agreement that ends the criminal case after her May sit-in at Gov. Ron DeSantis’ office.,thegrio.com,2026-09-25,News,Bolarinwa Oladeji,https://thegrio.com/2026/09/25/angie-nixon-avoids-trial-desantis-office-protest/
New Court Docs Reveal Deepening Rift Between Chadwick Boseman’s Widow and His Brothers,Tensions between Chadwick Boseman’s widow and his family may have been brewing well before their latest legal spat according to new information.,theroot.com,2026-09-25,Entertainment,Shanelle Genai,https://www.theroot.com/new-court-docs-reveal-deepening-rift-between-chadwick-b-2000127878
"In ‘Your Mother, Your Mother, Your Mother,’ Adia puts the weight of eldest-daughterhood on screen","In ‘Your Mother, Your Mother, Your Mother,’ Adia explores the expectations placed on daughters and what happens when you let them go.",thegrio.com,2026-09-25,Entertainment,Haniyah P.,https://thegrio.com/2026/09/25/in-your-mother-your-mother-your-mother-adia-puts-the-weight-of-eldest-daughterhood-on-screen/
Cardi B says her children inspired her to rethink her financial legacy,The rapper says concerns over music royalties pushed her to create businesses and assets for her family’s future.,thegrio.com,2026-09-25,Entertainment,Bolarinwa Oladeji,https://thegrio.com/2026/09/25/cardi-b-fortune-children-generational-wealth/
Mississippi DA defends Nolan Wells investigation as dispute over cellphone evidence grows,McIlrath says her office stands by its findings while Crump’s team continues raising questions about the evidence.,thegrio.com,2026-09-25,News,Peter Kerich,https://thegrio.com/2026/09/25/nolan-wells-case-da-ben-crump-cellphone-evidence/
"Jay-Z accuser withdraws allegations, says she never met rapper named in lawsuit","The woman who accused Jay-Z of sexual assault has fully recanted in a court declaration, saying she never met him and her claims were false.",thegrio.com,2026-09-25,Entertainment,Bolarinwa Oladeji,https://thegrio.com/2026/09/25/jay-z-accuser-recants-declaration-buzbee-lawsuit/
Tesla’s defense argued the N-word can be acceptable in some workplace contexts during California discrimination trial,"Tesla racism trial examines allegations of racial harassment against more than 6,000 Black workers at its Fremont factory.",thegrio.com,2026-09-25,News,Peter Kerich,https://thegrio.com/2026/09/25/tesla-racism-trial-black-workers-fremont/
Why HBCU ‘money games’ remain a complicated choice for athletic programs,"As programs navigate financial challenges, leaders and alumni debate whether big payouts outweigh the risks of lopsided matchups.",thegrio.com,2026-09-25,Entertainment,Panama Jackson,https://thegrio.com/2026/09/25/why-hbcu-money-games-remain-a-complicated-choice-for-athletic-programs/
Texas court leaves Crystal Mason’s acquittal intact in disputed voting case,Crystal Mason’s nearly decade-long Texas voting case is over after the state’s highest criminal court left her acquittal in place.,thegrio.com,2026-09-25,News,Bolarinwa Oladeji,https://thegrio.com/2026/09/25/crystal-mason-texas-voting-case-acquittal/
Chadwick Boseman estate dispute reveals family’s unanswered questions after his death,Documents show relatives questioned aspects of his treatment while his widow and family members disputed estate matters.,thegrio.com,2026-09-25,News,Bolarinwa Oladeji,https://thegrio.com/2026/09/25/chadwick-boseman-family-questioned-opioid-level-widow/
‘The Kevin Langue Show’ Drama: How Netflix Split One of YouTube’s Favorite Squads,“The Kevin Langue Show’ is moving to Netflix. But will his social media fans follow him,theroot.com,2026-09-25,Culture,Samantha Chery,https://www.theroot.com/the-kevin-langue-show-drama-how-netflix-split-one-of-y-2000127868
Oprah Reveals the Biggest Mistake She Made Before Launching Her OWN Network,"While Oprah Winfrey may be successful by many standards, that doesn’t mean she didn’t hit a few bumps along the way while getting there. Let’s get into one of her biggest ones!",theroot.com,2026-09-25,Entertainment,Shanelle Genai,https://www.theroot.com/oprah-reveals-the-biggest-mistake-she-made-before-launc-2000127765
"After a 10-Year Nightmare, Crystal Mason is Finally Free From Illegal Voting Charges","After nearly a decade of legal battles, Crystal Mason’s fight over a provisional ballot has finally reached its conclusion.",theroot.com,2026-09-25,Criminal Justice,Phenix S Halley,https://www.theroot.com/after-a-10-year-nightmare-crystal-mason-is-finally-fre-2000127811
"New Details in Nolan Wells Case Emerge, as Autopsy Findings, Cell Phone Data Raise More Questions","After the grand jury ruling, Nolan Wells’ family continues to have questions surrounding his cause of death.",theroot.com,2026-09-25,Criminal Justice,Phenix S Halley,https://www.theroot.com/new-details-in-nolan-wells-case-emerge-as-autopsy-find-2000127804
Why White Women Are Set to Inherit $54 Trillion in the Great Wealth Transfer—and Black America Isn’t,"Through 2048, women will be the biggest recipients of the great wealth transfer which will hand over trillions of inherited cash—but where does Black people fit in?",theroot.com,2026-09-25,News,Angela Wilson,https://www.theroot.com/why-white-women-are-set-to-inherit-54-trillion-in-the-2000127650
The Best Dressed Black Celebrities at Milan Fashion Week,"From Cardi B to Alton Mason, Black stars have been showing up and out for Milan Fashion Week and we can’t get enough of it.",theroot.com,2026-09-25,Beauty + Style,Mahalia Otshudy,https://www.theroot.com/the-best-dressed-black-celebrities-at-milan-fashion-wee-2000127769
Porsha Williams Reveals She Underwent Emergency Partial Hysterectomy After Doctors Found 21 Fibroids,"Following her emergency partial hysterectomy for 21 fibroids, Porsha Williams shares her powerful journey to raise awareness.",blavity.com,2026-09-25,Conditions &Amp; Care,"Dr. Diana Rangaves, PharmD",https://blavity.com/porsha-williams-partial-hysterectomy-fibroids
Black Texas Woman Cleared Of Illegal Voting Charge After Decade-Long Legal Battle,"After a nearly decade-long legal fight, a Texas woman who was prosecuted for voting while ineligible has now had her conviction for that offense overturned. Crystal Mason’s case became a national dividing line, with conservatives using her as an example of voter fraud while her supporters argued that prosecutors were making an example of a… Continue reading Black Texas Woman Cleared Of Illegal Voting Charge After Decade-Long Legal Battle",blavity.com,2026-09-25,Politics,Christopher Rhodes,https://blavity.com/black-texas-woman-cleared-of-illegal-voting-charge-after-decade-long-legal-battle
White Jewish Woman Apologizes For Pretending To Be Black Palestinian Activist,"A Philadelphia activist who claimed to be Black and Palestinian has admitted to fabricating those aspects of her identity after being exposed by those with whom she worked. While Hannah Gann has apologized for misleading the public and those around her, Gann’s former associates are distancing themselves from her, as is the woman whose infamous… Continue reading White Jewish Woman Apologizes For Pretending To Be Black Palestinian Activist",blavity.com,2026-09-25,News,Christopher Rhodes,https://blavity.com/white-jewish-woman-apologizes-for-pretending-to-be-black-palestinian-activist
The CDC Says 71% Of Americans Are Exhausted,Discover why Millennials and Gen Z are constantly exhausted. Dive into the latest CDC fatigue report with Blavity Health.,blavity.com,2026-09-25,Health,Sarah Rand,https://blavity.com/cdc-fatigue-report-millennials-gen-z-exhausted
From Broadway to Hollywood: The Black History of the Tap Shoe,"Before the tap shoe became polished leather, metal plates and the unmistakable click-clack that could fill a Broadway theater, rhythm lived in the body. Feet struck the ground. Hands kept time. Movement became percussion. What eventually became one of America’s most recognizable forms of dance grew from Black people’s ability to turn restriction into invention, […]",ebony.com,2026-09-25,Fashion,,https://www.ebony.com/from-broadway-to-hollywood-the-black-history-of-the-tap-shoe/
Major News Outlets Band Together to Fight Trump Ban,"After being denied entry to the White House premises last Saturday morning, news platforms CNN, MS NOW, and Politico are now seeking legal action against the Trump administration, arguing the removal violates their First Amendment Rights as the press. Upon arrival, reporters and photographers had their press badges confiscated and were asked to leave. This […]",ebony.com,2026-09-25,News &Amp; Politics,,https://www.ebony.com/major-news-outlets-band-together-to-fight-trump-ban/
Capitol Police Block Don Lemon Show Reporter After Mississippi Senator Refuses Nolan Wells Question,"Recent press blocking of journalists for story coverage looms again after Washington correspondent Daniel Grimes of The Don Lemon Show was stopped by Capitol police after posing a question to Mississippi junior senator Cindy Hyde-Smith on Wednesday, September 23. Grimes’ question concerned the Nolan Wells case and specifically called out the recent Grand Jury decision not […]",ebony.com,2026-09-25,News &Amp; Politics,,https://www.ebony.com/capitol-police-block-don-lemon-show-reporter-after-mississippi-senator-refuses-nolan-wells-question/
Azzy Milan Reveals What’s Inside Her Mystery Beauty Bag,"Beauty people are naturally nosy. We want to know what foundation gives you that finish, which lip combination never leaves your side, what fragrance has strangers stopping you on the street and, most importantly, what products actually earn permanent real estate in your bag. That curiosity is exactly what inspired EBONY’s newest beauty franchise, Mystery […]",ebony.com,2026-09-25,Beauty,,https://www.ebony.com/azzy-milan-reveals-whats-inside-her-mystery-beauty-bag/
The Two Bags That Got Me Through New York Fashion Week,"Products featured on EBONY are independently selected and curated by the editorial team. However, when you buy something through our retail links, EBONY may earn an affiliate commission. New York Fashion Week will quickly teach you the difference between a bag that looks good and a bag that can actually work. When your day starts […]",ebony.com,2026-09-25,Fashion,,https://www.ebony.com/the-two-bags-that-got-me-through-new-york-fashion-week/
‘A Different World’ Sequel Sparks Huge Buzz Across the Culture,"The long-awaited day has arrived: the A Different World sequel has been released on Netflix. If nothing else has become evident just 24 hours after its release, it’s clear that we needed this. Every single timeline is jumping with reactions, reflections, and reinvigoration as folks discuss first impressions; every corner of the internet is starting […]",ebony.com,2026-09-25,Culture,,https://www.ebony.com/a-different-world-sequel-sparks-huge-buzz-across-the-culture/
"Woman Who Accused Jay-Z Of Sexual Assault Recants ‘False’ Allegations, Lawyers Say","The woman who accused Jay-Z of raping her when she was 13 — which happened in 2024, during the time a multitude of sexual assault allegations were leveled at Sean “Diddy” Combs — has recanted her allegations against the rapper and music mogul, saying those allegations were “false.” According to NBC News , lawyers representing Jay-Z, born Shawn Carter, said his accuser, identified only as Jane Doe, has not only admitted her allegations were “false,” but she said she “never met Mr.",newsone.com,2026-09-25,Nation,Zack Linly,https://newsone.com/6872797/woman-recants-sexual-assault-claim-jay-z/
School desegregation cases face new changes under Trump administration,The Trump administration is limiting federal use of disparate-impact rules while closing school desegregation cases across the U.S.,thegrio.com,2026-09-25,News,Peter Kerich,https://thegrio.com/2026/09/25/trump-administration-systemic-racism-schools-disparate-impact/
The New Rachel Dolezal? Inside Hannah Gann’s Racial Identity Scandal,A Philadelphia activist’s fabricated racial and ethnic identities have reignited questions about representation and the boundaries of solidarity.,theroot.com,2026-09-25,Culture,Phenix S Halley,https://www.theroot.com/the-new-rachel-dolezal-inside-hannah-ganns-racial-iden-2000127824
"Druski Was Rejected By Major Streaming Companies, Now He Says ‘It’s A Bidding War’","For comedian Druski, the ball is in his court now. Druski has always loved making everyone around him laugh, from his family to his classmates. Thanks to the internet and his sketches, he now makes millions more people laugh. But he has turned that attention into a business of his own, headlining his own shows.… Continue reading Druski Was Rejected By Major Streaming Companies, Now He Says ‘It’s A Bidding War’",afrotech.com,2026-09-25,Business,Samantha Dorisca,https://afrotech.com/druski-says-streaming-companies-are-bidding-for-his-shows
The Fifteen Percent Pledge has a $1 million problem,Aurora James and the Fifteen Percent Pledge are facing a $1 million lawsuit from the company that planned the organization’s annual gala.,thegrio.com,2026-09-25,Lifestyle,Kay Wicker,https://thegrio.com/2026/09/25/the-fifteen-percent-pledge-has-a-1-million-problem/
‘Feeling like I’m Tyler Perry’: Remy Ma ups the ante with Papoose diss ‘Why I Get Married’ featuring Keke Wyatt,"Remy Ma adds to she and Papoose's highly contentous, yet unresolved divorce with her new single ""Why I Get Married?""",thegrio.com,2026-09-25,Entertainment,Brandon Caldwell,https://thegrio.com/2026/09/25/remy-ma-keke-wyatt-why-i-get-married-video/
Charles Booker’s Kentucky campaign connects the fight against racism with the fight for affordability,"Booker says his campaign connects America’s history of racism and discrimination with today’s fight for affordability, economic opportunity.",thegrio.com,2026-09-25,Politics,Gerren Keith Gaynor,https://thegrio.com/2026/09/25/charles-booker-kentucky-senate-campaign-racism-affordability/
"120 years later, Atlanta honors the lives lost in the 1906 Race Massacre","Fulton County has revealed official remembrance days for the 1906 Atlanta Race Massacre, one of the deadliest events in city history.",thegrio.com,2026-09-25,News,Brandon Caldwell,https://thegrio.com/2026/09/25/1906-race-massacre-atlanta-fulton-county/
These Former Jails Have Been Transformed Into Hotels Across the US,"Discover six former jails across the U.S. transformed into historic hotels and inns, with original architecture preserved throughout.",travelnoire.com,2026-09-25,Plan &Amp; Shop,Faith Katunga,https://travelnoire.com/former-jails-turned-hotels-usa
Africa’s Visa-Free Travel Movement Is Growing. Could This Be The Continent’s Biggest Tourism Shift?,Visa-free travel in Africa is expanding as Togo joins countries easing entry rules for African citizens. Here’s how the movement is evolving.,travelnoire.com,2026-09-25,Travel News,Faith Katunga,https://travelnoire.com/africa-visa-free-travel-movement
"Black Excellence Has Always Had An Address In Boston — Where Luxe Travelers Should Stay, Eat, And Play","Boston is an underrated destination Black travelers who want luxe accommodations, Black-led upscale dining, and memorable experiences.",travelnoire.com,2026-09-25,Plan &Amp; Shop,Natasha Decker,https://travelnoire.com/boston-black-luxury-travelers
New York Attorney General Letitia James’ Polymarket lawsuit spotlights betting boom targeting Black communities,"As New York sues Polymarket, research points to the toll betting apps are taking on Black communities, especially young Black men.",thegrio.com,2026-09-25,Featured,Haniyah P.,https://thegrio.com/2026/09/25/new-york-attorney-general-letitia-james-polymarket-lawsuit-spotlights-betting-boom-targeting-black-communities/
"Black voting groups launch national effort to mobilize 100,000 Black men ahead of midterms","Voting groups launched a campaign to mobilize 100,000 Black men ahead of the midterm elections, focusing on key issues and voter access.",thegrio.com,2026-09-25,Politics,Gerren Keith Gaynor,https://thegrio.com/2026/09/25/black-voting-groups-mobilize-black-men-midterms/
"Dale Caldwell, Lt. Governor of New Jersey, resigns amid scathing ethics report","After the release of a 61-page report documenting numerous ethics violations, New Jersey Lt. Governor Dale Caldwell has resigned.",thegrio.com,2026-09-25,Politics,Brandon Caldwell,https://thegrio.com/2026/09/25/dale-caldwell-new-jersey-lt-governor-resigns/
Jodie Turner-Smith sued over allegations involving brother’s drug use and sex parties,"Three women have filed a civil lawsuit alleging harmful conduct by Richard Smith, while Turner-Smith denies wrongdoing.",thegrio.com,2026-09-25,Featured,Peter Kerich,https://thegrio.com/2026/09/25/jodie-turner-smith-lawsuit-brother-allegations/
"Keke Wyatt arrested in Georgia on assault, terroristic threats and child cruelty charges","Authorities confirmed the singer’s arrest, but have not publicly released details about the allegations leading to the charges.",thegrio.com,2026-09-25,Entertainment,Peter Kerich,https://thegrio.com/2026/09/25/keke-wyatt-arrested-in-georgia-on-assault-terroristic-threats-and-child-cruelty-charges/
Supreme Court allows Trump administration to use voter citizenship database,The emergency ruling pauses a lower court order as legal challenges continue over the federal SAVE system.,thegrio.com,2026-09-25,News,Bolarinwa Oladeji,https://thegrio.com/2026/09/25/supreme-court-trump-voter-citizenship-database/
Bun B’s Trill Burgers Opens Fourth Location On Westheimer In Houston,"“The wait is over,” Bun B says, celebrating the grand opening of his latest Trill Burgers location. As AFROTECH™ previously reported, Trill Burgers was co-founded by the UKG rapper (CEO and chief burger officer), Andy Nguyen (creative director), Nick Scurfield (chief marketing officer), and chefs Mike Pham (chief operating officer) and Fernando Valladares (executive chef).… Continue reading Bun B’s Trill Burgers Opens Fourth Location On Westheimer In Houston",afrotech.com,2026-09-25,Business,Samantha Dorisca,https://afrotech.com/bun-bs-trill-burgers-opens-fourth-location-on-westheimer-in-houston
New Jersey Gov. Mikie Sherrill calls for Lt. Gov. Dale Caldwell’s resignation after ethics investigation,Dale Caldwell faces a resignation demand from Gov. Mikie Sherrill after an investigation found policy violations and sexual harassment.,thegrio.com,2026-09-25,Politics,Peter Kerich,https://thegrio.com/2026/09/25/dale-caldwell-resignation-mikie-sherrill-investigation/
‘A Different World’ Showrunner Felicia Pride On Black IP As A ‘Strategy’ To Get Our Stories On Screen And Building An All-Black Crew,"A Different World is one of the most iconic and impactful Black sitcoms, and its Netflix sequel series is staying true to the original. Known for its portrayal of self-discovery in young Black adulthood, while spotlighting the importance of friendship, sociopolitical issues, and everything in between, A Different World was a spinoff of The Cosby… Continue reading ‘A Different World’ Showrunner Felicia Pride On Black IP As A ‘Strategy’ To Get Our Stories On Screen And Building An All-Black Crew",afrotech.com,2026-09-25,Entertainment,Shanique Yates,https://afrotech.com/a-different-world-creator-on-black-ip-strategy-and-crew
How Trinity Rodman Built A Multi-Million Dollar Net Worth As The NWSL’s Highest-Paid Star,"At just 24 years old, Trinity Rodman is already turning her professional soccer rise into a multimillion-dollar empire. She made history as the youngest player selected in the National Women’s Soccer League when she was drafted in 2021. Trinity was the No. 2 overall draft pick, landing with the Washington Spirit. The hype was justified,… Continue reading How Trinity Rodman Built A Multi-Million Dollar Net Worth As The NWSL’s Highest-Paid Star",afrotech.com,2026-09-25,Business,Precious Gibson,https://afrotech.com/trinity-rodman-net-worth
Nikole Hannah-Jones and her daughter to revisit the school choice debate in upcoming ‘This American Life’ conversation,"The journalist's conversation arrives days after her NYT Magazine essay reignited debate over Black families, public schools and sacrifice.",thegrio.com,2026-09-25,News,Bolarinwa Oladeji,https://thegrio.com/2026/09/25/nikole-hannah-jones-daughter-this-american-life/
‘It is OK to experience joy’: Grief expert shares how Black communities can navigate painful moments,In the wake of the latest developments following the death of Nolan Wells grief expert Marisa Renee Lee reminds us it’s okay to be upset.,thegrio.com,2026-09-25,Lifestyle,Kay Wicker,https://thegrio.com/2026/09/25/it-is-ok-to-experience-joy-grief-expert-shares-how-black-communities-can-navigate-painful-moments/
Justice Ketanji Brown Jackson questions Supreme Court’s use of emergency docket,"The justice says the court should reserve emergency intervention for true crises, not routine high-profile disputes.",thegrio.com,2026-09-25,News,Bolarinwa Oladeji,https://thegrio.com/2026/09/25/ketanji-brown-jackson-supreme-court-emergency-docket-trump/
Morehouse College opens new multimedia center with support from Michael Jordan and Jordan Brand,"Morehouse opens a new multimedia center backed by Jordan Brand to train students in journalism, sports broadcasting and digital media.",thegrio.com,2026-09-24,Lifestyle,Peter Kerich,https://thegrio.com/2026/09/24/morehouse-multimedia-center-michael-jordan-jordan-brand/
Need Inspo For Your Next Luxury Stay? Michelin Just Awarded These Top Hotels With Its 2026 Keys,"The updated list invites lovers of intentional, thoughtful hospitality to explore the world's most captivating luxury properties.",travelnoire.com,2026-09-24,Plan &Amp; Shop,Natasha Decker,https://travelnoire.com/michelin-keys-2026-africa-hotels
‘I hid the truth’: Philadelphia teacher admits fabricating Black and Palestinian identity,She “outright lied” while organizations she worked with say she exploited the trust of Black and Palestinian communities.,thegrio.com,2026-09-24,News,Panama Jackson,https://thegrio.com/2026/09/24/i-hid-the-truth-philadelphia-teacher-admits-fabricating-black-and-palestinian-identity/
‘I was not prepared’: Nikole Hannah-Jones on the backlash she received from Black communities for her NYT article,"In her first interview since publishing her viral article, Nikole Hannah-Jones reflects on becoming the center of social media debates",thegrio.com,2026-09-24,Lifestyle,Haniyah P.,https://thegrio.com/2026/09/24/i-was-not-prepared-nikole-hannah-jones-on-the-backlash-she-received-from-black-communities-for-her-nyt-article/
Bodycam footage shows officer raising Taser toward Paige Bueckers during Arike Ogunbowale’s arrest,"Paige Bueckers repeatedly told police, “We got her,” as she attempted to stay beside her Dallas Wings teammate.",thegrio.com,2026-09-24,Sports,Odafe Oghen,https://thegrio.com/2026/09/24/paige-bueckers-taser-arike-ogunbowale-arrest/
Macklemore announces ‘Free Palestine Tour’ after Ed Sheeran tour exit,"Macklemore announces a Free Palestine Tour with dates in Dublin, Paris and London after leaving Ed Sheeran’s tour.",thegrio.com,2026-09-24,Featured,Peter Kerich,https://thegrio.com/2026/09/24/macklemore-free-palestine-tour-ed-sheeran/
Stanford faces backlash after AI turns Latino student into Black woman in promotional image,"A Stanford AI photo replaced Latino student Billy Ramirez with an AI-generated Black woman, violating the university's AI policy.",thegrio.com,2026-09-24,Lifestyle,Odafe Oghen,https://thegrio.com/2026/09/24/stanford-ai-photo-black-woman-latino-student/
Joh’Vonnie Jackson opens up about growing up as Joe Jackson’s daughter: ‘It was my secret’,"Joh’Vonnie Jackson opens up about growing up apart from her famous siblings, bullying and reclaiming her story in her book Bastard Child.",thegrio.com,2026-09-24,Lifestyle,Peter Kerich,https://thegrio.com/2026/09/24/johvonnie-jackson-joe-jackson-daughter-bastard-child/
Former NFL star Chris Johnson opens up about life with ALS: ‘I’m still a husband and a dad’,The former Titans running back shares how the disease has changed his mobility and communication while his family helps navigate daily life.,thegrio.com,2026-09-24,Lifestyle,Peter Kerich,https://thegrio.com/2026/09/24/chris-johnson-opens-up-als-fight-husband-and-dad/
"Federal judge temporarily halts Trump’s ban of CNN, MS NOW and Politico from White House","A judge temporarily blocks Trump’s White House press ban, ordering CNN, MS NOW and Politico credentials restored.",thegrio.com,2026-09-24,Featured,Odafe Oghen,https://thegrio.com/2026/09/24/judge-blocks-white-house-press-ban/
No Skips: Broccoli City’s Holding Hands Was a Love Letter to R&B,There are moments at certain music events where the crowd becomes more than the crowd. Instead it becomes this beautiful converge of thousands of avid fans banding together as one in the name of their favorite artists or genre for an unforgettable experience. That was the feeling of Broccoli City’s 2026 Holding Hands: An R&B […],ebony.com,2026-09-24,Entertainment,,https://www.ebony.com/no-skips-broccoli-citys-holding-hands-was-a-love-letter-to-rb/
The Book Club With Attitude: Vanessa Miller Unveils Her Bold New Cover — EBONY Exclusive,"Vanessa Miller has made a name for herself by digging into the lives of Black women whose history too often falls by the wayside. Her latest, The Ladies Hall: A Novel of Three Women Who Refused to Be Silenced, landed on the USA TODAY bestseller list this past August. Now, she’s trading the history books […]",ebony.com,2026-09-24,Books,,https://www.ebony.com/vanessa-miller-the-disgruntled-balck-ladies-book-club-cover-art-revealed-ebony-exclusive/
How A Cut Fiber-Optic Cable Helped Disrupt Thousands Of Flights Across America,"A cut backup fiber-optic cable compounded an FAA communications failure, disrupting U.S. flights and exposing aging infrastructure.",travelnoire.com,2026-09-24,Travel News,Faith Katunga,https://travelnoire.com/faa-fiber-optic-cable-flight-disruptions
Nearly 4 million enslavement records are now free to search on Ancestry,"The records include names, family relationships and places of origin that could help descendants fill gaps left by slavery.",thegrio.com,2026-09-24,News,Odafe Oghen,https://thegrio.com/2026/09/24/ancestry-free-enslavement-records-british-colonies/
Black workers challenge AI hiring platform in case that could reshape workplace discrimination law,A Black applicant’s AI hiring discrimination lawsuit tests whether Workday can face liability for screening job candidates.,thegrio.com,2026-09-24,Featured,Odafe Oghen,https://thegrio.com/2026/09/24/workday-ai-hiring-discrimination-lawsuit/
Angie Nixon Says the Fight for Black Voting Power Demands Elected Officials ‘Get Louder’,"As Black Floridians confront shrinking representation and political disillusionment, Nixon says the moment demands persistence.",capitalbnews.org,2026-09-24,,Brandon Tensley,https://capitalbnews.org/angie-nixon-florida-senate-redistricting-trial/
Nolan Wells: Expert Finds Deleted Messages on Phone After Death,The family's attorney releases the findings of the highly anticipated state medical examiner's autopsy report and data from the teen's phone.,capitalbnews.org,2026-09-24,,Aallyah Wright,https://capitalbnews.org/nolan-wells-missing-mississippi-horn-island/
HBCUs to Receive $174 Million Federal Funding Boost,The Trump administration calls the one-time investment part of its pledge to help schools that have helped shape “the story of American education.”,capitalbnews.org,2026-09-24,,Alecia Taylor,https://capitalbnews.org/hbcus-to-receive-174-million-federal-funding-boost/
A Series of Hanging Deaths Has Black Families Demanding Answers,"Over the past year, at least 10 Black people have been found hanging from trees, with some deaths ruled suicides that families question.",capitalbnews.org,2026-09-24,,"Alecia Taylor, Dalila-Johari Paul",https://capitalbnews.org/black-hanging-deaths/
‘We finally get to be seen’: H.E.R. explains importance of ‘Forgotten Island’ movie,"H.E.R. opens up about the importance of the upcoming animated film 'Forgotten Island,' where she voices a Filipino teenager.",thegrio.com,2026-09-24,Entertainment,DeMicia Inman,https://thegrio.com/2026/09/24/her-importance-forgotten-island-animated-movie/
"On Sacramento’s Tower Bridge, Black Chefs Serve At The Edge Of A Lost Neighborhood",Chef Dennis Sydnor Jr. and other Black chefs are opening up Sacramento's Tower Bridge Dinner to chefs of color.,travelnoire.com,2026-09-24,Culture,Mitti Hicks,https://travelnoire.com/tower-bridge-dinner-black-chefs-sacramento
"Hillman Never Closed: What A Different World Teaches Us About Legacy, Lineage, and the Art of Letting Go","When Netflix opens the doors of Hillman College again this September, it will do more than revive a show. It will test a theory Black television has been quietly proving for forty years: our stories rarely end when a series does. They migrate. They take on new shapes and new names. They find new audiences […]",ebony.com,2026-09-24,Tv &Amp; Film,,https://www.ebony.com/hillman-never-closed-what-a-different-world-teaches-us-about-legacy-lineage-and-the-art-of-letting-go/
US Airlines Mishandled 1.1M Bags In 6 Months: Here’s Who Lost The Most,"U.S. airlines mishandled more than 1.1 million bags in the first half of 2026. See how carriers compared and what you may be owed if your luggage is lost, delayed, or damaged.",travelnoire.com,2026-09-24,Travel News,Natasha Decker,https://travelnoire.com/airlines-most-mishandled-luggage-2026
The Airbnb Replacement Is Starting To Look Like A Hotel With A Kitchen,"Airbnb alternatives are expanding across Europe as aparthotels offer kitchens, more space, longer-stay rates, and professional management.",travelnoire.com,2026-09-24,Culture,Faith Katunga,https://travelnoire.com/airbnb-alternatives-aparthotels-serviced-apartments
Black McDonald’s franchise owners’ lawsuit is narrowed after judge dismisses hundreds of claims,"The decision does not determine whether the underlying discrimination allegations are true, but allows portions of the case to move forward.",thegrio.com,2026-09-24,Featured,Odafe Oghen,https://thegrio.com/2026/09/24/mcdonalds-race-discrimination-lawsuit-black-franchisees/
Retreats For The Overachievers: Where Type-A Black Women Actually Unplug,"Turning off is the hardest part of a vacation for a lot of women. I know this because I’m one of them, and if you’re honest with yourself, you probably are too. Looking relaxed and actually being relaxed aren’t the same thing, and most vacations only manage the first one (because did it really happen […]",ebony.com,2026-09-24,Life,,https://www.ebony.com/retreats-for-the-overachievers-where-type-a-black-women-actually-unplug/
Tips for Finding the Perfect Financial Advisor to Grow and Manage Your Money,"Securing the bag is about more than just making large sums of money. It’s also about strategically properly managing your funds in an effort to build long-term and generational wealth. One of the best ways to grow and manage your accounts is with the help of a financial advisor, and it’s never too late to […]",ebony.com,2026-09-24,Life,,https://www.ebony.com/tips-for-finding-the-perfect-financial-advisor-to-grow-and-manage-your-money/
"Our World, Our Way: Getting to Know the New Class of ‘A Different World’","Hillman College is officially welcoming a new generation of students, each bringing their own history, ambition and undeniable flair to campus. From legacy kids to first‑gen dreamers, this freshman class is packed with personality, purpose, and plenty of drama. Consider this your full 411 on the faces shaping Hillman’s next chapter. Maleah Joi Moon as […]",ebony.com,2026-09-24,Entertainment,,https://www.ebony.com/our-world-our-way-getting-to-know-the-new-class-of-a-different-world/
Bentley Torcal Debuts as the Luxury Brand’s First Fully Electric SUV,"Bentley has spent more than a century making excess feel elegant, turning leather, wood, metal and horsepower into its own very British language of luxury. Now, the automaker is translating that language for an electric future. Unveiled in London, the all-new Bentley Torcal becomes the fourth model line in the brand’s portfolio and its first […]",ebony.com,2026-09-24,Cars,,https://www.ebony.com/bentley-torcal-debuts-as-the-luxury-brands-first-fully-electric-suv/
HBCU basketball player Aminata Seck remains in ICE custody six weeks after being detained on team trip,The Aminata Seck ICE detention continues as the Kentucky State basketball player deals with an ACL injury and concerns about medical care.,thegrio.com,2026-09-24,Featured,Odafe Oghen,https://thegrio.com/2026/09/24/aminata-seck-ice-detention-kentucky-state-basketball/
Ready for a Fall Reset? Here’s How to Refresh Your Self-Care Routine For The Season,"Fall is here, and so is your chance to give your routine a glow-up. Here are practical tips to make room for feeling your best.",theroot.com,2026-09-24,Health,Shellie M. Scott,https://www.theroot.com/ready-for-a-fall-reset-here-s-how-to-refresh-your-self-2000127376
Toni Morrison’s ‘The Bluest Eye’ pulled from Cobb County schools over content concerns,Cobb County officials cited sexually explicit content as the reason for removing the Pulitzer Prize-winning novel from school libraries.,thegrio.com,2026-09-24,Lifestyle,DeMicia Inman,https://thegrio.com/2026/09/24/toni-morrison-bluest-eye-banned-georgia-school/
"After 10 years, the ‘Blacksonian’ has come to feel like home to many",The National Museum of African American History and Culture celebrates its 10th anniversary with a homecoming theme.,thegrio.com,2026-09-24,Lifestyle,Kay Wicker,https://thegrio.com/2026/09/24/after-10-years-the-blacksonian-has-come-to-feel-like-home-to-many/
"Nolan Wells’ family shares autopsy findings, raises new questions after grand jury decision",The Wells family’s legal team says the official autopsy found no water in his lungs or airways while calling for more answers.,thegrio.com,2026-09-24,Featured,DeMicia Inman,https://thegrio.com/2026/09/24/nolan-wells-autopsy-released-ben-crump/
"More Than 50 Years After Its Release, Why School Districts Keep Toni Morrison’s ‘The Bluest Eye’ On Their Book Ban Lists","Cobb County’s removal of Toni Morrison’s debut novel is raising fresh concerns about censorship, parental rights and access to difficult Black stories.",theroot.com,2026-09-24,Culture,Phenix S Halley,https://www.theroot.com/more-than-50-years-after-its-release-why-school-distri-2000127645
Druski Opens Up About Troubling Childhood,Druski is letting his fans and followers in on a heartbreaking tough time in his life and sharing how it led him to be the comedic star he is today.,theroot.com,2026-09-24,Entertainment,Shanelle Genai,https://www.theroot.com/druski-opens-up-about-troubling-childhood-2000127623
Druski opens up about traumatic past in revealing interview,"Druski shares details about his past trauma, upbringing, and entry into comedy in a vulnerable new interview.",thegrio.com,2026-09-24,Television,DeMicia Inman,https://thegrio.com/2026/09/24/druski-opens-about-traumatic-past-revealing-interview/
Russell Simmons hops on AI trend with message for ex-wife Kimora Lee,"Russell Simmons used the ""HOTEL LOBBY"" AI trend to share a message for his ex-wife, Kimora Lee, through Instagram.",thegrio.com,2026-09-24,Featured,DeMicia Inman,https://thegrio.com/2026/09/24/russell-simmons-ai-trend-message-kimora-lee/
Trump’s China trade negotiations carry economic stakes for Black families and businesses,"Trump’s meeting with Xi puts tariffs, inflation and trade concerns in focus as Black families, businesses and farmers navigate rising costs.",thegrio.com,2026-09-24,Politics,Gerren Keith Gaynor,https://thegrio.com/2026/09/24/trumps-china-trade-economic-stakes-for-black-families-businesses/
Delroy Lindo’s directorial debut to star Wendell Pierce and Winston Duke,"Delroy Lindo's directorial debut is set to star Winston Duke, Wendell Pierce, Marianne Jean-Baptiste, and more.",thegrio.com,2026-09-24,Film,DeMicia Inman,https://thegrio.com/2026/09/24/delroy-lindo-directorial-debut-wendell-pierce-winston-duke/
Debbie Allen wants the next ‘A Different World’ to reflect the world Black students live in now,Debbie Allen shares the personal experiences that shaped her activism and why today’s HBCU students deserve to see their realities on screen.,thegrio.com,2026-09-24,Lifestyle,Haniyah P.,https://thegrio.com/2026/09/24/debbie-allen-wants-the-next-a-different-world-to-reflect-the-world-black-students-live-in-now/
Tinie Tempah Net Worth: A Breakdown Of The British MC’s Venture Investments And Music Catalog,"If you’re a fan of the UK rap scene, you may already be aware of Tinie Tempah. The rapper, singer and television host is best known for achieving massive chart success with iconic hits such as “Pass Out” and “Written In The Stars.” His ability to blend British grime-style rap with energetic electronic backing tracks… Continue reading Tinie Tempah Net Worth: A Breakdown Of The British MC’s Venture Investments And Music Catalog",afrotech.com,2026-09-24,Entertainment,TeeJay Small,https://afrotech.com/tinie-tempah-net-worth
"After Retiring From The NBA, Chris Paul Has Joined This VC Firm As A Venture Partner","Former NBA player Chris Paul has entered a new chapter. Paul, who served eight years as president of the National Basketball Players Association, retired from the NBA in 2026 after 21 years and has remained active off the court, particularly through his investments. According to Crunchbase, he has 22 companies in his investment portfolio, including… Continue reading After Retiring From The NBA, Chris Paul Has Joined This VC Firm As A Venture Partner",afrotech.com,2026-09-24,Venture Capital,Samantha Dorisca,https://afrotech.com/chris-paul-joins-owl-ventures-as-venture-partner
Michael Jordan And Jordan Brand Donate $1M To Morehouse College,"NBA legend and philanthropist Michael Jordan is investing in the creator economy. Morehouse Media Center According to a press release, Morehouse College held a ribbon-cutting ceremony Wednesday, Sept. 23, for its new Multimedia Center in the Department of Journalism in Sports, Culture and Social Justice. The space will support “reporters, editors, content creators, and media innovators for… Continue reading Michael Jordan And Jordan Brand Donate $1M To Morehouse College",afrotech.com,2026-09-24,Education,Samantha Dorisca,https://afrotech.com/michael-jordan-and-jordan-brand-invest-morehouse-media-center
"Angela Bassett Created A Space For Black Talent At Yale In 1979. Now, Her Son Is Helping Revive It For Gen Z Creatives","Slater Vance, son of actress Angela Bassett, has revived the Black student theater group his mother founded at Yale University in 1979. The group was first known as the Heritage Theater Ensemble and stopped operating during the COVID-19 pandemic, the Yale Daily News reported. Vance, a member of Yale’s class of 2028, relaunched it in… Continue reading Angela Bassett Created A Space For Black Talent At Yale In 1979. Now, Her Son Is Helping Revive It For Gen Z Creatives",afrotech.com,2026-09-24,Education,Trey Mangum,https://afrotech.com/angela-bassett-son-slater-vance-revives-yale-space-black-creatives
Unrivaled Lands Its Biggest Apparel Deal Yet As League Hits $650 Million Valuation,"Unrivaled has a new uniform partner heading into its third season. adidas announced a multi-year partnership with the women’s 3-on-3 basketball league on Sept. 23 and is now Unrivaled’s official uniform and performance apparel partner. adidas will supply on-court uniforms and performance gear for players, plus apparel for the league’s youth camps, clinics and community… Continue reading Unrivaled Lands Its Biggest Apparel Deal Yet As League Hits $650 Million Valuation",afrotech.com,2026-09-24,News,Trey Mangum,https://afrotech.com/unrivaled-lands-its-biggest-apparel-deal-yet-as-league-hits-650-million-valuation
Columbia College Enforces First-Of-Its-Kind Technology Ban — Here’s What We Know,"Columbia College has officially banned electronic devices in all literature humanities and contemporary civilization courses. Columbia University’s undergraduate liberal arts college will make the unprecedented move beginning this fall, according to a report from the Columbia Spectator. “I think the ban is an opportunity to make it a place of greater intentionality,” said associate professor… Continue reading Columbia College Enforces First-Of-Its-Kind Technology Ban — Here’s What We Know",afrotech.com,2026-09-24,Technology,Shanique Yates,https://afrotech.com/columbia-college-bans-technology-in-core-humanities-courses
"‘This is all men’s fault’: Issa Rae gets candid about Hollywood, power and frustration",Issa Rae got candid during Variety's Power of Women event about the barriers women are facing in Hollywood and the powers that be.,thegrio.com,2026-09-24,Entertainment,Kay Wicker,https://thegrio.com/2026/09/24/this-is-all-mens-fault-issa-rae-gets-candid-about-hollywood-power-and-frustration/
"Michael B. Jordan joins 2026 CultureCon lineup alongside Aaron Pierre, Wale and Tobe Nwigwe","Michael B. Jordan joins the 2026 CultureCon lineup alongside Aaron Pierre, Wale and Tobe Nwigwe for the October event in Brooklyn.",thegrio.com,2026-09-24,Featured,Odafe Oghen,https://thegrio.com/2026/09/24/michael-b-jordan-culturecon-2026-lineup/
British-Nigerian Businessman Igho Ubiribo’s Death Highlights The Need To Understand Penis Fillers,British-Nigerian influencer Igho Ubiribo died from filler complications in Thailand. Read what medical experts say about safety.,blavity.com,2026-09-24,Health,"Dr. Diana Rangaves, PharmD",https://blavity.com/igho-ubiribo-penis-fillers
"Black Tesla Employees Detail Racist Slurs, Nooses And Swastikas At California Location In Discrimination Trial",Tesla is facing a lawsuit from a group of Black employees who say they faced racism and discrimination at the company.,blavity.com,2026-09-24,News,Tomas Kassahun,https://blavity.com/black-tesla-employees-tesla-california-discrimination-trial
"Nolan Wells’ phone analysis reveals deleted Snapchat data after his death, family says","A new Nolan Wells phone reconstruction traces GPS, Snapchat and message activity and raises questions about his final hours.",thegrio.com,2026-09-24,Featured,Peter Kerich,https://thegrio.com/2026/09/24/nolan-wells-phone-reconstruction-digital-forensics/
Miss Universe Jamaica Breaks Silence Over Traumatic Fall and New Lawsuit,"Almost one year after her heartbreaking fall off the Miss Universe stage, Gabrielle Henry is finally opening up and making new legal moves to rectify the situation.",theroot.com,2026-09-24,Beauty + Style,Shanelle Genai,https://www.theroot.com/miss-universe-jamaica-breaks-silence-over-traumatic-fal-2000127508
Second Arrest Made in Tasia Fortune Hanging Death Investigation as Family Seeks Answers,A second suspect has been arrested in Tasia Fortune’s death as her family continues seeking answers and advocates demand greater scrutiny.,theroot.com,2026-09-24,Crime,Phenix S Halley,https://www.theroot.com/second-arrest-made-in-tasia-fortune-hanging-death-inves-2000127541
13 ‘It’s Probably Nothing’ Symptoms Black People Shouldn’t Ignore,"From trouble urinating to persistent bloating, these symptoms can be linked to serious health conditions that affect Black Americans at higher rates. Here’s what you should know.",theroot.com,2026-09-24,Culture,Asheea Smith,https://www.theroot.com/13-it-s-probably-nothing-symptoms-black-people-shouldn-2000127524
The Rise of The Black Male Caregiver,"When you’re responsible for the generation that raised you and the generation you raised, something has to give. Black men, it shouldn’t be our mental health.",theroot.com,2026-09-24,Opinion,Lawrence Ware,https://www.theroot.com/the-rise-of-the-black-male-caregiver-2000126872
‘Not the Dad I Knew:’ Michael Jackson’s Half-Sister Slams Joe Jackson’s Portrayal in Biopic,"Joh’Vonnie Jackson, the 11th sibling of the famous Jackson family, is airing her issues with how her father was portrayed in the ‘Michael’ biopic.",theroot.com,2026-09-24,Entertainment,Shanelle Genai,https://www.theroot.com/not-the-dad-i-knew-michael-jacksons-half-sister-slams-2000127569
Serving Looks and Stealing the Spotlight: The Best-Dressed WNBA Stars Taking Over the Tunnel,"From tunnel glamour to streetwear swag, these WNBA stars prove the fashion game is just as competitive off the court.",theroot.com,2026-09-24,Beauty + Style,Phenix S Halley,https://www.theroot.com/serving-looks-and-stealing-the-spotlight-the-best-dres-2000127562
These Classic R&B Songs Are Turning 40 in 2026,"From Janet Jackson’s “Control” to Whitney Houston’s “How Will I Know,” we’re celebrating the R&B classics that are turning 40 in 2026.",theroot.com,2026-09-24,Entertainment,B.Kadijat Towolawi,https://www.theroot.com/these-classic-r-b-songs-are-turning-40-in-2026-2000127363
Exclusive: DeSean Jackson Transforms 35 Years of Family Video Into HBCU Success,"In ‘Go Deep: The DeSean Jackson Story,’ the former NFL star reflects on his rise and his most fulfilling role yet – mentoring HBCU talent.",theroot.com,2026-09-24,News,Rashad Grove,https://www.theroot.com/exclusive-desean-jackson-transforms-35-years-of-family-2000127052
The Black Church Enters ‘AI is the Apocalypse’ Debate,"As heads of major AI firms warn that without intervention, AI could risk humanity as a whole, some Christians believe it’s the coming of the Antichrist.",theroot.com,2026-09-24,Culture,Angela Wilson,https://www.theroot.com/the-black-church-enters-ai-is-the-apocalypse-debate-2000127532
"New Netflix Movies, TV Shows You Need to Add to Your Watchlist ASAP","From comedy specials to gripping dramas, Netflix has a hit list of amazing TV shows and films slated to hit the platform. Here are a few we’re eyeing!",theroot.com,2026-09-24,Entertainment,Shanelle Genai,https://www.theroot.com/new-netflix-movies-tv-shows-you-need-to-add-to-your-wa-2000127662
"Nolan Wells’ Family Releases Independent Autopsy Results, Calls For Investigation Stay Open Over Unexplained Injuries","The quest for answers concerning the death of Nolan Wells continued Tuesday with the public release of an independent autopsy done at the request of the Wells family. The examination points to an unexplained injury suffered by Wells as well as a number of unanswered questions as the circumstances that led to him dying remain… Continue reading Nolan Wells’ Family Releases Independent Autopsy Results, Calls For Investigation Stay Open Over Unexplained Injuries",blavity.com,2026-09-24,News,Christopher Rhodes,https://blavity.com/nolan-wells-family-releases-independent-autopsy-results
Trump TV Is Giving State Media. Experts Warn It’s A Page From The Dictator Playbook,"As President Trump continues to exclude mainstream news agencies from the White House as part of his assault on media and the First Amendment, the president has launched his own alternative news feed. As the fight between the White House and the free press continues, the newly streaming Trump TV is drawing comparisons to the… Continue reading Trump TV Is Giving State Media. Experts Warn It’s A Page From The Dictator Playbook",blavity.com,2026-09-24,Politics,Christopher Rhodes,https://blavity.com/trump-tv-state-media-experts-warn
The iced coffee interview debate isn’t really about coffee,A viral iced coffee job interview debate is exposing the unwritten rules of professionalism and the extra hurdles Black job seekers face.,thegrio.com,2026-09-23,Lifestyle,Haniyah P.,https://thegrio.com/2026/09/23/the-iced-coffee-interview-debate-isnt-really-about-coffee/
Kennedy Ryan is having a Hollywood moment as Netflix lands her ‘Hoops’ romance series,Kennedy Ryan's 'Hoops' trilogy is now set to have a bigger play on Netflix as the streamer won an intense bidding war for the series.,thegrio.com,2026-09-23,Television,Brandon Caldwell,https://thegrio.com/2026/09/23/kennedy-ryan-hoops-series-in-development-netflix/
Mississippi U.S. Senate candidate Scott Colom says Nolan Wells’ case highlights need for trust in justice system,"Colom discusses the Nolan Wells case, potential future legal developments and the need for transparency after the grand jury decision.",thegrio.com,2026-09-23,Politics,Gerren Keith Gaynor,https://thegrio.com/2026/09/23/mississippi-us-senate-candidate-scott-colom-nolan-wells/
12 Black TV shows (or shows with Black stars) debuting and returning this fall,"From “A Different World” to “Abbott Elementary” to “Reasonable Doubt,” and more we round up 12 Black shows arriving this fall on TV.",thegrio.com,2026-09-23,Television,Kay Wicker,https://thegrio.com/2026/09/23/12-black-tv-shows-debuting-and-returning-this-fall/
Second man arrested in connection with hanging death of Tasia Fortune as her mother ‘feels’ for all involved,A 25-year-old man has been arrested and charged with murder in connection with the August 3 hanging death of Tasia Fortune.,thegrio.com,2026-09-23,News,Brandon Caldwell,https://thegrio.com/2026/09/23/tasia-fortune-case-second-man-arrested/
Senator Cindy Hyde-Smith calls security on reporter when asked about Nolan Wells’ grand jury decision,"Hyde-Smith refused to answer questions from a reporter about the Nolan Wells case, instead calling on U.S. Capitol Police to intervene.",thegrio.com,2026-09-23,Politics,Gerren Keith Gaynor,https://thegrio.com/2026/09/23/senator-cindy-hyde-smith-nolan-wells/
Willow Smith says Will Smith has turned down roles to protect his family from ‘heavy’ energy,"In a conversation with Kid Cudi, Willow Smith says her father, Will Smith, would turn down certain roles that were ""heavy""in terms of energy.",thegrio.com,2026-09-23,Lifestyle,Brandon Caldwell,https://thegrio.com/2026/09/23/will-smith-turned-down-roles-family-energy/
Opinion: Trump’s Press Ban Feels Familiar to Black Journalists,"Though Trump’s press ban isn’t directly targeting Black journalists, no better group understands what it takes to fight to inform our communities regardless of the barriers placed in our way.",theroot.com,2026-09-23,Opinion,Phil Lewis,https://www.theroot.com/opinion-trump-s-press-ban-feels-familiar-to-black-jour-2000127316
Whitley and Dwayne weren’t Hillman’s only love story: Inside the Bythewoods’ ‘A Different World’ romance,Gina Prince-Bythewood and Reggie Rock Bythewood reveal how their romance began in the “A Different World” writers’ room.,thegrio.com,2026-09-23,News,Janeé Bolden,https://thegrio.com/2026/09/23/gina-prince-bythewood-reggie-rock-bythewood-a-different-world-love-story/
"For the First Time in 200 Years, a Black Descendant of Thomas Jefferson is Laid to Rest at Monticello","Jefferson’s Black descendants have long carried their own family history. Now, Cedric Jessup’s grave makes that history visible at Monticello.",theroot.com,2026-09-23,Culture,Phenix S Halley,https://www.theroot.com/for-the-first-time-in-200-years-a-black-descendant-of-2000127315
"Polls: Betrayed by Trump, Latino Voters Are Ready To Hand Republicans the Ultimate Payback","Economic pressure and immigration enforcement are pushing some Hispanic voters to reconsider Trump, potentially reshaping competitive races across the 2026 midterms.",theroot.com,2026-09-23,Culture,Phenix S Halley,https://www.theroot.com/polls-betrayed-by-trump-latino-voters-are-ready-to-ha-2000127425
What happened when Black women received guaranteed income? New data offers answers,A new report found Georgia's In Her Hands program has been bolstering Black women's bank accounts and helping their families thrive.,thegrio.com,2026-09-23,Lifestyle,Kay Wicker,https://thegrio.com/2026/09/23/what-happened-when-black-women-received-guaranteed-income-new-data-offers-answers/
Mamdani Announces Record $131.5 Million DoorDash Settlement For NYC Delivery Workers,"DoorDash will pay $131.5 million to resolve claims that it underpaid New York City delivery workers or failed to pay them on time, in a settlement announced Tuesday by Mayor Zohran Mamdani. Details on the million-dollar settlement and what DoorDash said Mamdani, Deputy Mayor for Economic Justice Julie Su and Department of Consumer and Worker… Continue reading Mamdani Announces Record $131.5 Million DoorDash Settlement For NYC Delivery Workers",blavity.com,2026-09-23,News,Jahaura Michelle,https://blavity.com/mamdani-record-doordash-settlement-for-nyc-delivery-workers
"Black Parents Don’t Have to Choose Between Their Children’s Potential and Their Well-Being, Here’s How to Build What Few Schools Offer","Judge the Joker as good or bad and you miss him; judge a school that way, and you miss your child. Nikole Hannah-Jones stopped judging and started reckoning.",theroot.com,2026-09-23,Opinion,Dr. Shauna D.A. Knox,https://www.theroot.com/black-parents-dont-have-to-choose-between-their-childre-2000127373
"Instead of Receiving Treatment for an ACL Injury, This HBCU Basketball Player is in ICE Custody","Aminata Seck was traveling with her Kentucky State teammates when ICE detained her, leaving the injured senior separated from her team.",theroot.com,2026-09-23,Culture,Phenix S Halley,https://www.theroot.com/instead-of-receiving-treatment-for-an-acl-injury-this-2000127333
Nolan Wells’ Mother Calls Out the Adultification of Black Children,"Christine Wonsley is challenging the language surrounding her son’s death, raising questions about the adultification of young Black people.",theroot.com,2026-09-23,Culture,Phenix S Halley,https://www.theroot.com/nolan-wells-mother-calls-out-the-adultification-of-blac-2000127389
"After a New Deal With Starbucks Founder Howard Schultz, Ryan Clark is Building a Media Empire","Following his departure from ESPN, Clark secures backing from Howard Schultz, former Starbucks CEO, to transform Pivot25 Productions into a media powerhouse.",theroot.com,2026-09-23,News,Rashad Grove,https://www.theroot.com/after-a-new-deal-with-starbucks-founder-howard-schultz-2000127406
Chris Brown says he’s ‘the king’ in new message aimed at critics and peers,The Chris Brown rant targets celebrities and the music industry as the singer rejects approval and calls himself king.,thegrio.com,2026-09-23,Featured,Odafe Oghen,https://thegrio.com/2026/09/23/chris-brown-rant-music-industry-celebrities/
Dolly Parton’s Nephew is at the Center of a Messy Legal Battle Over Her Legacy,"As Dolly Parton’s fans continue to grieve her death, her family is now embroiled in a messy new legal battle.",theroot.com,2026-09-23,Entertainment,Shanelle Genai,https://www.theroot.com/dolly-partons-nephew-is-at-the-center-of-a-messy-legal-2000127427
Young Bosses Share These Hard Truths on Why Gen Z Keeps Getting Fired — And How to Fix It,"The iced coffee debate has sparked bigger questions about Gen Z at work, and experts are breaking down the workplace habits young employees need to know.",theroot.com,2026-09-23,Culture,Asheea Smith,https://www.theroot.com/young-bosses-share-these-hard-truths-on-why-gen-z-keeps-2000127396
Tyra Banks vs. Netflix: New Filing Claims 16-Minute Edit Omitted Accountable Moments in Docuseries,Tyra Banks’ team continues to say there’s more to the story than what made it into the Netflix series. And this new filing just might prove their point!,theroot.com,2026-09-23,Entertainment,Shanelle Genai,https://www.theroot.com/tyra-banks-vs-netflix-new-filing-claims-16-minute-edi-2000127462
"Trump Admin Cancels Obamacare Enrollment For 750,000 More People","Across both Trump administrations, the president and his allies have attacked the Affordable Care Act, seeking to dismantle or undermine the healthcare legislation passed under President Obama. Now, the administration has announced that one million people have either had their enrollment canceled or placed under review, based on allegations of fraud. Vance announces massive Obamacare… Continue reading Trump Admin Cancels Obamacare Enrollment For 750,000 More People",blavity.com,2026-09-23,Politics,Christopher Rhodes,https://blavity.com/trump-admin-cancels-obamacare-enrollment-for-more-people
Trump Claims 5-Shot Vaccine Split Will Lower Autism Rates – Here’s What Science Says,Donald Trump calls on drugmakers to break childhood immunizations into five separate shots. Here is what experts say.,blavity.com,2026-09-23,Conditions &Amp; Care,"Dr. Diana Rangaves, PharmD",https://blavity.com/trump-demands-five-shot-vaccines-autism
Unapologetically Fly: Black ’90s TV Stars Whose Style We Love,"Before Instagram mood boards and TikTok trends, these Black television characters gave us the outfits, hair and attitude that shaped how we dressed with a few unforgettable 2000s fashion girls getting their flowers, too.",theroot.com,2026-09-23,Beauty,Ty Cole,https://www.theroot.com/unapologetically-fly-black-90s-tv-stars-whose-style-we-2000127192
Stanford Criticized For Swapping Out Latino Student With AI-Generated Black Woman In Promotional Picture,"Stanford University is facing an embarrassing situation after it was noticed that the school had digitally altered a student photo, swapping out the race and gender of a student. The university and the real-life student have both responded to the incident, which has also served to highlight the demographic changes that have occurred on campus.… Continue reading Stanford Criticized For Swapping Out Latino Student With AI-Generated Black Woman In Promotional Picture",afrotech.com,2026-09-23,News,Christopher Rhodes,https://afrotech.com/stanford-criticized-for-swapping-out-latino-student-with-ai-generated-black-woman
Trump Administration Announces $174M Commitment To HBCUs,"The Trump administration is reinvesting in HBCUs. The administration will distribute $174 million to Historically Black Colleges and Universities (HBCUs), according to a press release. The commitment will be added to the $406 million approved by Congress and signed by President Donald Trump. Secretary of Education Linda McMahon announced it during the White House Initiative on… Continue reading Trump Administration Announces $174M Commitment To HBCUs",afrotech.com,2026-09-23,Education,Samantha Dorisca,https://afrotech.com/trump-administration-announces-174m-commitment-to-hbcus
Spelman College Is The Top HBCU For The 20th Consecutive Year,"Spelman College, which has a stellar reputation for the best and brightest, has been ranked the No. 1 HBCU for the 20th year in a row. Its reputation of focusing on academic excellence, creativity, character, and leadership development has continued to cement its ranking, according to U.S. News & World Report. In its 2027 Best Historically… Continue reading Spelman College Is The Top HBCU For The 20th Consecutive Year",afrotech.com,2026-09-23,Education,ShaCamree Gowdy,https://afrotech.com/spelman-college-us-news-world-report-top-hbcu-stem
"How A$AP Rocky Made Millions In Net Worth, From Rap Flows To Fashion Shows","If you’ve spent any time listening to rap music in the last two decades, catching fashion shows, or even tuning into certain Super Bowl halftime performances, you’ve certainly heard of A$AP Rocky. The rapper, model, and partner to pop superstar Rihanna has made headlines over the years for his chart-topping records, legal disputes and growing persona as… Continue reading How A$AP Rocky Made Millions In Net Worth, From Rap Flows To Fashion Shows",afrotech.com,2026-09-23,Entertainment,TeeJay Small,https://afrotech.com/asap-rocky-net-worth
Ryan Clark’s Pivot25 Productions Receives Investment From Former Starbucks CEO,"It’s onward and upward for former NFL player Ryan Clark. With 13 NFL seasons under his belt and time as an ESPN commentator, he is now writing his own rules. This follows his unexpected exit from ESPN in July when the network let him go during a live commercial break after 12 years of contributing to shows… Continue reading Ryan Clark’s Pivot25 Productions Receives Investment From Former Starbucks CEO",afrotech.com,2026-09-23,Media,Samantha Dorisca,https://afrotech.com/ryan-clarks-pivot25-productions-receives-investment-from-former-starbucks-ceo
Thailand Tightens Visa-Free Entry Rules For International Travelers,"Thailand has changed its visa-free entry rules, reducing stays from 60 to 30 days for many travelers. Here’s what visitors need to know.",travelnoire.com,2026-09-23,Travel News,Faith Katunga,https://travelnoire.com/thailand-visa-free-entry-rules
In LA? Going On This Black-Owned Food Tour Is A Must,"Host Daisy Miles takes patrons on a lively exploration of Black-owned eateries, building and fostering community along the way.",travelnoire.com,2026-09-23,Culture,Natasha Decker,https://travelnoire.com/daisys-black-food-tour-la
"New Orleans Was Just Named America’s Top Foodie City, And This Black-Owned Restaurant Made The List","A new list names New Orleans the ""top foodie city"" in America – and a Black-owned restaurant was highlighted as one of the city's best spots.",travelnoire.com,2026-09-23,Culture,Natasha Decker,https://travelnoire.com/top-foodie-city-new-orleans
6 Hotel Gyms Around The World For Fitness-Focused Travelers,"These hotel gyms offer squat racks, strength equipment, classes, recovery facilities, and performance-focused training.",travelnoire.com,2026-09-23,Plan &Amp; Shop,Faith Katunga,https://travelnoire.com/best-hotel-gyms-around-the-world
Jon Ossoff’s ‘Obama Swagger’ Has TikTok in a Chokehold,Sen. Jon Ossoff has TikTok users obsessed thanks to an undeniable swagger that has voters comparing him to Barack Obama.,theroot.com,2026-09-23,News,Mahalia Otshudy,https://www.theroot.com/jon-ossoffs-obama-swagger-has-tiktok-in-a-chokehold-2000127323
13 Things You Must Know Before Watching ‘A Different World’ Sequel Series,"Before you head back to Hillman for the ‘A Different World’ sequel series, consider this your syllabus of everything you need to know!",theroot.com,2026-09-23,News,Shanelle Genai,https://www.theroot.com/13-things-you-must-know-before-watching-a-different-wor-2000127347
5 Things We Need to See in the Upcoming New Season of ‘Reasonable Doubt’,"On October 6, ‘Reasonable Doubt’ makes its long-awaited return. Here’s a few things we need to see get addressed when it hits our screens!",theroot.com,2026-09-23,Entertainment,Shanelle Genai,https://www.theroot.com/5-things-we-need-to-see-in-the-upcoming-new-season-of-r-2000127307
Byron Donalds removes prominent Trump references from Florida governor campaign website,The Florida gubernatorial candidate’s revamped site shifts focus toward policy issues while still highlighting Trump’s support.,thegrio.com,2026-09-23,Politics,Bolarinwa Oladeji,https://thegrio.com/2026/09/23/byron-donalds-trump-mentions-campaign-website/
Former Miss Universe Jamaica Gabrielle Henry files lawsuit over 2025 pageant stage fall,The ophthalmologist and beauty queen alleges negligence and unsafe conditions contributed to her injuries during the 2025 competition.,thegrio.com,2026-09-23,Lifestyle,Bolarinwa Oladeji,https://thegrio.com/2026/09/23/gabrielle-henry-sues-miss-universe-organization-stage-fall/
"Trump administration removes 760,000 from Obamacare over alleged fraud","ACA coverage cancellations affect more than 760,000 people as experts question the Trump administration’s fraud screening process.",thegrio.com,2026-09-23,Featured,Odafe Oghen,https://thegrio.com/2026/09/23/aca-coverage-cancellations-vance-fraud/
Simone Biles says three masked men stole her Porsche in Chicago home burglary,Simone Biles revealed the incident while sharing plans to shop for another vehicle to replace the stolen vehicle.,thegrio.com,2026-09-23,Lifestyle,Bolarinwa Oladeji,https://thegrio.com/2026/09/23/simone-biles-porsche-stolen-chicago-home-break-in/
David Jonsson shows fans how he’s preparing for Marvel’s next ‘Black Panther’ chapter,David Jonsson gives fans a glimpse of his training and life after being cast as the new Black Panther in Ryan Coogler’s upcoming Marvel film.,thegrio.com,2026-09-23,News,Bolarinwa Oladeji,https://thegrio.com/2026/09/23/david-jonsson-black-panther-training/
5 Election Terms To Know Ahead Of Midterm Elections,"Every two years, people across the country come together to make their voices heard in their respective local elections, known as the midterm elections. During this time period, voters are making their selection of who should be part of the House of Representatives, the Senate, and offices across the state. This election helps to determine […]",ebony.com,2026-09-23,News &Amp; Politics,,https://www.ebony.com/5-election-terms-to-know-ahead-of-midterm-elections/
Tyra Banks says Netflix’s ‘America’s Next Top Model’ documentary distorted her words,Tyra Banks says video comparisons support her Netflix defamation lawsuit over the “America’s Next Top Model” documentary.,thegrio.com,2026-09-23,Lifestyle,Odafe Oghen,https://thegrio.com/2026/09/23/tyra-banks-netflix-defamation-video-edits/
Black Tesla employees say years of racism went unchecked as company faces California trial,The Tesla discrimination trial addresses allegations of racist harassment and unequal treatment of Black workers. Tesla denies wrongdoing.,thegrio.com,2026-09-23,Featured,Odafe Oghen,https://thegrio.com/2026/09/23/tesla-discrimination-trial-black-workers-fremont/
New DNA analysis from Thomas Jefferson’s hair adds evidence to Sally Hemings lineage,Researchers say the findings further support long-standing accounts from Hemings’ descendants about Jefferson’s children.,thegrio.com,2026-09-23,Lifestyle,Odafe Oghen,https://thegrio.com/2026/09/23/thomas-jefferson-hair-dna-sally-hemings-children/
Keisha Lance Bottoms set for Atlanta Press Club debate without Republican rival Rick Jackson,The Democratic gubernatorial candidate will appear alone as she highlights her affordability agenda ahead of Georgia’s election.,thegrio.com,2026-09-23,Featured,Odafe Oghen,https://thegrio.com/2026/09/23/keisha-lance-bottoms-rick-jackson-atlanta-press-club-debate/
‘Let’s not call him a man’: Nolan Wells’ mother reminds us why words matter when describing Black children & teens,"“He was a boy.” Nolan Wells’ mother’s powerful correction speaks to how Black children are seen, described & remembered.",thegrio.com,2026-09-23,Lifestyle,Haniyah P.,https://thegrio.com/2026/09/23/lets-not-call-him-a-man-nolan-wells-mother-reminds-us-why-words-matter-when-describing-black-children-teens/
Supreme Court declines to intervene in McKenna West surrogacy custody fight,The decision leaves in place a ruling recognizing Omar Ahmed and Nausheen Gilkar as the child’s legal parents.,thegrio.com,2026-09-23,News,Bolarinwa Oladeji,https://thegrio.com/2026/09/23/mckenna-west-supreme-court-surrogacy-custody-battle/
"Outkast sues Ovrkast, saying the rapper agreed to change his name and then backed out",The Atlanta duo’s company alleges the Oakland artist’s name creates consumer confusion and violates a previous agreement.,thegrio.com,2026-09-23,News,Bolarinwa Oladeji,https://thegrio.com/2026/09/23/outkast-sues-ovrkast-trademark-lawsuit/
Renee Good’s mother says she voted for Trump before daughter was killed by ICE agent,Renee Good’s mother says she voted for Trump believing ICE would protect families before an agent fatally shot her daughter.,thegrio.com,2026-09-23,Featured,Peter Kerich,https://thegrio.com/2026/09/23/renee-good-mother-voted-trump-ice-shooting/
"‘If I Go, Will They Miss Me’ Filmmaker Walter Thompson-Hernández on Absentee Fathers, Mythology and the Power of Flight","What effect does a father’s affection, parceled out between incarceration stints, have on a son? That’s the question Walter Thompson-Hernández explores in If I Go Will They Miss Me. The writer-director explores how fathers shape their sons, especially when they’re not always around. “I wanted to portray a story that was more about the complicated […]",ebony.com,2026-09-23,Entertainment,,https://www.ebony.com/if-i-go-will-they-miss-me-walter-thompson-hernandez-absentee-fathers-mythology-power-of-flight/
EADEM Doesn’t Owe Men A Seat At A Table Women Built,"“Where are the boys?” @jackieaina chile… Honorable mention @SMITH 🤎 btw I should clarify that Eadem has a Black cofounder***but they’re still women owned/founder @SMITH @Lonnie Hammons ♬ original sound – Jackie Asamoah TikTok creator Lonnie Hammons has repeatedly asked brands, “Where are the boys?” challenging them over the apparent absence of men from their […]",ebony.com,2026-09-23,Beauty,,https://www.ebony.com/eadem-doesnt-owe-men-a-seat-at-a-table-women-built/
‘Reasonable Doubt’’s Jax Was Shot. Raamla Mohamed Hunter Reveals the Why Behind the Choice,"It answers the question fans have been asking since season three of Reasonable Doubt ended with a literal bang: Who did Monica shoot? The season four trailer reveals it was Jax Stewart. After leaving her old firm to start her own practice, Jax (Emayatzy Corinealdi) is now in a hospital bed, hooked up to life-saving […]",ebony.com,2026-09-23,Entertainment,,https://www.ebony.com/reasonable-doubt-reveals-who-monica-shot-now-we-have-questions-about-jax-future/
"“If They Wanted to, They Would”: Is This Dating Advice Helpful?","In the age of dating apps, read receipts and seemingly endless situationships, few dating phrases have become as ubiquitous as “If they wanted to, they would.” The logic is simple: If someone genuinely cares about you, they’ll make the effort. They’ll call. They’ll text. They’ll plan the date. They’ll show up. And if they aren’t […]",ebony.com,2026-09-23,Life,,https://www.ebony.com/dating-relationships-advice-if-they-wanted-to-they-would/
George Floyd’s siblings demand accounting of $19 million GoFundMe raised after his death,Three of George Floyd's siblings are demanding a full accounting of the roughly $19 million GoFundMe raised after his 2020 death.,thegrio.com,2026-09-23,News,Bolarinwa Oladeji,https://thegrio.com/2026/09/23/george-floyd-family-gofundme-records-request/
"A Decade After His Passing, Could One of These Black Artists Be The Next Prince?",Prince’s passing left a void in the music world that no single artist can fill. But several modern acts are making a case as the icon’s successor.,theroot.com,2026-09-22,Entertainment,Mahalia Otshudy,https://www.theroot.com/a-decade-after-his-passing-could-one-of-these-black-ar-2000127104
The Best Dressed Black Celebrities at London Fashion Week,London Fashion Week kicked off with Black stars across the pond showing up in their best outfits. Here are the top fashion moments we’ve seen so far.,theroot.com,2026-09-22,Beauty + Style,Mahalia Otshudy,https://www.theroot.com/the-best-dressed-black-celebrities-at-london-fashion-we-2000127058
13 Classic ‘A Different World’ Episodes to Watch Before You Dive Into the Reboot,"Before a new generation takes over Hillman, we’re revisiting the episodes that made “A Different World” essential viewing.",theroot.com,2026-09-22,Black Joy,Ty Cole,https://www.theroot.com/13-classic-a-different-world-episodes-to-watch-before-2000127091
The Latest Twist in the McKenna West Surrogacy Battle: Texas Court Clears Baby for California Transfer,"The latest court ruling allows baby Rumi to travel to California for medical care, but leaves the bitter custody dispute between his parents and surrogate unresolved.",theroot.com,2026-09-22,Black Maternal Healthcare,Phenix S Halley,https://www.theroot.com/the-latest-twist-in-the-mckenna-west-surrogacy-battle-2000127073
Your Ancestors May Be in This Archive: Millions of Enslavement Records Now Searchable,Former Enslavement registers now gives descendants of the African diaspora access to millions of enslaved ancestors’ records.,theroot.com,2026-09-22,Culture,Angela Wilson,https://www.theroot.com/your-ancestors-may-be-in-this-archive-millions-of-ensl-2000127094
Hanging Death of Black Man in Maryland Serves as a Reminder of a Painful Past,"A Black man’s death in Prince George’s County is prompting grief, painful historical reflection and calls for compassion.",theroot.com,2026-09-22,News,Phenix S Halley,https://www.theroot.com/hanging-death-of-black-man-in-maryland-serves-as-a-remi-2000127120
"After 30 Years, The View’s’ Most Controversial Moments","As ‘The View’ kicks off its 30th celebration, let’s look back at some of the most talked about moments over three decades!",theroot.com,2026-09-22,Entertainment,Shanelle Genai,https://www.theroot.com/after-30-years-the-views-most-controversial-moments-2000127099
Expert Breaks Down Trump’s Obamacare Fraud Crackdown—and Who Could Get Caught Up in It,"Brad Woodhouse, president of Protect Our Care, says Trump is exaggerating the scope of fraud in Obamacare to justify health-care cuts.",theroot.com,2026-09-22,Culture,Phenix S Halley,https://www.theroot.com/expert-breaks-down-trump-s-obamacare-fraud-crackdown-an-2000127178
Opinion: We Don’t Have to Choose Between Racial Justice and Academic Excellence,"Block by block, some schools are diverse-by-design, and others are intentionally investing in the underserved. We don’t have to make tradeoffs between racial justice values and academic results anymore.",theroot.com,2026-09-22,Opinion,Leslie-Bernard Joseph,https://www.theroot.com/opinion-we-dont-have-to-choose-between-racial-justice-2000127258
"You’ve Seen the Paintings, But Do You Know The Stories Behind These Iconic Works By Black Artists?","From “The Sugar Shack” by Ernie Barnes to Annie Lee’s “Blue Monday,” do you know the stories behind these iconic Black American paintings?",theroot.com,2026-09-22,Culture,Angela Wilson,https://www.theroot.com/youve-seen-the-paintings-but-do-you-know-the-stories-b-2000127143
What Black Americans Need to Know About Brain Aneurysm Risks,"Black Americans face twice the risk of a brain aneurysm rupture, but recognizing the warning signs early and advocating for proper scans can save lives.",theroot.com,2026-09-22,Health,Shellie M. Scott,https://www.theroot.com/what-black-americans-need-to-know-about-brain-aneurysm-2000127272
From “The Color Purple” to “Selma”: Ranking Oprah’s Best Acting Performances,"In honor of the 40th anniversary of her groundbreaking talk show, we’re taking a look at Oprah Winfrey’s best acting and producing work!",theroot.com,2026-09-22,Entertainment,Shanelle Genai,https://www.theroot.com/from-the-color-purple-to-selma-ranking-oprahs-best-2000127238
A Grieving Family is Left Without Answers or Ashes After a Funeral Home Mix-Up,A Detroit family’s grieving process has been complicated after an alleged error at the funeral home.,theroot.com,2026-09-22,Crime,Shanelle Genai,https://www.theroot.com/a-grieving-family-is-left-without-answers-or-ashes-afte-2000127048
"You May Not Be Familiar With the Term ‘CDFI,’ But Black Communities Will Feel the Impact if $289 Million in Investment Disappears",Many Black entrepreneurs have the talent and ideas but lack access to capital. CDFI’s are one part of the infrastructure designed to address that reality.,theroot.com,2026-09-22,Opinion,Alphonso David,https://www.theroot.com/you-may-not-be-familiar-with-the-term-cdfi-but-black-c-2000127303
Unanswered Questions Surrounding New Nolan Wells Grand Jury Decision,"For Nolan Wells’ family, a grand jury’s latest decision may offer a legal conclusion, but it does not resolve lingering questions on how he died.",theroot.com,2026-09-22,Culture,Phenix S Halley,https://www.theroot.com/unanswered-questions-surrounding-new-nolan-wells-grand-2000127056
Trump Revives 1988’s Racist ‘Willie Horton’ Attack Against North Carolina’s Roy Cooper,"President Trump is inserting himself into North Carolina’s pivotal U.S. Senate race, and he is reviving an infamous racist attack ad to do so. As Democrats seek to take control of Congress, Trump is using a decades-old racist dog whistle to do so. Trump references ‘Willie Horton’ in attack against Roy Cooper Trump spoke Wednesday… Continue reading Trump Revives 1988’s Racist ‘Willie Horton’ Attack Against North Carolina’s Roy Cooper",blavity.com,2026-09-22,Politics,Christopher Rhodes,https://blavity.com/trump-revives-willie-horton-attack-against-nc-roy-cooper
"Prince George’s County, Md., has long been a haven for Black families. Does it deliver the schools they’re looking for?","As Black parents debate what they may have to sacrifice to give their children the best education, an elusive third option has emerged.",thegrio.com,2026-09-22,Education,Kay Wicker,https://thegrio.com/2026/09/22/prince-georges-county-md-has-long-been-a-haven-for-black-families-does-it-deliver-the-schools-theyre-looking-for/
‘Leave me alone’: Claressa Shields is prioritizing her peace with a 90-day ‘negativity’ cleanse,"After months of public back-and-forths, Claressa Shields says she’s taking time to reset with a 90-day 'negativity cleanse.'",thegrio.com,2026-09-22,Lifestyle,Brandon Caldwell,https://thegrio.com/2026/09/22/claressa-shields-90-day-negativity-cleanse/
When Grief Becomes Love: 1-800 Happy Birthday Keeps Eric Garner’s Memory Alive,"“What do you do with grief that has nowhere to go?” filmmaker and artist Mohammad Gorjestani asks. It is a question born from tragedy, but the answer he found was not to remain inside the pain. Instead, Gorjestani created a place for memory, celebration and connection. It allows families and communities to honor Black and […]",ebony.com,2026-09-22,Culture,,https://www.ebony.com/1-800-happy-birthday-eric-garner-audible-memorial/
The impossible choices Black parents face when seeking the best education for their children,The debates surrounding Hannah-Jones reveals the impossible choices Black parents face in an education system that fails our children.,thegrio.com,2026-09-22,Education,Panama Jackson,https://thegrio.com/2026/09/22/the-impossible-choices-black-parents-face-when-seeking-the-best-education-for-their-children/
Keisha Lance Bottoms says affordability will be a top priority in Georgia governor bid,"Keisha Lance Bottoms says affordability will be a top priority, proposing tax relief on groceries, diapers and feminine hygiene products.",thegrio.com,2026-09-22,Featured,Peter Kerich,https://thegrio.com/2026/09/22/keisha-lance-bottoms-affordability-grocery-tax/
Ryan Clark’s media vision grows with investment from former Starbucks CEO Howard Schultz,"The venture builds on the success of “The Pivot Sports with Ryan Clark,” which has grown a major audience across digital platforms.",thegrio.com,2026-09-22,News,Bolarinwa Oladeji,https://thegrio.com/2026/09/22/howard-schultz-ryan-clark-pivot25-productions/
"Anthony Edwards Turns His Ongoing Adidas Partnership Into A Sketch Comedy Series, Adding To His Off-The-Court Portfolio","Anthony Edwards is expanding his adidas partnership into a sketch comedy series. The Minnesota Timberwolves star’s debut episode of MINNATLANTASOTA went live on adidas Basketball’s social channels, building on the “Believe That.” campaign that first introduced his comedic persona for the brand. Instead of a single ad push, adidas is releasing new MINNATLANTASOTA episodes throughout… Continue reading Anthony Edwards Turns His Ongoing Adidas Partnership Into A Sketch Comedy Series, Adding To His O…",afrotech.com,2026-09-22,News,Trey Mangum,https://afrotech.com/anthony-edwars-adidas-partnership-into-sketch-comedy
Kamala Harris and Abdul El-Sayed face a challenge: Bridging Michigan’s divide among Black voters,TheGrio examines why Kamala Harris’ Michigan outreach with El-Sayed matters for Black voters and the future of the Democratic coalition.,thegrio.com,2026-09-22,Elections,Gerren Keith Gaynor,https://thegrio.com/2026/09/22/kamala-harris-abdul-el-sayed-michigans-divide-among-black-voters/
‘I’m going to finish’: Michelle Williams’ return to school sparks a familiar conversation among Black women,"Michelle Williams is back in school. Years after leaving college to chase her dreams in music, she enrolled in a university to pursue a psych degree.",thegrio.com,2026-09-22,Lifestyle,Brandon Caldwell,https://thegrio.com/2026/09/22/michelle-williams-regent-university-college/
Final independent autopsy report for Nolan Wells has findings his family and Attorney Ben Crump want answers for,"Nolan Wells suffered blunt force trauma to the back of his head and body, including injuries that were not reported in the initial autopsy.",thegrio.com,2026-09-22,News,Brandon Caldwell,https://thegrio.com/2026/09/22/nolan-wells-final-independent-autopsy-report-findings/
What the Nolan Wells grand jury decision does—and doesn’t—mean,"Former prosecutor and attorney Charles Coleman Jr. explains the grand jury “no true bill,” and what's next for the Nolan Wells case.",thegrio.com,2026-09-22,Featured,Haniyah P.,https://thegrio.com/2026/09/22/nolan-wells-grand-jury-decision-explained/
Nolan Wells Case Update: Grand Jury Finds Insufficient Evidence To Proceed With Indictment,"After weeks of private grand jury proceedings, the death of Nolan Wells still remains a mystery after a grand jury in Jackson County, Mississippi, has ruled the case a no true bill and does not believe that the passing was racially motivated. “No true bill” is the legal terminology used to describe there being not […]",ebony.com,2026-09-22,News &Amp; Politics,,https://www.ebony.com/nolan-wells-case-update-grand-jury-finds-insufficient-evidence-to-proceed-with-indictment/
"‘A builder of people’: Ye returns to Chicago as his late mother, Donda West, is honored with street naming","Ye, formerly known as Kanye West, was on hand in Chicago Tuesday as his late mother, Donda West, received an honorary street named after her.",thegrio.com,2026-09-22,Lifestyle,Brandon Caldwell,https://thegrio.com/2026/09/22/ye-dr-donda-west-honored-street-chicago/
"Black scholars say Trump TV raises new questions about power, media and public trust","Black scholars examine Trump TV, the White House’s new platform, and what its launch means for press freedom, journalism and public trust.",thegrio.com,2026-09-22,Politics,Gerren Keith Gaynor,https://thegrio.com/2026/09/22/black-scholars-say-trump-tv-raises-new-questions-about-power-media-and-public-trust/
10 Books by Black authors that explore what it means to be Black in the classroom,"As social media debates what Black children need from schools, these books examine the history and systems behind those conversations.",thegrio.com,2026-09-22,Featured,Haniyah P.,https://thegrio.com/2026/09/22/10-books-by-black-authors-that-explore-what-it-means-to-be-black-in-the-classroom/
"17 times Black athletes took a stand, from Muhammad Ali to Naomi Osaka to Colin Kaepernick","As Azeez Al-Shaair continues honoring Palestinian children despite NFL fines, he joins a long history of Black athletes who took a stand.",thegrio.com,2026-09-22,Sports,Kay Wicker,https://thegrio.com/2026/09/22/16-times-black-athletes-took-a-stand-from-muhammad-ali-to-naomi-osaka-to-colin-kaepernick/
Lionel Richie pauses tour schedule following hospitalization and heart procedure,The 77-year-old singer’s representative says the procedure went well as Richie takes time to recover before returning to the stage.,thegrio.com,2026-09-22,News,Bolarinwa Oladeji,https://thegrio.com/2026/09/22/lionel-richie-afib-procedure-tour-dates-canceled/
"Nolan Wells’ Death: No Charges, Grand Jury Rules — Family And Attorney Vow To Keep Fighting","After months of speculation, anger and questioning over the death of teenager Nolan Wells, a Mississippi grand jury has decided not to file any criminal charges in the case. The conclusion comes after scrutinizing the evidence in the case, but the grand jury’s conclusion has not put to bed sharp disagreements over how the case… Continue reading Nolan Wells’ Death: No Charges, Grand Jury Rules — Family And Attorney Vow To Keep Fighting",blavity.com,2026-09-22,News,Christopher Rhodes,https://blavity.com/nolan-wells-death-no-charges-grand-jury-rules
"Kamala Harris To Campaign For Abdul El-Sayed In Michigan, A Move That Benefits Them Both","Even as her own political future remains uncertain, former Vice President Kamala Harris is hitting the campaign trail for other Democrats in the runup to the 2026 midterm elections. Harris is visiting Michigan on Monday to campaign for a crucial Senate seat while also potentially working to repair some of the rifts within the party… Continue reading Kamala Harris To Campaign For Abdul El-Sayed In Michigan, A Move That Benefits Them Both",blavity.com,2026-09-22,Politics,Christopher Rhodes,https://blavity.com/kamala-harris-to-campaign-for-abdul-el-sayed-in-michigan
"Mamdani Celebrates Milestone As NYC Hits 200K Pothole Repairs, Sees Drop In Murders And More Affordable Housing",New York City has reached a special milestone under the leadership of Mayor Zohran Kwame Mamdani.,blavity.com,2026-09-22,Politics,Tomas Kassahun,https://blavity.com/mamdani-pothole-repairs-milestone
Traumatic Brain Injury 101: What You Need To Know About TBI,"Spot the signs of traumatic brain injury (TBI) early. Get expert medical breakdown, treatment paths and health resources tailored for you.",blavity.com,2026-09-22,Conditions &Amp; Care,"Dr. Diana Rangaves, PharmD",https://blavity.com/traumatic-brain-injury
Why Openness Builds Stronger Marriages and Families,"One summer evening in 2022, my husband and I stopped holding our breath. Sitting across from one of our favorite married couples at the Chateau Elan Winery, we exchanged stories about our newly married experiences. As the sky turned pink and orange, we laughed, mhmmed, and shed tears as we discussed difficulties navigating finances, respect, […]",ebony.com,2026-09-22,Family,,https://www.ebony.com/why-openness-builds-stronger-marriages-and-families/
How Black Culture Defined ’90s Fashion and Still Influences What We Wear Today,"The 1990s gave fashion a vocabulary it still hasn’t stopped speaking. Baggy denim, baby tees, slip dresses, oversized leather, workwear, jerseys, varsity jackets, Timberlands, loafers, tracksuits, cropped tops, tiny sunglasses, visible underwear and barely-there dresses have all returned so many times that calling them trends almost misses the point. Look at a runway, a red […]",ebony.com,2026-09-22,Fashion,,https://www.ebony.com/how-black-culture-defined-90s-fashion-and-still-influences-what-we-wear-today/
What Poet and Spoken Word Artist Lyrical Faith Wants Black Women to Know,"The outlet of poetry and spoken word has always existed as the catalyst between experience and documented expression. We’ve seen how powerful poetry can be through the lens of Nikki Giovani, Gwendolyn Brooks, Langston Hughes, and so many more exemplary poets. Imani Wallace, artistically known as Lyrical Faith is continuing that tradition through her practice, […]",ebony.com,2026-09-22,Culture,,https://www.ebony.com/what-poet-and-spoken-word-artist-lyrical-faith-wants-black-women-to-know/
Olandria Carthen To Enter CEO Era After ‘Selling Out Everybody Else’s Products’ — ‘Let Me Sell Out My Own’,"“Love Island USA” alum Olandria Carthen will be stepping into her CEO era. When Carthen’s time on the show concluded, her star power was evident. She now has an online following of more than 4.5 million across her platforms, carving out her own lane in beauty and fashion. In fact, she has secured major partnerships… Continue reading Olandria Carthen To Enter CEO Era After ‘Selling Out Everybody Else’s Products’ — ‘Let Me Sell Out My Own’",afrotech.com,2026-09-22,Business,Samantha Dorisca,https://afrotech.com/olandria-carthen-to-enter-ceo-era
Petiri Reed On His Corporate Layoff And How Reality TV Prepared Him To Pivot In Public,"Petiri Reed didn’t set out to become the internet’s go-to voice on career reinvention. But after being laid off from his corporate finance job nearly two years ago, the Sweet Life: Los Angeles on HBO Max alum and Off The Grid co-founder turned the experience into fuel for a new docuseries, (P)ivot, chronicling his path… Continue reading Petiri Reed On His Corporate Layoff And How Reality TV Prepared Him To Pivot In Public",afrotech.com,2026-09-22,Career,Trey Mangum,https://afrotech.com/petiri-reed-pivot-series
New DOT Rule Changes When Airline Delays Qualify For Hotel And Meal Benefits,"A new DOT airline rule takes effect October 19, changing how some delays and cancellations are classified and what travelers may receive.",travelnoire.com,2026-09-22,Travel News,Faith Katunga,https://travelnoire.com/dot-airline-delay-hotel-meal-benefits
These Luxury Brands Have Cafes That You Can Visit Around The World,"Luxury fashion brands with cafés offer more ways to be surrounded by the exclusive, specialty craftsmanship associated with designer names.",travelnoire.com,2026-09-22,Plan &Amp; Shop,Natasha Decker,https://travelnoire.com/luxury-fashion-brand-cafes
This ‘Why Did I Get Married Again?’ Actor Doubles As An Instructor At Howard University,"Actor Derrick A. King has built a career around his passion for the arts. King was raised in Prince George’s County, Maryland, and attended Thomas G. Pullen K-8 Creative and Performing Arts School as a child, where he learned dance, drama, and how to play an instrument, he said in an interview with The Spotlight… Continue reading This ‘Why Did I Get Married Again?’ Actor Doubles As An Instructor At Howard University",afrotech.com,2026-09-22,Education,Samantha Dorisca,https://afrotech.com/derrick-a-king-is-also-an-instructor-at-howard-university
Jill Scott Recalls Getting Sued For $19M When She Went Independent,"Jill Scott’s former record label sued her. It took 27 years for the Philadelphia-born neo-soul artist to release her debut album, “Who Is Jill Scott?” Her most recent album, “To Whom It May Concern,” took 10 years to make. In an interview with journalist Scott Evans on his podcast, “House Guest,” she notes that album… Continue reading Jill Scott Recalls Getting Sued For $19M When She Went Independent",afrotech.com,2026-09-22,Business,Samantha Dorisca,https://afrotech.com/when-jill-scott-was-sued-by-her-former-record-label-for-19m
Maryland officials address death of man found hanging from tree in Prince George’s County,"A Black man found dead in Upper Marlboro died by suicide, Maryland officials say. The medical examiner found no signs of trauma.",thegrio.com,2026-09-22,Featured,Peter Kerich,https://thegrio.com/2026/09/22/upper-marlboro-black-man-death-suicide-medical-examiner/
"‘A no true bill is not an answer’: Crump, Sharpton respond after no indictment in Nolan Wells case","Nolan Wells’ grand jury found no criminal wrongdoing, but attorney Ben Crump says unexplained injuries leave unanswered questions.",thegrio.com,2026-09-22,Featured,Peter Kerich,https://thegrio.com/2026/09/22/a-no-true-bill-is-not-an-answer-crump-sharpton-respond-after-no-indictment-in-nolan-wells-case/
Trump TV goes live as Trump administration battles news outlets over White House access,"The White House has launched Trump TV, a 24/7 YouTube stream, as CNN, MS NOW and Politico challenge their exclusion from White House access.",thegrio.com,2026-09-22,Politics,Bolarinwa Oladeji,https://thegrio.com/2026/09/22/white-house-launches-trump-tv-trump-media-ban/
‘Beauty in Black’ star Richard Lawson reveals how a life-changing moment pushed him toward rehab and recovery,"The actor reflects on substance abuse, recovery and the moment that inspired him to change the direction of his life.",thegrio.com,2026-09-22,News,Bolarinwa Oladeji,https://thegrio.com/2026/09/22/beauty-in-black-star-cocaine-addiction-rehab/
"Kamala Harris campaigns with Abdul El-Sayed in Michigan, focusing on Black maternal health","Kamala Harris campaigns with Abdul El-Sayed in Michigan, focusing on Black maternal health and voter engagement ahead of the 2026 midterms.",thegrio.com,2026-09-22,Featured,Peter Kerich,https://thegrio.com/2026/09/22/kamala-harris-abdul-el-sayed-michigan-black-maternal-health/
Mother mourns 5-year-old daughter killed in Houston-area road rage shooting,A Houston-area mother is mourning her 5-year-old daughter Zah’Layah Walter after she was fatally shot in an apparent road rage incident.,thegrio.com,2026-09-22,News,Bolarinwa Oladeji,https://thegrio.com/2026/09/22/zaylayah-walter-mother-road-rage-shooting-houston/
Trump Moves to Strip Pollution Limits from Power Plants Near Black Communities,"The EPA says a repeal would lower electricity costs, though residential rates have risen sharply since Trump took office.",capitalbnews.org,2026-09-22,,Adam Mahoney,https://capitalbnews.org/trump-epa-power-plant-pollution-black-communities/
Black Voters in Kansas City Face Divided District as Federal Court Sides With GOP,"Missouri politicians and residents are both pleading with the state’s Supreme Court over which congressional map to use just weeks before midterm elections. Earlier this week, a federal appeals court in Missouri said the state must use a Republican redistricting map weeks after the Missouri Supreme Court ruled against the decision twice. People Not Politicians, […]",capitalbnews.org,2026-09-22,,"Calvin Davis, Alecia Taylor",https://capitalbnews.org/missouri-redistricting-kansas-city-voters/
DoorDash settles with NYC for $131.5 million over delivery worker pay,"DoorDash will pay $131.5 million and face three years of monitoring after NYC found 264,000 workers were underpaid, paid late or not paid.",thegrio.com,2026-09-22,Featured,Peter Kerich,https://thegrio.com/2026/09/22/doordash-131-5-million-settlement-nyc-workers/
Inside ‘A Different World’ Special Screening Premiere: Through the Eyes of an HBCU Freshman,"In 2020, I was a doe‑eyed, curious 13‑year‑old girl on Chicago’s South Side. Standing in the eye of a global pandemic storm filled with isolation, masks, social media pressures, and a modern‑day fight for social justice, I quietly searched for something to watch where I could see myself reflected and escape from the shattering world […]",ebony.com,2026-09-22,Entertainment,,https://www.ebony.com/a-different-screening-premiere-through-the-eyes-hbcu-freshman/
BUJI Matcha: Ari Davis Empowers Black Women Through Culture & Community,"The “BUJI Baddies” have taken over timelines nationwide. From their pop-up matcha carts in cities around the country to their Stript merch, BUJI Matcha has expanded what getting an iced beverage can mean—it’s not just about the caffeine, but about the experience. EBONY got the chance to sit down with Ari Davis, Founder of Stript […]",ebony.com,2026-09-22,Wealth,,https://www.ebony.com/buji-matcha-ari-davis-empowers-black-women-through-culture-community/
Spelman College celebrates 20 consecutive years as No. 1 HBCU,Spelman College has been named the No. 1 HBCU for a record 20th consecutive year in the 2027 U.S. News rankings.,thegrio.com,2026-09-22,Lifestyle,Peter Kerich,https://thegrio.com/2026/09/22/spelman-college-celebrates-20-consecutive-years-as-no-1-hbcu/
"Ace Of Spadess On Carving Out Space In Gaming, Demystifying Streaming And Working With IMAX","Gaming creator Ace of Spadess was tapped by IMAX as part of its campaign for the Resident Evil release. He has long been vocal about his love for the platform, and notes that the older Resident Evil 4, the original, not the remake, was the installment of the game that got him hooked on the… Continue reading Ace Of Spadess On Carving Out Space In Gaming, Demystifying Streaming And Working With IMAX",afrotech.com,2026-09-21,Gaming,Shanique Yates,https://afrotech.com/ace-of-spades-on-carving-out-space-in-gaming-demystifying-streaming
"Roj Reed Is Behind A Business Advisory And Consulting Firm Building AI Agent Organizations For Executives, Leaders, And Founders","Founder Roj Reed sees merit in AI replacing tasks, not people. The Duke University alumnus worked at Tyler Perry Studios from 2006 to 2010 as director of studio operations. Reed helped build its first studio, which opened in 2008. He credits that period with furthering his interest in technology. “I was one of the two… Continue reading Roj Reed Is Behind A Business Advisory And Consulting Firm Building AI Agent Organizations For Executives, Leaders, And Founders",afrotech.com,2026-09-21,Technology,Samantha Dorisca,https://afrotech.com/roj-reed-firm-building-ai-agent-organizations-for-founders
Kirk Franklin Responds to Criticism for Praying With Chris Brown: Why the Backlash is Hypocritical,Gospel legend Kirk Franklin is finally responding to the online backlash he received for praying over Chris Brown and Usher. Here’s why he should’ve never gotten it in the first place.,theroot.com,2026-09-21,Entertainment,Shanelle Genai,https://www.theroot.com/kirk-franklin-responds-to-criticism-for-praying-with-ch-2000127023
"BET removed thousands of stories from its website—and to some, a piece of Black history with them",The network’s pivot to video has journalists questioning what happens when decades of Black reporting and cultural documentation disappear.,thegrio.com,2026-09-21,News,Brandon Caldwell,https://thegrio.com/2026/09/21/bet-black-journalism-deleted-website/
Google’s AI Model Gemini Hacked 3 Companies,"Another AI-driven hacking incident occurred at a major technology company. As AFROTECH™ previously reported in July, OpenAI’s AI agent, powered by models such as GPT-5.6 Sol, hacked Hugging Face, a company with a database of AI models. This happened during an OpenAI internal cybersecurity evaluation when the agent escaped its sandboxed testing environment to solve… Continue reading Google’s AI Model Gemini Hacked 3 Companies",afrotech.com,2026-09-21,Technology,Samantha Dorisca,https://afrotech.com/googles-gemini-model-hacked-3-companies
No Fashion Week Invite? These Are The Places To Know In Milan And Paris,"If you're in Paris or Milan during Fashion Week, these bookable shops, stylists, hotels, restaurants, and bars put you close to the action.",travelnoire.com,2026-09-21,Culture,Faith Katunga,https://travelnoire.com/paris-milan-fashion-week
How ‘Dual Earn’ Will Be A Game-Changer For SkyMiles And World Of Hyatt Members,"Under a new partnership, Delta and Hyatt loyalty members will soon be able to ""earn simultaneously"" across the two travel brands.",travelnoire.com,2026-09-21,Plan &Amp; Shop,Natasha Decker,https://travelnoire.com/delta-hyatt-partnership-dual-earn-miles-and-points
Joyce Beatty leads legal fight over Trump’s Kennedy Center plans,The Joyce Beatty Kennedy Center fight has produced two court victories as the congresswoman challenges Trump-backed changes to the venue.,thegrio.com,2026-09-21,Featured,Odafe Oghen,https://thegrio.com/2026/09/21/joyce-beatty-kennedy-center-trump-lawsuit/
"News outlets fight back against Trump press ban with lawsuit, suspension of TV coverage","CNN, MS NOW and Politico sue Trump over a White House press ban as major TV networks suspend pooled coverage of the president.",thegrio.com,2026-09-21,Politics,Gerren Keith Gaynor,https://thegrio.com/2026/09/21/news-outlets-fight-back-against-trump-press-ban/
Mellody Hobson and George Lucas celebrate opening of $1 billion Los Angeles museum,"Oprah Winfrey, Queen Latifah, Samuel L. Jackson, Tyler Perry, Spike Lee and more celebrated the museum’s long-awaited opening.",thegrio.com,2026-09-21,Featured,Odafe Oghen,https://thegrio.com/2026/09/21/lucas-museum-opening-mellody-hobson-oprah/
Jhené Aiko earns her first Billboard 200 No. 1 with ‘Westside Whimsy’,Jhene Aiko’s sixth top 10 project becomes the first R&B album by a woman to top the Billboard 200 in 2026.,thegrio.com,2026-09-21,Featured,Odafe Oghen,https://thegrio.com/2026/09/21/jhene-aiko-billboard-200-westside-whimsy-number-one/
Cory Booker blasts Trump’s White House media ban: ‘He has no regard for the First Amendment’,"Cory Booker criticizes Trump's White House media ban as CNN, MS NOW and Politico sue over revoked press credentials.",thegrio.com,2026-09-21,Featured,Peter Kerich,https://thegrio.com/2026/09/21/white-house-media-ban-cory-booker-trump-cnn-ms-now-politico/
Coi Leray says motherhood helped her repair relationship with father Benzino,"Coi Leray and Benzino have reconciled, with the rapper saying motherhood helped change her perspective on their relationship.",thegrio.com,2026-09-21,Lifestyle,Odafe Oghen,https://thegrio.com/2026/09/21/coi-leray-and-benzino-reconcile/
Woman allegedly struck by Sky Whatley at Georgia concert is pursuing legal action,Sky Whatley faces a police investigation after Shamika Boyd accused him of a slap during a Georgia concert that left her with two black eyes.,thegrio.com,2026-09-21,News,Peter Kerich,https://thegrio.com/2026/09/21/sky-whatley-shamika-boyd-stage-slap-lawsuit/
Keke Palmer on being ‘forever postpartum’ and the mom community helping her navigate motherhood,Keke Palmer reveals how her community of mothers has become essential to navigating the complicated realities of parenting.,thegrio.com,2026-09-21,Lifestyle,Haniyah P.,https://thegrio.com/2026/09/21/keke-palmer-on-being-forever-postpartum-and-the-mom-community-helping-her-navigate-motherhood/
ICE removes thousands of detainees with final deportation orders from online locator,Attorneys say the move could interfere with access to lawyers and make last-minute legal challenges to deportations more difficult.,thegrio.com,2026-09-21,Featured,Odafe Oghen,https://thegrio.com/2026/09/21/ice-detainee-locator-final-removal-orders/
Voting in the 2026 midterms? Here’s what you need to know before Nov. 3,theGrio’s guide to how to vote and what you need to know heading into the 2026 midterm elections on Nov. 3.,thegrio.com,2026-09-21,Lifestyle,Kay Wicker,https://thegrio.com/2026/09/21/how-to-make-your-vote-count-in-2026/
Supporters raise more than $350K for lone holdout juror after Lindsay Clancy mistrial,"Lindsay Clancy holdout juror Michael Desronvil draws support as his fundraiser surpasses $350,000 following the trial's mistrial.",thegrio.com,2026-09-21,Featured,Peter Kerich,https://thegrio.com/2026/09/21/lindsay-clancy-holdout-juror-fundraiser-350000/
"Nikole Hannah-Jones’ school choice for her daughter sparks a debate over Black parents, education and sacrifice","Nikole Hannah-Jones's reflection on her daughter’s public school education sparks a larger debate about Black parents, opportunity and community.",thegrio.com,2026-09-21,Lifestyle,Brandon Caldwell,https://thegrio.com/2026/09/21/nikole-hannah-jones-daughter-segregation-schools-reaction/
"The First HBCU-Authorized Public Charter School Is Set To Welcome Students In Columbia, SC","An HBCU-authorized public charter school, located in Columbia, SC, has announced an August 2027 opening date after the city approved a zoning exception for the project. C.R. Neal Academy would reportedly be the first public charter school in the country authorized by a Historically Black College or University (HBCU), WLTX 19 News reports. The school… Continue reading The First HBCU-Authorized Public Charter School Is Set To Welcome Students In Columbia, SC",afrotech.com,2026-09-21,Education,ShaCamree Gowdy,https://afrotech.com/first-hbcu-charter-school-opens-south-carolina-education-technology
Solange and Summer Walker spark new music buzz after guitar-filled band rehearsal,"Solange new album buzz grows after she shares a rehearsal featuring Summer Walker on guitar, revealing Walker to return to playing.",thegrio.com,2026-09-21,Featured,Peter Kerich,https://thegrio.com/2026/09/21/solange-and-summer-walker-spark-new-music-buzz-after-guitar-filled-band-rehearsal/
What The Latest HIV Outbreak Data Really Means,"Get the latest breaking updates on regional HIV outbreaks, public health responses and expert insights on Blavity Health.",blavity.com,2026-09-21,Conditions &Amp; Care,"Dr. Diana Rangaves, PharmD",https://blavity.com/hiv-outbreak
‘A Different World’ returns as HBCU enrollment is booming all over again,"When ‘A Different World’ premiered, it coincided with a boom in HBCU enrollment, and the reboot arrives during a similar wave.",thegrio.com,2026-09-21,Entertainment,Kay Wicker,https://thegrio.com/2026/09/21/a-different-world-returns-as-hbcu-enrollment-is-booming-all-over-again/
Alsobrooks looks ahead to possibility of historic three Black women serving together in U.S. Senate,Angela Alsobrooks talks possibility of three Black women serving together in the U.S. Senate and the growing political power of Black women.,thegrio.com,2026-09-21,Elections,Gerren Keith Gaynor,https://thegrio.com/2026/09/21/angela-alsobrooks-possibility-of-three-black-women-serving-together-in-senate/
Ayo Edebiri Recalls Hilarious Dating Failure With a Married Man in Her Early 20s,Even celebrities like Ayo Edebiri aren’t immune to having some serious dating duds. You’ve got to hear her story!,theroot.com,2026-09-21,Entertainment,Shanelle Genai,https://www.theroot.com/ayo-edebiri-recalls-hilarious-dating-failure-with-a-mar-2000126755
13 Trailblazing Black Americans Who Helped Shape the Labor Movement,"From railroad porters and domestic workers to union leaders and civil rights activists, these Black Americans helped push the fight for workplace dignity and economic justice forward.",theroot.com,2026-09-21,America. In Black.,Asheea Smith,https://www.theroot.com/13-trailblazing-black-americans-who-helped-shape-the-la-2000124689
How Benedict College Started a Surge in Black Male Enrollment,"For the second consecutive year, Benedict College has enrolled a majority-male incoming class, even as colleges across the country struggle to keep Black men engaged.",theroot.com,2026-09-21,Culture,Phenix S Halley,https://www.theroot.com/how-benedict-college-started-a-surge-in-black-male-enro-2000126885
Black Hollywood Showed Out on the Lucas Museum Red Carpet,From Michael B. Jordan and Queen Latifah to Oprah and Pharrell Williams—the new Lucas Museum of Narrative Art was a truly star-studded affair. Let’s take a look!,theroot.com,2026-09-21,Entertainment,Shanelle Genai,https://www.theroot.com/black-hollywood-showed-out-on-the-lucas-museum-red-car-2000126928
"Converse Pulls Sneaker Ad Accused of Invoking Racist Imagery, But Critics Say They Should Know Better",Converse has issued an apology after releasing an ad campaign that social media users accused of featuring racist imagery invoking the Ku Klux Klan.,theroot.com,2026-09-21,News,Mahalia Otshudy,https://www.theroot.com/converse-pulls-sneaker-ad-accused-of-invoking-racist-im-2000126886
We’ve Only Seen Them in Photos—Now a New Doc Brings Harlem Renaissance Icons to Life,"An upcoming documentary gives viewers an intimate, unforgettable seat at a 1972 gathering of Harlem Renaissance legends.",theroot.com,2026-09-21,Entertainment,Shanelle Genai,https://www.theroot.com/we-ve-only-seen-them-in-photos-now-a-new-doc-brings-har-2000126879
Thomas Jefferson’s DNA Finally Confirms What Black People Already Knew,"After generations of debate, new DNA research supports the story Sally Hemings’ descendants have long carried through their family.",theroot.com,2026-09-21,Culture,Phenix S Halley,https://www.theroot.com/thomas-jefferson-s-dna-finally-confirms-what-black-peop-2000126876
Top Experts: AI Is Ushering In the End of Days,"Is it really the end for mankind? Top AI experts reveal why an AI apocalypse is no longer and if, but when, and how it could occur by 2036.",theroot.com,2026-09-21,News,Angela Wilson,https://www.theroot.com/top-experts-ai-is-ushering-in-the-end-of-days-2000126877
Sister Betsy Jean Farrakhan and Other Black Stars We Lost in 2026,We are honoring all of the Black stars who left us in 2026.,theroot.com,2026-09-21,Entertainment,The Root Staff,https://www.theroot.com/sister-betsy-jean-farrakhan-and-other-black-stars-we-lo-2000083991
Black Celebrities Who Stand in Solidarity With Palestine,"From open letters to public demonstrations, these Black artists, actors, and cultural figures are using their platforms to demand justice for Palestinians.",theroot.com,2026-09-21,News,Rashad Grove,https://www.theroot.com/black-celebrities-who-stand-in-solidarity-with-palestin-2000126864
Will Travel To Read: The First Black-Owned Bookstore On The Las Vegas Strip,"The first Black-owned bookstore on the Las Vegas Strip, R.D. Talley Books adds a new chapter to the area's evolving Black history.",travelnoire.com,2026-09-21,News,Mitti Hicks,https://travelnoire.com/black-owned-bookstore-las-vegas
Nikole Hannah-Jones and the Black Education Debate,"Investigative journalist Nikole Hannah-Jones penned a candidly, in-depth essay In Fighting for Every Black Child, Did I Betray My Own? for The New York Times where she openly grapples with the decision she and her husband, Faraji Hannah-Jones made at the beginning of their daughter Najya’s educational experience. The essay offers an analysis into Hannah-Jones’ […]",ebony.com,2026-09-21,Culture,,https://www.ebony.com/nikole-hannah-jones-and-the-black-education-debate/
"El Niño, Data Centers and the Environmental Changes Affecting Our Communities","As of late, there’s been a particular focus on environmental repercussions, the impacts of data centers, food recalls, and other indicators that the world in which we live is slowly, but surely transforming into something unfathomable — right in front of our eyes. With information having the capacity to travel at the speed of light, […]",ebony.com,2026-09-21,Current Culture News,,https://www.ebony.com/dr-nkosi-muse-breaks-down-climate-change-el-nino-and-the-rise-of-data-centers/
Cuffing Season Prep Guide: How to Get Your Fall Dating Era in Formation,"Summer is for situationships, spontaneous link-ups and pretending you’re totally fine with “keeping things casual.” But as the temperature drops and the sunsets get earlier, a familiar feeling starts creeping in: Damn… it would be nice to have somebody. Welcome to cuffing season. For Black singles, cuffing season can be its own cultural phenomenon. Suddenly, […]",ebony.com,2026-09-21,Life,,https://www.ebony.com/cuffing-season-prep-guide-fall-dating/
Consider Libra Season a Reality Check For Your Zodiac Sign,"Around this time of year, the changing seasons evoke a certain nostalgic ambiance, sparking fond memories of intimate moments with loved ones. As invitations from relatives and close friends begin to fill your calendar, you’ll realize Libra season is preparing you to celebrate the fruits of your labor. During this season, you will feel the […]",ebony.com,2026-09-21,Life,,https://www.ebony.com/libra-season-horoscope-2026/
Here’s All the HBCU Fashion Inspo You Need This Homecoming,These homecoming looks offer plenty of inspiration for showing school pride in style this season.,theroot.com,2026-09-21,Culture,Phenix S Halley,https://www.theroot.com/heres-all-the-hbcu-fashion-inspo-you-need-this-homecomi-2000126906
"Trump’s Media Ban Raises First Amendment Alarms As CNN, MS Now And POLITICO Sue The White House","President Trump has stepped up his ongoing war with the mainstream media, banning three major news outlets from the White House. The president’s blatant attack on freedom of the press has sparked heavy criticism and has already led to legal challenges against the expulsion. Trump bans three networks, threatening more President Trump said Friday that… Continue reading Trump’s Media Ban Raises First Amendment Alarms As CNN, MS Now And POLITICO Sue The White House",blavity.com,2026-09-21,Politics,Christopher Rhodes,https://blavity.com/trump-media-ban-raises-first-amendment-alarms
"UT Austin Eliminates African American, Latino And Gender Studies Majors After Trump Admin Pressure",The University of Texas at Austin has abruptly cut several courses centered on cultural and ethnic studies.,blavity.com,2026-09-21,Politics,Tomas Kassahun,https://blavity.com/ut-austin-eliminates-african-american-latino-and-gender-studies-majors-trump-pressure
"Grand jury declines to charge anyone in Nolan Wells’ death, finds no evidence of foul play",A Jackson County grand jury has declined to charge anyone in connection with the death of Nolan Xavier Wells.,thegrio.com,2026-09-21,Featured,Brandon Caldwell,https://thegrio.com/2026/09/21/nolan-wells-grand-jury-declines-charges/
North Carolina A&T community mourns as beloved senior dies while attempting to save his sister from drowning,"Dorian Jackson, a third-generation Aggie who was set to graduate this year, died after his sister's kayak capsized.",thegrio.com,2026-09-21,News,Brandon Caldwell,https://thegrio.com/2026/09/21/dorian-jackson-north-carolina-at-student-dies-drowning/
‘I knew I wasn’t fine’: Black women are fighting to be believed about PMOS symptoms,"After years of symptoms and “normal” test results, Black women living with PMOS, formerly known as PCOS, say being heard by doctors can be a battle of its own.",thegrio.com,2026-09-21,Lifestyle,Haniyah P.,https://thegrio.com/2026/09/21/i-knew-i-wasnt-fine-black-women-are-fighting-to-be-believed-about-pmos-symptoms/
Keisha Lance Bottoms trails by just 3 points as 7% of Georgia voters remain undecided,"Rick Jackson leads Keisha Lance Bottoms 48%-45% in a new Georgia poll, while 7% of likely voters remain undecided.",thegrio.com,2026-09-21,Featured,Peter Kerich,https://thegrio.com/2026/09/21/keisha-lance-bottoms-trails-by-just-3-points-as-7-of-georgia-voters-remain-undecided/
How Bobb’e Thompson Went From Child Star to Federal Prison,"From “That’s So Raven” and “30 Rock” to federal prison, Bobb’e J. Thompson’s latest conviction caps a years-long series of legal troubles.",theroot.com,2026-09-20,Criminal Justice,Phenix S Halley,https://www.theroot.com/how-bobb-e-thompson-went-from-child-star-to-federal-pri-2000126753
Inside ‘JAŸ-Z in 8’: 5 Can’t-Miss Moments From The Docuseries,"Inside the studio secrets, cultural milestones, and rare footage that make Hov’s new HBO docuseries an immediate classic.",theroot.com,2026-09-20,News,Rashad Grove,https://www.theroot.com/inside-ja-z-in-8-5-cant-miss-moments-from-the-docuser-2000126698
Three Men Who Are About to Change the Face of Media,"Black culture drives conversation, sets trends and gives the internet much of its personality. But when media companies consolidate, newsrooms shrink, and algorithms change the rules overnight, our voices are often the first to be threatened. Now that artificial intelligence is learning from our images, words and creativity—sometimes without our permission or participation—having control over […]",ebony.com,2026-09-20,Entertainment,,https://www.ebony.com/three-men-who-are-about-to-change-the-face-of-media/
"5 Times Baltimore Mayor Brandon Scott Clapped Back at Reporters, Trump and His Critics",Baltimore Mayor Brandon Scott continues to prove that he’s never afraid to defend his city– or his personal reputation.,theroot.com,2026-09-20,Culture,Phenix S Halley,https://www.theroot.com/5-times-baltimore-mayor-brandon-scott-clapped-back-at-r-2000126735
Missing Howard University senior Esube ‘Izzy’ Wondwossen found safe after five-day search,Howard University senior Esube “Izzy” Wondwossen has been found safe after disappearing during her commute to campus on Sept. 15.,thegrio.com,2026-09-20,Featured,Bobby Pen,https://thegrio.com/2026/09/20/esube-izzy-wondwossen-found-safe/
Detroit family says wrong woman was prepared for mother’s funeral after suspected cremation error,"A Detroit family says they discovered the wrong body prepared for their mother's funeral, raising fears she was mistakenly cremated before",thegrio.com,2026-09-20,Featured,Bolarinwa Oladeji,https://thegrio.com/2026/09/20/detroit-family-wrong-body-funeral-cremation-mix-up/
Kimora Lee says she once thought Tyra Banks was jealous of her relationship with Russell Simmons,Kimora Lee recalls how Tyra Banks tried to stop her from dating Russell Simmons and why she now believes her longtime friend was protecting,thegrio.com,2026-09-20,Featured,Bolarinwa Oladeji,https://thegrio.com/2026/09/20/kimora-lee-tyra-banks-russell-simmons-dating/
Iman explains how she set aside grieving David Bowie to help their daughter through it,"The supermodel says her daughter Lexi was 15 when Bowie died, and getting her through it took precedence over anything she was feeling",thegrio.com,2026-09-20,Music,Bolarinwa Oladeji,https://thegrio.com/2026/09/20/man-david-bowie-grief-daughter-lexi/
Louis Farrakhan’s eldest daughter Sister Betsy Jean Farrakhan dies after decades of service,"Sister Betsy Jean Farrakhan, eldest daughter of Nation of Islam leader Louis Farrakhan, has died after decades of service to the organization",thegrio.com,2026-09-20,News,Bolarinwa Oladeji,https://thegrio.com/2026/09/20/betsy-jean-farrakhan-dies-louis-farrakhan-daughter-2/
Jay-Z revisits how Biggie and 2Pac’s friendship unraveled into hip-hop’s most infamous feud,"Jay-Z reflects on Biggie and 2Pac's friendship, the 1994 Quad Studios shooting and how their personal conflict became hip-hop's East Coast-West Coast feud.",thegrio.com,2026-09-20,Music,Bobby Pen,https://thegrio.com/2026/09/20/jay-z-biggie-2pac-east-west-coast-feud/
Second suspect charged in death of man pushed from Chicago Red Line train,"Katlar Parchman, 19, has been charged in the death of Kyle Bickham, who police say was pushed from a moving CTA Red Line train in Chicago.",thegrio.com,2026-09-20,Featured,Bobby Pen,https://thegrio.com/2026/09/20/katlar-parchman-charged-kyle-bickham-cta-train-death/
Rihanna and son Riot join A$AP Rocky onstage in Copenhagen,The Rihanna Riot appearance surprised fans as the 3-year-old joined A$AP Rocky onstage during his Copenhagen concert.,thegrio.com,2026-09-19,Music,Odafe Oghen,https://thegrio.com/2026/09/19/rihanna-riot-appearance-asap-rocky-copenhagen/
Professor: Stop Sending HBCU Football Teams to Get Slaughtered for a Check,The money is real. So are the beatdowns. A professor breaks down why HBCUs need to rethink these FBS “money games.”,theroot.com,2026-09-19,Opinion,Lawrence Ware,https://www.theroot.com/professor-stop-sending-hbcu-football-teams-to-get-slau-2000126689
UMass Dartmouth running back Marvins Antoine fatally stabbed at 18,The Marvins Antoine death is under investigation after the 18-year-old UMass Dartmouth running back was fatally stabbed in Providence.,thegrio.com,2026-09-19,Sports,Odafe Oghen,https://thegrio.com/2026/09/19/marvins-antoine-death-umass-dartmouth-stabbing/
Snoop Dogg says recreating late mother and brother for biopic has been ‘emotional’,Snoop Dogg says his biopic has become emotional as the film recreates moments with his late mother Beverly Tate and brother Bing Worthington.,thegrio.com,2026-09-19,Featured,Odafe Oghen,https://thegrio.com/2026/09/19/snoop-dogg-biopic-mother-brother/
Thousands surround Kennedy Center in protest as Trump raises possibility of tearing it down,Thousands formed a human chain around the Kennedy Center as protesters pushed back against Trump’s comments.,thegrio.com,2026-09-19,News,Janeé Bolden,https://thegrio.com/2026/09/19/kennedy-center-protest-trump-demolition-human-chain/
"Raz-B’s infant son showed no signs of trauma or foul play, police report says",The Astro Thornton death remains under investigation after Atlanta police said they found no obvious signs of trauma or foul play.,thegrio.com,2026-09-19,News,Odafe Oghen,https://thegrio.com/2026/09/19/astro-thornton-death-raz-b-police-update/
Angel Reese drops 30 points in 25 minutes as Dream stars rewrite the record books,The Angel Reese double-double record reached 30 as she scored 30 points and grabbed 10 rebounds in Atlanta’s 103-59 win over Connecticut.,thegrio.com,2026-09-19,Sports,Odafe Oghen,https://thegrio.com/2026/09/19/angel-reese-double-double-record-dream-sun/
South Africans mourn nine women as killings renew anger over femicide,"South Africa femicide protests are growing after nine women were found dead near Johannesburg, prompting memorial runs and demands.",thegrio.com,2026-09-19,News,Odafe Oghen,https://thegrio.com/2026/09/19/south-africa-femicide-nine-women-killed/
"NABJ condemns Trump’s White House press ban targeting CNN, MS NOW and Politico","NABJ condemns President Trump’s decision to bar CNN, MS NOW and Politico from the White House as media organizations defend press freedom.",thegrio.com,2026-09-19,News,Bobby Pen,https://thegrio.com/2026/09/19/nabj-condemns-trump-press-ban-cnn-ms-now-politico/
Family pleads for help finding missing Howard University senior: ‘She wouldn’t do this’,"Police and family are searching for missing Howard University senior Esube “Izzy” Wondwossen, 22, last seen in Northern Virginia on Sept. 15.",thegrio.com,2026-09-19,News,Janeé Bolden,https://thegrio.com/2026/09/19/missing-howard-university-student-esube-izzy-wondwossen/
Exclusive: Planned Parenthood’s CEO Explains What’s At Stake For Black Maternal Health in the Midterms,The Root spoke with Planned Parenthood President Alexis McGill Johnson who detailed the devastating impact Trump’s One Big Beautiful Bill has on basic care and potentially life-saving screenings.,theroot.com,2026-09-19,Black Maternal Healthcare,Amber Ferguson,https://www.theroot.com/exclusive-planned-parenthoods-ceo-explains-whats-at-st-2000126741
TIFF 2026: The Movies We Can’t Wait to See,"From Mahershala Ali to Aaron Pierre, these Black stars are leading the 2026 Toronto International Film Festival with movies worth watching.",theroot.com,2026-09-19,Entertainment,B.Kadijat Towolawi,https://www.theroot.com/tiff-2026-the-movies-we-cant-wait-to-see-2000126498
Where Are the 8 Black Women Who Paved the Way on ‘SNL’ Today?,"As Saidah Belo-Osagie joins the “Saturday Night Live” cast, see where the eight Black female cast members who came before her are today.",theroot.com,2026-09-19,Entertainment,Mahalia Otshudy,https://www.theroot.com/where-are-the-8-black-women-who-paved-the-way-on-snl-to-2000126594
She Says Nike Threatened Her Pay While Pregnant—Now This Black Olympian is Fighting for Athlete Maternity Rights,"After losing her health insurance while pregnant, Alysia Montaño is ramping up her efforts to help athlete moms receive the support they need with an all new collective.",theroot.com,2026-09-19,Culture,Shanelle Genai,https://www.theroot.com/she-says-nike-threatened-her-pay-while-pregnant-now-thi-2000126761
Savannah James Joins Issa Rae As Investor In League One Volleyball Team,"Savannah James, wife of LeBron James, is investing in volleyball. An Instagram post revealed that she is now an investor in LOVB Los Angeles, a professional League One Volleyball team. James joins an ownership group led by Reddit co-founder Alexis Ohanian through his investment firm, Seven Seven Six. The group also includes Issa Rae, according to Boardroom. “So excited to be alongside… Continue reading Savannah James Joins Issa Rae As Investor In League One Volleyball Team",afrotech.com,2026-09-18,Venture Capital,Samantha Dorisca,https://afrotech.com/savannah-james-joins-issa-rae-as-investor-in-league-one-volleyball-team
Mark Zuckerberg Doesn’t Think The AI Industry Needs To Slow Down,"Tech leaders are divided over the pace of AI development. Anthropic CEO Dario Amodei warned in a September letter about the technology’s rapid advancement. He said he has worked on AI for the past 12 years, and in the letter, he also acknowledged AI’s benefits, including medical innovation, economic growth, empowerment, and a new era of “democracy… Continue reading Mark Zuckerberg Doesn’t Think The AI Industry Needs To Slow Down",afrotech.com,2026-09-18,Technology,Samantha Dorisca,https://afrotech.com/mark-zuckerberg-doesnt-think-ai-industry-needs-to-slow-down
How Papoose Flipped Independent Mixtapes Into A Six-Figure Net Worth,"If you’re a fan of the underground hip hop scene, you’re surely familiar with the prolific New York MC Papoose. The rapper, whose real name is Shamele Mackie, has been putting out cutthroat mixtapes with dense, heady rhymes since the late 1990s, and has even worked alongside superstars like 2 Chainz, Busta Rhymes and Lil… Continue reading How Papoose Flipped Independent Mixtapes Into A Six-Figure Net Worth",afrotech.com,2026-09-18,Entertainment,TeeJay Small,https://afrotech.com/papoose-net-worth
Tay Keith’s cause of death revealed months after hitmaking producer died at 29,The Nashville Medical Examiner’s Office found ketamine and mitragynine in the Grammy-nominated producer’s system.,thegrio.com,2026-09-18,Entertainment,Bolarinwa Oladeji,https://thegrio.com/2026/09/18/tay-keith-cause-of-death-overdose/
"Mike Sweetney, former Knicks player and Georgetown basketball star, dies at 43","Sweetney’s wife announced his death, remembering her husband of nearly 20 years and saying his children were “the light of his life.”",thegrio.com,2026-09-18,News,Bolarinwa Oladeji,https://thegrio.com/2026/09/18/mike-sweetney-dead-georgetown-knicks-nba/
Judge Rules Trump Can’t Ask Civil Service Applicants To Pledge Loyalty To His Agenda,"A federal judge has blocked the Trump administration from requiring applicants for nonpartisan civil service jobs to answer a controversial question about their willingness to support the president’s agenda, ruling in favor of unions that sued to protect the political neutrality of nonpartisan civil servants. The ruling prevents the administration from asking potential employees questions… Continue reading Judge Rules Trump Can’t Ask Civil Service Applicants To Pledge Loyalty To His Agenda",blavity.com,2026-09-18,Politics,Christopher Rhodes,https://blavity.com/judge-says-trump-cant-ask-civil-service-loyalty
Andrew Gillum opens up about ‘challenging season’ in surprise Native Land Podcast appearance,"Months after his arrest, Andrew Gillum says he’s taking it one step at a time while working ot be the best version of himself.",thegrio.com,2026-09-18,Lifestyle,Haniyah P.,https://thegrio.com/2026/09/18/andrew-gillum-opens-up-about-challenging-season-in-surprise-native-land-podcast-appearance/
Kamala Harris keeps 2028 on the table while campaigning for Democrats in the midterms,Kamala Harris has not decided whether to run for president in 2028 as she focuses on the 2026 midterms and campaigns for Democrats.,thegrio.com,2026-09-18,Politics,Peter Kerich,https://thegrio.com/2026/09/18/kamala-harris-2028-presidential-decision-open-focus-2026-midterms/
Family raises hazing concerns after Black 18-year-old Cal State Fullerton student dies following fraternity gathering,Anthony Blas’ family wants a full investigation after the 18-year-old Cal State Fullerton student died following an off-campus fraternity,thegrio.com,2026-09-18,News,Bolarinwa Oladeji,https://thegrio.com/2026/09/18/anthony-blas-cal-state-fullerton-fraternity-death/
Cory Booker calls on Trump to convene Congress for special session on AI,"Cory Booker is urging Trump to convene a special session of Congress to address AI safety, privacy, scams and workplace disruption.",thegrio.com,2026-09-18,Politics,Peter Kerich,https://thegrio.com/2026/09/18/cory-booker-ai-special-session-congress/
Shaquille O’Neal adds honorary FBI special agent to his résumé,Shaquille O’Neal was named an honorary FBI special agent by Director Kash Patel during the FBI National Academy’s Session 299 graduation,thegrio.com,2026-09-18,Entertainment,Bolarinwa Oladeji,https://thegrio.com/2026/09/18/shaquille-oneal-honorary-fbi-special-agent-kash-patel/
How Alcohol Consumption Is Driving Cancer Death Rates,Alcohol and cancer deaths in the U.S. have doubled since 1990. Doctors explain the risk beyond liver cancer and why no amount is safe.,blavity.com,2026-09-18,Conditions &Amp; Care,Tyler-Christian Daniels,https://blavity.com/alcohol-cancer-deaths
Trump Admin Aims To Block An Illinois City From Giving Reparations To Black Residents,Donald Trump is aiming to block an Illinois city from providing reparations for Black residents.,blavity.com,2026-09-18,Politics,Tomas Kassahun,https://blavity.com/trump-admin-aims-to-block-city-from-giving-reparations
NAACP Takes Mail-In Voting Fight To Supreme Court,"The NAACP is taking its fight to protect mail-in voting to the U.S. Supreme Court, filing an amicus brief Wednesday to challenge the Trump administration’s efforts to impose new restrictions on how Americans cast ballots. The civil rights organization is urging the justices to reject the administration’s attempt to limit mail voting, which the NAACP… Continue reading NAACP Takes Mail-In Voting Fight To Supreme Court",blavity.com,2026-09-18,Politics,Jahaura Michelle,https://blavity.com/naacp-takes-mail-in-voting-fight-to-supreme-court
The Block is Hot: NYFW Street Style Edition,"New York Fashion Week will have you questioning whether anybody in this city owns a regular pair of pants anymore, and we mean that as a compliment. For this NYFW edition of The Block Is Hot, the streets were full of trousers pooling around shoes, denim cut wide enough to catch a breeze, skirts clashing […]",ebony.com,2026-09-18,Fashion,,https://www.ebony.com/the-block-is-hot-nyfw-street-style-edition/
Ilhan Omar’s attacker sentenced to 14 months after spraying her with vinegar at town hall,"Anthony James Kazmierczak pleaded guilty following the January assault, which prosecutors said showed evidence of advance planning.",thegrio.com,2026-09-18,News,Peter Kerich,https://thegrio.com/2026/09/18/ilhan-omar-attacker-sentenced-vinegar-assault/
How the Congressional Black Caucus Is Organizing to Protect Black Voting Power,"With roughly a third of the caucus’s seats at risk, members are plotting a path forward ahead of the midterms.",capitalbnews.org,2026-09-18,,Brandon Tensley,https://capitalbnews.org/how-the-congressional-black-caucus-is-organizing-to-protect-black-voting-power/
Senator Alsobrooks wants Democrats talking generational wealth with Black voters: ‘Wealth is not a dirty word’,Sen. Angela Alsobrooks says Democrats should make generational wealth and economic opportunity central to their message to Black voters.,thegrio.com,2026-09-18,Politics,Gerren Keith Gaynor,https://thegrio.com/2026/09/18/angela-alsobrooks-generational-wealth-black-voters/
Converse apologizes for ad campaign image that resembled a Ku Klux Klan hood and a hanging body,The unfortunate and uncomfortable optical illusion sparks discourse and reminds us why a picture is worth a thousand words.,thegrio.com,2026-09-18,Lifestyle,Kay Wicker,https://thegrio.com/2026/09/18/converse-apologizes-for-ad-campaign-image-that-resembled-a-ku-klux-klan-hood-and-a-hanging-body/
Whoopi Goldberg is taking a temporary break from ‘The View’ for a new Netflix movie,The longtime moderator will temporarily leave the Hot Topics table to film “Women Like Us” with an all-star cast.,thegrio.com,2026-09-18,Entertainment,Bolarinwa Oladeji,https://thegrio.com/2026/09/18/whoopi-goldberg-break-the-view-netflix-film/
Holdout juror in Lindsay Clancy trial explains why he refused to change his vote,Lindsay Clancy trial holdout juror Michael Desronvil says he doesn't doubt his vote after the jury deadlocked and a mistrial was declared.,thegrio.com,2026-09-18,Featured,Peter Kerich,https://thegrio.com/2026/09/18/holdout-juror-in-lindsay-clancy-trial-explains-why-he-refused-to-change-his-vote/
Ms. Rachel will match Macklemore’s $1 million donation — and wants wealthy white celebrities to do the same,Rachel Accurso called on celebrities to use their “privilege and platforms” to support children and human rights.,thegrio.com,2026-09-18,Featured,Peter Kerich,https://thegrio.com/2026/09/18/ms-rachel-macklemore-million-dollar-palestine-donation/
Converse’s Chuck 70 Campaign Sparks Backlash—These Are the Brands You Can Shop Instead,"Products featured on EBONY are independently selected and curated by the editorial team. However, when you buy something through our retail links, EBONY may earn an affiliate commission. The fashion industry is no stranger to controversy, especially when it comes to brand campaigns. From Gucci’s 2003 “Public Enemy” campaign, which featured the letter “G” shaved […]",ebony.com,2026-09-18,Shopping,,https://www.ebony.com/converses-chuck-70-campaign-sparks-backlashthese-brands-to-shop-instead/
"The Wrap-Up: Coco Jones, Rich the Kid, Chaka Khan, Fashion Bomb Daily and More at NYFW SS’27","Coco Jones at Prabal Before sitting front row for the Prabal Gurung show at The Shows at the Petzel Gallery, newlywed Coco Jones was with the designer and others for an exclusive cocktail hour celebrating the collection with official Bombay Sapphire cocktails, which also had Saweetie, Tiffany Haddish, Kate Walsh, and Jordan Chiles in the […]",ebony.com,2026-09-18,Celebrity,,https://www.ebony.com/the-wrap-up-coco-jones-rich-the-kid-chaka-khan-fashion-bomb-more-nyfw-ss27/
Would Dwayne and Whitley Survive Dating in 2026?,"Few Black television couples have had the staying power of Dwayne Wayne and Whitley Gilbert. From their constant bickering at Hillman College to Dwayne famously interrupting Whitley’s wedding, their relationship became one of A Different World’s most memorable storylines. Now, with the upcoming A Different World reboot bringing a new generation back to Hillman, it’s […]",ebony.com,2026-09-18,Life,,https://www.ebony.com/would-dwayne-and-whitley-survive-dating-in-2026/
Meet The Black Candidates Running For Governor In 2026,"With only seven weeks left until Election Day, voters are diving deeper into their understanding of candidates. Across both major parties, there are Black candidates seeking election to be governor of their respective states. If these candidates are elected, they have the potential to make history, as only three people have previously been appointed governor […]",ebony.com,2026-09-18,News &Amp; Politics,,https://www.ebony.com/meet-the-black-candidates-running-for-governor-in-2026/
Fall Culture Index 2026: Must-Have Albums to Soundtrack the Season,"Apple and pumpkin picking can have October. As fall descends and the days grow shorter, Black artists are giving us plenty to listen to, from Chaka Khan’s return to the dance floor and K. Michelle’s move into country to new chapters from Victoria Monét and Tinashe. Hip-hop has range this season, with Rakim, Quavo and […]",ebony.com,2026-09-18,Music,,https://www.ebony.com/fall-culture-index-2026-albums-to-soundtrack-the-season/
"Georgia’s Youngest-Ever Elected Black Mayor, 23, Removed Over Alleged Explicit Texts With 18-Year-Old, Misuse Of City Funds","Less than one year after making history, a young man elected mayor of a Georgia town has been stripped of that position. The decision by the city to remove the mayor comes after revelations that he had exchanged explicit messages with an 18-year-old high school student, as well as scrutiny over purchases that he claims… Continue reading Georgia’s Youngest-Ever Elected Black Mayor, 23, Removed Over Alleged Explicit Texts With 18-Year-Old, Misuse Of City Funds",blavity.com,2026-09-18,Politics,Christopher Rhodes,https://blavity.com/georgias-youngest-ever-elected-black-mayor-23-removed
"Exclusive: Real Hip-Hop Network Is Back. This Time, It’s About Who Owns the Culture","After two decades, the real Hip-Hop Network is making a comeback, and CEO Atonn Muhammad and media veteran Gary Bernstein explain exactly why the culture needs it now.",theroot.com,2026-09-18,Culture,Phenix S Halley,https://www.theroot.com/exclusive-real-hip-hop-network-is-back-this-time-it-2000126516
National Black Voter Day: What Black Voters Need to Know Before the Midterms,"Redistricting, mail-in voting changes and federal law enforcement efforts are some of the top election issues Black voters should watch before November.",theroot.com,2026-09-18,Culture,Phenix S Halley,https://www.theroot.com/national-black-voter-day-what-black-voters-need-to-kno-2000126584
Black Creators Shine in TikTok’s ‘Outside My Work Clothes’ Trend,Alicia Keys’ 2003 hit is seeing a resurgence on TikTok. Let’s take a look at the trend.,theroot.com,2026-09-18,Entertainment,Shanelle Genai,https://www.theroot.com/black-creators-shine-in-tiktoks-outside-my-work-clothes-2000126576
The Fed Just Raised Interest Rates: Here’s What It Means for Your Wallet,"In the first interest rate hike since summer 2023, borrowing for homes just got more expensive; however, savers are finally getting a boost.",theroot.com,2026-09-18,Culture,Angela Wilson,https://www.theroot.com/the-fed-just-raised-interest-rates-here-s-what-it-mean-2000126595
You’ll Never Guess What Lenny Kravitz and LeBron James Now Have In Common,Rockstar Lenny Kravitz has now joined NBA superstar LeBron James in receiving a truly rare honor. And you’ll never believe what it is. Let’s get into it!,theroot.com,2026-09-18,Entertainment,Shanelle Genai,https://www.theroot.com/youll-never-guess-what-lenny-kravitz-and-lebron-james-n-2000126633
New York’s ‘Furniture Queen’ is Keeping Tons of Goods Out of Landfills—and Giving Them to People in Need,"What business throw away is exactly what Regina Carter is looking for, as she drops off discarded furniture to public housing residents across New York, for free.",theroot.com,2026-09-18,Culture,Angela Wilson,https://www.theroot.com/new-yorks-furniture-queen-is-keeping-tons-of-goods-out-2000126645
"As Democrats Rise in the Polls, Black Voters Ask What’s in It for Them","New polls suggest the Democrats are making massive gains ahead of the midterms. But for Black voters, polls might not be enough to secure their loyalty.",theroot.com,2026-09-18,News,Phenix S Halley,https://www.theroot.com/as-democrats-rise-in-the-polls-black-voters-ask-what-s-2000126669
Porsha Williams Reveals Details of Her Painful Fibroid Journey,‘Real Housewives of Atlanta’ star Porsha Williams is sharing her deeply personal journey with fibroids and the emergency surgery she underwent because of them.,theroot.com,2026-09-18,Culture,Shanelle Genai,https://www.theroot.com/porsha-williams-reveals-details-of-her-painful-fibroid-2000126658
Trump Announces New Visa Restrictions on South African Officials Over ‘White Genocide’ Claims,"The Trump administration is expanding its pressure on South Africa, citing alleged racial discrimination and claims of violence against white Afrikaners.",theroot.com,2026-09-18,News,Phenix S Halley,https://www.theroot.com/trump-announces-new-visa-restrictions-on-south-african-2000126711
"The Best Jennifer Hudson Show ‘Spirit Tunnel’ Walks: Tyler Perry, Law Roach and More","Tyler Perry, Law Roach, Zendaya and more have given us unforgettable spirit tunnel moments from ‘The Jennifer Hudson Show.’ Let’s take a look at some of the best ones!",theroot.com,2026-09-18,Entertainment,Noah A. McGee,https://www.theroot.com/aaron-pierres-spirit-tunnel-walk-on-the-jennifer-hudson-1851736938
Porsha Williams reveals emergency partial hysterectomy after doctors found 21 fibroids,Porsha Williams reveals she underwent an emergency partial hysterectomy after doctors discovered 21 uterine fibroids.,thegrio.com,2026-09-18,Entertainment,Janeé Bolden,https://thegrio.com/2026/09/18/porsha-williams-emergency-hysterectomy-21-fibroids/
Bre Tiesi gets candid about coparenting in Nick Cannon’s large family: ‘There is no we’,Tiesi says she keeps her distance from the other mothers while prioritizing her son Legendary’s relationships with his siblings.,thegrio.com,2026-09-18,Entertainment,Bolarinwa Oladeji,https://thegrio.com/2026/09/18/bre-tiesi-coparenting-nick-cannon-kids/
"Who is Michael Desronvil, the Juror at the Center of the Lindsay Clancy Mistrial?",Michael P. Desronvil explains why he stood alone during deliberations and defended his decision after the Lindsay Clancy trial ended.,theroot.com,2026-09-18,Criminal Justice,Phenix S Halley,https://www.theroot.com/who-is-michael-desronvil-the-juror-at-the-center-of-th-2000126593
"Trump bans CNN, MS NOW and Politico from White House over ‘fake news’ claims","President Donald Trump said he is banning CNN, MS NOW and Politico from the White House over what he called fake news, warning more outlets",thegrio.com,2026-09-18,News,Bolarinwa Oladeji,https://thegrio.com/2026/09/18/trump-bans-cnn-msnow-politico-white-house/
"UT Austin to eliminate Black, Latino and women’s studies majors","UT Austin will eliminate majors in African and African Diaspora Studies, Mexican American and Latina/o Studies, Women’s and Gender Studies.",thegrio.com,2026-09-18,News,Janeé Bolden,https://thegrio.com/2026/09/18/ut-austin-black-latino-womens-studies-majors/
"First Passport In Your 30s, 40s, Or Beyond? Start With These Trips","Got your first passport in your 30s, 40s, 50s, or beyond? These destinations offer culture, food, history, and an easier first trip abroad.",travelnoire.com,2026-09-18,Plan &Amp; Shop,Faith Katunga,https://travelnoire.com/first-passport-international-travel-destinations
Everybody’s Going To The Same Places. Try These Destinations Instead: Fall Edition,"If you don't want to go to social media's buzziest fall getaway destinations, choose one of these equally enticing alternatives.",travelnoire.com,2026-09-18,Plan &Amp; Shop,Natasha Decker,https://travelnoire.com/alternative-fall-getaway-destinations
"Black Culture Where You (Likely) Least Expect: Exploring Black Businesses in Edmonton, Alberta","Most travelers skip Edmonton for Banff and Jasper, missing its rich Black culture. Discover the city's best Black-owned businesses.",travelnoire.com,2026-09-18,Culture,Mitti Hicks,https://travelnoire.com/black-owned-edmonton-alberta-canada
Federal Reserve raises interest rates despite Trump’s calls for cuts,The Federal Reserve raised interest rates for the first time in three years despite President Trump’s repeated calls to cut rates.,thegrio.com,2026-09-18,Business,Janeé Bolden,https://thegrio.com/2026/09/18/federal-reserve-interest-rate-hike-credit-cards-loans/
Justin J. Pearson says Democrats must put Black and working-class voters at the center — not treat them as ‘ornaments’,"Justin J. Pearson says Democrats must move beyond the status quo, invest in the South and center Black and working-class communities.",thegrio.com,2026-09-18,Politics,Gerren Keith Gaynor,https://thegrio.com/2026/09/18/justin-pearson-democrats-must-not-treat-black-voters-as-ornaments/
"7 Black-Led movies, shows and plays to watch and see this weekend","From Danielle Brooks’ new movie to theater favorites, here are some Black-led projects to watch, experience, and support this weekend.",thegrio.com,2026-09-18,Entertainment,Haniyah P.,https://thegrio.com/2026/09/18/7-black-led-movies-shows-and-plays-to-watch-and-see-this-weekend/
"The gender wage gap improved in 2025, unless you’re a Black woman",New data released this week from the Census Bureau this week reveals the gender pay gap widened for Black women.,thegrio.com,2026-09-18,Lifestyle,Kay Wicker,https://thegrio.com/2026/09/18/the-gender-wage-gap-improved-in-2025-unless-youre-a-black-woman/
"‘Hell yeah, vote like he’s on the ballot’: Wes Moore takes aim at Trump ahead of midterms",The Maryland governor criticized federal cuts and warned about threats to Black political power while urging voters to turn out in November.,thegrio.com,2026-09-18,Politics,Gerren Keith Gaynor,https://thegrio.com/2026/09/18/hell-yeah-vote-like-hes-on-the-ballot-wes-moore-takes-aim-at-trump-ahead-of-midterms/
Steve Harvey says NBC exec threatened to take his ‘whole TV career’ after he refused network demand,The comedian says his refusal to move “Celebrity Family Feud” from ABC to NBC sparked a bitter fallout — but ultimately worked in his favor.,thegrio.com,2026-09-18,Entertainment,Maxwell Millington,https://thegrio.com/2026/09/18/steve-harvey-says-nbc-exec-threatened-to-take-his-whole-tv-career-after-he-refused-network-demand/
"Neil deGrasse Tyson says AI needs guardrails, not a shutdown: ‘Don’t put it all in one bin’",Tyson says potentially dangerous AI applications need guardrails while pointing to the technology’s benefits in medicine and science.,thegrio.com,2026-09-18,News,Bolarinwa Oladeji,https://thegrio.com/2026/09/18/neil-degrasse-tyson-ai-guardrails-comments/
Opinion: Chris Brown’s Response to Congressional Honor Backlash Proves Silence is Golden,"I’m not going to pretend his record is clean, because it isn’t. But how a man carries a public reckoning he didn’t start is its own kind of information.",theroot.com,2026-09-17,Opinion,Melik Abdul,https://www.theroot.com/opinion-chris-brown-s-response-to-congressional-honor-2000126393
177 Years After Her Escape: The Truth About Harriet Tubman You Were Never Taught,"Harriet Tubman escaped slavery on Sept. 17. If you think you know her story, these four untold facts prove just how incredible she was.",theroot.com,2026-09-17,News,Angela Wilson,https://www.theroot.com/177-years-after-her-escape-the-truth-about-harriet-tub-2000126428
Colin Kaepernick Says He’s Still Better Than a ‘Good Amount’ of Current NFL Quarterbacks,"Unfiltered on his NFL comeback, the former 49ers star claims his game easily stacks up against current starting talent.",theroot.com,2026-09-17,News,Rashad Grove,https://www.theroot.com/colin-kaepernick-says-hes-still-better-than-a-good-amou-2000126422
"Danielle Brooks Talks About Being Shut Out of the Met Gala, Despite Being an EGOT Nominee","Danielle Brooks is opening up about being overlooked by the fashion industry and passed over for one its most glamorous occasions, the Met Gala.",theroot.com,2026-09-17,Beauty + Style,Shanelle Genai,https://www.theroot.com/danielle-brooks-talks-about-being-shut-out-of-the-met-g-2000126505
Family Lawsuit Blames Texas Abortion Restrictions for Mother’s Tragic Death,"A Texas family’s lawsuit argues abortion restrictions delayed lifesaving pregnancy care, raising questions about medical judgment, maternal health and accountability.",theroot.com,2026-09-17,Black Maternal Healthcare,Phenix S Halley,https://www.theroot.com/family-lawsuit-blames-texas-abortion-restrictions-for-m-2000126415
Divine Nine Sorors Now Have Their Own App and It’s Being Called the ‘2026 Green Book’,"Hey, Soror makes it easier for Black women to find and support each other, at home and abroad.",theroot.com,2026-09-17,News,Samantha Chery,https://www.theroot.com/divine-nine-sorors-now-have-their-own-app-and-its-being-2000126410
Winnie Harlow’s Former L.A. Home Is for Sale. The cost? … $4.5M,"Take a room-by-room look at the glam room, the cover wall and the cloud-like primary suite Harlow left behind in the San Fernando Valley, now listed at $4.5 million.",theroot.com,2026-09-17,Beauty + Style,Shanelle Genai,https://www.theroot.com/winnie-harlows-former-l-a-home-is-for-sale-the-cost-2000126447
Fact Check: Crime in Memphis Was Falling Way Before Trump’s Task Force Showed Up,"President Trump claims his task force is responsible for historically low crime in Memphis, but the data tells a much different story.",theroot.com,2026-09-17,Crime,Phenix S Halley,https://www.theroot.com/fact-check-crime-in-memphis-was-falling-way-before-tru-2000126493
MACRO Acquires Streamer ALLBLK From AMC Global Media,"MACRO, the entertainment company from Charles D. King, has acquired the Black-centric streamer, Allblk, from AMC Global Media. As the company notes, this is MACRO’s first “entry into direct-to-consumer streaming,” with the company already specializing in “television film/television development, producing, financing, representation, branding and experiential services.” It will” invest in ALLBLK’s next phase of growth… Continue reading MACRO Acquires Streamer ALLBLK From AMC Global Media",afrotech.com,2026-09-17,Entertainment,Trey Mangum,https://afrotech.com/macro-acquires-streamer-allblk-from-amc-global-media
"2 HBCU Students Earn 2026 Astronaut Scholarships, Joining The Nation’s Top STEM Scholars","Two North Carolina-based HBCU students have been awarded a top Science, Technology, Engineering, and Mathematics (STEM) scholarship. According to a press release shared with AFROTECH™, undergraduate students at North Carolina Agricultural and Technical State University (N.C. A&T), Victoria Little, a dual-degree senior studying biology and psychology, and Avery C.",afrotech.com,2026-09-17,Education,Samantha Dorisca,https://afrotech.com/n-c-at-students-selected-as-astronaut-scholarship-recipients
Accenture Settles With Justice Department For $25M Over DEI Allegations,"Accenture has settled with the U.S. Department of Justice. According to a press release, Accenture Federal Services (AFS), Accenture plc, and Accenture LLP (collectively, Accenture) were accused of violating the False Claims Act since 2017. The allegations state that Accenture did not meet anti-discrimination requirements in federal contracts and that employees and applicants for employment… Continue reading Accenture Settles With Justice Department For $25M Over DEI Allegations",afrotech.com,2026-09-17,Technology,Samantha Dorisca,https://afrotech.com/accenture-settles-with-justice-department-for-25m-over-dei-allegations
"AfroTech Isn’t Just Technology, It’s Community. So What Does It Mean To Care For The Culture?","For generations, Black communities have used adversity as fuel for innovation. We’ve built businesses, defined cultures, and pioneered movements that have reshaped industries and expanded what’s possible. That same spirit of innovation has the power to change how we approach one of our most important community conversations: HIV prevention and awareness. Knowing your status isn’t… Continue reading AfroTech Isn’t Just Technology, It’s Community. So What Does It Mean To Care For The Culture?",afrotech.com,2026-09-17,Branded Content,Josh Rodgers,https://afrotech.com/afrotech-conference-care-for-culture
From Disney Child Star To R&B Powerhouse: All About Coco Jones’ Net Worth,"Before she was an NFL wife, Coco Jones spent years building a career that has touched multiple facets of entertainment. After getting an early start with Disney, Jones eventually found a new audience as Hilary Banks on “Bel-Air,” the “Fresh Prince” reboot. She also used this time to rebuild her recording career and to score… Continue reading From Disney Child Star To R&B Powerhouse: All About Coco Jones’ Net Worth",afrotech.com,2026-09-17,Entertainment,Precious Gibson,https://afrotech.com/coco-jones-net-worth
How Mojo Brookzz went from viral social-media comedian to one of comedy’s rising Black stars,"Comedian Mojo Brookzz has spent more than a decade building his career from social media sketches to stand-up tours, television and Netflix.",thegrio.com,2026-09-17,Entertainment,Jahaura Michelle,https://thegrio.com/2026/09/17/how-mojo-brookzz-went-from-viral-social-media-comedian-to-one-of-comedys-rising-black-stars/
Exclusive: Karl Kani Returns to the Runway for the Emerge! 15th Anniversary Celebration,Inside the NYFW event that bridged the gap between ’90s hip-hop nostalgia and modern runway elegance.,theroot.com,2026-09-17,Fashion,Rashad Grove,https://www.theroot.com/exclusive-karl-kani-returns-to-the-runway-for-the-emer-2000126522
Watering Hole Media & The Root Present The Kickback: Live in Atlanta,"No Filters, No Edits: The Kickback brings “Tap In” and “Wait a Minute” to ATL for a live taping and one unforgettable night.",theroot.com,2026-09-17,Culture,The Root Staff,https://www.theroot.com/watering-hole-media-the-root-present-the-kickback-li-2000126535
"Lenny Kravitz is officially a Kenbassador. Here are 12 other Black men who deserve a Barbie doll, too",Lenny Kravitz joins LeBron James as Barbie’s second-ever Kenbassador. Here are other Black male stars we think should be added to the roster,thegrio.com,2026-09-17,Featured,Haniyah P.,https://thegrio.com/2026/09/17/lenny-kravitz-is-officially-a-kenbassador-here-are-12-other-black-men-who-deserve-a-barbie-doll-too/
Cardi B shuts down rumors she’s still ‘messing around’ with Offset: ‘Never in your life’,Cardi B shuts down rumors that she and Offset are secretly reconnecting after celebrating their children’s birthdays together.,thegrio.com,2026-09-17,Featured,Peter Kerich,https://thegrio.com/2026/09/17/cardi-b-offset-romance-rumors/
Federal workers were paid billions to stay home as Trump administration pushed DOGE cuts,"GAO says federal government spent $9.5 b on paid administrative leave in 2025, with $6.7 billion linked to the deferred-resignation program.",thegrio.com,2026-09-17,News,Peter Kerich,https://thegrio.com/2026/09/17/federal-workforce-cuts-paid-administrative-leave-gao/
The Best Spring 2027 Collections From New York Fashion Week,"New York Fashion Week gave us plenty to talk about this season, but amid the packed schedules, celebrity-filled front rows and endless stream of looks hitting our feeds, a few collections stayed with us long after the runway cleared. From designers rethinking American sportswear to collections rooted in identity, heritage, fantasy and pure fashion fun, […]",ebony.com,2026-09-17,Fashion,,https://www.ebony.com/the-best-spring-2027-collections-from-new-york-fashion-week/
"Los Angeles news helicopter crash kills 3, including NBC4 reporter and pilot",Federal investigators are examining what caused NewsChopper4 to crash in Chatsworth while covering another fatal collision.,thegrio.com,2026-09-17,News,Odafe Oghen,https://thegrio.com/2026/09/17/chatsworth-helicopter-crash-news-chopper/
Sean Combs’ unpaid legal fees spark dispute as three lawyers ask to drop him as client,The Diddy legal fee dispute escalates as three civil attorneys seek to withdraw while Combs says they overcharged him for unauthorized work.,thegrio.com,2026-09-17,News,Odafe Oghen,https://thegrio.com/2026/09/17/diddy-legal-fee-dispute-attorneys-withdraw/
Malcolm-Jamal Warner’s mother claims widow cut off contact with granddaughter amid estate battle,The Warner estate dispute now includes Pamela Warner’s claim that Malcolm-Jamal Warner’s widow ended her relationship with granddaughter.,thegrio.com,2026-09-17,Featured,Odafe Oghen,https://thegrio.com/2026/09/17/warner-estate-dispute-pamela-tenisha-granddaughter/
Top House Democrat holds up Trump’s proposed $2.8 billion arms sale to Israel,Gregory Meeks is withholding approval of a $2.8 billion Israel arms sale over concerns about civilian protections and legal compliance.,thegrio.com,2026-09-17,News,Peter Kerich,https://thegrio.com/2026/09/17/gregory-meeks-2-8-billion-israel-arms-sale/
Kansas man says he felt ‘humiliated’ after finding racial slur on truck following oil change,A Wichita racial slur incident left Larry Martin humiliated after he found the N-word written inside his truck following an oil change.,thegrio.com,2026-09-17,Featured,Odafe Oghen,https://thegrio.com/2026/09/17/wichita-racial-slur-truck-oil-change/
"‘I Do, I Did, I’m Done’: Kandi Burruss fires back at Todd Tucker over intimate marriage claims",The Kandi Burruss response criticizes Todd Tucker for publicly revealing intimate details about their marriage after their divorce.,thegrio.com,2026-09-17,Lifestyle,Odafe Oghen,https://thegrio.com/2026/09/17/kandi-burruss-response-todd-tucker-marriage/
Mary Cosby Finally Explains Why She Went Back to Filming So Soon After Losing Her Son,"Bravo told the “Real Housewives of Salt Lake City” star she could take a full season off after Robert Cosby Jr. died at 23. In a new interview, she explains why she said no.",theroot.com,2026-09-17,Entertainment,Shanelle Genai,https://www.theroot.com/mary-cosby-finally-explains-why-she-went-back-to-filmin-2000126402
"Nia Long celebrates family, faith and legacy as she receives Hollywood Walk of Fame star","Nia Long receives her Hollywood Walk of Fame star and honors her mother, family and faith during an emotional ceremony in Los Angeles.",thegrio.com,2026-09-17,Entertainment,Peter Kerich,https://thegrio.com/2026/09/17/nia-long-hollywood-walk-of-fame-family-faith/
Plan A Seamless Two-Country Vacation Without Losing A Day In Transit,"Planning a two-country vacation? Use open-jaw flights, overnight trains, and smarter connection times to avoid losing a full day in transit.",travelnoire.com,2026-09-17,Plan &Amp; Shop,Faith Katunga,https://travelnoire.com/two-country-trip-vacation
"Gladys Knight’s Son Alleges Her Husband Won’t Stop Booking Shows, Fears For Her Health","Gladys Knight appears to be preparing for her next chapter after announcing that she plans to finish her remaining 2026 performances before pursuing new ventures next year. What did Gladys Knight say about cutting back on performing? The 82-year-old “Empress of Soul” shared the update Sunday, shortly after her son, Shanga Hankerson, raised health concerns… Continue reading Gladys Knight’s Son Alleges Her Husband Won’t Stop Booking Shows, Fears For Her Health",blavity.com,2026-09-17,News,Jahaura Michelle,https://blavity.com/gladys-knights-son-alleges-about-booking-shows-health
Gavin Newsom Says He Won’t Run If Kamala Harris Runs For President In 2028,"California Governor Gavin Newsom and former Vice President Kamala Harris have long been considered two of the frontrunners in the Democratic presidential race, even as neither has officially declared that they are running for the 2028 nomination. Now, Newsom is throwing cold water on the prospect of a showdown between the two California heavyweight politicians… Continue reading Gavin Newsom Says He Won’t Run If Kamala Harris Runs For President In 2028",blavity.com,2026-09-17,Politics,Christopher Rhodes,https://blavity.com/gavin-newsom-says-he-wont-run-if-kamala-harris-runs-for-president-in-2028
Joyce Beatty Describes Trump’s ‘Tantrum’ As His Allies Seek To Close Kennedy Center After Name Change Block,"The ongoing saga concerning President Trump’s attempt to make radical and unlawful changes to the Kennedy Center has taken a new turn. After Rep. Joyce Beatty’s lawsuit against the administration’s unauthorized changes led to a new court order against Trump, the president’s allies are again threatening to shut the center down altogether if the president… Continue reading Joyce Beatty Describes Trump’s ‘Tantrum’ As His Allies Seek To Close Kennedy Center After Name Change Block",blavity.com,2026-09-17,Politics,Christopher Rhodes,https://blavity.com/joyce-beatty-on-trump-tantrum-as-allies-seek-kennedy-center-closure
"Chicago Mayor Brandon Johnson Launches Reelection Bid Amid Low Approval Ratings, Crowded Challenger Field","Chicago Mayor Brandon Johnson has ended speculation about his political plans by launching a reelection campaign. While the mayor seeks to highlight his progressive achievements concerning affordability, crime and standing up to President Trump, opponents are pointing to rocky relationship with other elected leaders during Johnson’s first term.",blavity.com,2026-09-17,Politics,Christopher Rhodes,https://blavity.com/chicago-mayor-brandon-johnson-launches-reelection-bid
"Everything We Learned Visiting The Set Of Marvel’s ‘VisionQuest’: The Mind Space, New Family And Wardrobe Secrets","Last summer, Blavity visited the set of Marvel Television’s VisionQuest at Pinewood Studios, where cast and crew spoke with reporters about the upcoming series. This summer, Marvel confirmed at D23 that the show premieres exclusively on Disney+ on Oct. 2026, closing out the trilogy that began with 2021’s WandaVision and continued with 2024’s Agatha All… Continue reading Everything We Learned Visiting The Set Of Marvel’s ‘VisionQuest’: The Mind Space, New Family And Wardrobe Secrets",blavity.com,2026-09-17,Entertainment,Martie Bowser,https://blavity.com/visionquest-set-what-we-learned
Jamie Foxx Recalls The Stroke That Nearly Killed Him 3 Years Later,"Jamie Foxx’s brain bleed highlights stroke risk in the Black community. Learn the warning signs, risk factors and life-saving action steps.",blavity.com,2026-09-17,Conditions &Amp; Care,Tyler-Christian Daniels,https://blavity.com/jamie-foxx-stroke
Restoring Voter Trust is Penny Brown Reynolds’ Mission for Georgia,"Judge Penny Brown Reynolds has dedicated her life to justice and civil rights. She says she didn’t know it at the time, but everything in her life was leading to her run to be Georgia’s next secretary of state. She began her career in Georgia politics as chief of staff and then as executive counsel […]",ebony.com,2026-09-17,News &Amp; Politics,,https://www.ebony.com/restoring-voter-trust-is-penny-brown-reynolds-mission-for-georgia/
Honey Pierre Paints Our Rest in Every Shade of Blue,"The first thing you notice about Honey Pierre’s paintings is their vibrancy. The subjects, at different stages of rest and play, are drenched in strong, saturated colors, and their skin tones are varying shades of blue. That choice was born out of necessity. “There’s a lack of diversity in brown yarn. There are literally only […]",ebony.com,2026-09-17,Culture,,https://www.ebony.com/honey-pierre-here-we-are-interview-blue-shades-explained/
EBONY’S Comprehensive Guide for All-Things Mental Health,"Mental health awareness is a priority most, if not all of us share. While this is certainly an issue that affects all races, studies have found that only 25% of Black people seek mental health treatment when needed, compared to 40% of white people. As we continue to prioritize mental wellness in our communities, EBONY […]",ebony.com,2026-09-17,Health,,https://www.ebony.com/ebony-comprehensive-mental-health-awareness-month-guide/
See Black Barbies Through The Ages: From Christie to Lenny Kravitz!,"Look who’s joining the Barbie Signature Kenbassadors Collectible Doll lineup! Singer-songwriter Lenny Kravitz has been forever immortalized in 11 1/2 inches of plastic with his own Mattel doll. Kravitz is dressed in his iconic onstage look: a bronze-colored mesh cowl-neck tank and boot-leg denim jeans paired with a studded belt, boots, sunglasses, and his trademark […]",ebony.com,2026-09-17,Culture,,https://www.ebony.com/see-black-barbies-through-ages-christie-to-president-barbie/
"EMERGE!’s 15th Anniversary Show Was a Celebration of Black Creativity, From Karl Kani to Danessa Myricks","In an era where DEI efforts from major corporations are practically nonexistent, supporting Black designers is more critical than ever. And though the hype from 2020’s racial reckonings have dwindled, there’s one brand that’s actually committed to uplifting designers of color for the long run: EMERGE! Founded in February 2011 by public relations entrepreneur Dionne […]",ebony.com,2026-09-17,Fashion,,https://www.ebony.com/emerges-15th-anniversary-show-was-a-celebration-of-black-creativity-from-karl-kani-to-danessa-myricks/
‘What type of person would do that?’ D.C. mother sues over hot sauce incident involving autistic son,A D.C. mother is suing a former school aide and the District after her nonverbal autistic son was forced to ingest hot sauce as punishment.,thegrio.com,2026-09-17,News,Peter Kerich,https://thegrio.com/2026/09/17/dc-mother-sues-school-aide-autistic-son-hot-sauce/
What Mary Cosby and ‘RHOSLC’ show us about showing up through grief,"Season 7 of “Real Housewives of Salt Lake City” premiered, picking up in the aftermath of Mary Cosby losing her only son, Robert Jr.",thegrio.com,2026-09-17,Lifestyle,Kay Wicker,https://thegrio.com/2026/09/17/what-mary-cosby-and-rhoslc-show-us-about-showing-up-through-grief/
"Rosalind Ashford, original member of Martha and the Vandellas, dies at 83","The Motown singer’s soprano could be heard on classics including “Dancing in the Street,” “Heat Wave” and “Jimmy Mack.”",thegrio.com,2026-09-17,Entertainment,Odafe Oghen,https://thegrio.com/2026/09/17/rosalind-ashford-death-martha-vandellas/
Taylor Townsend undergoes emergency surgery days after winning US Open doubles title,"The tennis star withdrew from the Guadalajara Open after an unexpected medical setback, telling fans, “Still I rise.”",thegrio.com,2026-09-17,Sports,Peter Kerich,https://thegrio.com/2026/09/17/taylor-townsend-emergency-surgery-guadalajara-open/
Kyrie Irving offers to pay Azeez Al-Shaair’s NFL fine for honoring Hind Rajab,"Kyrie Irving offered to pay Azeez Al-Shaair’s $11,941 NFL fine after the Texans linebacker honored Hind Rajab on his eye black.",thegrio.com,2026-09-17,Sports,Peter Kerich,https://thegrio.com/2026/09/17/kyrie-irving-azeez-al-shaair-hind-rajab-fine/
Trump administration announces visa restrictions targeting South Africans over alleged anti-white discrimination,South Africa rejected the U.S. allegations and defended policies designed to address racial inequalities created under apartheid.,thegrio.com,2026-09-17,Politics,Peter Kerich,https://thegrio.com/2026/09/17/us-visa-restrictions-south-africa-race-land-policies/
Morgan Freeman named “Celebrity Guest Picker” for ESPN’s “College GameDay”,Morgan Freeman will represent Ole Miss as ESPN’s celebrity guest picker on ‘College GameDay’ ahead of Saturday’s matchup against LSU.,thegrio.com,2026-09-17,Entertainment,Maxwell Millington,https://thegrio.com/2026/09/17/morgan-freeman-college-gameday-guest-picker-ole-miss/
"The AfroTech 2026 Foodie Guide: Black-Owned Spots, Conference Vendors, And Houston’s Best Tables",Here's you ulimtate guide with restaurant recommendations for where to eat during this year's AfroTech Conference in Houston.,travelnoire.com,2026-09-17,Plan &Amp; Shop,Natasha Decker,https://travelnoire.com/where-to-eat-afrotech-houston
What happens when the US stops counting race & ethnicity? Advocates warn against Trump’s Census proposal,The Trump administration’s proposed “color blind” US Census sparks concerns about representation and the future of Black communities.,thegrio.com,2026-09-17,Politics,Haniyah P.,https://thegrio.com/2026/09/17/advocates-warn-against-trumps-census-change-proposal/
Dr. Sebi’s daughter Saama Bowman wants you to know the man behind the legend,"Saama Bowman discusses her late father, Dr. Sebi, and his posthumous memoir, ""The Cure: The Official Autobiography of Dr. Sebi.""",thegrio.com,2026-09-17,Lifestyle,Kay Wicker,https://thegrio.com/2026/09/17/slug-dr-sebi-daughter-autobiography-the-cure/
“That’s So Raven” actor receives 30-month prison sentence,Former child star Bobb'e J. Thompson has been sentenced after pleading guilty to a stolen gun charge,thegrio.com,2026-09-17,Entertainment,Maxwell Millington,https://thegrio.com/2026/09/17/thats-so-raven-actor-receives-30-month-prison-sentence/
Young Black Men and Boys Are Quietly Taking On a Caregiving Crisis Few People See,"5.4 million children and adolescents in the U.S. are caregivers. For Black male youth, the picture is even more complicated.",capitalbnews.org,2026-09-17,,Feylyn Lewis,https://capitalbnews.org/black-boys-family-caregiving/
"The Quiet Is Not Neutral: Black Death, American Indifference and the Missing Outrage","Black people are being found hanging from trees and in wooded areas across America, and somehow this has not become a national emergency. That should disturb us almost as much as the deaths themselves. Media coverage has occurred, families have demanded answers, civil rights leaders have intervened, names and images have traveled across social media, and yet the […]",ebony.com,2026-09-17,Culture,,https://www.ebony.com/black-death-american-indifference-missing-outrage/
"In LA, Some Black Residents May Soon Receive Environmental Reparations","California could put money directly into the hands of families harmed by oil drilling, testing an approach advocates hope will spread nationwide.",capitalbnews.org,2026-09-16,,Adam Mahoney,https://capitalbnews.org/california-oil-wells-reparations/
Saidah Belo-Osagie Joins ‘Saturday Night Live’ Cast for Season 52,"The drought of a Black woman as a season regular on Saturday Night Live is over. The long-running, late-night series has announced two new members for the cast of season 52: Saidah Belo-Osagie, a comedian and self-proclaimed jester, along with Grace Reiter. Belo-Osagie will bring a distinct New York vibe to Saturday Night Live. A native […]",ebony.com,2026-09-16,Entertainment,,https://www.ebony.com/saidah-belo-osagie-joins-saturday-night-live-cast-for-season-52/
"Advisry’s America, Still Looks at the Country Through the Past and Asks What Comes Next","Fifteen minutes before showtime, the energy backstage at Advisry was already building. Models moved through the room as designer Keith Herron made his final inspections, surrounded by everything from glossy leather and shimmering knits to dramatically draped eveningwear. For Spring/Summer 2027, Herron wasn’t interested in simply making beautiful clothes. With America, Still, Advisry looked backward […]",ebony.com,2026-09-16,Fashion,,https://www.ebony.com/advisrys-america-still-looks-at-the-country-through-the-past-and-asks-what-comes-next/
New Research Links More Bank of England Directors to Slave Trade,New research by British historians reveals more links between the transatlantic slave trade and the Bank of England.,theroot.com,2026-09-16,News,Mahalia Otshudy,https://www.theroot.com/new-research-links-more-bank-of-england-directors-to-sl-2000126240
Jahquel J. and the New Mainstream Era of Urban Fiction,The online book community is among one of the largest and most active communities the internet has seen across social platforms. No matter which platform you frequent it’s a good chance that you’ve encountered some book content. One of the most interesting aspects of book communities in digital spaces is that you can always find […],ebony.com,2026-09-16,Books,,https://www.ebony.com/jahquel-j-and-the-new-mainstream-era-of-urban-fiction/
Every Spring 2027 Beauty Trend to Know and Shop—Straight From the Runways,"Products featured on EBONY are independently selected and curated by the editorial team. However, when you buy something through our retail links, EBONY may earn an affiliate commission. And just like that, Fashion Month is officially in full swing, with New York giving us a strong start to the season. From Coach’s droopy suiting and […]",ebony.com,2026-09-16,Beauty,,https://www.ebony.com/every-spring-2027-beauty-trend-to-know-and-shop-straight-from-the-runways/
Key Senate Seats To Watch During Midterms,"As the days continue to dwindle until November 6, stakes continue to grow as only a few seats remain to determine who will control the chamber as it relates to bills that make it to the debate floor, committee chair selection, confirmation of judicial roles, and other decision-making responsibilities. While it’s typical for a president’s […]",ebony.com,2026-09-16,News &Amp; Politics,,https://www.ebony.com/key-senate-seats-to-watch-during-midterms/
The Black Wellness Edit: What I Wish Someone Had Told Me About Becoming A NICU Mom,"After more than 30 hours of labor, I felt like I had run a marathon. I was dehydrated, exhausted, and felt like my body was caving in on itself. But, of course, once my daughter was born, all of those feelings seemed to go away. She was here, and after already spending long enough in […]",ebony.com,2026-09-16,Health,,https://www.ebony.com/the-black-wellness-edit-nicu-awareness-month/
Hollywood has plenty to say about Michael B. Jordan as he covers American Vogue,"Octavia Spencer, Ben Affleck, Tessa Thompson and Kenneth Branagh praise Michael B. Jordan as the Oscar winner covers American Vogue.",thegrio.com,2026-09-16,Entertainment,Janeé Bolden,https://thegrio.com/2026/09/16/michael-b-jordan-vogue-octavia-spencer-sidney-poitier/
Here are the Voter Registration Deadlines in Every State,"Your vote is more than a checkbox. It’s your chance to shape the future of your community, your state and your country. Checking off your ballot is your part in choosing the power to influence the direction of our nation. But before you can make that impact, you’ve got to be registered, and time is […]",ebony.com,2026-09-16,News &Amp; Politics,,https://www.ebony.com/voter-registration-deadlines-every-us-state/
Inside the Growing Golf Culture That’s Bringing Us to the Green,"Did you know that a Black man, Dr. George F. Grant, created the modern golf tee — that pronged piece you put in the ground to hit your ball off of? I didn’t. Golfing, to me, has always felt like a rich man’s sport. Beyond the fame of notable Black golfers like Tiger Woods and […]",ebony.com,2026-09-16,Culture,,https://www.ebony.com/inside-growing-golf-culture-urban-golf-weekend/
The Most Shocking Takeaways From Singer Darlene Love’s New Documentary,Legendary singer Darlene Love’s life and career take center stage in a new documentary. Here are some of the most surprising things we learned so far!,theroot.com,2026-09-16,Entertainment,Shanelle Genai,https://www.theroot.com/the-most-shocking-takeaways-from-singer-darlene-loves-n-2000126188
SNL adds Saidah Belo-Osagie and Grace Reiter to Season 52 cast,The SNL Season 52 cast adds Saidah Belo-Osagie and Grace Reiter as featured players ahead of the Sept. 26 premiere.,thegrio.com,2026-09-16,Entertainment,Odafe Oghen,https://thegrio.com/2026/09/16/snl-season-52-cast-saidah-belo-osagie-grace-reiter/
Law Roach Says Bob Mackie Should Be the Next Met Gala Theme. Here Are a Few Looks We Need to See,Stylist Law Roach has the perfect way to honor designer Bob Mackie’s impact on fashion. Here are some looks we’d like to see if his vision comes true!,theroot.com,2026-09-16,Beauty + Style,Shanelle Genai,https://www.theroot.com/law-roach-says-bob-mackie-should-be-the-next-met-gala-t-2000126226
Expert: What Black Patients Need to Know About Hair Transplant Tourism,"A full head of hair can restore confidence, but Black American patients should understand their unique risks before booking the procedure abroad.",theroot.com,2026-09-16,Health,Shellie M. Scott,https://www.theroot.com/expert-what-black-patients-need-to-know-about-hair-tra-2000126231
"The Wayans Are Comedy Legends, Now Damon Jr. Thinks They Could Become Even Bigger",Damon Wayans Jr. is pitching a new way for his famous family to expand their entertainment empire. And it might actually work. Let’s get into it!,theroot.com,2026-09-16,Entertainment,Shanelle Genai,https://www.theroot.com/the-wayans-are-comedy-legends-now-damon-jr-thinks-the-2000126342
Tisha Campbell Reveals Her Own Autism and ADHD Diagnosis: ‘I Have AuDHD’,The “Martin” star got her answer only after finishing a memoir about raising her autistic son and says she finally knows herself.,theroot.com,2026-09-16,Culture,B.Kadijat Towolawi,https://www.theroot.com/tisha-campbell-reveals-her-own-autism-and-adhd-diagnosi-2000126298
Developer Indicted After HBCU Paid Millions for a Field That Was Never Built,A Florida developer was just indicted for allegedly stealing millions from Allen University—money meant for a new HBCU football stadium—to fund a lavish lifestyle.,theroot.com,2026-09-16,Crime,Angela Wilson,https://www.theroot.com/developer-indicted-after-hbcu-paid-millions-for-a-field-2000126277
Inside the Controversy That Brought Down One of Georgia’s Youngest Mayors in History,"Jayden Williams became Stockbridge’s youngest mayor, but allegations surrounding his conduct quickly turned a political breakthrough into a public crisis.",theroot.com,2026-09-16,Culture,Phenix S Halley,https://www.theroot.com/inside-the-controversy-that-brought-down-one-of-georgia-2000126275
Chris Brown Responds to Congressional Honor Backlash,"Chris Brown’s honor from Rep.Jasmine Crockett may have been well-intentioned, but it’s since turned into a truly messy situation and now he’s speaking out. Let’s get into it!",theroot.com,2026-09-16,Entertainment,Shanelle Genai,https://www.theroot.com/chris-brown-responds-to-congressional-honor-backlash-2000126280
13 Black Couples Who Make Love Look Good,"From longtime marriages to second-chance love stories, these couples are giving us chemistry, commitment and plenty to root for.",theroot.com,2026-09-16,Black Joy,Ty Cole,https://www.theroot.com/13-black-couples-who-make-love-look-good-2000125849
McKenna West Takes Custody Battle to the Supreme Court,"The surrogate is asking the Supreme Court to intervene, warning that the fragile newborn could be removed from a Texas hospital and taken to California by his biological parents.",theroot.com,2026-09-16,Black Maternal Healthcare,Phenix S Halley,https://www.theroot.com/mckenna-west-takes-custody-battle-to-the-supreme-court-2000126345
Grab a Tissue: This Viral Trend Honors Dads’ Unspoken Sacrifices,"The “Step Forward” challenge asks kids to take a step for every way their dad showed up for them, leaving many to realize their dads never had the same support.",theroot.com,2026-09-16,Culture,Angela Wilson,https://www.theroot.com/grab-a-tissue-this-viral-trend-honors-dads-unspoken-sa-2000126326
This Security Guard-Turned-Doula is Helping Black Moms Feel Safe,"Teddy Gant went from working as a security guard to becoming a full-time doula. Now, he’s helping Black families with safer maternal care.",theroot.com,2026-09-16,Health,Shellie M. Scott,https://www.theroot.com/this-security-guard-turned-doula-is-helping-black-moms-2000126317
Black Celebs Who Have Stars On the Hollywood Walk of Fame,Nia Long is one of the latest Black celebrities to receive a star on the Hollywood Walk of Fame. Check out our list of other Black honorees.,theroot.com,2026-09-16,Entertainment,Shanelle Genai,https://www.theroot.com/black-celebs-who-have-stars-on-the-hollywood-walk-of-fa-2000074632
NAACP CEO Derrick Johnson Slams the Protect College Sports Act,"On SportsCenter, Johnson slammed the Protect College Sports Act for a proposed cap on Black student-athletes’ open-market earning power.",theroot.com,2026-09-16,Culture,Rashad Grove,https://www.theroot.com/naacp-ceo-derrick-johnson-slams-the-protect-college-spo-2000126325
JAŸ-Z’s Next Big Move May Surprise You,"JAŸ-Z has done it all. He’s released platinum-selling albums, sold out stadiums worldwide this year, and revisited Reasonable Doubt, his 1996 debut that became one of hip-hop’s foundational texts—and still slaps when the beat drops. He built Roc Nation into an entertainment powerhouse and helped reshape the Super Bowl Halftime Show through the company’s partnership with […]",ebony.com,2026-09-16,Entertainment,,https://www.ebony.com/jay-z-next-big-move-unveiled-jayz-in-8-premiere/
Trump Clashes With Black Congresswoman Over the Kennedy Center,"Trump and Rep. Joyce Beatty clashed over the Kennedy Center’s closure, renovations and efforts to place his name on the building.",theroot.com,2026-09-16,News,Phenix S Halley,https://www.theroot.com/trump-clashes-with-black-congresswoman-over-the-kennedy-2000126242
Kanye West ex-staffer seeks up to $23M in discrimination lawsuit over dreadlocks,The Benjamin Provo lawsuit seeks up to $23 million from Kanye West over alleged discrimination tied to the former employee’s dreadlocks.,thegrio.com,2026-09-16,Entertainment,Odafe Oghen,https://thegrio.com/2026/09/16/benjamin-provo-lawsuit-kanye-west-dreadlocks/
Deion Sanders explains viral moment that looked like he was speaking in tongues after Colorado win,"Deion Sanders explains why he appeared to be speaking in tongues after Colorado’s win over Weber State, calling the moment a spontaneous",thegrio.com,2026-09-16,News,Bolarinwa Oladeji,https://thegrio.com/2026/09/16/deion-sanders-speaking-in-tongues-prayer-weber-state/
The Keto Diet Cut Liver Fat By 67% In A New Trial – Here’s Who It Actually Helps,"Is the ketogenic diet safe? A new trial cut liver fat by 67%, but the answer depends on who follows it. Here's what the research shows.",blavity.com,2026-09-16,Health,Tyler-Christian Daniels,https://blavity.com/ketogenic-diet
Would You Vacation On A Former Plantation?,"São Tomé’s roças are becoming hotels, raising questions about tourism, forced labor, preservation, and who benefits from their revival.",travelnoire.com,2026-09-16,Culture,Faith Katunga,https://travelnoire.com/sao-tome-principe-plantation-hotels
Pusha T And Pharrell Venture Into The Coffee Business Together With ‘Grindin’ Coffee’,"Long-time collaborators Pharrell and Pusha T have decided to bottle what fueled their hustle in the music business. In partnership with Italian coffee roaster Lavazza, the two have launched “Grindin’ Coffee,” drawing inspiration from the synonymous track that was featured on Pusha T’s debut album alongside his brother Malice. Pusha T and Malice make up… Continue reading Pusha T And Pharrell Venture Into The Coffee Business Together With ‘Grindin’ Coffee’",afrotech.com,2026-09-16,Technology,Shanique Yates,https://afrotech.com/pusha-t-and-pharrell-debut-grindin-coffee-brand
Steven Bartlett’s Media Company Partners With Authentic Brands Group To Turn Creators Into Global Businesses,"Steven Bartlett continues to pour into the creator economy. Bartlett started out by turning a $100 microphone from the Apple Store into a podcast career, according to his LinkedIn. He is the brains behind “The Diary Of A CEO,” a podcast that started in his bedroom in Manchester, England, and has grown to more than… Continue reading Steven Bartlett’s Media Company Partners With Authentic Brands Group To Turn Creators Into Global Businesses",afrotech.com,2026-09-16,Business,Samantha Dorisca,https://afrotech.com/steven-bartletts-new-platform-to-turn-creators-into-global-businesses
22-Year-Old WNBA Player Flau’jae Johnson Buys An Additional 15 Acres After Previously Purchasing Property In 2025 — ‘This Land Represents More Than Just An Investment For Me‘,"Generational wealth is a focus area for 22-year-old WNBA player Flau’jae Johnson. Before Johnson was drafted to the league, she was already securing name, image, and likeness (NIL) deals while playing for the Louisiana State University (LSU) Tigers women’s basketball team. She had a $1.5 million NIL valuation and deals with Apple Cash, The Athlete’s Foot,… Continue reading 22-Year-Old WNBA Player Flau’jae Johnson Buys An Additional 15 Acres After Previously Purchasing Property In 2025 — ‘This La…",afrotech.com,2026-09-16,Business,Samantha Dorisca,https://afrotech.com/flaujae-johnson-purchases-additional-15-acres-of-land-for-a-commercial-property
"PreCheck Travelers, You Might Not Have To Dump That Full Water Bottle At TSA Anymore",TSA officials are reportedly considering allowing PreCheck travelers to pass through select airport checkpoints with filled water bottles.,travelnoire.com,2026-09-16,Travel News,Natasha Decker,https://travelnoire.com/tsa-precheck-full-water-bottles
One Of Houston’s Most Stunning Restaurants Is Proof You Don’t Have To Dream Small,"Inside the Houston Black-owned restaurant where crystal chandeliers, a rotating French menu, and a two-decade love story come together.",travelnoire.com,2026-09-16,Culture,Mitti Hicks,https://travelnoire.com/black-owned-cocody-restaurant-houston
Viola Davis to receive Gregory Peck Award at San Diego Film Festival,Viola Davis will receive the Gregory Peck Award for Cinematic Excellence at the San Diego International Film Festival on Oct. 13.,thegrio.com,2026-09-16,Entertainment,Odafe Oghen,https://thegrio.com/2026/09/16/gregory-peck-award-viola-davis-san-diego/
Big Tigger thanks supporters and takes stock after aggravated battery charges are dropped,"Big Tigger addressed the dismissal of aggravated battery and child cruelty charges during an Instagram Live, saying his history worked in his",thegrio.com,2026-09-16,Entertainment,Bolarinwa Oladeji,https://thegrio.com/2026/09/16/big-tigger-charges-dropped-instagram-live/
Maxine Waters sounds alarm on AI risks in heated exchange with Scott Bessent,Rep. Maxine Waters had a heated exchange with Treasury Secretary Scott Bessent over the Trump administration's approach to artificial,thegrio.com,2026-09-16,News,Bolarinwa Oladeji,https://thegrio.com/2026/09/16/maxine-waters-bessent-ai-hearing-exchange/
How Claressa Shields Built Her Net Worth & Negotiated The Largest Contracts In Women’s Boxing History,"Claressa Shields has built one of the most accomplished résumés in boxing after coming from humble beginnings in Flint, Michigan. From winning Olympic gold medals in 2012 and 2016 to amassing professional championships across five weight classes, Shields has become undisputed in three divisions, securing one of the richest contracts ever awarded to a female… Continue reading How Claressa Shields Built Her Net Worth & Negotiated The Largest Contracts In Women’s Boxing History",afrotech.com,2026-09-16,Business,Precious Gibson,https://afrotech.com/claressa-shields-net-worth
Joyce Beatty says Trump ‘went into a tantrum’ following Kennedy Center court loss,The Beatty Trump clash unfolded after a judge again blocked efforts to put Donald Trump’s name on the Kennedy Center.,thegrio.com,2026-09-16,Politics,Odafe Oghen,https://thegrio.com/2026/09/16/beatty-trump-clash-kennedy-center/
Tyra Banks seeks unaired Miss J footage in Netflix defamation lawsuit,The Tyra Banks lawsuit seeks unaired Miss J and Jay Manuel footage as Netflix producers oppose her discovery requests.,thegrio.com,2026-09-16,Television,Odafe Oghen,https://thegrio.com/2026/09/16/tyra-banks-lawsuit-miss-j-footage/
Family alleges Texas abortion restrictions contributed to woman’s preventable death,"Tierra Walker’s family sues Ken Paxton, University Health and doctors, alleging Texas abortion restrictions contributed to her 2024 death",thegrio.com,2026-09-16,Health,Bolarinwa Oladeji,https://thegrio.com/2026/09/16/tierra-walker-texas-abortion-lawsuit-ken-paxton/
Octavia Spencer revisits Hollywood pay disparity in candid conversation with Keke Palmer,"Octavia Spencer discusses Hollywood pay disparity with Keke Palmer, revisiting how Jessica Chastain helped her secure equal compensation and",thegrio.com,2026-09-16,Entertainment,Bolarinwa Oladeji,https://thegrio.com/2026/09/16/octavia-spencer-keke-palmer-hollywood-pay-disparity/
Barack Obama announces death of beloved family dog Sunny,"Barack Obama announces the death of Sunny, the beloved Portuguese Water Dog who joined the Obama family in 2013 and spent 13 years by their",thegrio.com,2026-09-16,News,Bolarinwa Oladeji,https://thegrio.com/2026/09/16/barack-michelle-obama-sunny-dog-death/
Master P recalls a stranded Michael Jackson asking him how to get a bus out of New York after 9/11,"Master P recalled helping Michael Jackson secure a bus out of New York City after the 9/11 attacks grounded flights, sharing the story on Cam",thegrio.com,2026-09-16,Entertainment,Bolarinwa Oladeji,https://thegrio.com/2026/09/16/master-p-michael-jackson-bus-9-11-story/
63 Years Later: Remembering the Four Black Girls Murdered in Birmingham’s Church Bombing,"On Sept. 15, 1963, a Klan bomb killed Addie Mae Collins, Cynthia Wesley, Carole Robertson and Carol Denise McNair. Sixty-three years later, a new center opens steps from where they died.",theroot.com,2026-09-15,News,Angela Wilson,https://www.theroot.com/63-years-later-remembering-the-four-black-girls-murder-2000126066
Prince Harry and Meghan Markle Pull Kids From School After Just Two Days Over Security Concerns,"After only two days at their new school, Prince Harry and Meghan Markle’s kids, Archie and Lilibet, have been pulled from class due to security concerns.",theroot.com,2026-09-15,News,Mahalia Otshudy,https://www.theroot.com/prince-harry-and-meghan-markle-pull-kids-from-school-af-2000126040
SCOTUS Just Put the Brakes on Trump’s Mail-Voting Push,"With the midterms around the corner, the Supreme Court says the mail-voting rules voters already know can stay–for now, anyway.",theroot.com,2026-09-15,News,Phenix S Halley,https://www.theroot.com/scotus-just-put-the-brakes-on-trumps-mail-voting-push-2000126058
13 Cool Street Style Looks Spotted During New York Fashion Week,"From bold prints to effortless model-off-duty looks, these stylish New Yorkers brought plenty of personality to the streets during Fashion Week.",theroot.com,2026-09-15,Beauty + Style,Asheea Smith,https://www.theroot.com/13-cool-street-style-looks-spotted-during-new-york-fash-2000125962
7 Black Women Who Could Be the WNBA’s Next Commissioner,"From former Hall of Famers to business pioneers, these seven leaders possess the strategic vision, player trust, and executive pedigree to shape the future of women’s basketball.",theroot.com,2026-09-15,Culture,Rashad Grove,https://www.theroot.com/7-black-women-who-could-be-the-wnbas-next-commissioner-2000126137
Sergio Hudson Makes Power Dressing Sexy Again for Spring 2027,"Ten years into building his namesake fashion house, Sergio Hudson is still thinking about the dream he had long before the runways, celebrity clients and New York Fashion Week shows. “It’s such a full-circle moment, because I saw this vision when I was a little kid,” Hudson told EBONY backstage ahead of his Spring/Summer 2027 […]",ebony.com,2026-09-15,Fashion,,https://www.ebony.com/sergio-hudson-makes-power-dressing-sexy-again-for-spring-2027/
Fashion Trainwrecks From the 2026 Emmys,"While it was raining gold statuettes inside the Emmys, the red carpet saw a myriad of colors, patterns, and questionable looks. Let’s get into it!",theroot.com,2026-09-15,Beauty + Style,Shanelle Genai,https://www.theroot.com/fashion-trainwrecks-from-the-2026-emmys-2000126003
The Trump Administration Makes Its Case Against Evanston’s Reparations Program,"Evanston’s reparations program is facing a federal challenge, raising questions about racial justice, discrimination and who should receive compensation.",theroot.com,2026-09-15,Culture,Phenix S Halley,https://www.theroot.com/the-trump-administration-makes-its-case-against-evansto-2000126068
How Tyler Perry’s Latest Move Could Change The Game in Black Hollywood,Tyler Perry is set to make some major career changes in 2027. But how will his moves affect what he’s already built?,theroot.com,2026-09-15,Entertainment,Shanelle Genai,https://www.theroot.com/how-tyler-perrys-latest-move-could-change-the-game-in-b-2000126098
Violence Continues to Haunt Chicago’s Drill Scene as Rapper BloodHound Q50 Killed at 22,"Chicago rapper BloodHound Q50 was killed in a South Side ambush, highlighting the violence and online speculation surrounding the city’s drill rap scene.",theroot.com,2026-09-15,Entertainment,Phenix S Halley,https://www.theroot.com/violence-continues-to-haunt-chicagos-drill-scene-as-rap-2000126185
The Black Designers We Can’t Stop Talking About After New York Fashion Week,"From bold color to sharp tailoring, these Black designers made some of the biggest statements at New York Fashion Week.",theroot.com,2026-09-15,Beauty,Ty Cole,https://www.theroot.com/the-black-designers-we-cant-stop-talking-about-after-ne-2000125651
Racist Incidents at High School Events Are Raising Alarms Across the Country,"Recent incidents at school sporting events in three states have prompted investigations, student protests and renewed calls for accountability.",theroot.com,2026-09-15,Culture,Phenix S Halley,https://www.theroot.com/racist-incidents-at-high-school-events-are-raising-alar-2000126198
Sunny Hostin Licensed Her Likeness to AI and the Internet Has a Lot to Say,‘The View’ co-host is defending her decision to partner with an AI company on film adaptations of her book series. But not everyone online is convinced that it’s a good idea.,theroot.com,2026-09-15,Entertainment,Samantha Chery,https://www.theroot.com/sunny-hostin-licensed-her-likeness-to-ai-and-the-intern-2000126214
CBC Institute launches multimillion-dollar Black voter campaign as leaders call out Democratic Party failures,"The “SO VOTE” campaign will target young, rural and low-propensity Black voters in consequential races across the country.",thegrio.com,2026-09-15,Politics,Gerren Keith Gaynor,https://thegrio.com/2026/09/15/cbc-institute-black-voter-campaign-democratic-party-failures/
Congressional Black Caucus Institute Launches SO VOTE Initiative to Mobilize Black Voters,"SO VOTE, a multimillion-dollar initiative from the Congressional Black Caucus Institute, will re-engage Black voters through innovative community outreach and digital strategies ahead of the 2026 midterms.",theroot.com,2026-09-15,Politics,Asheea Smith,https://www.theroot.com/congressional-black-caucus-institute-launches-so-vote-i-2000126020
Trump Snaps At Black Journalist Rachel Scott Again Over Questions About Trillion-Dollar Payout Promise,"President Trump has yet again snapped at a woman reporter, this time angrily responding to questions from a correspondent whom he has insulted in the past. The latest blowup, related to the president’s wild election promise, adds to a long list of Trump attacking members of the press and especially women in journalism. Trump gets… Continue reading Trump Snaps At Black Journalist Rachel Scott Again Over Questions About Trillion-Dollar Payout Promise",blavity.com,2026-09-15,Politics,Christopher Rhodes,https://blavity.com/trump-snaps-at-rachel-scott-again-over-payout-promise
An Arrest In Tasia Fortune’s Hanging Death Puts A Spotlight On The Crisis Of Black Femicide,"This story discusses suicide, lynching and violence against Black women. If you or someone you know is struggling, the 988 Suicide & Crisis Lifeline is available by call or text, 24/7. Police have finally made an arrest in the case of Tasia Fortune, one of a number of Black people found hanging. A number of… Continue reading An Arrest In Tasia Fortune’s Hanging Death Puts A Spotlight On The Crisis Of Black Femicide",blavity.com,2026-09-15,News,Christopher Rhodes,https://blavity.com/arrest-in-tasia-fortune-death
Mychal Threets Shares Gratitude For Doctors Following Psychiatric Hold,"""Reading Rainbow"" host Mychal Threets has completed a five-day psychiatric hold. Here is what inpatient care provides and its limits.",blavity.com,2026-09-15,Conditions &Amp; Care,Tyler-Christian Daniels,https://blavity.com/mychal-threets-psychiatric-hold
Jalen Hurts steps up again for Philly schools with $600K donation for air conditioning,"After donating $200,000 for AC units in 2024, the Eagles quarterback is making his foundation’s largest gift yet. Jalen Hurts",thegrio.com,2026-09-15,Lifestyle,Brandon Caldwell,https://thegrio.com/2026/09/15/jalen-hurts-600k-donation-air-conditioning-philadelphia-school/
"Mamdani, Other Mayors Sue Trump Over Rule Denying Green Cards To Immigrants Who Use Public Aid",New York City Mayor Zohran Mamdani is joining several other mayors around the country to file a joint lawsuit against Donald Trump's immigration policies.,blavity.com,2026-09-15,Politics,Tomas Kassahun,https://blavity.com/mamdani-other-mayors-sue-trump-over-rule-denying-green-cards
Mother Emanuel Memorial Marks a New Chapter in the Legacy of the Emanuel Nine,"The day of June 17, 2015 changed the lives of many. For many Black Americans and beyond, the massacre that took place at Mother Emanuel AME Church inflicted a deep sense of communal grief and weariness lingering within Black Americans. The community of Charleston, SC were forced to grieve nine lives while simultaneously supporting five […]",ebony.com,2026-09-15,Black Culture History Articles,,https://www.ebony.com/mother-emanuel-memorial-marks-a-new-chapter-in-the-legacy-of-the-emanuel-nine/
Mojo Brookzz lands his first Netflix special with ‘I Know You Lying’,"Chicago comedian Mojo Brookzz will debut his first Netflix special, ""I Know You Lying,"" on Oct. 6, filmed at Atlanta's Center Stage Theatre.",thegrio.com,2026-09-15,Entertainment,Bolarinwa Oladeji,https://thegrio.com/2026/09/15/mojo-brookzz-netflix-special-i-know-you-lying/
Albania Could Be That Trip In 2027: Here’s Why Travel Experts Say It’s One To Watch,"Albania, Hong Kong, and Egypt are emerging as destinations to watch for 2027 as new booking data reveals strong travel growth.",travelnoire.com,2026-09-15,Plan &Amp; Shop,Faith Katunga,https://travelnoire.com/2027-travel-destinations-albania-hong-kong-egypt
Tyler Perry’s ‘Why Did I Get Married Again’ Fell Short of its Potential,"Tyler Perry’s Why Did I Get Married Again had the right intention but a flawed approach, and it’s more than just being shot over a few days. The film — which unsurprisingly felt more like a stage play — premiered on Netflix nearly 20 years after viewers watched Sheila drive up that mountain to save her marriage […]",ebony.com,2026-09-15,Entertainment,,https://www.ebony.com/tyler-perry-why-did-i-get-married-again-fell-short-review/
What Does it Mean to be Recognized in the Congressional Record?,"Jasmine Crockett, U.S. Representative of Texas, along with State Representative Venton Jones, presented Chris Brown with a congressional record of recognition for his contributions as a performer during his September 12 tour stop in Arlington, Texas. The gesture has left many people confused about the timing of the recognition and the intention behind Rep. Crockett’s actions. But […]",ebony.com,2026-09-15,Culture,,https://www.ebony.com/what-does-it-mean-rcongressional-record/
"Celeb Love Check: Sterling K. Brown’s Date Night, LeBron James’ 13th, Simone Biles’ Cheer Moves","From anniversaries to the red carpet and the field, these celebs are keeping us in check on how Black love shines. LeBron and Savannah James’ Anniversary Moment LeBron and Savannah James marked a special moment on September 14: their 13th wedding anniversary. The newly minted Philadelphia 76er marked the occasion on his Instagram with a […]",ebony.com,2026-09-15,Celebrity,,https://www.ebony.com/celeb-love-check-sterling-k-brown-lebron-james-simone-biles/
From Mofongo to Acarajé: 8 Latin American foods shaped by African influence,"For Hispanic Heritage Month, explore eight Latin American and Caribbean foods shaped by African culinary traditions.",thegrio.com,2026-09-15,Featured,Jahaura Michelle,https://thegrio.com/2026/09/15/latin-american-foods-shaped-by-african-influence/
"Chris Brown rejects Texas honor, accuses Venton Jones of ‘tap dancing’ after apology","Hours after Texas State Rep. Venton Jones apologized for appearing with Chris Brown, Brown hit back at him, saying he was ""tap dancing.""",thegrio.com,2026-09-15,Entertainment,Brandon Caldwell,https://thegrio.com/2026/09/15/chris-brown-venton-jones-response-recognition/
Ed Sheeran loses all supporting acts after Macklemore is dropped over pro-Palestine stance,The remaining supporting acts for Ed Sheeran's tour have all dropped out in solidarity with Macklemore regarding his stance on Palestine.,thegrio.com,2026-09-15,Entertainment,Brandon Caldwell,https://thegrio.com/2026/09/15/ed-sheeran-addresses-macklemore-dropped-tour/
Ryan Clark is back on air—on his own terms—with ‘Pivot Sports’,"“I’m not lamenting what was lost,” Ryan Clark is rewriting the sports media playbook following his ESPN exit with “The Pivot Sports.”",thegrio.com,2026-09-15,Entertainment,Haniyah P.,https://thegrio.com/2026/09/15/ryan-clark-is-back-on-air-on-his-own-terms-with-pivot-sports/
Trump lashes out at Supreme Court after justices block his mail-voting restrictions,Trump attacks the Supreme Court after justices block his attempt to change mail voting rules ahead of the 2026 midterms.,thegrio.com,2026-09-15,Politics,Peter Kerich,https://thegrio.com/2026/09/15/trump-mail-voting-supreme-court-ruling/
Reflecting on Pilates: Celebrating 100 years of Wellness,"Over the past few years, I’ve become increasingly fond of Pilates for its holistic benefits. It allows me to prioritize both physical and mental wellness while building core stability, improving focus, and bringing greater awareness to my body. As I navigate my thirties and the changes that come with them, Pilates has felt like a […]",ebony.com,2026-09-15,Health,,https://www.ebony.com/reflecting-on-pilates-celebrating-100-years-of-wellness/
Chris Brown shows love to Jasmine Crockett after controversial congressional recognition,The singer thanked Crockett after she moved to recognize his musical contributions in the Congressional Record.,thegrio.com,2026-09-15,Entertainment,Bolarinwa Oladeji,https://thegrio.com/2026/09/15/chris-brown-thanks-jasmine-crockett-texas-honor/
The Slow Disappearance of Black Studies on College Campuses,Northwestern is the latest university to restructure its program as the Trump administration continues to target DEI in higher education.,capitalbnews.org,2026-09-15,,Alecia Taylor,https://capitalbnews.org/black-studies-programs-college-cuts/
NMAAHC Is Turning 10 — Here’s What’s Going Down At Its 4-Day DC Celebration,"The National Museum of African American History and Culture is celebrating its 10th birthday with a four-day celebration Washington, D.C.",travelnoire.com,2026-09-15,Culture,Natasha Decker,https://travelnoire.com/nmaahc-10th-anniversary-the-reunion
Kwanza Jones Built A $4.5B Net Worth And Made History As MLB’s First Black Female Majority Owner,"Kwanza Jones’ name has been buzzing in sports headlines after she made history as the first African-American woman to become a majority owner of a Major League Baseball team. In August 2026, it was announced that she and her husband, billionaire investor José E. Feliciano, took control of the San Diego Padres. Their ownership group… Continue reading Kwanza Jones Built A $4.5B Net Worth And Made History As MLB’s First Black Female Majority Owner",afrotech.com,2026-09-15,Business,Precious Gibson,https://afrotech.com/kwanza-jones-net-worth
Cheryl Finley Is Turning A $50K Prize Into More Pipelines For Black Talent In Art History And Luxury,"Cheryl Finley’s mission to diversify the arts continues as the winner of the High Museum of Art’s 2026 David C. Driskell Prize. Through a partnership with LVMH in Paris, a group of Spelman students traveled to the city for an immersive dive into luxury and fashion leadership, opening doors that a typical museum internship for… Continue reading Cheryl Finley Is Turning A $50K Prize Into More Pipelines For Black Talent In Art History And Luxury",afrotech.com,2026-09-15,Career,Shanique Yates,https://afrotech.com/cheryl-finley-pipelines-black-talent-art-history
Beyoncé’s Award-Winning Haircare Brand Cécred Is Expanding To The UK,"Cécred is expanding. Beyoncé founded the award-winning, science-backed haircare brand for all hair types with help from her mother, Tina Knowles, as well as CEO Grace Ray, who has experience at Smashbox and L’Oréal. The venture was self-funded, an intentional decision by Beyoncé from the outset, which made way for building a research laboratory and… Continue reading Beyoncé’s Award-Winning Haircare Brand Cécred Is Expanding To The UK",afrotech.com,2026-09-15,Business,Samantha Dorisca,https://afrotech.com/cecred-is-expanding-to-uk
Barack Obama Says Democratic Party Needs To Establish A Clear Framework For AI,"Barack Obama says the Democratic Party needs a “clear” plan for AI. The New York Times reports that the former president spoke at a private fundraising event in Manhattan with party donors and lawmakers. He suggested actions the party should take if it wins the House in the upcoming midterm elections. Specifically, Obama advised House Minority Leader… Continue reading Barack Obama Says Democratic Party Needs To Establish A Clear Framework For AI",afrotech.com,2026-09-15,Technology,Samantha Dorisca,https://afrotech.com/barack-obama-says-democrats-need-a-clear-framework-for-ai
"Despite a star-studded field of nominees, only one Black actor won a Primetime Emmy this year","Among a star-studded field, Ernest Harden Jr.’s historic “The Pitt” win was the Emmys’ only win for a Black actor or show.",thegrio.com,2026-09-15,Featured,Brandon Caldwell,https://thegrio.com/2026/09/15/2026-primetime-emmy-awards-winners-one-black-actor/
Gavin Newsom rules out 2028 presidential run if Kamala Harris enters the race,Gavin Newsom says he would not run for president in 2028 if Kamala Harris seeks the Democratic nomination.,thegrio.com,2026-09-15,Politics,Peter Kerich,https://thegrio.com/2026/09/15/gavin-newsom-kamala-harris-2028-presidential-race/
‘I apologize’: Texas Rep. Venton Jones addresses Black women after backlash over Chris Brown recognition,"Texas State Rep. Venton Jones is apologizng to Black women days after honoring Chris Brown during the ""R&B Tour"" in Dallas.",thegrio.com,2026-09-15,News,Brandon Caldwell,https://thegrio.com/2026/09/15/venton-jones-apology-chris-brown-recognition/
"‘Cost of living is at the top of the ballot’: Keisha Lance Bottoms, Jon Ossoff rally Georgia voters","Bottoms pitched proposals on housing, tuition and grocery taxes as Ossoff urged voters frustrated by rising costs to stay engaged.",thegrio.com,2026-09-15,Politics,Peter Kerich,https://thegrio.com/2026/09/15/ossoff-bottoms-athens-rally-economy/
Vineyard Icon Founder Erin Goldson on Building a Cultural Institution and the Scholarship Program That Followed,"Martha’s Vineyard has always been a gathering place. Every August, it fills with Black executives, creatives, public servants, artists, and families who have been making the trip for generations. What it did not have — until Erin Goldson decided to build it with Vineyard Icon — was a room designed to honor all of them. […]",ebony.com,2026-09-15,Culture,,https://www.ebony.com/vineyard-icon-founder-erin-goldson-building-cultural-institution-scholarship/
HYROX faces backlash after athlete continued competing after soiling herself during race,"HYROX apologizes for an athlete continuing a Beijing race after soiling herself, sparking concerns over hygiene and athlete welfare.",thegrio.com,2026-09-15,Sports,Peter Kerich,https://thegrio.com/2026/09/15/hyrox-apologizes-athlete-beijing-race-incident/
Floyd Mayweather’s daughter Yaya ordered to pay $50 million over 2020 stabbing,Iyanna “Yaya” Mayweather was found financially responsible for damages stemming from a confrontation involving NBA YoungBoy’s former partner.,thegrio.com,2026-09-15,News,Bolarinwa Oladeji,https://thegrio.com/2026/09/15/yaya-mayweather-50-million-stabbing-judgment/
Rihanna and A$AP Rocky’s daughter Rocki turns 1 with an adorable mother-daughter fashion moment,Rihanna and her youngest child coordinated in pink as the family celebrated Rocki Irish Mayers’ first birthday.,thegrio.com,2026-09-15,Entertainment,Bolarinwa Oladeji,https://thegrio.com/2026/09/15/rihanna-daughter-rocki-first-birthday-pink/
Gladys Knight’s son claims her husband is pushing her to perform despite health concerns,Shanga Hankerson’s allegations deepen a public family dispute over the 82-year-old singer’s touring schedule and well-being.,thegrio.com,2026-09-15,Entertainment,Bolarinwa Oladeji,https://thegrio.com/2026/09/15/gladys-knight-son-husband-touring-health-concerns/
"Jayden Williams, Georgia’s youngest Black mayor, removed from office after investigation","Jayden Williams, who became Stockbridge’s youngest mayor at 22, disputed the investigation’s findings and plans to consider an appeal.",thegrio.com,2026-09-15,News,Bolarinwa Oladeji,https://thegrio.com/2026/09/15/stockbridge-residents-question-jayden-williams-removal/
Dave Chappelle will open New York Comedy Festival with Madison Square Garden tour finale,The comedian joins the festival lineup as he announces a new slate of phone-free arena shows across North America.,thegrio.com,2026-09-15,Entertainment,Bolarinwa Oladeji,https://thegrio.com/2026/09/15/dave-chappelle-tour-dates-new-york-comedy-festival/
Chris Rock embraces the expectations surrounding ‘Misty Green’ after TIFF world premiere,"Chris Rock discusses directing, TIFF and the growing buzz around his new film Misty Green ahead of its world premiere.",thegrio.com,2026-09-15,Entertainment,Peter Kerich,https://thegrio.com/2026/09/15/chris-rock-misty-green-buzz-and-the-pressure-to-deliver/
Lil Durk reflects on second chances and opportunity after murder-for-hire acquittal,"Lil Durk highlights his Neighborhood Heroes foundation and its youth programs, emphasizing education, opportunity and personal growth.",thegrio.com,2026-09-15,Entertainment,Bolarinwa Oladeji,https://thegrio.com/2026/09/15/lil-durk-neighborhood-heroes-youth-community-work/
#EmmysSoWhite returns as Black actors face another night of few televised acting wins,"Five years after the hashtag first went viral, viewers are asking the same question again: Are these awards worth Black stars' time?",thegrio.com,2026-09-15,Entertainment,Haniyah P.,https://thegrio.com/2026/09/15/emmyssowhite-returns-as-black-actors-face-another-night-of-few-televised-acting-wins/
"Tyler Perry says he won’t get married: ‘It’s not the marriage that bothers me, it’s the divorce’","Tyler Perry explains why he has no plans to marry, saying divorce is what concerns him, not the marriage itself.",thegrio.com,2026-09-15,Featured,Peter Kerich,https://thegrio.com/2026/09/15/tyler-perry-marriage-divorce/
National Voter Registration Day: Why Black voters are being urged to check their registration,"Voter-roll removals, changing election rules and redistricting are among the barriers advocates say could affect Black voters.",thegrio.com,2026-09-15,Politics,Gerren Keith Gaynor,https://thegrio.com/2026/09/15/national-voter-registration-day-black-voters/
Latto and 21 Savage make rare public appearance together at US Open,The longtime couple sat together in the stands months after welcoming their daughter and opening up about life as parents.,thegrio.com,2026-09-14,Featured,Odafe Oghen,https://thegrio.com/2026/09/14/latto-21-savage-outing-us-open/
James Talarico courts Black voters as Texas Senate race enters final stretch,James Talarico renews outreach to Black Texas voters at a Houston rally as he seeks to rebuild support ahead of the U.S. Senate election.,thegrio.com,2026-09-14,Politics,Peter Kerich,https://thegrio.com/2026/09/14/james-talarico-black-voters-houston-rally/
Beyoncé joins JAY-Z for star-studded premiere of his new HBO documentary series,"JAY-Z, Beyoncé, Tina Knowles and hip-hop stars attended the New York premiere of HBO's “JAŸ-Z IN 8” documentary series.",thegrio.com,2026-09-14,Entertainment,Peter Kerich,https://thegrio.com/2026/09/14/jay-z-in-8-premiere-beyonce-hip-hop-stars/
Could AI kill us all? Black experts say Black America can’t wait to find out,"Experts warn that as leaders sound alarms about AI threatening humanity, racial bias and other dangers are already harming Black communities.",thegrio.com,2026-09-14,Politics,Gerren Keith Gaynor,https://thegrio.com/2026/09/14/could-ai-kill-us-all-black-america-cant-wait-to-find-out/
Brandon Johnson officially launches reelection campaign for Chicago mayor,"The Chicago mayor formally launched his campaign Sunday, saying his administration has made progress but still has work to do.",thegrio.com,2026-09-14,Politics,Peter Kerich,https://thegrio.com/2026/09/14/brandon-johnson-reelection-chicago-mayor-2027/
3 Memphis daycare workers indicted in death of 6-year-old Winter Jones,The indictments follow a state investigation that found the daycare failed to follow several required transportation safety procedures.,thegrio.com,2026-09-14,News,Peter Kerich,https://thegrio.com/2026/09/14/memphis-daycare-death-winter-jones/
Papoose takes aim at Remy Ma in new diss track as divorce drama escalates,The Papoose Jezebel diss targets Remy Ma with cheating and ghostwriting accusations as the former couple’s divorce remains unresolved.,thegrio.com,2026-09-14,Featured,Odafe Oghen,https://thegrio.com/2026/09/14/papoose-jezebel-diss-remy-ma/
Cynthia Erivo receives standing ovation for ‘Prima Facie’ at Toronto Film Festival,The film marks Erivo’s first movie since “Wicked” and puts the Oscar-nominated star at the center of another demanding role.,thegrio.com,2026-09-14,Entertainment,Odafe Oghen,https://thegrio.com/2026/09/14/prima-facie-premiere-cynthia-erivo-tiff/
Jasmine Crockett honors Chris Brown and Usher with Congressional Record recognition,Crockett congressional recognition highlighted Chris Brown and Usher during their Texas R&B Tour stop at AT&T Stadium.,thegrio.com,2026-09-14,Entertainment,Odafe Oghen,https://thegrio.com/2026/09/14/crockett-congressional-recognition-chris-brown-usher/
Trump impeachment is back on the table. Here’s what Democrats could investigate if they win the House,"Hakeem Jeffries says Trump impeachment is possible as Democrats consider probes into his family finances, foreign gifts and decisions.",thegrio.com,2026-09-14,Politics,Gerren Keith Gaynor,https://thegrio.com/2026/09/14/trump-impeachment-is-back-on-the-table-heres-what-democrats-could-investigate-if-they-win-the-house/
Nia Long’s Hollywood legacy gets its flowers with Walk of Fame star,"Nia Long will receive the 2,857th Hollywood Walk of Fame star, honoring her decades-long career in film and television.",thegrio.com,2026-09-14,Entertainment,Peter Kerich,https://thegrio.com/2026/09/14/nia-long-hollywood-walk-of-fame-star/
"Sunny Hostin says AI could bypass Hollywood gatekeeping, Black creatives are raising concerns",Sunny Hostin says she licensed her image to an AI company to combat “gatekeeping” in Hollywood and get diverse stories on screens.,thegrio.com,2026-09-14,Entertainment,Haniyah P.,https://thegrio.com/2026/09/14/sunny-hostin-says-ai-could-bypass-hollywood-gatekeeping-black-creatives-are-raising-concerns/
"Macklemore removed from Ed Sheeran tour over ‘Free Palestine’ comments, suggests prominent NFL owner was involved","Macklemore has been dropped from Ed Sheeran's LOOP tour, suggesting NFL owner Robert Kraft had a hand in it due to his support for Palestine.",thegrio.com,2026-09-14,Entertainment,Brandon Caldwell,https://thegrio.com/2026/09/14/macklemore-removed-ed-sheeran-loop-tour-free-palestine/
How To Spot Dengue Fever Symptoms Early,"Get the facts on dengue fever. Learn how to spot early symptoms, understand health risks and protect yourself and your family.",blavity.com,2026-09-14,Conditions &Amp; Care,"Dr. Diana Rangaves, PharmD",https://blavity.com/dengue-fever
You May Not Have Heard of Triple-Negative Breast Cancer – And That’s A Problem,Triple-Negative Breast Cancer is more common among Black women but few have heard about it. Learning about this disease early can save lives.,blavity.com,2026-09-14,Branded Content,Tai Saint-Louis,https://blavity.com/have-you-heard-of-triple-negative-breast-cancer
"Boosie Says Trump Pardon Consultants Scammed Him Out Of $600,000 On ’60 Minutes’","Rapper Boosie showed up on the latest episode of 60 Minutes to call out the men he says scammed him out of tens of thousands of dollars with the false promise of a pardon from President Trump. The news program used the rapper’s story to examine the growing business of pardon peddling. Boosie calls out… Continue reading Boosie Says Trump Pardon Consultants Scammed Him Out Of $600,000 On ’60 Minutes’",blavity.com,2026-09-14,News,Christopher Rhodes,https://blavity.com/boosie-says-trump-pardon-consultants-scammed-him-on-60-minutes
‘The FCC Doesn’t Want You To See’: Kimmel Posts Talarico Interview ABC Pulled Under Threat,"Yet again, a late-night interview with the Democratic candidate for Texas’ open U.S. Senate seat has been pulled from airing after threats from the Federal Communications Commission. The latest act of apparent censorship repeats a disturbing pattern of Trump administration pressure on the media, a trend that may only increase as Republicans struggle to maintain… Continue reading ‘The FCC Doesn’t Want You To See’: Kimmel Posts Talarico Interview ABC Pulled Under Threat",blavity.com,2026-09-14,Politics,Christopher Rhodes,https://blavity.com/kimmel-posts-talarico-interview-abc-pulled-under-threat
Kai Cenat takes his creative vision beyond streaming with Vivet’s New York Fashion Week debut,"With Vivet’s debut, Kai Cenat is making his case as a designer even as critics question his influences, prices & rapid rise in the industry.",thegrio.com,2026-09-14,Featured,Haniyah P.,https://thegrio.com/2026/09/14/kai-cenat-takes-his-creative-vision-beyond-streaming-with-vivets-new-york-fashion-week-debut/
Todd Tucker says he and Kandi Burruss had an unconventional arrangement regarding threesomes for ‘most of our marriage’,"In a clip from 'Til Divorce Do Us Part,' Todd Tucker confirms a longstanding rumor about he and Kandi Burruss' sex life to Peter Thomas.",thegrio.com,2026-09-14,Lifestyle,Brandon Caldwell,https://thegrio.com/2026/09/14/todd-tucker-kandi-burruss-threesomes-til-divorce-do-us-part/
"In moment of atonement, Cam Newton issues public apology to Black women: ‘Trying to rehabilitate my relationship’","During his 'Funky Friday' interview with Gail Bean, Cam Newton took a moment to issue an apology to Black women, given his prior comments.",thegrio.com,2026-09-14,Lifestyle,Brandon Caldwell,https://thegrio.com/2026/09/14/cam-newton-black-women-apology/
"Meet Nurse Dolly, the internet’s new favorite children’s content creator","Health children’s content creator Nurse Dolly gained 50,000 new followers after she went viral following a comparison to Ms. Rachel.",thegrio.com,2026-09-14,Lifestyle,Kay Wicker,https://thegrio.com/2026/09/14/meet-nurse-dolly-the-internets-new-favorite-childrens-content-creator/
"Here’s What Gen Z Voters Care About Most, According To 50K Young People Surveyed","Gen Z is making its priorities clear as young voters prepare to have their voices heard in upcoming elections nationwide. What are the issues young voters care about the most? More than 50,000 Gen Zers across all 50 states and Washington, D.C., identified cost of living, immigration, healthcare, racism and reproductive rights as their top… Continue reading Here’s What Gen Z Voters Care About Most, According To 50K Young People Surveyed",blavity.com,2026-09-14,Politics,Jahaura Michelle,https://blavity.com/what-gen-z-voters-care-about
No Black Winners Emerged at the 2026 Emmy Broadcast. We Still Found Our Moments,"Let’s state the obvious: Black talent didn’t dominate the winners’ circle at the 2026 Emmys. For the first time in five years, not one actor of color won any of the Emmys’ major lead or supporting acting categories in last night’s live broadcast, despite plenty of nominees. Unfortunately, this seems to be in line with […]",ebony.com,2026-09-14,Entertainment,,https://www.ebony.com/moments-that-made-the-2026-emmys-feel-like-ours/
U.S. Supreme Court blocks Trump’s USPS mail voting restrictions: ‘Big victory for voters’,The Supreme Court blocked the Trump administration’s USPS mail ballot restrictions from taking effect ahead of the 2026 midterm elections.,thegrio.com,2026-09-14,Politics,Gerren Keith Gaynor,https://thegrio.com/2026/09/14/u-s-supreme-court-blocks-trumps-usps-mail-voting-restrictions-big-victory-for-voters/
"At 57, Tyler Perry says it’s ‘time to slow down’ as he plans Puerto Rico move",Tyler Perry says he's slowing down in terms of work and looking to relocate to Puerto Rico in 2027 to focus on raising his son.,thegrio.com,2026-09-14,Lifestyle,Brandon Caldwell,https://thegrio.com/2026/09/14/tyler-perry-puerto-rico-relocation/
Gladys Knight Speaks Out After Son’s Shocking Allegations That Her Husband Is Pushing Her to Perform,"Gladys Knight’s son continues to sound the alarm on his mother’s health. Now, the iconic singer is sharing an update on her plans to perform.",theroot.com,2026-09-14,Entertainment,Shanelle Genai,https://www.theroot.com/gladys-knight-speaks-out-after-sons-shocking-allegation-2000125682
8 Daughters of NBA Players Who Are Elite Volleyball Stars,"Carter Booth, Alexis Ewing, Kami Miner and Asjia O’Neal are among the daughters of NBA players building championship volleyball careers of their own — in college, in the pros and at the Olympics.",theroot.com,2026-09-14,Culture,Rashad Grove,https://www.theroot.com/8-daughters-of-nba-players-who-are-elite-volleyball-sta-2000125760
5 Reasons Why Mahershala Ali’s ‘Your Mother Your Mother Your Mother’ Is Worth the Watch,"Oscar-winning actor Mahershala Ali is trading in Blade for a stunning new action film, ‘Your Mother Your Mother Your Mother.’ Here’s why you need to tap in, ASAP!",theroot.com,2026-09-14,Entertainment,Shanelle Genai,https://www.theroot.com/5-reasons-why-mahershala-alis-your-mother-your-mother-y-2000125735
"Boosie Badazz Thought $600k Could Buy Him a Pardon. Now, He’s Lost the Money and Still Dealing With the Drama.","In a recent ’60 Minutes’ interview, Rapper Boosie Badazz said he’s still trying to recover $300,000 from lobbyists who promised him a presidential pardon from President Trump.",theroot.com,2026-09-14,Entertainment,Shanelle Genai,https://www.theroot.com/boosie-badazz-thought-600k-could-buy-him-a-pardon-now-2000115897
"A Timeline of the Ongoing Drama Between Remy Ma, Papoose, and Claressa Shields","The drama between Remy Ma, Papoose and Claressa Shields reached a fever pitch after the women traded jabs online and Papoose dropped a diss track.",theroot.com,2026-09-14,Entertainment,Angela Wilson,https://www.theroot.com/a-timeline-of-the-ongoing-drama-between-remy-ma-papoos-2000125742
The Best in Black Fashion From the 2026 Emmy Awards Red Carpet,"From Sterling K. Brown to Quinta Brunson, we’re watching the red carpet to see what all of your favorite Black stars are wearing on television’s biggest night.",theroot.com,2026-09-14,Entertainment,Angela Johnson,https://www.theroot.com/the-best-in-black-fashion-from-the-2026-emmy-awards-red-2000125870
Emmys So White: ‘Abbott Elementary’ and Black Hollywood Got Shut Out,The 2026 Primetime Emmys wound up being a deflating night for Black actors and projects.,theroot.com,2026-09-14,Entertainment,Shanelle Genai,https://www.theroot.com/emmys-so-white-abbott-elementary-and-black-hollywood-g-2000125907
Jalen Brunson’s post-championship victory lap takes him to the Emmys,Jalen Brunson is keeping his appearances. The NBA champion joined Mariska Hargitay during the Emmys opening number.,thegrio.com,2026-09-14,Entertainment,Brandon Caldwell,https://thegrio.com/2026/09/14/jalen-brunson-mariska-hargitay-emmy/
2026 Emmys Red Carpet: The Best Black Celebrity Fashion Moments,"Awards season is officially back, and if the 2026 Emmy Awards red carpet told us anything, it’s that Black Hollywood came ready to dress. There wasn’t one big trend controlling the evening, and that was probably for the best. Instead, the carpet became a mix of feathers, corsetry, exaggerated proportions, romantic gowns and menswear that […]",ebony.com,2026-09-14,Fashion,,https://www.ebony.com/2026-emmys-red-carpet-the-best-black-celebrity-fashion-moments/
Obama’s Blunt AI Warning to Democrats,"At a closed-door fundraiser, the former president told Hakeem Jeffries that AI is moving too fast in private hands — and that whoever runs in 2028 better have a plan.",theroot.com,2026-09-14,News,Phenix S Halley,https://www.theroot.com/obamas-blunt-ai-warning-to-democrats-2000125700
What happened when an artist put a Black woman on a pedestal in London,"Last week, the celebrated American contemporary artist Tschabalala Self unveiled “The Lady in Blue” in London’s famous Trafalgar Square.",thegrio.com,2026-09-14,Lifestyle,Kay Wicker,https://thegrio.com/2026/09/14/what-happened-when-an-artist-put-a-black-woman-on-a-pedestal-in-london/
How Jhené Aiko Turned Ethereal R&B Into A Multi-Million-Dollar Net Worth,"Jhené Aiko has spent her career mastering a smooth R&B sound, which has long been compared to the likes of Sade and Erykah Badu. The Los Angeles native first made a name for herself as a teenager, later rebuilding her career independently and morphing into a seven-time Grammy nominee with albums, tours and high-profile collaborations.… Continue reading How Jhené Aiko Turned Ethereal R&B Into A Multi-Million-Dollar Net Worth",afrotech.com,2026-09-14,Entertainment,Precious Gibson,https://afrotech.com/jhene-aiko-net-worth
How Lynae Vanee Is Using Tech To Turn Political Information Into Action,"Lynae Vanee doesn’t want people to watch, like, and share her content for its own sake. She wants the information to go somewhere. Since launching her social media series “Parking Lot Pimpin’” during the COVID-19 pandemic, Vanee has used her platform to connect political information, history, and lived experience. As her work has expanded into… Continue reading How Lynae Vanee Is Using Tech To Turn Political Information Into Action",afrotech.com,2026-09-14,Entertainment,Josh Rodgers,https://afrotech.com/lynae-vanee-on-tech-and-political-access
"After Her Historic Night At State Farm Arena, Claressa Shields Wants Women’s Boxing Investment To Go Beyond The Purses","Claressa Shields has built a career defined by dominance in the ring and business success outside of it. On Aug. 15, Shields won by a technical knockout (TKO) in the sixth round against her opponent Kaye Scott, reclaiming the WBC and WBA middleweight titles. She also made history, but first, it is important to note… Continue reading After Her Historic Night At State Farm Arena, Claressa Shields Wants Women’s Boxing Investment To Go Beyond The Purses",afrotech.com,2026-09-14,Entertainment,Shanique Yates,https://afrotech.com/claressa-shields-on-womens-boxing-investment
Julia Collins’ Sustainability Intelligence Platform Raises $25M,"Julia Collins’s life as a founder was demystified early on because entrepreneurship was already in her DNA. She grew up in San Francisco in a family that talked about raising capital as well as the ups and downs of entrepreneurship, which she recognized as “a real gift.” Her parents owned a real estate development company,… Continue reading Julia Collins’ Sustainability Intelligence Platform Raises $25M",afrotech.com,2026-09-14,Business,Samantha Dorisca,https://afrotech.com/unicorn-founder-julia-collins-is-building-again
NFL Player Denzel Ward Becomes Minority Owner Of MLB Team Cleveland Guardians,"NFL player Denzel Ward’s is keeping all his cards in Ohio. Ward was drafted by the Cleveland Browns in 2018 and has remained with the team throughout his football career. He is currently signed to a two-year extension, valued at $62.2 million, with the NFL team, bringing his total career earnings to $103.4 million, Spotrac… Continue reading NFL Player Denzel Ward Becomes Minority Owner Of MLB Team Cleveland Guardians",afrotech.com,2026-09-14,Business,Samantha Dorisca,https://afrotech.com/denzel-ward-is-minority-owner-of-cleveland-guardians
These AI Travel Scams Look Legit — Here’s How To Clock Them Before You Book,"AI is making travel scams harder to identify. Learn the red flags to watch for when booking hotels, experiences, and other travel online.",travelnoire.com,2026-09-14,Plan &Amp; Shop,Natasha Decker,https://travelnoire.com/how-to-spot-ai-travel-scams
Malawi’s Women Made World Cup History. Can That Attention Turn Into Arrivals?,Malawi’s women made World Cup history. The Scorchers’ rise could also bring new attention to Malawi tourism ahead of Brazil 2027.,travelnoire.com,2026-09-14,Culture,Faith Katunga,https://travelnoire.com/malawi-womens-football-team-world-cup-tourism
Opinion: Black Unemployment Is America’s Labor Warning Light,"The gap between Black and white joblessness has outlasted administrations, booms and busts. That is a warning about the whole economy, not one community.",theroot.com,2026-09-14,News,Karen Boykin-Towns,https://www.theroot.com/opinion-black-unemployment-is-america-s-labor-warning-2000125748
"After the Not Guilty Verdict, What’s Next for Lil Durk?","Now that the murder-for-hire trial has concluded, here’s what you need to know about the fallout and what exactly comes next for Lil Durk.",theroot.com,2026-09-14,Criminal Justice,Phenix S Halley,https://www.theroot.com/after-the-not-guilty-verdict-what-s-next-for-lil-durk-2000125727
Jasmine Crockett Honors Chris Brown and Sparks a Heated Social Media Debate,The Texas congresswoman’s decision to honor Brown alongside Usher sparked backlash over his controversial history.,theroot.com,2026-09-14,Entertainment,Phenix S Halley,https://www.theroot.com/jasmine-crockett-honors-chris-brown-and-sparks-a-heated-2000125680
COS Fall/Winter 2026 Is Already Shoppable Straight From the NYFW Runway,"Products featured on EBONY are independently selected and curated by the editorial team. However, when you buy something through our retail links, EBONY may earn an affiliate commission. Fashion Week has always required a little patience. You see a coat you suddenly cannot imagine living without, screenshot it from the runway, send it to the […]",ebony.com,2026-09-14,Fashion,,https://www.ebony.com/cos-fall-winter-2026-is-already-shoppable-straight-from-the-nyfw-runway/
Kai Cenat’s Historic NYFW Debut Blurs Fashion and Gaming Culture,Superstar Twitch streamer Kai Cenat marked his runway debut with VIVET’s Spring/Summer 2027 collection at New York Fashion Week.,theroot.com,2026-09-14,Fashion,Asheea Smith,https://www.theroot.com/kai-cenats-historic-nyfw-debut-blurs-fashion-and-gaming-2000125662
"Bob Mackie, Legendary Designer Who Dressed Generations of Black Women, Dies at 87","Bob Mackie never designed clothes meant to disappear into a room. There were sequins, beads, feathers, crystals and dangerously high slits, but beneath all that spectacle was an understanding that the woman wearing the clothes should always remain the main event. Mackie died Monday, September 14, in Palm Springs, California, at 87 from pneumonia. Across […]",ebony.com,2026-09-14,Fashion,,https://www.ebony.com/bob-mackie-legendary-designer-who-dressed-generations-of-black-women-dies-at-87/
Dr. Dave on Who Gets to Have a Beautiful Smile and Why Dental Health Comes First,"At 13 years old, Dr. David ‘Dave’ Motoban witnessed something that would ultimately change the trajectory of his life. While visiting Haiti from his home in Paris, Motoban watched his cousin undergo a tooth extraction using rusty pliers and no anesthesia. The experience stayed with him. Years later, after being accepted to medical school and […]",ebony.com,2026-09-14,Health,,https://www.ebony.com/dr-dave-on-who-gets-to-have-a-beautiful-smile-and-why-dental-health-comes-first/
Unlocking Insights: Artificial Intelligence and Its Impact On The Black Community,"Artificial intelligence (AI) has taken society by storm as its use grows across the workforce, social media, and academic spaces. Once-simple tools like Grammarly for writing corrections and personal assistants like Alexa have now become embedded in our homes and lives in more ways than one. For example, racial bias already existed in hiring practices, […]",ebony.com,2026-09-14,Education,,https://www.ebony.com/unlocking-insights-artificial-intelligence-impact-black-community/
7 Best Ways Black Men Can Take Charge of Their Overall Health,"At least once, you probably have come across some variation of the adage, “Health is wealth.” Although managing your health can seem a little overwhelming, at first, being proactive empowers people to live life to the fullest and continue doing the things they love most as they age. Minor changes in your lifestyle can make […]",ebony.com,2026-09-14,Health,,https://www.ebony.com/7-best-ways-black-men-can-take-charge-of-their-overall-health/
Should You Really Be Doing Your Skincare Routine on a Plane?,"The latest skincare trend has reached new heights, as many social media “skinfluencers” reveal their multi-step beauty routines in the air. While most passengers worry about whether they’ll get chicken or beef mid-flight, a handful of travelers are fixated on serums, sheet masks, and facial creams—all in the name of clear skin. Although showing your […]",ebony.com,2026-09-14,Health,,https://www.ebony.com/should-you-really-be-doing-your-skincare-routine-on-a-plane/
Oprah Winfrey Wants to Revive Our “A-ha Moment” — Announces Immersive Vegas Showcase for 2027,"The world could use a little more joy, and we’re betting that Oprah Winfrey has the answer. The media mogul is heading to Las Vegas, where she’ll present “Oprah Winfrey’s AHA” for one weekend in April 2027, bringing together a collective of musicians, artists and storytellers for a visually and musically immersive experience inside the […]",ebony.com,2026-09-14,Entertainment,,https://www.ebony.com/oprah-winfrey-aha-production-las-vegas-2027/
Do You Know the Sad Story of Amy Winehouse? The White English Soul Singer Who Black People Loved,"On what would have been Amy Winehouse’s 43rd birthday, we’re looking into the musician’s life and how her career was inspired by Black culture.",theroot.com,2026-09-14,Entertainment,Mahalia Otshudy,https://www.theroot.com/do-you-know-the-sad-story-of-amy-winehouse-the-white-e-2000115935
Liris Crosse says the designer behind the garbage bag look still hasn’t reached out,"Liris Crosse says she spoke out about her ""Project Runway"" experience to help other models, and landed a Christian Siriano fashion week spot.",thegrio.com,2026-09-13,Entertainment,Bolarinwa Oladeji,https://thegrio.com/2026/09/13/liris-crosse-project-runway-siriano-fashion-week/
Charleston White booked into Broward County jail on misdemeanor battery count,Comedian and YouTube personality Charleston White was arrested on a misdemeanor battery charge in Florida and booked into Broward,thegrio.com,2026-09-13,News,Bolarinwa Oladeji,https://thegrio.com/2026/09/13/charleston-white-arrested-battery-florida/
Serena Williams sparks hilarious fan reactions with viral US Open moment,Serena Williams sparks hilarious fan reactions after a viral conversation in the stands during Ben Shelton’s US Open semifinal against,thegrio.com,2026-09-13,News,Bolarinwa Oladeji,https://thegrio.com/2026/09/13/serena-williams-us-open-viral-moment-shelton-tiafoe/
"Tyler Perry reflects on childhood trauma, suicide attempts and healing in 57th birthday message","Tyler Perry reflects on two suicide attempts, grief and healing in an emotional message marking his 57th birthday.",thegrio.com,2026-09-13,Entertainment,Bobby Pen,https://thegrio.com/2026/09/13/tyler-perry-suicide-attempts-healing-57/
"Lil Durk’s mother opens up about guilt, grief and motherhood after his acquittal","Lil Durk's mother LaShawnda Woodard opens up about grief, self-blame and healing in a recent interview following her son's acquittal.",thegrio.com,2026-09-13,Entertainment,Bobby Pen,https://thegrio.com/2026/09/13/lil-durk-mother-lashawnda-woodard-guilt/
"Paul Schrader couldn’t find ‘good Black people,’ so he built fake ones instead","In an op-ed, Jonathan Conyers examines Paul Schrader's AI-choice for 'Three Guns At Dawn,' and why Black actors turned it down.",thegrio.com,2026-09-13,Featured,Brandon Caldwell,https://thegrio.com/2026/09/13/paul-schrader-no-good-black-people-film-opinion/
AI whistleblower sounded the alarm. Now tech leaders are calling for a slowdown.,A former Anthropic researcher’s AI warning has sparked a wider debate as researchers and tech CEOs call for greater safety and a slower pace of development.,thegrio.com,2026-09-13,Business,Bobby Pen,https://thegrio.com/2026/09/13/ai-whistleblower-tech-leaders-slowdown/
Amari Carter Turns Black Church Traditions Into Spring 2027 Fashion,"Amari Carter took us to church on this good Sunday morning, and she came prepared with the choir and the church fans to prove it. Inside The Penthouse at The Standard East Village, a gospel choir sang beautifully as models moved through the room for Carter’s Spring/Summer 2027 presentation, The Weight of a Sunday Dress. […]",ebony.com,2026-09-13,Fashion,,https://www.ebony.com/amari-carter-turns-black-church-traditions-into-spring-2027-fashion/
Tasia Fortune: Suspect Arrested in Hanging Death in Mississippi,Mississippi authorities have investigated other high-profile cases involving tree-hanging deaths in the past year.,capitalbnews.org,2026-09-13,,"Ashton Pittman, Mississippi Free Press, Capital B Staff",https://capitalbnews.org/black-woman-found-hanging-tasia-fortune/
Kai Cenat’s VIVET Debut Proves He Has More to Say About Fashion Than We Thought,"When the first few looks of Kai Cenat’s debut VIVET collection came down the runway at Cipriani in Lower Manhattan, it was hard to ignore the familiarity. Oversized hoodies, loose sweatpants, washed neutrals and hoods wrapped tightly around models’ faces immediately recalled the early Yeezy years, when Kanye West helped usher in a new era […]",ebony.com,2026-09-13,Fashion,,https://www.ebony.com/kai-cenats-vivet-debut-proves-he-has-more-to-say-about-fashion-than-we-thought/
"Opinion: Black Folks, It’s Time to Dump the Dallas Cowboys",Jerry Jones is giving Trump millions. The Cowboys haven’t won a Super Bowl in 30 years. Why would anyone Black cheer for them?,theroot.com,2026-09-13,Opinion,Lawrence Ware,https://www.theroot.com/opinion-black-folks-its-time-to-dump-the-dallas-cowbo-2000125611
Black-Led Emmy-Nominated Shows to Add to Your Fall Watchlist ASAP,"From ‘Abbott Elementary’ to ‘Paradise,’ these shows are Emmy-nominated for good reason and worth adding to your fall watchlist!",theroot.com,2026-09-13,Entertainment,Shanelle Genai,https://www.theroot.com/black-led-emmy-nominated-shows-to-add-to-your-fall-watc-2000125317
Black Celebs Spotted Out During New York Fashion Week 2026,We’ve rounded up some of the hottest Black celebrities spotted out and about in New York City enjoying all of the events surrounding New York Fashion Week.,theroot.com,2026-09-13,News,Angela Johnson,https://www.theroot.com/black-celebs-spotted-out-during-new-york-fashion-week-2-2000125627
Looking for Love? Check Out Our Favorite Black Romance Films From the 2020s,Who says romance is dead? We’ve rounded up a list of our favorite Black love stories to hit the big and small screens in the 2020s.,theroot.com,2026-09-13,Culture,Ty Cole,https://www.theroot.com/looking-for-love-check-out-our-favorite-black-romance-2000125170
Is LinkedIn Failing Black Job Seekers? Here’s What One Economic Expert Had to Say,The Root spoke with LinkedIn’s Economic Expert to unpack tips job seekers can leverage to make the platform work for them.,theroot.com,2026-09-13,Culture,Asheea Smith,https://www.theroot.com/is-linkedin-failing-black-job-seekers-heres-what-one-e-2000124385
Maryland residents sue ICE over alleged warrantless arrests,The ICE lawsuit seeks to stop alleged warrantless immigration arrests after residents accused federal agents of violating federal law.,thegrio.com,2026-09-12,News,Odafe Oghen,https://thegrio.com/2026/09/12/maryland-ice-lawsuit-warrantless-arrests/
‘Refined insanity’: Cast of ‘Why Did I Get Married Again’ cast reveals how Tyler Perry needed less than a week to shoot film,"Sharon Leal, Tasha Smith and Taraji P. Henson revealed that it took less than a week for Tyler Perry to film his latest film.",thegrio.com,2026-09-12,Entertainment,Brandon Caldwell,https://thegrio.com/2026/09/12/why-did-i-get-married-again-tyler-perry-shoot/
Remy Ma tells Papoose to ‘sign the papers’ as Claressa Shields feud flares again,The feud between Remy Ma and Claressa Shields has escalated again as Remy shared old DMs with Shields and urged Papoose to finalize their divorce.,thegrio.com,2026-09-12,Entertainment,Odafe Oghen,https://thegrio.com/2026/09/12/remy-ma-shields-feud-papoose-divorce/
Gladys Knight’s son fears she’ll be worked ‘until she dies’ as she continues touring,"Gladys Knight continues performing after saying she would scale back her shows, as renewed concerns about the 82-year-old singer’s health persist.",thegrio.com,2026-09-12,Entertainment,Bobby Pen,https://thegrio.com/2026/09/12/gladys-knight-still-touring-health-concerns/
Birdman shares rare video with wife Toni Braxton after years of keeping marriage private,A new Toni Braxton Birdman video gives fans a rare glimpse of the private couple together after celebrating two years of marriage.,thegrio.com,2026-09-12,Lifestyle,Odafe Oghen,https://thegrio.com/2026/09/12/toni-braxton-birdman-video-marriage/
15-year-old charged after Black man was pushed to death from Chicago Red Line train,"A 15-year-old girl has been charged in the death of Kyle Bickham, who police say was pushed from a moving CTA Red Line train in Chicago.",thegrio.com,2026-09-12,News,Bobby Pen,https://thegrio.com/2026/09/12/15-year-old-charged-kyle-bickham-cta-red-line-death/
Ben Shelton Makes History at the US Open as First Black American Man to Reach Grand Slam Final Since Arthur Ashe,"Decades after Arthur Ashe broke barriers, Shelton and Tiafoe honored the trailblazer while battling for tennis’s biggest stage.",theroot.com,2026-09-12,Culture,Rashad Grove,https://www.theroot.com/ben-shelton-makes-history-at-the-us-open-as-first-black-2000125617
‘Never thought I’d inspire’: Wisdom Kaye reflects on journey from an iPhone and a room to the global fashion stage,"Wisdom Kaye was honored with the Virgil Abloh Award at the Harlem's Fashion Row Awards during NYFW, but the night was a celebration of black fashion.",thegrio.com,2026-09-12,Fashion Week,Brandon Caldwell,https://thegrio.com/2026/09/12/wisdom-kaye-virgil-abloh-award-harlems-fashion-row-awards/
Unsolved Black Cold Cases: 13 Mysteries That Still Haunt America,"From Relisha Rudd’s disappearance to the murder of The Notorious B.I.G., these unsolved cases and cold cases have left Black families searching for answers for decades.",theroot.com,2026-09-12,Culture,Phenix S Halley,https://www.theroot.com/unsolved-black-cold-cases-13-mysteries-that-still-haun-2000125471
Black Men’s Style Guide: Expert Tips for Building a Wardrobe That Works,Ready to elevate your style but don’t know where to start? These male fashion creators are dropping gems on how to build a wardrobe that makes you look and feel good.,theroot.com,2026-09-12,Fashion,B.Kadijat Towolawi,https://www.theroot.com/black-mens-style-guide-expert-tips-for-building-a-ward-2000125326
"‘Scandal,’ ‘Insecure’ and More Black Emmy Snubs Through the Years","While some Black shows have received the coveted Emmy Awards, others like ‘Insecure,’ ‘Martin,’ and more weren’t so lucky. Let’s take a look!",theroot.com,2026-09-12,Entertainment,Shanelle Genai,https://www.theroot.com/scandal-insecure-and-more-black-emmy-snubs-through-the-2000125604
DaBaby has a message for critics of his restaurant’s $45 waffle: ‘Go to Waffle House’,"The rapper pushed back on complaints about prices at his newly opened Charlotte restaurant, No Knife Chicken & Waffles.",thegrio.com,2026-09-11,Featured,Odafe Oghen,https://thegrio.com/2026/09/11/dababy-restaurant-prices-45-waffle/
Federal Court Rules There Is No Constitutional Right to Safe Drinking Water,"Years after a water crisis rocked Jackson, Mississippi, the court finds that residents have no right “to truthful information from officials.”",capitalbnews.org,2026-09-11,,Adam Mahoney,https://capitalbnews.org/jackson-water-crisis-clean-water-constitutional-right/
Florida couple gets married at hospital after groom is seriously injured on the way to their wedding,"A Florida groom broke both arms in a head-on crash on the way to his wedding, then married his bride in a hospital room the same night.",thegrio.com,2026-09-11,News,Bolarinwa Oladeji,https://thegrio.com/2026/09/11/kapri-deramus-tyasia-thomas-hospital-wedding-crash/
James Talarico calls FCC pressure on his Jimmy Kimmel interview ‘the most dangerous form of cancel culture’,"James Talarico criticizes FCC pressure after ABC pulled his Jimmy Kimmel interview from broadcast TV, moving it to air on YouTube instead.",thegrio.com,2026-09-11,Politics,Peter Kerich,https://thegrio.com/2026/09/11/james-talarico-jimmy-kimmel-interview-abc-fcc/
Ne-Yo says he doesn’t want Beyoncé or Jay-Z level fame: ‘I don’t think I want that’,Ne-Yo fame comments reveal why the R&B singer prefers his current level of celebrity instead of reaching Beyoncé or Jay-Z-level fame.,thegrio.com,2026-09-11,Entertainment,Odafe Oghen,https://thegrio.com/2026/09/11/ne-yo-fame-comments-beyonce/
Kai Cenat To Debut New Brand At NYFW — ‘People Wanted To Get In On This And I Said “Nah I Can Do This By Myself”’,"Kai Cenat is bringing his own brand to one of fashion’s biggest weeks. Cenat is a top Twitch streamer, a member of AMP (Any Means Possible) streaming collective, and the creator behind Streamer University, which invites creators on an all-paid trip to a college campus to stream, network horizontally, and leave with gems to set them on track for success. According… Continue reading Kai Cenat To Debut New Brand At NYFW — ‘People Wanted To Get In On This And I Said “Nah I Can Do This By Myself”’",afrotech.com,2026-09-11,Business,Samantha Dorisca,https://afrotech.com/kai-cenat-to-debut-fashion-brand-at-new-york-fashion-week
‘We coming back’: Quavo confirms Migos reunion with Offset for final album and tour,"Quavo and Offset are reuniting as Migos for one final album and tour, nearly four years after the death of group member Takeoff.",thegrio.com,2026-09-11,Entertainment,Peter Kerich,https://thegrio.com/2026/09/11/quavo-offset-migos-reunion-final-album-tour/
"CultureCon NYC 2026 taps John Legend, Colin Kaepernick, Niecy Nash-Betts and more","CultureCon NYC 2026 will bring John Legend, Colin Kaepernick, Mahershala Ali and more to Brooklyn for its Oct. 3-4 festival.",thegrio.com,2026-09-11,Featured,Odafe Oghen,https://thegrio.com/2026/09/11/culturecon-nyc-2026-lineup-john-legend-kaepernick/
Surrogate asks Supreme Court to intervene in custody battle over medically fragile newborn,Alaska surrogate McKenna West asks the Supreme Court to intervene in a custody dispute over a baby born with a serious heart defect.,thegrio.com,2026-09-11,News,Bolarinwa Oladeji,https://thegrio.com/2026/09/11/mckenna-west-supreme-court-surrogate-custody-baby/
Angie Nixon Fought Florida’s Book Bans By Opening A Bookstore For Banned Titles,Florida state Rep. Angie Nixon has spent years pushing back against efforts to restrict books and how Black history is taught in the state’s public schools. How Rep. Angie Nixon responded to Republican-led book bans in Florida Those efforts eventually led Nixon to take the fight beyond the Florida Capitol and into her Jacksonville community.… Continue reading Angie Nixon Fought Florida’s Book Bans By Opening A Bookstore For Banned Titles,blavity.com,2026-09-11,Politics,Jahaura Michelle,https://blavity.com/angie-nixon-fought-floridas-book-bans-by-opening-a-bookstore-for-banned-titles
"‘Buy now, pay later’ is becoming a major part of how Black America affords the everyday","As “Buy now, pay later” options continue to rise in popularity, more and more question what this says about the economy.",thegrio.com,2026-09-11,Lifestyle,Kay Wicker,https://thegrio.com/2026/09/11/buy-now-pay-later-is-becoming-a-major-part-of-how-black-america-affords-the-everyday/
Chingy’s son Isaiah Russell-Bailey speaks out about their relationship: ‘Years of absence and neglect’,The 19-year-old actor disputed his father’s public account of their relationship and defended his mother against claims of manipulation.,thegrio.com,2026-09-11,News,Bolarinwa Oladeji,https://thegrio.com/2026/09/11/isaiah-russell-bailey-statement-chingy-father/
Byron Allen’s Freestyle Digital Media acquires ‘A Bloody Mess’ for September theatrical release,The dark comedy mockumentary will begin a limited theatrical run Sept. 18 before arriving on North American VOD platforms this fall.,thegrio.com,2026-09-11,Company Press Releases,TheGrio Staff,https://thegrio.com/2026/09/11/byron-allens-freestyle-digital-media-acquires-a-bloody-mess-for-september-theatrical-release/
Life With Alopecia: What It Is and How to Treat It,“Rub a little vitamin E on your edges.” “Tilt your head upside down so the blood stimulates your scalp.” “Cut off all your hair so it can grow back stronger.” These are just a few words of “advice” I’ve heard to deal with alopecia. As someone who has suffered with the condition for the past […],ebony.com,2026-09-11,Health,,https://www.ebony.com/life-with-alopecia-what-it-is-how-to-treat-it/
"25 years after 9/11, we remember the stories of Black victims, survivors and their loved ones","On the 25th anniversary of 9/11, we remember the stories of Black victims and survivors and their loved ones.",thegrio.com,2026-09-11,Lifestyle,Kay Wicker,https://thegrio.com/2026/09/11/25-years-after-9-11-we-remember-the-stories-of-black-victims-survivors-and-their-loved-ones/
"Black father sues Massachusetts school district after son’s suicide attempt, alleging years of racist bullying",The Nauset bullying lawsuit alleges a Cape Cod school failed to protect a Black student from racist harassment before his suicide attempt.,thegrio.com,2026-09-11,News,Odafe Oghen,https://thegrio.com/2026/09/11/nauset-bullying-lawsuit-black-student/
7 Ways to Get Your Life in Order and Thrive,"We all know life be life-ing. And if the past few years have taught us anything, it’s that we’ve got to stay ready so we don’t have to get ready. Here’s your playbook to thriving — written for us, by us. Let’s get into it. 1. Get Your House in Order Let’s talk about securing […]",ebony.com,2026-09-11,Black,,https://www.ebony.com/life-hacks-for-the-culture-7-ways-to-get-your-life-in-order-and-thrive-in-2025/
Tommy Hilfiger Remixes American Prep for Spring 2027 at The Plaza Hotel,"Tommy Hilfiger knows better than most that prep has never belonged to just one crowd. Over the last four decades, the designer’s polos, rugby shirts, chinos and red, white and blue insignia have moved from country clubs to hip-hop videos, college campuses to city blocks, picking up new meaning with every generation that decided to […]",ebony.com,2026-09-11,Fashion,,https://www.ebony.com/tommy-hilfiger-remixes-american-prep-for-spring-2027-at-the-plaza-hotel/
"First Look: Meet The Broadway Cast of ‘School Girls; Or, The African Mean Girls Play’","At Aburi Girls Boarding School, everybody has a role to play. There’s the queen bee, the best friend, the new girl, the quiet one, and the girls still figuring out exactly who they want to become. But beneath the familiar high-school archetypes of Jocelyn Bioh’s School Girls; Or, The African Mean Girls Play is something […]",ebony.com,2026-09-11,Culture,,https://www.ebony.com/first-look-broadway-cast-school-girls-or-the-african-mean-girls-play/
"From Cécred’s New Fragrance to La Mer’s New Concentrate, These Are the Latest Beauty Launches This Week","September’s beauty launches are officially picking up speed, with cooler weather bringing richer fragrances, smarter skincare and plenty of reasons to refresh your routine. This week, Cécred turns its beloved Temple Oud scent into a hair perfume, La Mer updates one of its most recognizable skincare treatments and Bobbi Brown heads to the desert for […]",ebony.com,2026-09-11,Beauty,,https://www.ebony.com/from-cecreds-new-fragrance-to-la-mers-new-concentrate-these-are-the-latest-beauty-launches-this-week/
"The Wrap-Up: Lizzo Reads, Buddy Guy Brings The Blues & Ping Pong Rules","Lizzo’s New Read Lizzo brought her passion for books and music to Uncommon Kings Elementary School (UKES) in Brooklyn, New York, to celebrate the official release of her debut children’s picture book, Lil Lizzo Meets Sasha B. Flootin’. Presented in collaboration with After-School All-Stars New York (ASAS NY), an organization that provides free, transformative after-school and […]",ebony.com,2026-09-11,Celebrity,,https://www.ebony.com/the-wrap-up-lizzo-buddy-guy-ping-pong-rules/
Public School New York Reimagines the New York Uniform for Spring 2027,"When Public School New York returned last season, there was inevitably going to be nostalgia attached to it. Maxwell Osborne and Dao-Yi Chow helped define a particular era of New York menswear, one where streetwear, tailoring and the energy of the city were beginning to collapse into one another. But a homecoming can only last […]",ebony.com,2026-09-11,Fashion,,https://www.ebony.com/public-school-new-york-reimagines-the-new-york-uniform-for-spring-2027/
Remembering 9/11: Inside the Miraculous Story of Survivor Genelle Guzman-McMillian,"It’s been 25 years since the September 11 terrorist attacks, one of the most devastating days in American history. On that Tuesday morning in 2001, terrorists hijacked four commercial airplanes, crashing two into New York City’s World Trade Center, one into the Pentagon and a fourth, United Airlines Flight 93, into a field near Shanksville, […]",ebony.com,2026-09-11,Tv &Amp; Film,,https://www.ebony.com/remembering-9-11-miraculous-story-survivor-genelle-guzman-mcmillian/
Pensole Lewis College Of Business & Design Receives $10M Investment From The Gilbert Family Foundation,"The Gilbert Family Foundation (GFF) has made another investment to support the Detroit community. As AFROTECH™ previously reported, the foundation awarded a $6.4 million renewal grant to the city’s tech ecosystem through Venture 313, a coalition of organizations including TechTown Detroit, Invest Detroit Ventures (ID Ventures), and Detroit Development Fund.",afrotech.com,2026-09-11,Education,Samantha Dorisca,https://afrotech.com/pensole-lewis-college-of-business-design-receives-10m-gift
Retired NASA Astronaut Victor Glover Takes On Admin Leadership Role At Alma Mater To Champion Next Generation Of STEM Leaders,"NASA astronaut Victor Glover’s north star can’t be found in space, it’s in mentoring the next generation. Glover made history in 2026 as a member of Artemis II, the first crewed mission to orbit the Moon in more than 50 years, a NASA press release notes. He joined fellow astronauts Reid Wiseman, Christina Koch, and Canadian Space… Continue reading Retired NASA Astronaut Victor Glover Takes On Admin Leadership Role At Alma Mater To Champion Next Generation Of STEM Leaders",afrotech.com,2026-09-11,Education,Samantha Dorisca,https://afrotech.com/astronaut-victor-glover-takes-on-admin-leadership-role-at-alma-mater
Still Postponing That Trip? Here Are 7 Reasons To Go,"We’ve all said it: I’ll go next year. Maybe it’s the international trip you’ve been saving on Pinterest for three years, the solo getaway you keep telling yourself you’ll take when work slows down, or the family vacation that never seems to make it past the group chat. There’s always a reason to wait. Work […]",ebony.com,2026-09-11,Life,,https://www.ebony.com/still-postponing-that-trip-here-are-7-reasons-to-go/
"Black IHOP Workers Sue Over Manager Who Allegedly Wore Monkey Hat, Mimicked Whip Sounds And Called Herself ‘Master’",A Florida IHOP is facing a lawsuit from a group of Black employees who were allegedly subjected to years of racism at work.,blavity.com,2026-09-11,News,Tomas Kassahun,https://blavity.com/black-ihop-employees-file-lawsuit
"After son’s death, Chimamanda Ngozi Adichie says she does ‘not want to go back to Nigeria’","Months after the death of her son Nkanu, Chimamanda Ngozi Adichie affirms she does not want to go back to her homeland of Nigeria.",thegrio.com,2026-09-11,Lifestyle,Brandon Caldwell,https://thegrio.com/2026/09/11/chimamanda-ngozi-adichie-nigeria-revelation-interview/
Lil Durk found not guilty in federal murder-for-hire case in Los Angeles,A Los Angeles grand jury found Grammy Award-winning rapper Lil Durk not guilty in his murder-for-hire trial.,thegrio.com,2026-09-11,Entertainment,Brandon Caldwell,https://thegrio.com/2026/09/11/lil-durk-not-guilty-murder-for-hire-trial/
Man arrested in connection with death of Tasia Fortune as medical examiner rules her hanging death a homicide,"A man in Jackson has been arrested in connection with the murder of Tasia Fortune, who was found hanging from a tree in Mississippi.",thegrio.com,2026-09-11,News,Brandon Caldwell,https://thegrio.com/2026/09/11/tasia-fortune-case-man-arrested/
"Meet the Black voices bringing joy, reflection and humanity to our feeds","From Alex Elle to Cleo Wade to We The Urban to the Black Liturgies, and more, we gather our favorite Black emotional wellness creators.",thegrio.com,2026-09-11,Lifestyle,Kay Wicker,https://thegrio.com/2026/09/11/our-favorite-black-emotional-wellness-creators-who-get-us-through-the-hard-days/
"Isaiah Russell-Bailey says he’s not close to his father, Chingy. Why is the internet trying so hard to discredit that?",Mixed reactions to Isaiah Russell-Bailey's letter to his father Chingy raises a bigger question about why we’re so quick to doubt children,thegrio.com,2026-09-11,Lifestyle,Haniyah P.,https://thegrio.com/2026/09/11/isaiah-russell-bailey-says-hes-not-close-to-his-father-chingy-why-is-the-internet-trying-so-hard-to-discredit-that/
"Taylor Townsend wins US Open doubles title, completing career Grand Slam on home soil",The victory gives Townsend titles at all four majors and comes one year after she and Katerina Siniakova fell short in the US Open final.,thegrio.com,2026-09-11,News,Bolarinwa Oladeji,https://thegrio.com/2026/09/11/taylor-townsend-siniakova-us-open-career-grand-slam/
Outspoken juror in Lindsay Clancy trial reveals lone holdout and evidence he considered to deadlock jury,"In a CBS Mornings interview, a Lindsay Clancy trial juror revealed the lone holdout was a Black man who argued Clancy wasn't responsible.",thegrio.com,2026-09-11,News,Brandon Caldwell,https://thegrio.com/2026/09/11/lindsay-clancy-mistrial-black-juror/
19-year-old sentenced to probation after fatally shooting Michigan mall gunman in self-defense,A 19-year-old who fatally shot a Fairlane mall gunman was sentenced to two years of probation after the court recognized self-defense.,thegrio.com,2026-09-11,News,Peter Kerich,https://thegrio.com/2026/09/11/fairlane-mall-shooting-martinez-long-self-defense/
Debate over Mamdani’s 9/11 memorial attendance reveals persistent bias 25 years later,Black New Yorkers chime in on the discourse surrounding Mayor Zohran Mamdani attending the 9/11 memorial ceremony.,thegrio.com,2026-09-11,Lifestyle,Haniyah P.,https://thegrio.com/2026/09/11/debate-over-mamdanis-9-11-memorial-attendance-reveals-persistent-bias-25-years-later/
"‘Disgusting behavior’: Trump slammed for getting in Black reporter’s face after being challenged on $5,000 dividends","Trump faced criticism after confronting reporter Rachel Scott as she questioned his $5,000 dividend promise and previous check pledges.",thegrio.com,2026-09-11,Politics,Gerren Keith Gaynor,https://thegrio.com/2026/09/11/trump-slammed-rachel-scott-5000-dividend-check/
"What 9/11 Took From Her, She’s Now Giving to the Next Generation of Black Women Pilots","In her new memoir, Nia Gilliam details her traumatic experience flying on 9/11 and the purpose she’s found in her career since.",capitalbnews.org,2026-09-11,,Aallyah Wright,https://capitalbnews.org/nia-gilliam-pilot-memoir/
Michelle Obama gets warm welcome at US Open during star-studded semifinal night,"Michelle Obama, Al Roker and Hoda Kotb attended the US Open women's semifinals, where Aryna Sabalenka defeated Jessica Pegula to reach",thegrio.com,2026-09-11,News,Bolarinwa Oladeji,https://thegrio.com/2026/09/11/michelle-obama-us-open-women-semifinals-2026/
"More Than One Year After His Death, the Legal Drama Between Malcolm-Jamal Warner’s Mother and Widow Continues",The late actor’s family is still at odds over his estate. Let’s get into the latest.,theroot.com,2026-09-11,Entertainment,Shanelle Genai,https://www.theroot.com/more-than-one-year-after-his-death-the-legal-drama-bet-2000125289
Rent Free and Rules Free: How ‘Unleased Men’ Are Costing Women Their Apartments,There’s a growing online conversation about “unleased men” who damage their partners’ apartments and their reputations.,theroot.com,2026-09-11,Culture,Samantha Chery,https://www.theroot.com/rent-free-and-rules-free-how-unleased-men-are-costing-2000125420
"3 HBCU Football Classics to Watch in 2026: Bayou, Magic City, Florida",Come for the bands. Stay for the football.,theroot.com,2026-09-11,Opinion,Lawrence Ware,https://www.theroot.com/3-hbcu-football-classics-to-watch-in-2026-bayou-magic-2000125319
Why Black-Owned Music Festivals Are Struggling in 2026 — and What Could Save Them,"Why Black-Owned Music Festivals Are From Something in the Water’s hiatus to Broccoli City’s scaled-down Holding Hands event, Black-owned festivals are being squeezed by rising costs and shrinking visibility budgets.",theroot.com,2026-09-11,News,Leon Valentine,https://www.theroot.com/why-black-owned-music-festivals-are-struggling-in-2026-2000125238
"You Can Sleep In A Former Bank, Prison, Or Mansion — These US Hotels Have Wild Backstories","Would you ever stay at a previous airport terminal, convent, or jail? Learn about these five hotel properties that used to be something else.",travelnoire.com,2026-09-11,Plan &Amp; Shop,Natasha Decker,https://travelnoire.com/historic-hotels-that-used-to-be-something-else
Edmonton’s Cariwest Festival Brings A Taste Of The Caribbean To Western Canada,"A firsthand look at Cariwest, Edmonton's three-day Caribbean arts festival that's one of Western Canada's best-kept secrets.",travelnoire.com,2026-09-11,Culture,Mitti Hicks,https://travelnoire.com/cariwest-festival-edmonton-alberta-canada
13 Skincare Tips Every Black Man Should Know,"From dark spots and razor bumps to beard care and sun protection, these expert-backed tips can help Black men build a skincare routine that keeps their skin looking and feeling its best.",theroot.com,2026-09-11,Beauty,Asheea Smith,https://www.theroot.com/13-skincare-tips-every-black-man-should-know-2000125270
The Untold Story of the ‘Dust Lady’ Whose Iconic Image Captivated the World on 9/11,"Marcy Borders, a Black woman known as “The Dust Lady,” survived 9/11, but her harrowing journey after that iconic photo was just the beginning.",theroot.com,2026-09-11,News,Angela Johnson,https://www.theroot.com/the-untold-story-of-the-dust-lady-whose-iconic-image-ca-2000061064
"‘Taxi Driver’ Screenwriter Says No Black Actors Wanted to Star in His Latest Movie, So He’s Using AI Instead",‘Taxi Driver’ screenwriter Paul Schrader’s excuse for using AI in the place of Black actors in his upcoming film has folks online calling him out.,theroot.com,2026-09-11,Entertainment,Shanelle Genai,https://www.theroot.com/taxi-driver-screenwriter-says-no-black-actors-wanted-to-2000125517
Short Layover? United’s New Airport Food Service Could Come In Clutch,"United is testing food delivery at Newark Airport, letting eligible passengers order meals and travel essentials for pickup near their gate.",travelnoire.com,2026-09-11,Travel News,Faith Katunga,https://travelnoire.com/united-newark-airport-food-delivery
"Migos Are Coming Back, But Can Quavo And Offset Recreate The Magic Without Takeoff?","Years after Takeoff’s death, Quavo and Offset face the hardest question yet: Can Migos make a comeback without its third voice?",theroot.com,2026-09-11,Entertainment,Phenix S Halley,https://www.theroot.com/migos-are-coming-back-but-can-quavo-and-offset-recreat-2000125446
"Tyra Banks Fires Back at Netflix, Demanding the Truth Behind Her ‘ANTM’ Documentary Edit",Tyra Banks is still fighting her legal fight against Netflix over their ‘America’s Next Top Model’ docuseries. Here’s the latest on where it stands.,theroot.com,2026-09-11,Entertainment,Shanelle Genai,https://www.theroot.com/tyra-banks-fires-back-at-netflix-demanding-the-truth-b-2000125370
Kawhi Leonard Salary-Cap Scandal: Why the Feds Are Now Investigating the Clippers,Federal prosecutors are reportedly examining the Clippers’ Kawhi Leonard dealings after the NBA handed the franchise a historic punishment.,theroot.com,2026-09-11,Culture,Phenix S Halley,https://www.theroot.com/kawhi-leonard-salary-cap-scandal-why-the-feds-are-now-2000125397
These Black Artists’ Hit Songs Were Originally Written With Someone Else in Mind,Did you know that SWV’s signature hit “Weak” was intended for Charlie Wilson? We gathered the iconic songs that were originally written for other artists!,theroot.com,2026-09-11,Entertainment,Angela Wilson,https://www.theroot.com/these-black-artists-hit-songs-were-originally-written-w-2000125349
Vince Staples’ Take on His Job as a Rapper Might Be the Most Honest Thing You Hear All Day,"After telling fans he doesn’t have a favorite song, Staples is facing backlash for treating rap like a job instead of a calling — and he’s not backing down.",theroot.com,2026-09-11,Entertainment,Phenix S Halley,https://www.theroot.com/vince-staples-take-on-his-job-as-a-rapper-might-be-the-2000125250
"Rep. Ayanna Pressley, Lawmakers Demand DOJ Investigation Into Deaths of Black People Found Hanging","In a letter to Department of Justice leadership, nearly 60 members of Congress cite America’s history of racial terror in calling for a comprehensive federal investigation into a rising number of unexplained hanging deaths.",theroot.com,2026-09-11,Culture,Phenix S Halley,https://www.theroot.com/rep-ayanna-pressley-lawmakers-demand-doj-investigatio-2000125350
Former ‘The Wendy Williams Show’ Producer Defends Her Legacy in New Interview”,One of Wendy Williams’ producers is finally breaking his silence about how he learned the popular talk show had been cancelled.,theroot.com,2026-09-11,Entertainment,Shanelle Genai,https://www.theroot.com/former-the-wendy-williams-show-producer-defends-her-leg-2000125462
"After styling Destiny’s Child, Tina Knowles steps in front of the camera for St. John","Tina Knowles is starring in her first solo fashion campaign at 72, fronting the relaunch of American luxury label St. John under Humberto",thegrio.com,2026-09-10,Entertainment,Bolarinwa Oladeji,https://thegrio.com/2026/09/10/tina-knowles-st-john-first-solo-campaign/
"After Losing Her Son, Monique Rodriguez is Putting $2 Million Behind Better Birth Care for Black Women","The Mielle Organics founder is investing in BirthFUND, the maternal health organization founded by journalist and author Elaine Welteroth that supports midwifery.",theroot.com,2026-09-10,Black Maternal Healthcare,Amber Ferguson,https://www.theroot.com/after-losing-her-son-monique-rodriguez-is-putting-2-m-2000125186
Chris Johnson reflects on football career and ALS battle: ‘My value is in the man that I am’,Former NFL star Chris Johnson reflects on his career and ALS diagnosis in an emotional letter to his children.,thegrio.com,2026-09-10,Entertainment,DeMicia Inman,https://thegrio.com/2026/09/10/chris-johnson-football-career-als-battle/
Kennedy Ryan’s ‘Before I Let Go’ novel greenlit by Peacock for series adaptation,"Peacock has ordered the series adaptation for Kennedy Ryan's bestselling romance novel, ""Before I Let Go.""",thegrio.com,2026-09-10,Entertainment,Nhari Djan,https://thegrio.com/2026/09/10/kennedy-ryans-before-i-let-go-series-adaptation-greenlit-by-peacock/
Chris Rock says he will return to the Oscars under one condition,Chris Rock explains what it would take to get him back at the Oscars after the infamous 2022 Will Smith slap.,thegrio.com,2026-09-10,Entertainment,DeMicia Inman,https://thegrio.com/2026/09/10/chris-rock-return-oscars-under-one-condition/
Kansas Prisoners Put Their Money Toward Kids’ School Lunch Debt,"As food insecurity disproportionately affects Black children, Kansas prisoners are helping families struggling with the cost of feeding their children.",theroot.com,2026-09-10,News,Phenix S Halley,https://www.theroot.com/kansas-prisoners-put-their-money-toward-kids-school-lu-2000125198
Snoop Dogg to host the 2026 MTV Video Music Awards,"Snoop Dogg is named the host of the 2026 MTV Video Music Awards in what he describes as a ""full circle moment"" for his career.",thegrio.com,2026-09-10,Entertainment,DeMicia Inman,https://thegrio.com/2026/09/10/snoop-dogg-to-host-the-2026-mtv-video-music-awards/
Gail Bean is 33. So why is Hollywood already calling her ‘too old’?,"After being passed over for roles because of her age, “The Drop” star Gail Bean is opening up about the ageism Black women face in Hollywood.",thegrio.com,2026-09-10,Entertainment,Haniyah P.,https://thegrio.com/2026/09/10/gail-bean-is-33-so-why-is-hollywood-already-calling-her-too-old/
How the New Miss America Overcame Her Fears to Make Pageant History,"Regan Hutsell made history by becoming the first Miss America to win while rocking her natural curls. Now, the professional dancer is speaking about her decision to enter the pageant despite past battles with her body image.",theroot.com,2026-09-10,Black Excellence,Mahalia Otshudy,https://www.theroot.com/how-the-new-miss-america-overcame-her-fears-to-make-pag-2000125191
It’s Time to Rest: Everything You Need to Know to Get Better Sleep Tonight,"In 1998, the National Sleep Foundation (NSF) launched its inaugural Sleep Awareness Week in an effort to better educate the nation on the health benefits of quality rest. Now, 28 years in, the foundation is still moving the needle forward on ensuring we get our best Zzzs. As one could assume, NSF found that when […]",ebony.com,2026-09-10,Health,,https://www.ebony.com/get-better-sleep-tonight/
"Jay-Z surprises Paris audience with Justin Timberlake, Pharrell Williams",Jay-Z brings out Justin Timberlake and Pharrell Williams as surprise guests during Paris concert as he celebrates career milestones.,thegrio.com,2026-09-10,Entertainment,DeMicia Inman,https://thegrio.com/2026/09/10/jay-z-paris-justin-timberlake-pharrell-williams/
Kennedy Ryan’s ‘Before I Let Go’ Series Ordered by Peacock,"Before I Let Go has been greenlit by Peacock! 2024 EBONY Power 100 Honoree Kennedy Ryan’s bestselling second-chance romance novel, which explores the complexities of the relationship between the divorced couple Yasmen and Josiah Wade, has been ordered as a series by the streaming platform. View on Threads Ryan, alongside Malcolm D. Lee, served as […]",ebony.com,2026-09-10,Books,,https://www.ebony.com/kennedy-ryans-before-i-let-go-series-ordered-by-peacock/
"For Spring 2027, Coach Gets Dressed for Its 85th Birthday","There are two ways a fashion house can celebrate turning 85. It can open the archives, pull out the greatest hits and spend an evening reminding everyone why it matters, or it can throw a birthday party, mess up its clothes and stay out a little too late. For Spring 2027, Coach chose the latter. […]",ebony.com,2026-09-10,Fashion,,https://www.ebony.com/for-spring-2027-coach-gets-dressed-for-its-85th-birthday/
Stevie Wonder Is Going on Tour: 5 Stars We’d Love to Join Him Onstage,"Stevie Wonder is taking Songs in the Key of Life back on the road for its 50th anniversary, and fans are already joking about what they’d give up for a ticket. PTO? A utility bill? One moderately useful organ? We’re kidding… Mostly. Tickets go on sale starting today, with the first show stop slated for […]",ebony.com,2026-09-10,Music,,https://www.ebony.com/stevie-wonder-songs-in-the-key-of-life-tour-stars-to-join-him-onstage/
P-Valley Announces Final Season Three Premiere Date. Plus: Three Iconic Moments From its Past Seasons,"Time to hit the poles. P-Valley has announced that its third and final season will premiere with two new episodes Friday, December 4, four years after season two ended on August 14, 2022. Created by Katori Hall, the Starz drama revolves around those who work at The Pynk, a strip club in Chucalissa, a fictitious […]",ebony.com,2026-09-10,Tv &Amp; Film,,https://www.ebony.com/p-valley-announces-final-season-three-premiere-date-plus-three-iconic-moments-from-its-past-seasons/
‘The Varnell Hill Show’ Is Anchored In Real-Life Friendship,"The Varnell Hill Show chronicles the ups and downs of late-night television host Varnell Hill, played by Tommy Davidson, who was, back in the day, Martin’s professional rival on the nineties hit series, Martin. But there’s something a little more heartwarming at the driving force of this new incarnation: friendship. “The thing I love about Martin […]",ebony.com,2026-09-10,Tv &Amp; Film,,https://www.ebony.com/the-varnell-hill-show-is-anchored-in-real-life-friendship/
5 Easy Tips to Kick Off Your September Reset,"This summer has been one for the books. Between all the exciting sports moments, quality time with friends, celebrations, and cookouts, it makes sense if a few things in your home got backburnered along the way. The cooler months are finally here, and we’ll all start to slow down and spend more time in our […]",ebony.com,2026-09-10,Health,,https://www.ebony.com/5-easy-tips-to-kick-off-your-september-reset/
"Dating Yourself Is Not a Trend, It’s a Practice","The first thing I did after signing my first New York City lease was walk to my closest neighborhood bar and have brunch alone. I sat at the bar, yapped with the bartender for an hour, and felt something I had not felt in a long time: genuinely excited about my own life. I had […]",ebony.com,2026-09-10,Life,,https://www.ebony.com/dating-yourself-is-not-a-trend-its-a-practice/
38 Black Creatives to Follow Ahead of Fashion Month,"Fashion month, especially the events that happen in September, always feels like back-to-school. The summer is over, and you’re able to reconnect with friends and other creatives you haven’t seen in months. Those who aren’t in the industry can experience the fun from their phones thanks to some of the top Black creatives and social […]",ebony.com,2026-09-10,Fashion,,https://www.ebony.com/38-black-creatives-to-follow-fashion-month/
The FCC Could Be Ending A Program That Helps Libraries Pay For Internet,"The Federal Communications Commission (FCC) is considering whether to end or restrict a nearly 30-year-old program that helps schools and public libraries afford internet connectivity. According to a June 2026 press release from the American Library Association (ALA), the FCC voted to advance a proposal examining whether E-Rate should be terminated or limited to rural… Continue reading The FCC Could Be Ending A Program That Helps Libraries Pay For Internet",afrotech.com,2026-09-10,Technology,Josh Rodgers,https://afrotech.com/fcc-eliminating-funding-for-libraries
"Is Trump’s $5,000 Promise Real or Campaign Smoke? We Asked an Expert to Break it Down","Trump’s promise to issue payments to Americans raises questions about funding, congressional approval, eligibility and whether his midterm pitch is vote-buying.",theroot.com,2026-09-10,News,Phenix S Halley,https://www.theroot.com/is-trump-s-5-000-promise-real-or-campaign-smoke-we-as-2000125229
Sherri Shepherd Opens Up About the Cost of Divorce and Rebuilding Her Life,Sherri Shepherd is talking about the emotional and financial pain she experienced during her second divorce in a new interview.,theroot.com,2026-09-10,Entertainment,Shanelle Genai,https://www.theroot.com/sherri-shepherd-opens-up-about-the-cost-of-divorce-and-2000125223
"Surprising Facts About Stevie Wonder’s ‘Songs In the Key of Life’ Album, In Honor of Its 50th Anniversary","As Stevie Wonder’s ‘Songs in the Key of Life’ celebrates its 50th anniversary, here are some fascinating facts about one of music’s greatest albums.",theroot.com,2026-09-10,Entertainment,Shanelle Genai,https://www.theroot.com/surprising-facts-about-stevie-wonders-songs-in-the-key-2000125241
From Sundays to Saturdays: How Former NFL Stars Are Reshaping HBCU Football,"The pipeline of former Black NFL players transitioning to head coaching roles at Historically Black Colleges and Universities (HBCUs) represents a high-profile shift in college football’s talent and recruitment landscape. ​While Deion Sanders’ transformative tenure at Jackson State is often viewed as a touchstone moment, several HBCUs are looking to leverage the star power, professional […]",theroot.com,2026-09-10,Culture,Rashad Grove,https://www.theroot.com/from-sundays-to-saturdays-how-former-nfl-stars-are-res-2000125259
"Don’t Fart, Don’t Text, Don’t Eat Ribs: The Wildest Dating Tips Trending Online","Don’t Fart, Don’t Text, Don’t Eat Ribs. A look at outrageous social media dating advice.",theroot.com,2026-09-10,Entertainment,Mahalia Otshudy,https://www.theroot.com/dont-fart-dont-text-dont-eat-ribs-the-wildest-dating-2000125176
"Antonia Hylton on natural hair, confidence and making space for Black women in journalism","Antonia Hylton reflects on growing into her identity, creating space for other voices and taking on her latest role at MS NOW.",thegrio.com,2026-09-10,Featured,Jahaura Michelle,https://thegrio.com/2026/09/10/antonia-hylton-on-natural-hair-confidence-and-making-space-for-black-women-in-journalism/
What a New 2030 Census Proposal Could Mean for Representation and Civil Rights,"Trump is proposing sweeping changes to the 2030 census, aiming to get rid of race-based questions while excluding non-citizens from the final count.",theroot.com,2026-09-10,Culture,Phenix S Halley,https://www.theroot.com/what-a-new-2030-census-proposal-could-mean-for-represen-2000125189
"EXCLUSIVE: In letter, Democrats demand DOJ investigate Black Americans found hanging from trees","Led by Rep. Ayanna Pressley, nearly 60 lawmakers cite the history of lynching and call the growing number of deaths a “national crisis.”",thegrio.com,2026-09-10,Politics,Gerren Keith Gaynor,https://thegrio.com/2026/09/10/exclusive-letter-democrats-doj-investigate-black-americans-found-hanging/
Dwight Howard Goes Back To School To Earn His College Degree After Being Inspired By Shaquille O’Neal And JR Smith,Former NBA player Dwight Howard is taking inspiration from the greats in his next chapter. Howard reflected in an Instagram post that he had been deliberating about going to college for the past three years. He never attended college but jokes that he opted for a “degree in basketball” when the Orlando Magic drafted him as… Continue reading Dwight Howard Goes Back To School To Earn His College Degree After Being Inspired By Shaquille O’Neal And JR Smith,afrotech.com,2026-09-10,Education,Samantha Dorisca,https://afrotech.com/dwight-howard-is-pursuing-a-college-degree-like-shaquille-oneal-and-jr-smith
Technologist Fred Underwood Launches An AI-Powered Career Development Product For Student Athletes,"Sports have remained a common denominator for tech founder Fred Underwood. He played basketball at Coastal Alabama Community College (formerly Jefferson Davis Community College) and Huntingdon College (Division 3), but stopped because of his grades and limited opportunities. As a result, he focused on his academics and enrolled at Alabama State University in 2010 on… Continue reading Technologist Fred Underwood Launches An AI-Powered Career Development Product For Student Athletes",afrotech.com,2026-09-10,Technology,Samantha Dorisca,https://afrotech.com/technologist-fred-underwood-is-supporting-student-athletes
University Of Baltimore Writing Director Creates ‘Confrontational Parent’ Chatbot To Help Students Back Their Arguments With Evidence,"Teachers are learning to work with AI, not against it. As AFROTECH™ previously reported, New York City Mayor Zohran Mamdani said that he believes “AI-powered early education” is not necessary. New York City Public Schools echoed these sentiments through a moratorium that bans generative AI and software companion chatbots for elementary and middle school students… Continue reading University Of Baltimore Writing Director Creates ‘Confrontational Parent’ Chatbot To Help Students Back Their Argumen…",afrotech.com,2026-09-10,Education,Samantha Dorisca,https://afrotech.com/teachers-are-learning-to-work-with-ai-not-against-it
No Plane Ticket? TSA Will Now Let Some People Meet You At The Gate,TSA’s free Gateside by TSA PreCheck program lets eligible non-travelers pass security at some airports to meet friends or family at the gate.,travelnoire.com,2026-09-10,Travel News,Faith Katunga,https://travelnoire.com/tsa-gateside-precheck-airport-gate-access
"One Ticket, Two Airlines. Who Is Responsible When A Connection Fails?","Missed a connection on two airlines? Here’s who rebooks you, what happens to your bags, and why your ticket type matters.",travelnoire.com,2026-09-10,Plan &Amp; Shop,Faith Katunga,https://travelnoire.com/one-ticket-two-airlines-missed-connection
Southwest Is Getting Its First-Ever Airport Lounges — These US Cities Are Up First,"CEO Bob Jordan had confirmed in late 2025 that Southwest was ""actively pursuing"" the development of an airport lounge network.",travelnoire.com,2026-09-10,Travel News,Natasha Decker,https://travelnoire.com/southwest-airport-lounges
JetBlue’s New BlueFirst Class Is Bringing First Class To Domestic Flights,"This month, JetBlue Airways announced its new domestic first class, BlueFirst, which will be available to book later this fall.",travelnoire.com,2026-09-10,Travel News,Natasha Decker,https://travelnoire.com/jetblue-bluefirst-domestic-first-class
"Trump Promises $5,000 Checks Despite Past Broken Pledges As Tim Scott’s Bizarre Speech Gets Mocked At GOP Convention","As the 2026 midterm elections approach, Republicans appear nervous about their prospects in November. Attempting to rally conservatives, the GOP is holding an unprecedented midterm convention, complete with outrageous speeches and promises. Trump’s trillion-dollar pledge draws skepticism, reminders of broken promises President Trump spoke Wednesday night at the first-ever Republican midterm convention, being held in… Continue reading Trump Promises $5,000 Checks Despite Past Broken Pledges As Ti…",blavity.com,2026-09-10,News,Christopher Rhodes,https://blavity.com/trump-5000-checks-tim-scott-mocked-gop-convention
Nolan Wells case faces new questions as Horn Island drowning history gets renewed scrutiny,Records show no drowning deaths were reported at the Mississippi island for six years before the 18-year-old was found dead.,thegrio.com,2026-09-10,News,Bolarinwa Oladeji,https://thegrio.com/2026/09/10/nancy-grace-horn-island-nolan-wells-segment/
Trump’s 2030 census plan would eliminate race questions and exclude some immigrants from count,"The proposed overhaul could reshape political representation, federal funding and how racial disparities are measured.",thegrio.com,2026-09-10,Politics,Odafe Oghen,https://thegrio.com/2026/09/10/trump-census-proposal-immigrants-race-data/
Tim Scott’s dramatic GOP convention speech draws mockery: ‘Not exactly low-keying it’,Tim Scott’s fiery Dallas GOP convention speech draws social media mockery as the Republican senator attacks Democrats and James Talarico.,thegrio.com,2026-09-10,News,Bolarinwa Oladeji,https://thegrio.com/2026/09/10/tim-scott-dallas-gop-convention-speech/
‘I made those!’: 11-year-old designer Brooke Sumpter makes history with American Girl collaboration,Brooke Sumpter is the first child and first Black child to partner with American Girl for a fashion collection with Harlem Fashion Row.,thegrio.com,2026-09-10,Lifestyle,Haniyah P.,https://thegrio.com/2026/09/10/i-made-those-11-year-old-designer-brooke-sumpter-makes-history-with-american-girl-collaboration/
"Coco Gauff on Ben Shelton, Frances Tiafoe’s historic semifinal: ‘I never thought I would see’ it",Coco Gauff says she never thought she'd see an all-Black US Open semifinal as Ben Shelton and Frances Tiafoe make history in New York.,thegrio.com,2026-09-10,Sports,Peter Kerich,https://thegrio.com/2026/09/10/coco-gauff-all-black-us-open-semifinal/
Jalen Brunson is taking his championship season to ‘Saturday Night Live’,Jalen Brunson will host the SNL Season 52 premiere after leading the New York Knicks to their first NBA championship since 1973.,thegrio.com,2026-09-10,Entertainment,Peter Kerich,https://thegrio.com/2026/09/10/jalen-brunson-snl-host-season-52/
Trump administration accuses Berkeley Law of favoring Black applicants over white and Asian candidates,The Trump administration alleges Berkeley Law admissions favored Black applicants and discriminated against white and Asian candidates.,thegrio.com,2026-09-10,Featured,Odafe Oghen,https://thegrio.com/2026/09/10/berkeley-law-admissions-black-applicants/
Federal Government Moves to Limit Public Input on Data Center Projects,Proposed rule changes would leave residents with less say over pollution in their communities.,capitalbnews.org,2026-09-10,,Adam Mahoney,https://capitalbnews.org/data-centers-permit-rules-epa/
UN Approves New World Map Reflecting Africa’s True Size — US Is Only Country To Object,"Nearly every voting country recently approved of a new way to depict the world. The United Nations’ endorsement of a new global map is intended to better represent the relative sizes of continents and regions, giving particular prominence to Africa in a less western-centric depiction of the world. UN approves more accurate replacement for centuries-old… Continue reading UN Approves New World Map Reflecting Africa’s True Size — US Is Only Country To Object",blavity.com,2026-09-10,Politics,Christopher Rhodes,https://blavity.com/un-approves-new-world-map-reflecting-africas-true-size
"Federal Court Rules Clean Water Not A Constitutional Right In Jackson, Mississippi Case","As residents of Jackson, Mississippi deal with a years-long water crisis, the quest to hold government officials responsible for the situation has hit a setback. A federal court has denied the claims that access to safe water is a constitutionally protected right and that government officials have a responsibility to be honest with the citizens… Continue reading Federal Court Rules Clean Water Not A Constitutional Right In Jackson, Mississippi Case",blavity.com,2026-09-10,Politics,Christopher Rhodes,https://blavity.com/federal-court-rules-clean-water-not-a-constitutional-right-in-jackson-mississippi-case
Jackson police investigating Tasia Fortune’s hanging death as homicide while awaiting autopsy results,Jackson police say Tasia Fortune’s death is being investigated as a homicide as authorities await the 29-year-old mother’s autopsy results.,thegrio.com,2026-09-10,News,Nhari Djan,https://thegrio.com/2026/09/10/jackson-police-investigating-tasia-fortunes-hanging-death-as-homicide-while-awaiting-autopsy-results/
"Timothy ‘Buc Wild’ Joseph, longtime ‘Star & Buc Wild’ radio personality, dies at 47","Former HOT 97 radio host Timothy “Buc Wild” Joseph has died at 47, with longtime partner Star Torain paying tribute to him.",thegrio.com,2026-09-10,Entertainment,Bolarinwa Oladeji,https://thegrio.com/2026/09/10/timothy-buc-wild-joseph-dead-47/
B2K singer Raz-B and wife Mona Li’s 3-month-old son reportedly dies unexpectedly,B2K singer Raz-B and wife Mona Li are mourning the death of their 3-month-old son Astro Monte Thornton. The cause of death is unknown.,thegrio.com,2026-09-10,Featured,Peter Kerich,https://thegrio.com/2026/09/10/raz-b-and-wife-mona-li-mourn-the-death-of-their-son-astro/
Black fashion has never waited for an invitation to New York Fashion Week,"From Harlem’s Fashion Row to Ophelia DeVore, we break down how Black creatives continue to make NYFW their own.",thegrio.com,2026-09-10,Style,Kay Wicker,https://thegrio.com/2026/09/10/black-fashion-has-never-waited-for-an-invitation-to-new-york-fashion-week/
‘I actually need to text her’: Simone Biles looks to Serena Williams as she considers Olympic return,Simone Biles comeback plans remain undecided as she prepares to ask Serena Williams for advice about a possible return for the 2028 Olympics.,thegrio.com,2026-09-10,Sports,Odafe Oghen,https://thegrio.com/2026/09/10/simone-biles-comeback-serena-williams-2028/
Illinois students walk out to protest classmates accused of racist harassment of Black athletes,Lincoln-Way East students chanted “No place for racism” after five students at their school were identified in the incident.,thegrio.com,2026-09-10,News,Odafe Oghen,https://thegrio.com/2026/09/10/lincoln-way-east-walkout-racist-incidents/
Megan Thee Stallion Shares What She’s Learned About Love and Life Since Klay Thompson Breakup,"Megan Thee Stallion and Klay Thompson broke up in April 2026. Now, the rapper is revealing the lessons she’s learned after heartbreak.",theroot.com,2026-09-10,Entertainment,Shanelle Genai,https://www.theroot.com/megan-thee-stallion-shares-what-shes-learned-about-love-2000125160
Luenell Shares Where Things Stand With Al B. Sure!,"Comedian Luenell and Al B. Sure! made headlines earlier this year after teasing their apparent relationship. Now, she’s opening up about how their love story began.",theroot.com,2026-09-09,Entertainment,Shanelle Genai,https://www.theroot.com/luenell-shares-where-things-stand-with-al-b-sure-2000125056
Lonnie G. Bunch III’s Legacy: How One Historian Changed History,"After Lonnie Bunch III announced his retirement from the Smithsonian Tuesday, The Root is taking a deep dive into the legacy he will leave behind.",theroot.com,2026-09-09,Culture,Angela Wilson,https://www.theroot.com/lonnie-g-bunch-iii-s-legacy-how-one-historian-changed-2000125077
Opinion: Fat Joe’s N-Word Defense Isn’t New — Here’s Why It Still Doesn’t Hold Up,"A regional corner of the hip-hop industry has spent twenty years acting like proximity is a passport office, and Fat Joe is the recurring test case.",theroot.com,2026-09-09,Opinion,Melik Abdul,https://www.theroot.com/opinion-fat-joes-n-word-defense-isnt-new-heres-why-i-2000125072
Missouri Has Two Conflicting Court Orders and One Big Election Problem,Black Kansas City voters are wondering which congressional map will shape their representation this November.,theroot.com,2026-09-09,News,Phenix S Halley,https://www.theroot.com/missouri-has-two-conflicting-court-orders-and-one-big-e-2000125095
The Fascinating and Tragic Story of Soul Singer Otis Redding,"Otis Redding, known as the “King of Soul,” tragically died at 26. His fascinating story is the subject of an upcoming biopic. Meanwhile, here’s his story",theroot.com,2026-09-09,Music,Angela Johnson,https://www.theroot.com/the-fascinating-and-tragic-story-of-soul-singer-otis-re-2000068272
MacKenzie Scott’s HBCU Giving Has Crossed $1 Billion and She’s Not Slowing Down,A $42 million gift to Elizabeth City State University pushes the billionaire’s total HBCU giving past $1 billion — and shows no signs of letting up.,theroot.com,2026-09-09,Education,Phenix S Halley,https://www.theroot.com/mackenzie-scott-s-hbcu-giving-has-crossed-1-billion-an-2000125050
"Morgan Freeman on Acting, Retirement and the One Star Whose Career He Envies","He might be a film icon, but even Morgan Freeman compares himself to other stars, and in a recent Rolling Stone interview, he admitted he is a little envious of Denzel Washington’s action career.",theroot.com,2026-09-09,Entertainment,Mahalia Otshudy,https://www.theroot.com/morgan-freeman-on-acting-retirement-and-the-one-star-w-2000125051
From MVPs to Rookies: The Black Quarterbacks Leading Every Kind of NFL Team in 2026,Nearly half the league now starts a Black quarterback — from two-time MVPs to first-year starters fighting for their jobs. Here’s where all 15 stand entering 2026.,theroot.com,2026-09-09,News,Rashad Grove,https://www.theroot.com/from-mvps-to-rookies-the-black-quarterbacks-leading-ev-2000125076
25 Years After 9/11: Remembering the 12 Black Firefighters Who Gave Their Lives to Save Others,"As New York marks 25 years since 9/11, the stories of the 12 Black firefighters who died that day deserve to be remembered.",theroot.com,2026-09-09,Culture,Phenix S Halley,https://www.theroot.com/25-years-after-9-11-remembering-the-12-black-firefight-2000125155
"Bilal Responds to Allegations of Abuse, Neglect By His Son’s Mother",‘Soul Sista’ singer Bilal is speaking out following the shocking domestic abuse claims lobbed against him by his ex-partner. Let’s get into what he had to say.,theroot.com,2026-09-09,News,Shanelle Genai,https://www.theroot.com/bilal-responds-to-allegations-of-abuse-neglect-by-his-2000125146
Africa’s Richest Man Aliko Dangote Takes His Energy Empire Public With $1.6B IPO,"The Aliko Dangote IPO is shaping up to be a landmark event in African stock market history as Africa’s richest mogul lists his flagship asset, the Dangote Petroleum Refinery, on the Main Board of the Nigerian Exchange. Following formal approval from Nigeria’s Securities and Exchange Commission, the public subscription window opens on Sept. 14, 2026,… Continue reading Africa’s Richest Man Aliko Dangote Takes His Energy Empire Public With $1.6B IPO",afrotech.com,2026-09-09,News,Tyler-Christian Daniels,https://afrotech.com/aliko-dangote-ipo
Jamaica asks King Charles III to put Britain’s slavery reparations obligations to a legal test,Jamaica filed a reparations petition asking King Charles III to refer three slavery questions to the Privy Council for legal review.,thegrio.com,2026-09-09,News,Odafe Oghen,https://thegrio.com/2026/09/09/jamaica-reparations-petition-king-charles/
KevOnStage continues to grow his empire with new podcast partnership,"Kevin ""KevOnStage"" Fredericks is bringing his podcasts “Here’s the Thing,” and “The Bald Brothers” to digital podcast network The Volume.",thegrio.com,2026-09-09,Entertainment,Haniyah P.,https://thegrio.com/2026/09/09/kevonstage-continues-to-grow-his-empire-with-new-podcast-partnership/
Traveling Between Britain And Ireland By Ferry? New Passport Rules Start Sept. 28,"New passport rules will affect major Britain-Ireland ferry routes from Sept. 28, 2026. Here’s what travelers need to know before boarding.",travelnoire.com,2026-09-09,Travel News,Faith Katunga,https://travelnoire.com/britain-ireland-ferry-passport-rules
Planning An Unforgettable Safari Experience? Put These Less-Crowded Choices On Your Radar,Check out these less-crowded African safari destinations that discerning travelers should keep on their radar.,travelnoire.com,2026-09-09,Culture,Natasha Decker,https://travelnoire.com/less-crowded-alternative-african-safari-destinations
A New European Airline Is Launching Flights To 8 Destinations For As Little As $22,New airline Fly2Galicia will launch direct flights from Santiago de Compostela to eight destinations across Spain and Europe in December 2026.,travelnoire.com,2026-09-09,News,Natasha Decker,https://travelnoire.com/fly2galicia-budget-airline-flights
"Are Tourist City Passes Worth It? We Did The Math In Paris, Rome, And London","We compared city passes with individual ticket prices in Paris, Rome, and London to see when tourist passes can actually save travelers money.",travelnoire.com,2026-09-09,Plan &Amp; Shop,Faith Katunga,https://travelnoire.com/tourist-city-passes-worth-the-money
What Lionel Richie’s Recent Cardiac Evaluation Teaches Us About Dehydration And Heart Health,"Dive into the details behind Lionel Richie's cardiac tests, hospital stay and road to recovery on Blavity Health.",blavity.com,2026-09-09,Conditions &Amp; Care,"Dr. Diana Rangaves, PharmD",https://blavity.com/lionel-richie-cardiac-tests
Language Critical Of Confederacy At Arlington National Cemetery Removed By Trump Admin,"As the Trump administration continues its whitewashing of American history, a display at the nation’s most prestigious cemetery is undergoing changes. Information criticizing the Confederacy is being removed to make way for the return of a Confederate monument that was removed years earlier. Administration replaces information critical of Confederacy at Arlington and online The Trump… Continue reading Language Critical Of Confederacy At Arlington National Cemetery Removed By Trump Admin",blavity.com,2026-09-09,Politics,Christopher Rhodes,https://blavity.com/language-critical-of-confederacy-at-arlington-national-cemetery-removed
Lucien Smith Dies: Rising Art Star With A New Collection In The Works Was 37,"Lucien Smith, the New York-based artist who became a prominent figure in the city’s downtown art scene, has died. He was 37. Details on Smith’s death and his childhood upbringing Smith’s longtime friend and gallerist, Bill Powers, confirmed his death and told ARTnews, “Lucien lives in a wordless place inside us now.” No cause of… Continue reading Lucien Smith Dies: Rising Art Star With A New Collection In The Works Was 37",blavity.com,2026-09-09,News,Jahaura Michelle,https://blavity.com/lucien-smith-rising-art-star-with-a-new-collection-in-the-works-dies-at-37
Social Security Beneficiaries Could See This Much Extra Cash In 2027,Social Security beneficiaries could see a boost in their monthly checks next year as the program prepares for another cost-of-living adjustment. What could the 2027 COLA look like? A 3.5% cost-of-living adjustment increase is expected for 2027 based on inflation trends. AARP estimates that the increase could add about $73 per month to retirees’ benefits… Continue reading Social Security Beneficiaries Could See This Much Extra Cash In 2027,blavity.com,2026-09-09,News,Jahaura Michelle,https://blavity.com/social-security-beneficiaries-could-see-this-much-extra-cash-in-2027
Unlocking Insights: Here are the Social Security Changes Coming in 2027,"Millions of Social Security recipients could see their monthly payments rise by about $73 in 2027 if current projections for the program’s annual cost-of-living adjustment (COLA) hold. In recent years, inflation has been a pressing concern for many households, particularly those relying on fixed incomes. This adjustment is designed to provide financial relief to Social Security beneficiaries, […]",ebony.com,2026-09-09,Life,,https://www.ebony.com/unlocking-insights-here-are-the-social-security-changes-coming-in-2027/
"Fall Culture Index 2026: Fairs, Festivals and Art Shows Worth Leaving the Group Chat For","Fall might promise cooler weather, but galleries, festivals and art shows are just starting to heat up. This season’s calendar of exhibits across the country offers a chance to be surrounded by gorgeous works of art, build community and reflect on our past, as with the landmark project If Emmett Till Lived, which opens September […]",ebony.com,2026-09-09,Culture,,https://www.ebony.com/fall-culture-index-2026-fairs-festivals-and-art-shows-worth-leaving-the-group-chat-for/
Experts Share What It Means to ‘Check on Your Strong Friends’ This Fall,"Shanti Das built a successful career working behind the scenes in the music industry as an executive. But behind that success, Das was struggling with depression and suicidal thoughts—something she says many people around her didn’t know because she was “high functioning.” That experience is part of what makes the phrase “check on your strong […]",ebony.com,2026-09-09,Health,,https://www.ebony.com/experts-share-what-it-means-to-check-on-your-strong-friends-this-fall/
Theophilio Takes Its Place in the Macy’s Window Alongside American Fashion’s Biggest Names,"Macy’s Herald Square has long been a stage for American fashion, but this fall, one of the names taking up space in its famed 34th Street windows belongs to a decidedly newer generation. Theophilio, the New York-based label founded by Jamaican-born designer Edvin Thompson, has unveiled a limited-edition capsule as part of Macy’s celebration of […]",ebony.com,2026-09-09,Fashion,,https://www.ebony.com/theophilio-takes-its-place-in-the-macys-window-alongside-american-fashions-biggest-names/
"5 Coffee Table Books to Elevate Your Space, Taste, and Knowledge","One of the easiest ways to transform any space is to add coffee table books. And contrary to the name, the coffee table isn’t the only place to showcase them. Whether you’re an art enthusiast on a budget or a history buff who’s as keen on visuals as you are on information, coffee table books are a versatile solution to […]",ebony.com,2026-09-09,Home,,https://www.ebony.com/5-coffee-table-books-to-elevate-your-space-taste-and-knowledge/
Mamdani’s New AI Policy: What Do We Have to Lose?,"The looming danger of the literary crisis has festered for the better half of a decade. Its effects were exacerbated during the Covid-19 pandemic, and it is only getting worse. As a nation, we’re enduring a historic, all-time low. In a recent study conducted by the Program for International Assessment (PISA) it found that average 15-year-old U.S. student scores dropped fourteen points since the last exam given in 2022. To make matters worse, the achievement gap between […]",ebony.com,2026-09-09,Culture,,https://www.ebony.com/mamdanis-new-ai-policy-what-do-we-have-to-lose/
"Gabriella Karefa-Johnson Is Cleaning Out Her Closet, and the Girls Win","There are closet clean-outs, and then there is getting access to the closet of someone whose actual job is knowing what looks good. As New York Fashion Week begins its biannual takeover of the city, stylist and tastemaker Gabriella Karefa-Johnson is giving fashion lovers the opportunity to shop directly from her wardrobe with “For the […]",ebony.com,2026-09-09,Fashion,,https://www.ebony.com/gabriella-karefa-johnson-is-cleaning-out-her-closet-and-the-girls-win/
"‘Martin,’ ‘Moesha’ and Other 90s Black Shows That Don’t Need a Reboot","From “A Different World” to “Living Single,” these classic sitcoms captured Black joy, family and friendship perfectly the first time around—no do-over required.",theroot.com,2026-09-09,Entertainment,Shanelle Genai,https://www.theroot.com/martin-moesha-and-other-90s-black-shows-that-dont-need-2000125032
Cardi B and Offset reunite for son Wave’s birthday as he shares sweet wish for dad,Wave’s birthday wish for his dad to attend came true when Offset joined Cardi B and their children for the 5-year-old’s celebration.,thegrio.com,2026-09-09,Entertainment,Odafe Oghen,https://thegrio.com/2026/09/09/wave-birthday-wish-offset-cardi-b/
Keke Palmer reacts to resurfaced clip of her interviewing Drake on ‘Degrassi’ set,Keke Palmer reacts to a resurfaced 2005 video showing her interviewing Drake on the Degrassi set years before her own guest appearance.,thegrio.com,2026-09-09,Entertainment,Odafe Oghen,https://thegrio.com/2026/09/09/keke-palmer-drake-clip-degrassi/
Black IHOP employees say white manager called herself their ‘master’ and mocked Juneteenth,"Four Black IHOP employees allege years of racial harassment, racist comments and retaliation by a white manager in a federal lawsuit.",thegrio.com,2026-09-09,News,Odafe Oghen,https://thegrio.com/2026/09/09/ihop-racial-discrimination-lawsuit-black-employees/
The vilification of Black mothers: Why didn’t Latarsha Sanders get the compassion Lindsay Clancy received?,OPINION: Two Massachusetts mothers mounted defenses centered on severe mental illness. Their cases have been met with very different public,thegrio.com,2026-09-09,Featured,Panama Jackson,https://thegrio.com/2026/09/09/the-vilification-of-black-mothers-why-didnt-latarsha-sanders-get-the-compassion-lindsay-clancy-received/
D4vd hit with wrongful death lawsuit from Celeste Rivas Hernandez’s family,"The civil case names the singer, his manager, mother and security guard nearly one year after the teenager’s remains were discovered.",thegrio.com,2026-09-09,News,Odafe Oghen,https://thegrio.com/2026/09/09/d4vd-wrongful-death-lawsuit-celeste-rivas/
National Guardsman in DC Pulls Loaded Weapon During Dispute About Hair Length: What We Know,A heated argument over military grooming standards reportedly escalated when a Georgia Guardsman allegedly pulled his loaded service weapon on another officer.,theroot.com,2026-09-09,News,Phenix S Halley,https://www.theroot.com/national-guardsman-in-dc-pulls-loaded-weapon-during-dis-2000125043
Two Black American Men Face Off in First US Open Semifinal: Frances Tiafoe vs. Ben Shelton,"As the 2026 US Open heads toward its finals, Black men have made history: Ben Shelton and Frances Tiafoe will officially be facing off in a semifinal match. This match marks the first time that two Black American men have played one another in a Grand Slam semifinal since the Open era began in 1968. […]",ebony.com,2026-09-09,Sports,,https://www.ebony.com/two-black-american-men-face-off-in-first-us-open-semifinal-frances-tiafoe-vs-ben-shelton/
"‘Revolving door of corruption’: Trump’s $45,000 cash gifts to aides draw scrutiny",Ethics experts are raising legal questions after financial disclosures revealed cash payments from the president to White House staffers. After,thegrio.com,2026-09-09,Politics,Gerren Keith Gaynor,https://thegrio.com/2026/09/09/revolving-door-of-corruption-trumps-45000-cash-gifts-to-aides-draws-scrutiny/
"‘Cruisegate’ has the internet laughing, but the reason people keep falling for these things is less amusing","Vanessa Phillips, who claims she was scammed out of $1,100 for a recent cruise by a fellow traveler, joins a growing list.",thegrio.com,2026-09-09,Lifestyle,Kay Wicker,https://thegrio.com/2026/09/09/cruisegate-has-the-internet-laughing-but-the-reason-people-keep-falling-for-these-things-is-less-amusing/
"Elon Musk’s ex warns about consequences of his actions on X, claims he wanted a ‘legion of children before civil war’","Speaking at the Venice film premiere of 'Musk,' Elon Musk's ex Ashley St. Clair revealed bombshells regarding his thoughts on a civil war.",thegrio.com,2026-09-09,News,Brandon Caldwell,https://thegrio.com/2026/09/09/elon-musk-civil-war-sowing-division-ashley-st-clair/
Tyler Perry’s ‘Why Did I Get Married Again?’ takes generational trauma—and drama—to Lake Como,"Tyler Perry's “Why Did I Get Married Again?” lands on Netflix, bringing the whole gang back together again for a destination wedding.",thegrio.com,2026-09-09,Entertainment,Kay Wicker,https://thegrio.com/2026/09/09/tyler-perrys-why-did-i-get-married-again-takes-generational-trauma-and-drama-to-lake-como/
Byron Allen’s Allen Media Broadcasting and Disney renew ABC network affiliations,"Byron Allen's Allen Media Broadcasting is extending its partnership with Disney/ABC, maintaining affiliation networks in seven U.S. markets",thegrio.com,2026-09-09,Television,Brandon Caldwell,https://thegrio.com/2026/09/09/allen-media-broadcasting-abc-network-affiliations-extension/
Ex-Anthropic And OpenAI Researcher Warns That AI Could ‘Kill Us All By The End Of The Decade’,"AI has quickly become part of nearly every facet of daily life, and so has the controversy surrounding it. But could increasingly powerful AI eventually threaten humanity itself? On Tuesday, Sept. 8, 2026, former Anthropic and OpenAI researcher Jacob Coxon resigned from Anthropic. He then took to X to issue a stark warning about where… Continue reading Ex-Anthropic And OpenAI Researcher Warns That AI Could ‘Kill Us All By The End Of The Decade’",afrotech.com,2026-09-09,Technology,ShaCamree Gowdy,https://afrotech.com/ai-humanity-risks-data-privacy
Bluecore Energy Raises $50M Seed Round To ‘Create And Deliver Zero-Emission Energy’,"Months after exiting stealth with $10 million in funding, Bluecore Energy has raised new funding to fuel its clean energy vision. As AFROTECH™ previously reported, the maritime nuclear energy company — based at the Port of Long Beach in California — is the brainchild of Kofi Asante. His team includes SpaceX engineers, Black nuclear engineers, former Toyota… Continue reading Bluecore Energy Raises $50M Seed Round To ‘Create And Deliver Zero-Emission Energy’",afrotech.com,2026-09-09,Venture Capital,Samantha Dorisca,https://afrotech.com/bluecore-energy-raises-50m-seed-round
Ben Shelton and Frances Tiafoe are one match away from US Open history,"For the first time in US Open history, two Black men, Ben Shelton and Frances Tiafoe, will compete in the tennis tournament’s semifinal.",thegrio.com,2026-09-09,Sports,Haniyah P.,https://thegrio.com/2026/09/09/ben-shelton-and-frances-tiafoe-are-one-match-away-from-us-open-history/
‘I cannot be minimized’: Megan Thee Stallion is plotting her own universe and more after Klay Thompson split,"In a new feature for InStyle, Megan Thee Stallion outlined what she wants in her next relationship after her split from Klay Thompson.",thegrio.com,2026-09-09,Lifestyle,Brandon Caldwell,https://thegrio.com/2026/09/09/megan-thee-stallion-klay-thompson-relationships-instyle/
Noreaga of ‘Drink Champs’ fame sued by Carmen Bryan over alleged 1999 sexual assault,N.O.R.E. has been sued by Carmen Bryan with Bryan alleging the 'Drink Champs' host sexually assaulted her at a New York nightclub in 1999.,thegrio.com,2026-09-09,Entertainment,Brandon Caldwell,https://thegrio.com/2026/09/09/n-o-r-e-drink-champs-sued-carmen-bryan-sexual-assault/
"Court says clean water isn’t a constitutional right. Leaders say majority-Black Jackson, Miss., deserves better",Black leaders speak out after a federal court rejected Jackson residents’ claims over the majority-Black city’s water crisis.,thegrio.com,2026-09-09,Politics,Gerren Keith Gaynor,https://thegrio.com/2026/09/09/jackson-clean-drinking-water-isnt-a-constitutional-right/
"Jhené Aiko announces first album in six years, ‘Westside Whimsy’","Jhené Aiko will release Westside Whimsy on Sept. 11, her first full studio album since 2020’s Grammy-nominated Chilombo.",thegrio.com,2026-09-09,Entertainment,Odafe Oghen,https://thegrio.com/2026/09/09/westside-whimsy-album-jhene-aiko/
Tyrese Gibson won’t face charges after his dogs killed a neighbor’s pet,Tyrese animal cruelty charges tied to his dogs’ fatal attack on a neighbor’s pet were dismissed after he completed a diversion program.,thegrio.com,2026-09-09,Featured,Odafe Oghen,https://thegrio.com/2026/09/09/tyrese-animal-cruelty-charges-dismissed/
Frances Tiafoe pauses US Open celebration to console Alex Michelsen after epic comeback,"After more than four-and-a-half hours on court, Tiafoe consoled his friend before celebrating a third trip to the semifinals.",thegrio.com,2026-09-09,Entertainment,Odafe Oghen,https://thegrio.com/2026/09/09/tiafoe-michelsen-hug-us-open/
Could AI wipe out humanity? Anthropic researcher says the risk is greater than 10%,Anthropic researcher Evan Hubinger says AI could have over 10% chance of killing all humans within a decade amidst calls for safeguards.,thegrio.com,2026-09-09,News,Peter Kerich,https://thegrio.com/2026/09/09/anthopic-researcher-ai-kill-all-humans-warning/
Former Ohio officer pleads guilty in fatal shooting of 20-year-old Donovan Lewis,"Former Columbus officer Ricky Anderson pleaded guilty to reckless homicide in the 2022 shooting of Donovan Lewis, with the murder",thegrio.com,2026-09-09,News,Bolarinwa Oladeji,https://thegrio.com/2026/09/09/ricky-anderson-guilty-plea-donovan-lewis-columbus/
"T-Pain sues Akon’s record label, claiming he’s owed nearly $500K in royalties",The singer alleges Konvict Entertainment failed to pay his full share of royalties from recent music sales.,thegrio.com,2026-09-09,Entertainment,Odafe Oghen,https://thegrio.com/2026/09/09/t-pain-royalties-lawsuit-konvict-entertainment/
"What Does ‘Real Equity’ Look Like In Hollywood? Nearly 20 Years Later, Here’s What The ‘Why Did I Get Married Again?’ Cast Says","Nearly 20 years ago, Tyler Perry’s Why Did I Get Married? debuted in theaters. Today, it still stands the test of time with a third installment of the franchise, Tyler Perry’s Why Did I Get Married Again? Much like the world has evolved since the original film stormed the box office on Oct. 12, 2007,… Continue reading What Does ‘Real Equity’ Look Like In Hollywood? Nearly 20 Years Later, Here’s What The ‘Why Did I Get Married Again?’ Cast Says",afrotech.com,2026-09-09,Entertainment,Shanique Yates,https://afrotech.com/why-did-i-get-married-again-cast-on-equity
"Idris Elba Invested In British Plant-Based Meal Replacement Company Huel Early — Now, It’s Being Acquired For Nearly $1.15B","Idris Elba was an early investor in Huel. The British plant-based meal replacement company has sold more than 270 million meals since its 2015 founding, according to Food Dive. In 2022, to further its growth into the U.S., Highland Europe led a $24 million round. Participants in the round included Elba and his wife, Sabrina;… Continue reading Idris Elba Invested In British Plant-Based Meal Replacement Company Huel Early — Now, It’s Being Acquired For Nearly $1.15B",afrotech.com,2026-09-09,Venture Capital,Samantha Dorisca,https://afrotech.com/idris-elba-was-an-early-investor-in-huel
Black actors refused to star in this filmmaker’s movie over stereotypes. So he opted for AI performers instead,"Academy Award-nominated filmmaker Paul Schrader wanted to make a L.A. crime noir. After Black actors refused, he opted for AI performers.",thegrio.com,2026-09-09,Film,Brandon Caldwell,https://thegrio.com/2026/09/09/paul-schrader-black-actors-refuse-three-guns-at-dawn/
Stevie Wonder announces 50th-anniversary tour for ‘Songs in the Key of Life’,The music legend will perform the landmark 1976 double album in its entirety during a tour spanning Europe and the United States.,thegrio.com,2026-09-08,Music,Bolarinwa Oladeji,https://thegrio.com/2026/09/08/stevie-wonder-songs-in-the-key-of-life-50th-anniversary-tour/
Cyn Santana announces pregnancy with third child: ‘Our love multiplied’,"Cyn Santana revealed she is pregnant with her third child, sharing new maternity photos and writing that her family’s “love multiplied.”",thegrio.com,2026-09-08,Featured,Odafe Oghen,https://thegrio.com/2026/09/08/cyn-santana-pregnancy-announcement-third-child/
"When Clean Water Isn’t a Constitutional Right, Black Communities Pay the Price","More than four years after Jackson’s water crisis was brought before a federal court, the latest ruling has exposed deeper questions about race and environmental justice.",theroot.com,2026-09-08,Culture,Phenix S Halley,https://www.theroot.com/when-clean-water-isn-t-a-constitutional-right-black-co-2000124898
"Bilal ‘deeply saddened’ over claims from ex regarding disabled son’s care, denies all allegations","R&B singer Bilal is denying claims made by his longtime ex that he is an abuser and he's lacked care for his special needs son, Bashir.",thegrio.com,2026-09-08,Lifestyle,Brandon Caldwell,https://thegrio.com/2026/09/08/bilal-denies-allegations-abuser-disabled-son/
‘Divorce is heavy’: Todd Tucker reveals new film examining split from Kandi Burruss,Todd Tucker is releasing a film chronicling the aftermath of his divorce from Kandi Burruss titled 'Til Divorce Do Us Part'.,thegrio.com,2026-09-08,Entertainment,Brandon Caldwell,https://thegrio.com/2026/09/08/todd-tucker-til-divorce-do-us-part-trailer/
For the first time ever Miss America’s crown sits atop a Black woman’s natural hair,25-year-old Regan Hutsell of Texas made history when she was was crowned Miss America 2027 while rocking her natural hair.,thegrio.com,2026-09-08,Lifestyle,Kay Wicker,https://thegrio.com/2026/09/08/for-the-first-time-ever-miss-americas-crown-sits-atop-a-black-womans-natural-hair/
"Keith Lee’s testimony sparks social media conversation about faith, tragedy and who gets ‘saved’","After reflecting on what could have been a fatal car accident, Keith Lee became a trending topic as users debated faith, grief, and religion.",thegrio.com,2026-09-08,Featured,Haniyah P.,https://thegrio.com/2026/09/08/keith-lees-testimony-sparks-social-media-conversation-about-faith-tragedy-and-who-gets-saved/
‘Tidal wave of white supremacy’: Trump blasted over removal of slavery criticism at military cemetery,Trump faces backlash after his administration removed language criticizing slavery from a Confederate memorial at Arlington National Cemetery.,thegrio.com,2026-09-08,Politics,Gerren Keith Gaynor,https://thegrio.com/2026/09/08/trump-removes-language-about-slavery-arlington-national-cemetery/
"Celeb Love Check: Phaedra Parks’ Hard Launch, Ernest Harden Jr.’s Sweet Shoutout, ‘Black Panther’ Alum Weds?","Celebrities always know how to put us in a chokehold when it comes to relationship reveals, whether it’s a hard‑launch at a red carpet event, in a sweet acceptance speech, or via now‑deleted photos that may reveal their love status. Phaedra Parks Is a Traitor (Alum) In Love View this post on Instagram A post […]",ebony.com,2026-09-08,Celebrity,,https://www.ebony.com/celeb-love-check-phaedra-parks-ernest-harden-jr-letitia-wright/
"Wimbledon Won’t Credential Influencers in 2027, But Are Creators Really the Problem?","Apparently, the influencer may have finally met its greatest opponent, and surprisingly, it isn’t the algorithm. It’s etiquette. Following weeks of discourse surrounding creators, ring lights, flash photography and questionable spectator behavior at the U.S. Open, Wimbledon has made it clear that it will not introduce a dedicated accreditation category for influencers and content creators […]",ebony.com,2026-09-08,Culture,,https://www.ebony.com/wimbledon-wont-credential-influencers-in-2027-but-are-creators-really-the-problem/
"The Recovery Treatments Worth the Hype, According to Someone Who’s Tried Them All","Recovery was never something I made time for, no matter how much I trained. I’d get to it if I had energy left after a workout, and most of the time I didn’t. I’m even embarrassed to admit how much I stretch on my own, given how often I work out (often twice a day, multiple […]",ebony.com,2026-09-08,Health,,https://www.ebony.com/recovery-treatments-worth-the-hype/
"First Pics: The Real Housewives of Potomac, Season 11, Plus New Cast Member Revealed — EBONY Exclusive","It’s not just music that’s having a ten-year renaissance. The Real Housewives of Potomac is serving up an OG cast roster and a new cast member, and EBONY is bringing you the first gallery pics of the stars of season 11. Gizelle Bryant, Ashley Darby, Karen Huger and Robyn Dixon, who were part of the […]",ebony.com,2026-09-08,Entertainment,,https://www.ebony.com/first-look-real-housewives-of-potomac-season-11-cast-see-gallery-pics/
Smithsonian’s first Black leader Lonnie Bunch III announces retirement after historic tenure,Smithsonian chief Lonnie Bunch will retire by end-year amid Trump administration pressure over the institution's approach to American history.,thegrio.com,2026-09-08,Featured,Peter Kerich,https://thegrio.com/2026/09/08/lonnie-bunch-retire-smithsonian-trump-pressure/
Smithsonian Secretary Lonnie Bunch III Set to Retire,"EBONY Power 100 special honoree Lonnie Bunch lll, 73, has retirement on the horizon after a tenure of uphill battles and resilience due to the current Trump administration. “Smithsonian Secretary Lonnie Bunch plans to announce his retirement from the institution at the end of this year, bringing to a close a tenure marked by unprecedented […]",ebony.com,2026-09-08,News &Amp; Politics,,https://www.ebony.com/smithsonian-secretary-lonnie-bunch-iii-set-to-retire/
What Will Define Ye’s Redemption?,"Seventy-one thousand voices shook Chicago’s Soldier Field as Ye, the artist formerly known as Kanye West, stood at its center, atop a large spherical stage in collaboration with Aus Taylor. Songs like “Heartless,” “Good Life,” “I Wonder,” and “Jesus Walks” erupted from the Chicago crowd, where fans rapped and sang along to a catalog that […]",ebony.com,2026-09-08,Culture,,https://www.ebony.com/what-will-define-yes-redemption/
Eve opens up about why her marriage to Maximillion Cooper works after 12 years,"The Grammy winner says marrying later in life, supporting each other’s passions and maintaining separate worlds have strengthened their bond.",thegrio.com,2026-09-08,News,Bolarinwa Oladeji,https://thegrio.com/2026/09/08/eve-maximillion-cooper-marriage-12-years/
Md. Gov. Wes Moore raises minimum wage to $18 for some BWI airport workers,"The immediate $1-an-hour raise covers workers under direct state contracts, while hundreds of others remain outside current wage protections.",thegrio.com,2026-09-08,News,Bolarinwa Oladeji,https://thegrio.com/2026/09/08/wes-moore-bwi-contract-workers-18-minimum-wage/
"At Afro Plus Fest, Wes Moore says Black culture must be celebrated amid efforts to ‘minimize’ Black people","At Afro Plus Fest, Wes Moore talks Black cultural power, global influence and why celebrating Blackness matters in this political moment.",thegrio.com,2026-09-08,Politics,Gerren Keith Gaynor,https://thegrio.com/2026/09/08/afro-plus-fest-wes-moore-black-culture-minimize-black-people/
Mark Curry Calls Out 50 Cent Over Diddy Documentary: ‘This Was the Worst Deal’,"As 50 Cent celebrates an Emmy win for his shocking Netflix documentary about Sean “DIddy” Combs, Mark Curry is airing his frustration for not receiving the credit he says he’s due.",theroot.com,2026-09-08,News,Shanelle Genai,https://www.theroot.com/mark-curry-calls-out-50-cent-over-diddy-documentary-th-2000124926
Two African Cities Rank Among World’s Best For Nightlife In 2026,Johannesburg and Accra have been named among the world’s best nightlife cities for 2026 in Time Out’s latest global ranking.,travelnoire.com,2026-09-08,Travel News,Faith Katunga,https://travelnoire.com/african-cities-best-nightlife-2026
Halle Berry Just Celebrated Her 60th Birthday At This Luxe Los Cabos Resort,"For her 60th birthday, Halle Berry visited a resort known for its exceptional luxury in one of Mexico's most sought-after destinations.",travelnoire.com,2026-09-08,Culture,Natasha Decker,https://travelnoire.com/halle-berry-60th-birthday-zadun-ritz-carlton-reserve-mexico
"SNAP Cuts From ‘One Big Beautiful Bill’ Threaten Black, Rural Communities In The South, New Research Asserts","Black communities across the Deep South could significantly be affected as new cuts to the Supplemental Nutrition Assistance Program (SNAP) take effect, according to new research from the Southern Poverty Law Center. How the “One Big Beautiful Bill” affected SNAP recipients in the Deep South The warning comes just over a year after the Trump… Continue reading SNAP Cuts From ‘One Big Beautiful Bill’ Threaten Black, Rural Communities In The South, New Research Asserts",blavity.com,2026-09-08,News,Jahaura Michelle,https://blavity.com/snap-cuts-threaten-black-rural-communities
"Lonnie Bunch, First Black Smithsonian Secretary, Resigns After Trump Admin Threatened To Cut Ties, Suggested Leaders Should Resign","Lonnie Bunch is stepping down as leader of the Smithsonian after 7 years atop the institution. Bunch’s resignation comes after intense criticism from the Trump administration, which has attempted to whitewash American history while accusing institutions like the Smithsonian of promoting ideologies at odds with Trump’s right-wing social views.",blavity.com,2026-09-08,Politics,Christopher Rhodes,https://blavity.com/lonnie-bunch-first-black-smithsonian-secretary-resigns
"‘AIPAC Monkey,’ ‘Errand Boy’ Remarks About Hakeem Jeffries Draw Widespread Condemnation, Spark Debate Over Progressive Racism","A pro-Palestinian activist and academic is apologizing and fending off criticism after using offensive language to disparage one of the most prominent Black officials in the Democratic Party. The comments were made about Rep. Hakeem Jeffries in relation to the conflict in Gaza. The remark has sparked widespread condemnation as well as a conversation about… Continue reading ‘AIPAC Monkey,’ ‘Errand Boy’ Remarks About Hakeem Jeffries Draw Widespread Condemnation, Spark Debate Over Progressive Racis…",blavity.com,2026-09-08,Politics,Christopher Rhodes,https://blavity.com/hakeem-jeffries-comments-rula-jebreal-condemned
"Navigating Respiratory Season: Your Complete Guide To COVID, Flu And RSV Vaccines","Stay protected this season. Explore the latest guidelines and expert updates on COVID, flu and RSV vaccine recommendations.",blavity.com,2026-09-08,Conditions &Amp; Care,"Dr. Diana Rangaves, PharmD",https://blavity.com/covid-flu-rsv-vaccine-recommendations
Smithsonian's Leader to Step Down Amid Trump Efforts to Reshape Black History,"The president complains the Blacksonian focuses on negativity, but the museum also celebrates Black excellence and joy.",capitalbnews.org,2026-09-08,,Brandon Tensley,https://capitalbnews.org/trump-smithsonian-black-history/
Octavia Spencer adds an Emmy Award to her résumé,The Oscar-winning actress adds television’s top honor to her résumé after taking home Outstanding Narrator.,thegrio.com,2026-09-08,Entertainment,Bolarinwa Oladeji,https://thegrio.com/2026/09/08/octavia-spencer-first-emmy-lost-women-alaska/
Fat Joe’s N-word comments reignite a complicated conversation about Blackness and hip-hop,"Fat Joe’s claim that he’s “the Blackest” person critics have seen has reopened a complicated conversation about race, culture, and hip hop.",thegrio.com,2026-09-08,Lifestyle,Haniyah P.,https://thegrio.com/2026/09/08/fat-joes-n-word-comments-reignite-a-complicated-conversation-about-blackness-and-hip-hop/
Ib Kamara Steps Down As Off-White’s Creative Director,"Ib Kamara is stepping down from his role at Italian luxury fashion brand Off-White. Off-White was founded in 2012 by Virgil Abloh and followed the short-lived launch of his popular Chicago streetwear label, Pyrex Vision, according to High Sobriety. He sought to create a long-lasting brand, as Abloh noted in a 2018 interview with Teen Vogue. “I realized that… Continue reading Ib Kamara Steps Down As Off-White’s Creative Director",afrotech.com,2026-09-08,Technology,Samantha Dorisca,https://afrotech.com/ib-kamara-steps-down-as-off-whites-creative-director
Jill Scott says leaving record labels led to $19 million lawsuit and ‘smear campaign’,"The Grammy winner opened up about her legal battle, industry frustrations and taking control of her career on Scott Evans’ “House Guest.”",thegrio.com,2026-09-08,Entertainment,Peter Kerich,https://thegrio.com/2026/09/08/jill-scott-says-leaving-record-labels-19-million-lawsuit/
‘A Different World’ star says Debbie Allen ‘mothered us immediately’ on sequel set,Young IV says Allen and the original cast helped ease the pressure of carrying forward a show that inspired generations of Black students.,thegrio.com,2026-09-08,Entertainment,Bolarinwa Oladeji,https://thegrio.com/2026/09/08/cornell-young-debbie-allen-a-different-world-netflix/
Sherri Shepherd is heading back to Broadway — and making ‘Aladdin’ history,Sherri Shepherd will become the first woman to play the Genie in a Disney-produced Aladdin when she returns to Broadway for a limited run.,thegrio.com,2026-09-08,Entertainment,Odafe Oghen,https://thegrio.com/2026/09/08/sherri-shepherd-broadway-aladdin-genie/
Layzie Bone opens up about being removed from Bone Thugs-N-Harmony’s tour with Wu-Tang Clan,The group’s co-founder says he was packed and ready to join the Wu-Tang Clan tour before learning he would not be participating.,thegrio.com,2026-09-08,Entertainment,Bolarinwa Oladeji,https://thegrio.com/2026/09/08/layzie-bone-bone-thugs-tour-absence/
Joey Bada$$ has fans talking after performing ‘Song Cry’ following Serayah breakup,The rapper has not publicly addressed Serayah’s allegations or explained why he chose to perform the Jay-Z breakup classic.,thegrio.com,2026-09-08,Music,Bolarinwa Oladeji,https://thegrio.com/2026/09/08/joey-badass-song-cry-serayah-split/
Lil Durk’s murder-for-hire trial nears jury deliberations as key legal dispute takes center stage,Prosecutors and defense are divided over how jurors should evaluate the rapper’s alleged responsibility for the deadly 2022 shooting.,thegrio.com,2026-09-08,Music,Bolarinwa Oladeji,https://thegrio.com/2026/09/08/lil-durk-trial-pinkerton-liability-closing-arguments/
Father-Son Duo Launch A Talent Discovery And Entertainment Ecosystem For Independent Performers,"A scavenger hunt for music on YouTube has launched a solution to serve independent artists. Tyler-Christian Daniels grew up as a major fan of Prince, known for hits such as “Purple Rain.” Music overall held a special place in his family, and he specifically credited his father, Fred, with introducing him to old-school music, he… Continue reading Father-Son Duo Launch A Talent Discovery And Entertainment Ecosystem For Independent Performers",afrotech.com,2026-09-08,Technology,Samantha Dorisca,https://afrotech.com/father-son-duo-launch-the-demo-stop
"Tiger Woods’ Son, Charlie, Lands His Very First NIL Deal","Charlie Woods has landed his first NIL deal. The son of legendary golfer Tiger Woods has already made a name for himself in the sport, winning the Team TaylorMade Invitational in May 2025, The Athletic reports. He is a senior at The Benjamin School in North Palm Beach, FL. View this post on Instagram… Continue reading Tiger Woods’ Son, Charlie, Lands His Very First NIL Deal",afrotech.com,2026-09-08,Business,Samantha Dorisca,https://afrotech.com/charlie-woods-signs-nil-deal-with-taylormade
The Most Fashionable Black WAGs of the NFL,"Before the 2026 NFL season officially kicks off on Wednesday, Sept. 9, we’ve gathered some of the most stylish NFL WAGs for outfit inspo!",theroot.com,2026-09-08,Beauty + Style,Angela Wilson,https://www.theroot.com/the-most-fashionable-black-wags-of-the-nfl-2000124744
Inside a Growing Crisis For Disabled Students in D.C. Public Schools,"A string of lawsuits, criminal cases and federal findings raises urgent questions about how DCPS protects students with disabilities.",theroot.com,2026-09-08,News,Phenix S Halley,https://www.theroot.com/inside-a-growing-crisis-for-disabled-students-in-d-c-p-2000124964
Why Thousands of Affordable Housing Units Sit Vacant While Millions Remain Unhoused,"Despite the government building four million affordable units, the poorest in the U.S. still can’t afford the rent, forcing them into homelessness.",theroot.com,2026-09-08,Culture,Angela Wilson,https://www.theroot.com/why-thousands-of-affordable-housing-units-sit-vacant-wh-2000124966
Ciara and Russell Wilson and More Black Hollywood Couples With Big Families,"With Ciara and Russell Wilson announcing their fifth child, let’s take a look at other Black celeb couples who have big, happy families, too!",theroot.com,2026-09-08,Entertainment,Shanelle Genai,https://www.theroot.com/ciara-and-russell-wilson-and-more-black-hollywood-coupl-2000125008
"Lonnie G. Bunch III, The First Black Smithsonian Secretary, Steps Down Amid White House Attacks","The first Black Smithsonian secretary leaves as Trump challenges how the institution presents slavery, racism and the nation’s complicated past.",theroot.com,2026-09-08,Culture,Phenix S Halley,https://www.theroot.com/lonnie-g-bunch-iii-the-first-black-smithsonian-secret-2000124939
Jamaica Takes Push for Reparations Straight to King Charles III,"Jamaica has filed a legal petition against the British government, representing the latest shift in the country’s campaign for slavery reparations.",theroot.com,2026-09-08,Culture,Phenix S Halley,https://www.theroot.com/jamaica-takes-push-for-reparations-straight-to-king-cha-2000124909
Who Is Regan Hutsell? Meet the 99th Miss America Who Just Made History,The 25-year-old Houston native and former Radio City Rockette is the first Miss Texas to win the crown in over 50 years — and the first Miss America to be crowned wearing her natural hair.,theroot.com,2026-09-08,Culture,Mahalia Otshudy,https://www.theroot.com/who-is-regan-hutsell-meet-the-99th-miss-america-who-ju-2000124927
King Charles’s Public Letter on Harry and Meghan’s Status Raises New Questions About Their Place in Britain,It has only been a couple weeks since Prince Harry and Meghan Markle made their return to the U.K. and they’ve already found themselves in some royal drama.,theroot.com,2026-09-08,News,Mahalia Otshudy,https://www.theroot.com/king-charless-public-letter-on-harry-and-meghans-status-2000124893
Eve Breaks Down What’s Kept Her 12-Year Marriage to Her Multi-Millionaire Husband Strong,The rapper and her husband of 12 years work in completely different worlds — and Eve says that’s exactly why it works.,theroot.com,2026-09-08,Entertainment,Shanelle Genai,https://www.theroot.com/eve-breaks-down-whats-kept-her-12-year-marriage-to-her-2000124897
Black students are sacrificing basic needs to afford college at a time when costs are climbing,"Multiple recent reports are adding up just how costly college has gotten for students in general, but especially Black college students.",thegrio.com,2026-09-08,Lifestyle,Kay Wicker,https://thegrio.com/2026/09/08/black-students-are-sacrificing-basic-needs-to-afford-college-at-a-time-when-costs-are-climbing/
"Angie Stone & D’Angelo’s son, Swayvo Twain, to portray The Notorious B.I.G. in upcoming ‘Snoop’ biopic","Swayvo Twain, the son of Angie Stone and D'Angelo, is making his film debut playing Biggie in the 'Snoop' biopic.",thegrio.com,2026-09-08,Entertainment,Brandon Caldwell,https://thegrio.com/2026/09/08/swayvo-twain-cast-notorious-big-snoop-biopic/
Supreme Court denies Missouri’s bid to use Republican-drawn map in November,"The Supreme Court rejected Missouri's request to use a Republican-drawn congressional map in November, a rare setback in the GOP's",thegrio.com,2026-09-08,Politics,Bolarinwa Oladeji,https://thegrio.com/2026/09/08/supreme-court-missouri-redistricting-map-rejected/
"Kewon White convicted of capital murder in MO3 killing, sentenced to life without parole",Kewon White was convicted of capital murder in rapper MO3’s 2020 killing and sentenced to life in prison without parole.,thegrio.com,2026-09-07,Featured,Odafe Oghen,https://thegrio.com/2026/09/07/kewon-white-conviction-mo3-murder/
Big Tigger won’t face charges in domestic violence case involving estranged wife,"Big Tigger will not face charges after prosecutors declined to pursue domestic violence allegations made by his estranged wife, Alicia Brown.",thegrio.com,2026-09-07,News,Peter Kerich,https://thegrio.com/2026/09/07/big-tigger-wont-face-charges-domestic-violence-case/
Ernest Harden Jr. wins first Emmy for ‘The Pitt’ after five decades in acting,"Ernest Harden Jr. wins his first Emmy at 73 for playing Louie Cloverfield on The Pitt, dedicating the award to his late co-star Bette Davis.",thegrio.com,2026-09-07,Featured,Peter Kerich,https://thegrio.com/2026/09/07/ernest-harden-jr-first-emmy-the-pitt/
Bad Bunny makes Emmy history as Super Bowl halftime show wins record-breaking 7 awards,"Bad Bunny’s Super Bowl LX halftime show wins seven Emmys, setting a new record as the most-awarded Super Bowl halftime performance in Emmy",thegrio.com,2026-09-07,Entertainment,Bolarinwa Oladeji,https://thegrio.com/2026/09/07/bad-bunny-super-bowl-halftime-show-seven-emmys/
Kim Kardashian and Kanye West show up to support daughter North West at her first solo concert,Kim Kardashian and Kanye West reunited in Chicago to support daughter North West at her first solo headlining concert.,thegrio.com,2026-09-07,Entertainment,Peter Kerich,https://thegrio.com/2026/09/07/kim-kardashian-kanye-west-north-west-chicago-concert/
Colorado officer indicted for murder after fatally shooting Black father during traffic stop,Aurora officer Matthew Neely faces murder charges after Black father Rajon Belt-Stubblefield was shot three times during a 2025 traffic stop.,thegrio.com,2026-09-07,News,Peter Kerich,https://thegrio.com/2026/09/07/rajon-belt-stubblefield-aurora-police-shooting-officer-indicted/
‘Moonlight’ returns to theaters in 4K for 10th anniversary,Barry Jenkins’ Oscar-winning Moonlight will return to theaters Oct. 2 in a new 4K remaster celebrating the film’s 10th anniversary.,thegrio.com,2026-09-07,Entertainment,Odafe Oghen,https://thegrio.com/2026/09/07/moonlight-re-release-4k-10th-anniversary/
New Jersey Lt. Gov. Dale Caldwell under investigation over allegations of inappropriate behavior toward women,"New Jersey Lt. Gov. Dale Caldwell is under investigation over alleged inappropriate behavior toward women, an inquiry requested by Gov.",thegrio.com,2026-09-07,News,Bolarinwa Oladeji,https://thegrio.com/2026/09/07/dale-caldwell-new-jersey-lt-governor-investigation/
Marc Lamont Hill pushes back on Fat Joe defending his N-word use: ‘There’s no honorary degrees in Blackness’,"Marc Lamont Hill responds to Fat Joe defending his use of the N-word, arguing that proximity to Black culture doesn’t make someone Black.",thegrio.com,2026-09-07,Featured,Janeé Bolden,https://thegrio.com/2026/09/07/marc-lamont-hill-fat-joe-n-word-blackness/
Stephen A. Smith calls out Cari Champion and Jemele Hill after podcast interview,"Stephen A Smith response targets Cari Champion and Jemele Hill over the editing, comments and aftermath of their nearly three-hour podcast interview.",thegrio.com,2026-09-07,Entertainment,Odafe Oghen,https://thegrio.com/2026/09/07/stephen-a-smith-response-cari-champion-jemele-hill/
"Bernice King calls Linda Cohn’s A’ja Wilson commentary ‘dangerous,’ demands apology",Bernice King is demanding a public apology from Linda Cohn after the commentator suggested A'ja Wilson skipped the World Cup out of insecurity,thegrio.com,2026-09-07,News,Bolarinwa Oladeji,https://thegrio.com/2026/09/07/bernice-king-linda-cohn-aja-wilson-apology/
Wimbledon rejects influencer accreditation after U.S. Open content creator controversy,"Wimbledon will not credential influencers in 2027 after the U.S. Open faced controversy over content creators, ring lights and etiquette.",thegrio.com,2026-09-07,News,Peter Kerich,https://thegrio.com/2026/09/07/wimbledon-influencer-accreditation-us-open-controversy/
Texas takes the Miss America crown as Regan Hutsell wins in West Palm Beach,"Regan Hutsell of Texas was crowned Miss America 2027 in West Palm Beach, becoming the 99th woman to hold the title.",thegrio.com,2026-09-07,News,Bolarinwa Oladeji,https://thegrio.com/2026/09/07/regan-hutsell-miss-america-2027-texas/
Dr. Heavenly Kimes turns son’s legal trouble into mental health advocacy mission,Dr. Heavenly Kimes says her son’s legal trouble inspired her mental health advocacy and creating crisis centers in underserved communities.,thegrio.com,2026-09-07,Health,Peter Kerich,https://thegrio.com/2026/09/07/dr-heavenly-kimes-mental-health-advocacy-crisis-centers/
Former ‘America’s Got Talent’ contestant Deshundre Vinson charged with first-degree murder in nephew’s death,Former America’s Got Talent contestant Deshundre Vinson faces first-degree murder and aggravated child abuse charges after his 4-year-old nephew drowned.,thegrio.com,2026-09-07,Music,Odafe Oghen,https://thegrio.com/2026/09/07/deshundre-vinson-murder-charge-nephew-death/
Usher puts Taraji P. Henson in the spotlight during Las Vegas tour stop,"Usher surprises Taraji P. Henson onstage in Las Vegas, serenading the actress during The R&B Tour and sparking a playful viral moment.",thegrio.com,2026-09-07,Entertainment,Bolarinwa Oladeji,https://thegrio.com/2026/09/07/usher-taraji-p-henson-las-vegas-rb-tour/
Pierre ‘P’ Thomas returns to Instagram with health update after heart attack,Pierre P Thomas returned to Instagram with a new selfie weeks after suffering a heart attack and being hospitalized in Las Vegas.,thegrio.com,2026-09-07,Health,Odafe Oghen,https://thegrio.com/2026/09/07/pierre-p-thomas-recovery-heart-attack/
Ciara pregnant with fifth child after Russell Wilson’s long-running ‘Cinco’ campaign,"Ciara and Russell Wilson announced they are expecting their fifth child, ending a long-running campaign the quarterback nicknamed ""Cinco.""",thegrio.com,2026-09-07,Entertainment,Bolarinwa Oladeji,https://thegrio.com/2026/09/07/ciara-russell-wilson-expecting-fifth-child/
50 Cent celebrates Emmy win for ‘Sean Combs: The Reckoning’,"50 Cent celebrated the Emmy win for Sean Combs: The Reckoning, its editing team took Outstanding Picture Editing for a Nonfiction Program.",thegrio.com,2026-09-07,Featured,Odafe Oghen,https://thegrio.com/2026/09/07/diddy-documentary-emmy-win-50-cent/
"The Best Labor Day Sales of 2026 to Shop Today Across Fashion, Beauty and Home","It’s Labor Day, and while the unofficial end of summer is always a little bittersweet, there is at least one thing making the transition into fall easier: a really good sale. As we squeeze in those final rooftop drinks, beach days and cookouts, retailers across fashion, beauty and home are rolling out some of their […]",ebony.com,2026-09-07,Beauty,,https://www.ebony.com/the-best-labor-day-sales-of-2026-to-shop-today-across-fashion-beauty-and-home/
You Know the Legends. Now Meet the Black Stars Who Could Join Them,"From Denzel Washington to John Singleton, Black icons didn’t just change Hollywood—they built the blueprint. Now, a new vanguard is taking the baton and cementing legacies that are uniquely their own.",theroot.com,2026-09-07,Entertainment,B.Kadijat Towolawi,https://www.theroot.com/you-know-the-legends-now-meet-the-black-stars-who-coul-2000121071
What to Know Before You Go to the U.S. Open,"Whether you’re a tennis devotee or just here for the Honey Deuce, we’ve gathered 13 dos and don’ts for enjoying the 2026 U.S. Open like a pro.",theroot.com,2026-09-07,Culture,Asheea Smith,https://www.theroot.com/what-to-know-before-you-go-to-the-u-s-open-2000124667
From Sauce to Seasoning: The Ultimate Black-Owned BBQ Guide,"Your grill called, and it wants these Black-owned seasonings, rubs, and sauces for the perfect Labor Day weekend BBQ!",theroot.com,2026-09-07,Culture,Angela Wilson,https://www.theroot.com/from-sauce-to-seasoning-the-ultimate-black-owned-bbq-g-2000124179
The ‘Soul Train Awards’ Moments We Still Can’t Get Enough Of,"In another life, Don Cornelius is rejoicing in the triumphant return of love, peace, and soul. Black music has always deserved a stage big enough to celebrate the people doing it, and, after a three-year hiatus, the Soul Train Awards is returning to BET. It returns with a new format designed to honor the artists who […]",ebony.com,2026-09-07,Culture,,https://www.ebony.com/the-soul-train-awards-moments-we-still-cant-get-enough-of/
Nicholas Pinnock Makes Being Bad Look Very Good on ‘Fightland’,"Fans on social media weren’t happy that Marshall Kingsley, played by Nicholas Pinnock, was absent for most of the premiere season of Fightland, 50 Cent’s searing boxing and drug-world drama set in London. His absence not only left his kids scrambling to run their family empire without his influence, but it also let old threats […]",ebony.com,2026-09-07,Entertainment,,https://www.ebony.com/nicholas-pinnock-makes-being-bad-look-very-good-on-fightland/
"Sports Ownership Has A New Roster, from Kwanza Jones to Russell Westbrook","Sports ownership is changing, and it’s happening with a lot more melanin than it used to. One of your favorite former NBA players (no, not Allen Iverson, though the internet played in our faces this week to make us believe he was) joined the sports ownership ranks. Russell Westbrook, barely a month into retirement, signed […]",ebony.com,2026-09-07,Sports,,https://www.ebony.com/sports-ownership-has-a-new-roster-from-kwanza-jones-to-russell-westbrook/
Roxane Gay’s Surviving the Silence Is Not a Story About Overcoming Trauma,"Roxane Gay doesn’t mince words. And if my observation serves me well, I believe it is due, in part, to the amount of time she spent holding back. Roxane Gay’s biopic, Surviving the Silence: The Roxane Gay Story, made its television debut on the Lifetime channel on Saturday, September 5. The film is based on […]",ebony.com,2026-09-07,Entertainment,,https://www.ebony.com/roxane-gay-surviving-the-silence-is-not-a-story-about-overcoming-trauma/
Reclaiming Rest: Why Black Women Deserve to Prioritize Themselves,"“Girl, you need to rest.” We often hear this as Black women. But is it one we follow? As a busy journalist covering stories all day and spending nights in the field, I sometimes fail to get the rest my body needs. According to the National Sleep Foundation, which promotes sleep awareness and healthier sleep […]",ebony.com,2026-09-07,Health,,https://www.ebony.com/reclaiming-rest-why-black-women-deserve-to-prioritize-themselves/
Snapchat’s Speed Filter Is Back in Court—11 Years After a 100 mph Crash Left a Black Man in a Coma,"Nearly 11 years after a high-speed crash left Wentworth Maynard with a severe brain injury, a landmark trial is putting social media accountability on the stand.",theroot.com,2026-09-07,Legal,Phenix S Halley,https://www.theroot.com/snapchat-s-speed-filter-is-back-in-court-11-years-after-2000124624
Webbie collapses onstage during Dallas performance with Boosie,"Webbie collapsed onstage while performing with Boosie in Dallas. The cause remains unconfirmed, five years after a similar medical scare.",thegrio.com,2026-09-06,Entertainment,Bobby Pen,https://thegrio.com/2026/09/06/webbie-collapses-onstage-boosie-dallas/
Ms. Rachel’s Repost Helped This Black-Owned Bakery Make Rent,"After the “Songs for Littles” star, invited Black business owners to promote themselves in her Threads comments, Ashley La Bomme-Benson saw a surge in sales.",theroot.com,2026-09-06,Business,Mahalia Otshudy,https://www.theroot.com/ms-rachels-repost-helped-this-black-owned-bakery-make-2000124502
Celebrity Baby News: Ciara and Russell Wilson Are Expecting,"Ciara and Russell Wilson just announced on social media that they are expecting another baby in the cutest way possible. In a softly focused video, a camera pans down a line of T-shirts, each one representing an existing child in the Wilson family. At the end of the line, Ciara hangs a baby onesie, then […]",ebony.com,2026-09-06,Entertainment,,https://www.ebony.com/celebrity-births-2026/
More Of The Best Fashion Moments From Black Stars at the U.S. Open,"The U.S. Open is in full swing, and we’re looking at more outstanding fashion moments from Black stars on and off the court.",theroot.com,2026-09-06,Beauty + Style,Mahalia Otshudy,https://www.theroot.com/more-of-the-best-fashion-moments-from-black-stars-at-th-2000124634
Latino run club moves Leimert Park 5K after backlash from Black community,A Leimert Park 5K was moved to Elysian Park after backlash over “take over” language and concerns about the neighborhood’s Sunday marketplace.,thegrio.com,2026-09-06,News,Bobby Pen,https://thegrio.com/2026/09/06/leimert-park-5k-moved-backlash/
Cardinals and Rockies tilt their caps in support of rookie after umpire dispute,Cardinals and Rockies players tilted their caps in support of rookie Hancel Rincon after an umpire told him to straighten his hat during his MLB debut.,thegrio.com,2026-09-06,News,Bobby Pen,https://thegrio.com/2026/09/06/cardinals-rockies-tilt-caps-support-rookie/
Labor Day Isn’t Just a Cookout—It’s the Legacy of a Black Cleveland Lawmaker,"A Black lawmaker from Cleveland, dubbed the “Founder of Labor Day,” helped put the holiday on the calendar.",theroot.com,2026-09-06,News,Angela Wilson,https://www.theroot.com/labor-day-isn-t-just-a-cookout-it-s-the-legacy-of-a-bla-2000124117
The Hustler’s Ultimate Labor Day Playlist,"From Stevie Wonder and The O’Jays to Nipsey Hussle and Jill Scott, these records are all about the grind.",theroot.com,2026-09-05,Entertainment,B.Kadijat Towolawi,https://www.theroot.com/the-hustlers-ultimate-labor-day-playlist-2000123216
D’Wayne Wiggins’ Family Is Still at War Over His Estate. Here’s How to Keep Yours Out of Court,"A judge has temporarily blocked payouts from the late Tony! Toni! Toné! singer’s $700,000 estate while his relatives fight over who’s in charge — the third celebrity estate feud in recent months. Estate attorneys say four steps could have prevented it.",theroot.com,2026-09-05,Entertainment,Shanelle Genai,https://www.theroot.com/dwayne-wiggins-family-is-still-at-war-over-his-estate-2000124617
These Black men are forging meaningful bonds through yoga,A yoga session for Black dads takes place on Saturdays at the Barack Obama Presidential Center and the community is growing.,thegrio.com,2026-09-05,Featured,Brandon Caldwell,https://thegrio.com/2026/09/05/black-fathers-yoga-community/
Lil Durk Murder-for-Hire Trial: The 5 Biggest Moments Before Closing Arguments,"Closing arguments are scheduled for the trial, which has featured explosive testimony, alleged escape plans, rival lists and a defense determined to prove his innocence.",theroot.com,2026-09-05,Crime,Phenix S Halley,https://www.theroot.com/lil-durk-murder-for-hire-trial-the-5-biggest-moments-b-2000124595
‘People get comfortable being openly bigoted’: Congressional Black Caucus slams journalist who called Hakeem Jeffries an ‘AIPAC monkey’,The Congressional Black Caucus and other Black politicos are defending Hakeem Jeffries after a journalist called him a 'AIPAC monkey.',thegrio.com,2026-09-05,Politics,Brandon Caldwell,https://thegrio.com/2026/09/05/cbc-condemns-journalist-hakeem-jeffries-aipac-monkey/
"‘U not family’: Kid Cudi addresses reconciliation with Ye as Peter Rosenberg, others still aren’t with the old Kanye yet","Peter Rosenberg's issue with fans jumping to see Ye given past trangressions caught the attention of Kid Cudi, who reconciled with Ye onstage.",thegrio.com,2026-09-05,Entertainment,Brandon Caldwell,https://thegrio.com/2026/09/05/kid-cudi-ye-reconciliation-peter-rosenberg/
Want to see a loved one off at the gate? TSA is testing a new program,"A new TSA pilot lets eligible non-fliers enter secure airport areas to meet loved ones, dine and shop at 13 airports, including LAX and San Diego.",thegrio.com,2026-09-05,News,Bobby Pen,https://thegrio.com/2026/09/05/tsa-gateside-precheck-non-fliers-airport-gates/
American Airlines passenger duct-taped after allegedly calling Black flight attendant the N-word,An American Airlines passenger was duct-taped after allegedly calling a Black flight attendant the N-word and becoming violent,thegrio.com,2026-09-05,News,Odafe Oghen,https://thegrio.com/2026/09/05/american-airlines-passenger-duct-taped-racial-slur/
"Trump grants clemency to 30 people, including Jay-Z associate Emory Jones","Trump granted clemency to 30 people, including Jay-Z associate Emory Jones, who later worked at Roc Nation and co-founded Paper Planes.",thegrio.com,2026-09-05,Politics,Odafe Oghen,https://thegrio.com/2026/09/05/trump-clemency-grants-emory-jones-jay-z/
Memphis storm exposes infrastructure gaps as Black communities rally to keep residents safe,"A powerful Memphis storm left more than 140,000 MLGW customers without power, prompting Black community organizers to mobilize relief.",thegrio.com,2026-09-05,News,Peter Kerich,https://thegrio.com/2026/09/05/memphis-storm-black-community-infrastructure-power-outage/
Jay-Z celebrates Beyoncé’s 45th birthday in Paris as the Carters mark another chapter together,"Jay-Z celebrated Beyoncé’s 45th birthday during his London concert with a stadium singalong and fireworks, adding another chapter to the Carters’ story.",thegrio.com,2026-09-05,Entertainment,Bobby Pen,https://thegrio.com/2026/09/05/jay-z-celebrates-beyonce-45th-birthday-london/
‘This is a testimony’: Keith Lee reveals he avoided a fatal wrong-way accident on drive home with his wife,Viral food critic Keith Lee revealed on social media that he avoided a fatal wrong-way crash in the Dallas-area just before midnight Friday.,thegrio.com,2026-09-05,Lifestyle,Brandon Caldwell,https://thegrio.com/2026/09/05/keith-lee-avoided-wrong-way-crash/
Ben Crump says new evidence shows Asia Bennett was shot in back while on hands and knees,Ben Crump says new evidence in the Asia Bennett shooting shows the 22-year-old was shot in the back while on her hands and knees.,thegrio.com,2026-09-05,News,Odafe Oghen,https://thegrio.com/2026/09/05/asia-bennett-shooting-ben-crump-evidence/
"Black Movies, TV Shows to Stream on Hulu This Labor Day Weekend","With the long Labor Day weekend upon us, now is a good time to kick back and indulge in some shows and movies to help you forget about work",theroot.com,2026-09-05,Entertainment,Shanelle Genai,https://www.theroot.com/black-movies-tv-shows-to-stream-on-hulu-this-labor-day-2000124421
"Philadelphia charter school, former CEO agree to pay nearly $4 million over alleged discrimination against Black applicants",Franklin Towne Charter High School and its former CEO will pay nearly $4 million to resolve claims of discrimination against Black applicants.,thegrio.com,2026-09-05,News,Odafe Oghen,https://thegrio.com/2026/09/05/franklin-towne-settlement-black-applicants/
"Beyoncé’s Best Deep Cuts, In Honor of Her 45th Birthday","As Beyoncé celebrates her 45th birthday, we’re taking a look at some of her best songs that remained under the radar over the years. Let’s get into it!",theroot.com,2026-09-04,Entertainment,Shanelle Genai,https://www.theroot.com/beyonc-s-best-deep-cuts-in-honor-of-her-45th-birthday-2000124417
"September is Bringing New Beauty Launches From Fenty Beauty, Dyson and More!","September has barely started, and the beauty industry is already making sure our fall wish lists are getting longer. As we slowly trade beach days for Fashion Week, brands are ushering in the new season with launches that make updating your routine feel especially tempting. This week’s newness runs the gamut: Fenty Beauty is rethinking […]",ebony.com,2026-09-04,Beauty,,https://www.ebony.com/september-is-bringing-new-beauty-launches-from-fenty-beauty-dyson-and-more/
Why The Family of This Slain Civil Rights Leader Is Pushing Back Against A Film About His Death,"The star-studded film centers around the death of a real-life civil rights leader. However, certain family members associated with the fallen leader are pushing back against the new project.",theroot.com,2026-09-04,Entertainment,Shanelle Genai,https://www.theroot.com/why-the-family-of-this-slain-civil-rights-leader-is-pus-2000124388
Randi Rossario Is Expecting Again: See Maternity Shoot Pics and New Series,"Randi Rossario is giving birth … again. Not only does her new show, Judge Randi, premiere on Tubi today, September 4, but the Detroit-based author, entrepreneur and social media personality is also expecting another baby. “We’re about just over halfway there,” she exclaimed to EBONY about her impending bundle of joy. This newest member will […]",ebony.com,2026-09-04,Celebrity,,https://www.ebony.com/randi-rossario-expecting-new-show-maternity-shoot-pics/
Happy Birthday Beyoncé: Celebrating 20 Years of ‘B’Day’,"It was 20 years ago today when Beyoncé gave us a B’Day present — and, naturally, she expected us to unwrap it ourselves. On September 4, 2006, Beyoncé Giselle Knowles released B’Day internationally, with the album arriving in the United States the following day, September 5, through Columbia Records. Her second solo studio album, B’Day, […]",ebony.com,2026-09-04,Music,,https://www.ebony.com/happy-birthday-beyonce-celebrating-20-years-of-bday/
TLC’s T-Boz Steps Back From Touring to Focus on Her Health,TLC star T-Boz will be taking time away from her tour to recover from a health challenge.,theroot.com,2026-09-04,Entertainment,Shanelle Genai,https://www.theroot.com/tlc-s-t-boz-steps-back-from-touring-to-focus-on-her-hea-2000124477
How New Federal Rules Could Impact Private Colleges’ DEI Programs,The Trump administration has announced a proposal that puts tax-exempt status at risk for colleges that maintain DEI programs and policies.,theroot.com,2026-09-04,News,Phenix S Halley,https://www.theroot.com/how-new-federal-rules-could-impact-private-colleges-dei-2000124463
"As Lindsay Clancy’s Case Ends in Mistrial, this Black Mother Gets a Second Chance","Latarsha Sanders’ case has resurfaced after Lindsay Clancy’s deadlocked trial, renewing questions about race, mental illness and mothers accused of killing children.",theroot.com,2026-09-04,Black Maternal Healthcare,Phenix S Halley,https://www.theroot.com/as-lindsay-clancy-s-case-ends-in-mistrial-this-black-m-2000124546
Black Fathers Are Building the Communities We Couldn’t Find,"When my son was born, every resource pointed toward my wife. From Chicago to LA to Charlotte, Black fathers are building the support systems no one built for us — and hospitals, funders and the media should be paying attention.",theroot.com,2026-09-04,News,Kouri Marshall,https://www.theroot.com/black-fathers-are-building-the-communities-we-couldn-t-2000124536
New York City church pushes to preserve burial ground tied to early generations of free Black Americans,A Queens church is leading an effort to landmark and preserve an Elmhurst burial ground believed to hold up to 300 freed African Americans.,thegrio.com,2026-09-04,News,Peter Kerich,https://thegrio.com/2026/09/04/queens-church-preserve-historic-burial-ground-freed-african-americans/
Enes Kanter Freedom takes Chicago Sky removal dispute to federal court,Kanter Freedom says he was peacefully expressing himself when security escorted him out of a WNBA game after a confrontation with Cloud.,thegrio.com,2026-09-04,News,Bolarinwa Oladeji,https://thegrio.com/2026/09/04/enes-kanter-freedom-lawsuit-chicago-sky-arena-ban/
Black Florida woman won’t face charges in fatal Walmart shooting under ‘stand your ground’ law,"A Florida woman won’t face charges after fatally shooting a man during a parking dispute at a North Lauderdale Walmart, prosecutors said.",thegrio.com,2026-09-04,News,Peter Kerich,https://thegrio.com/2026/09/04/florida-walmart-parking-dispute-shooting-stand-your-ground/
Megan Thee Stallion partners with Southern Black Girls to invest in young changemakers,Black Girl Joy Challenge offers 100 $550 micro-grants to young Black changemakers across 13 states via a Megan Thee Stallion partnership.,thegrio.com,2026-09-04,Featured,Odafe Oghen,https://thegrio.com/2026/09/04/black-girl-joy-challenge-megan-thee-stallion/
Black-owned LA bakery sees sales surge after viral boost from Ms. Rachel,The Bomme Sweets owner went from a year without online cookie orders to covering a month’s rent in one day.,thegrio.com,2026-09-04,Featured,Odafe Oghen,https://thegrio.com/2026/09/04/bomme-sweets-sales-ms-rachel-black-owned-bakery/
Tina Knowles celebrates Beyoncé’s 45th birthday with a look back at their first bond,Tina Knowles Beyoncé tribute celebrates the singer’s 45th birthday with an intimate birth photo and a heartfelt message about their bond.,thegrio.com,2026-09-04,Featured,Odafe Oghen,https://thegrio.com/2026/09/04/tina-knowles-beyonce-tribute-45th-birthday/
"Michelle Obama’s foundation awards $500,000 to Chicago nonprofits serving girls","Michelle Obama’s Girls Opportunity Alliance awards $500,000 to 10 Chicago nonprofits serving more than 2,200 girls ages 10 to 19.",thegrio.com,2026-09-04,Featured,Peter Kerich,https://thegrio.com/2026/09/04/michelle-obama-foundation-500k-chicago-nonprofits-girls/
Family blames deportation for death of Black New Jersey man who struggled with mental illness,Kwesi Menezes deportation draws scrutiny after his family says ICE ignored his mental illness before sending the New Jersey man to Guyana.,thegrio.com,2026-09-04,News,Odafe Oghen,https://thegrio.com/2026/09/04/kwesi-menezes-deportation-mental-health/
Can Prince’s ‘Timeless’ Release Fully Live Up to Its Title?,"Chelsea Studios, with its violet lighting and plum-colored carpeting, recently served as a picture-perfect locale for previewing unreleased Prince music—namely Timeless, a 10-track compilation by the Prince Estate as its latest offering of previously unheard music from the late Minneapolis genius. A handful of select guests sipped wine and noshed on hors d’oeuvres while L. Londell McMillan and […]",ebony.com,2026-09-04,Music,,https://www.ebony.com/princes-timeless-release-review-interview/
Hunter Biden’s Kamala Harris Criticism Adds To Growing Rift Between Her And The Bidens,"Hunter Biden has been outspoken in recent months, commenting on a wide variety of matters in interviews and social media posts. Now, a series of comments he made about Vice President Kamala Harris, who served in his father’s administration, are raising eyebrows. The seemingly unprompted criticisms of Harris come as speculation surrounds the former vice… Continue reading Hunter Biden’s Kamala Harris Criticism Adds To Growing Rift Between Her And The Bidens",blavity.com,2026-09-04,Politics,Christopher Rhodes,https://blavity.com/hunter-bidens-kamala-harris-criticism
New monument in Texas honors Black pioneers who helped shape America’s space program,EarthRise monument near NASA’s Johnson Space Center honors Black astronauts and scientists who helped shape America’s space history.,thegrio.com,2026-09-04,Featured,Peter Kerich,https://thegrio.com/2026/09/04/earthrise-monument-black-space-pioneers/
Democrats Block GOP Constitutional Amendment To Cap Number Of Supreme Court Justices At 9,A move by Republicans to freeze the size of the Supreme Court failed in the U.S. House of Representatives on Wednesday. The push to pass a constitutional amendment concerning the court comes as Republicans seek to protect the conservative majority of the Supreme Court and Democrats explore ways to counter the dominance of GOP-appointed justices.… Continue reading Democrats Block GOP Constitutional Amendment To Cap Number Of Supreme Court Justices At 9,blavity.com,2026-09-04,Politics,Christopher Rhodes,https://blavity.com/democrats-block-gop-amendment-to-cap-number-of-supreme-court-justices
Which Tourists Have The Best Manners? Safari Operators Share Their Verdict,"A survey of 192 safari operators reveals which tourists rank highest for manners, tipping, spending, adventure, and interest in food.",travelnoire.com,2026-09-04,Travel News,Faith Katunga,https://travelnoire.com/most-polite-tourists
The Best Adults-Only All-Inclusive Resorts Around The World,"Whether you're after a romantic escape, a beach vacation, or a little R&R, these resorts cater to travelers 18 and older.",travelnoire.com,2026-09-04,Plan &Amp; Shop,Danielle Dorsey,https://travelnoire.com/eight-adults-only-resorts
This Black Hairstylist Traveled Across Italy To Style A Bride For Her Destination Wedding,Harriet Akotowah Mensah travels across Italy to provide hair and makeup services for Black brides who struggle to find suitable professionals.,travelnoire.com,2026-09-04,Culture,Faith Katunga,https://travelnoire.com/black-hair-specialist-italy-destination-brides
United’s Biggest Route Expansion Yet Adds 10 International Destinations,"United's 2027 expansion will bring nonstop service to 10 new international destinations, including eight with no other U.S. carrier.",travelnoire.com,2026-09-04,Travel News,Natasha Decker,https://travelnoire.com/united-10-new-international-destinations
Pokémon’s Poké Ball Hotel Is Coming To Hokkaido This September,Pokémon Sleep is bringing a Poké Ball-shaped hotel to Hokkaido. Applications open September 15 for a chance to stay overnight.,travelnoire.com,2026-09-04,Travel News,Faith Katunga,https://travelnoire.com/pokemon-poke-ball-hotel-hokkaido
This Black And Asian-Owned Neighborhood Gem Calls Itself ‘Bushwick’s Most Interesting Cafe’,"Saint Michel Cafe blends coffee, food, art, and community in a creative space founded by EatGoodNYC’s Benny Emeri and Carolina Wang.",travelnoire.com,2026-09-04,Black Owned,Natasha Decker,https://travelnoire.com/saint-michel-cafe-bushwick
"Beyoncé In London, Kendrick In Rome: Why Fans Are Traveling Overseas For Concerts","American music fans are traveling abroad to see artists including Beyoncé, Kendrick Lamar, and Usher while turning tour stops into vacations.",travelnoire.com,2026-09-04,Culture,Maurice Bobb,https://travelnoire.com/traveling-overseas-for-concerts
Cardi B Shares Intention To Pass Grow-Good Beauty Down To Her Daughter Kulture — ‘This Is A Company That One Day She’ll Own’,"Cardi B is already thinking long-term about Grow-Good Beauty. As AFROTECH™ previously reported, the artist launched the science-backed, affordable haircare brand this year. It had been a venture fans were anticipating, given how candid she had been about her natural hair journey over the years. Grow-Good Beauty carries shampoo, repair conditioner, multi-function serum, and a hydrating hair… Continue reading Cardi B Shares Intention To Pass Grow-Good Beauty Down To Her Daughter Kulture — ‘This Is…",afrotech.com,2026-09-04,Business,Samantha Dorisca,https://afrotech.com/cardi-b-shares-intention-to-pass-grow-good-beauty-down-to-her-daughter-kulture
Bryan Sackey Launched A Culturally Responsive Evidence-Based Mental Wellness Platform With AI Insights,"Bryan Sackey is tackling a topic that remains largely taboo in his home country of Ghana. Sackey is an outpatient mental health clinician and psychopharmacologist working at a Veterans Association location in Washington, D.C., managing psychiatric medication and consulting with veterans with severe mental health conditions, he told AFROTECH™. He also works as a mental… Continue reading Bryan Sackey Launched A Culturally Responsive Evidence-Based Mental Wellness Platform With AI Insights",afrotech.com,2026-09-04,Technology,Samantha Dorisca,https://afrotech.com/bryan-sackey-culturally-responsive-evidence-based-mental-wellness-platform-with-ai-insights
Fayetteville State University Opens $69.3M Building Featuring STEM Lab To Prepare Teachers For Innovation,"North Carolina’s Fayetteville State University has invested millions of dollars in a building that will shape the future of education. According to CityView NC, the Historically Black College and University (HBCU) celebrated the grand opening of a new $69.3 million, four-story, 72,000-square-foot building, funded by the N.C.",afrotech.com,2026-09-04,Education,Samantha Dorisca,https://afrotech.com/fayetteville-state-university-opens-69-3m-building-featuring-stem-lab
Kansas City's Black Voters Keep House Seat as Missouri and U.S. Supreme Court Block GOP Map,"A volunteer petition drive with more than 300,000 signatures forced the proposed new congressional map onto the November ballot.",capitalbnews.org,2026-09-04,,Calvin Davis,https://capitalbnews.org/missouri-supreme-court-congressional-map-redistricting/
"The Wrap-Up: Taylor Townsend Celebrates, Jay Ellis In Flight & An Intimate Residency","Taylor Townsend’s 40 LOVE Party Days before taking the court at the US Open, Taylor Townsend brought friends and fashion together at Sei Less for her third annual 40 LOVE celebration, hosted by the tennis great and Grey Goose. Between the Honey Deuces, Espresso Martinis and Asian-inspired fare, Townsend told EBONY, “I’ve really enjoyed bringing the […]",ebony.com,2026-09-04,Celebrity,,https://www.ebony.com/the-wrap-up-taylor-townsend-celebrates-jay-ellis-in-flight-an-intimate-residency/
Carla Jeffery remembered through final text exchange shared by twin brother,"Carlon Jeffery shared the final text he sent his twin sister, ""Zombies"" actress Carla Jeffery, following her death at 33.",thegrio.com,2026-09-04,News,Bolarinwa Oladeji,https://thegrio.com/2026/09/04/carlon-jeffery-final-text-carla-jeffery-death/
4 Black Plastic Surgeons In Beverly Hills Redefining Aesthetic Excellence,"Looking for a Black plastic surgeon in Beverly Hills? Meet four board-certified standouts, plus what to know before booking.",blavity.com,2026-09-04,Health,Tyler-Christian Daniels,https://blavity.com/black-plastic-surgeon-beverly-hills
New York Hairstylists Must Now Learn To Style All Hair Textures Under New Law,"A newly enacted law seeks to make hair styling a more inclusive service in New York. The new regulation seeks to guarantee that stylists in the state are familiar with a variety of hair types and textures. The New York law is the latest example of policies focused on hair, most of which are intended… Continue reading New York Hairstylists Must Now Learn To Style All Hair Textures Under New Law",blavity.com,2026-09-04,Politics,Christopher Rhodes,https://blavity.com/new-york-hairstylists-must-now-learn-to-style-all-hair-textures-under-new-law
Beyoncé remastered ‘B’Day’ for a new generation and paid tribute to the Latin legends who came before,"Twenty years later, Beyoncé is revisiting the era of Spanish-language remixes and honoring legends like Selena and Celia Cruz along the way.",thegrio.com,2026-09-04,Entertainment,Haniyah P.,https://thegrio.com/2026/09/04/beyonce-remastered-bday-for-a-new-generation-and-paid-tribute-to-the-latin-legends-who-came-before/
Who Protects Black Communities When the Storm Hits—and the Cameras Leave?,"For some Black Americans, a power outage is an inconvenience. For others, it can mean sitting in a dark house without air conditioning, watching food spoil, worrying about elderly relatives, wondering how to charge a phone or figuring out whether it is safer to stay or leave. In Gary, Indiana, that reality stretched from days […]",ebony.com,2026-09-04,News &Amp; Politics,,https://www.ebony.com/who-protects-black-communities-when-the-storm-hits/
Trump administration launches video games centered on deportation and border wall,White House deportation games let players build a border wall and deport migrants as the Trump administration promotes its immigration agenda.,thegrio.com,2026-09-04,Politics,Odafe Oghen,https://thegrio.com/2026/09/04/white-house-deportation-games-arcade/
Morgan State University Awarded $3M From Baltimore Ravens Owner To Fund Scholarships,"Morgan State University has received funding to provide more financial support to students. The Historically Black College and University (HBCU) received a new commitment from the Bisciotti Family Foundation to support the next Ozzie Newsome Scholars, according to a press release. The scholarship, created by Baltimore Ravens owner Steve Bisciotti and his wife, Renee, honors… Continue reading Morgan State University Awarded $3M From Baltimore Ravens Owner To Fund Scholarships",afrotech.com,2026-09-04,Education,Samantha Dorisca,https://afrotech.com/morgan-state-university-awarded-3m-in-scholarships-from-baltimore-ravens-owner
Hundreds of Gary Residents Are Back in the Dark After Weeks Without Power,"Gary residents face another blackout weeks after the Aug. 11 storm, reigniting frustration over prolonged outages",theroot.com,2026-09-04,Culture,Phenix S Halley,https://www.theroot.com/hundreds-of-gary-residents-are-back-in-the-dark-after-w-2000124483
These Black Stars Are Turning 50 in 2026,"From hip-hop legends and R&B favorites to Hollywood heavyweights and NBA icons, these stars are proving 50 has never looked this good.",theroot.com,2026-09-04,Culture,Ty Cole,https://www.theroot.com/these-black-stars-are-turning-50-in-2026-2000124360
Viral ‘Not Like Us’ Performance Has Folks Asking If K-Pop Owes Black Artists a Check,A South Korean soldier’s viral Kendrick Lamar performance reignited a debate about cultural appropriation — that a $900 million global industry runs on Black music it rarely credits.,theroot.com,2026-09-04,Entertainment,Mahalia Otshudy,https://www.theroot.com/viral-not-like-us-performance-has-folks-asking-if-k-pop-2000124419
ACLU Expert Warns: South Carolina Voter Purge is Disproportionately Targeting People of Color,"The Root spoke with Jace Woodrum, ACLU of South Carolina executive director, about shrinking voter rolls and the disproportionate impact on Black communities.",theroot.com,2026-09-04,Culture,Phenix S Halley,https://www.theroot.com/aclu-expert-warns-south-carolina-voter-purge-is-dispro-2000124448
Why The No Limit Records Reunion Means Everything to Hip Hop Culture,"Silkk the Shocker, Fiend, Mac, Mercedes, and Mr. Serv-On spoke about reuniting to celebrate southern hip-hop and an iconic era in music.",theroot.com,2026-09-04,News,Rashad Grove,https://www.theroot.com/why-the-no-limit-records-reunion-means-everything-to-hi-2000124405
Every Time ‘That’s So Raven’ Proved It Was a Black Show,"Thanks to a resurfaced interview, fans of ‘That’s So Raven’ are proving just how Black the classic Disney show really was!",theroot.com,2026-09-04,Entertainment,Shanelle Genai,https://www.theroot.com/every-time-thats-so-raven-proved-it-was-a-black-show-2000124348
Can $25 Million Win Over Black Voters in Texas? Talarico Bets Big as Election Day Nears,"With 60 days to Election Day, the Senate hopeful’s new Black engagement team faces a familiar question: real investment, or last-minute optics?",theroot.com,2026-09-04,News,Nii-Quartelai Quartey,https://www.theroot.com/can-25-million-win-over-black-voters-in-texas-talaric-2000124443
Influencers are causing quite the racket at the U.S. Open this year,"After the U.S. Open nearly doubled its influencer program, the influencers have pulled, bringing ring lights and virality.",thegrio.com,2026-09-04,Lifestyle,Kay Wicker,https://thegrio.com/2026/09/04/influencers-are-causing-quite-the-racket-at-the-u-s-open-this-year/
Elegance Bratton On What Changes (And What Doesn’t) When You Go From Indie To Major Studio Budget,"Director Elegance Bratton made his name on intimate, lower-budget work: Pier Kids, his 2019 documentary on queer and trans youth in New York, and The Inspection, his 2022 narrative debut drawn from his own life as a young gay Black man in the Marines. By Any Means moves him into different territory: a Paramount studio… Continue reading Elegance Bratton On What Changes (And What Doesn’t) When You Go From Indie To Major Studio Budget",afrotech.com,2026-09-04,Entertainment,Trey Mangum,https://afrotech.com/elegance-bratton-by-any-means-move-from-indie-to-major-studio
"Why the internet is obsessed with ‘Diarra from Detroit,’ plus 24 other Black TV shows and movies to stream this weekend",We round up 24 Black shows and movies available across streaming platforms to binge this holiday weekend.,thegrio.com,2026-09-04,Entertainment,Kay Wicker,https://thegrio.com/2026/09/04/why-the-internet-is-obsessed-with-diarra-from-detroit-plus-24-other-black-shows-and-movies-to-stream-this-weekend/
Study: A drink a day may cause an increased risk of numerous cancers,A new study has revealed that drinking even one drink a day could create an increased risk of various cancers.,thegrio.com,2026-09-04,Health,Brandon Caldwell,https://thegrio.com/2026/09/04/drinking-one-drink-cancer-risks/
Rep. Summer Lee says the Laura Loomer conversation is missing the bigger picture,The congresswoman says Loomer’s attacks on Black women point to a broader issue of racism being normalized and elevated.,thegrio.com,2026-09-04,Politics,Gerren Keith Gaynor,https://thegrio.com/2026/09/04/summer-lee-whats-missing-from-laura-loomer-discourse/
Immigrant rights group sues Trump administration over voter citizenship review,Naturalized voter lawsuit challenges federal database matching that immigrant advocates say could wrongly target eligible U.S. citizens.,thegrio.com,2026-09-04,Politics,Odafe Oghen,https://thegrio.com/2026/09/04/naturalized-voter-lawsuit-trump-databases/
Don Lemon is heading back to TV on his own terms with new FAST Channel venture,"Don Lemon is headed back to linear TV with the launch of The Don Lemon Channel, a free mixed programming network with daily live shows.",thegrio.com,2026-09-04,Entertainment,Brandon Caldwell,https://thegrio.com/2026/09/04/don-lemon-the-don-lemon-channel/
The Black history of Labor Day: How Black workers shaped the labor movement,"Black labor has powered America for generations, helping shape the labor movement that led to Labor Day, even when excluded by institutions.",thegrio.com,2026-09-04,Lifestyle,Haniyah P.,https://thegrio.com/2026/09/04/the-black-history-of-labor-day-how-black-workers-shaped-the-labor-movement/
"Gabourey Sidibe reflects on ‘bravery’ interited from her aunt, Dorothy Pitman Hughes, and Gloria Steinem",Actress Gabourey Sidibe informed fans on Threads that her aunt was feminist icon Dorothy Pitman Hughes and highlited her relationship with Gloria Steinem,thegrio.com,2026-09-04,Lifestyle,Brandon Caldwell,https://thegrio.com/2026/09/04/gabourey-sidibe-dorothy-pitman-hughes-gloria-steinem/
Black workers face new challenges as Trump labor policies reshape workplace protections,Black workers face new challenges as Trump labor policies reshape workplace protections and agencies tasked with enforcing worker rights.,thegrio.com,2026-09-04,Politics,Gerren Keith Gaynor,https://thegrio.com/2026/09/04/black-workers-trump-labor-policies/
From ‘Traitors’ to romance: Phaedra Parks confirms relationship with Chris ‘CT’ Tamburello,"Phaedra Parks and Chris ""CT"" Tamburello are officially an item as Parks confirmed their romance during a SiriusXM interview on Friday.",thegrio.com,2026-09-04,Entertainment,Brandon Caldwell,https://thegrio.com/2026/09/04/phaedra-parks-chris-ct-tamburello-dating/
"Laura Loomer faces backlash again after racist, sexist attacks against Rep. LaMonica McIver","Laura Loomer targeted Rep. McIver with racist and sexist insults, sparking criticism and renewed debate over attacks on Black women.",thegrio.com,2026-09-03,Politics,Gerren Keith Gaynor,https://thegrio.com/2026/09/03/laura-loomer-racist-sexist-attacks-against-rep-lamonica-mciver/
Olamide Olowe Steps Down As CEO Of Topicals,"Olamide Olowe has stepped down as the CEO of Topicals. Olowe has held the role since she co-founded the science-backed skincare brand with Claudia Teng in 2020 to address skin conditions such as acne, hyperpigmentation, and dark spots for all skin tones. The venture has been a success. More than 10 million eye masks have… Continue reading Olamide Olowe Steps Down As CEO Of Topicals",afrotech.com,2026-09-03,Business,Samantha Dorisca,https://afrotech.com/olamide-olowe-steps-down-as-ceo-of-topicals
Opinion: A Labor Day Case for Reckoning With Unpaid Black Labor,The workplace protections many of us take for granted exist because somebody once stood on a picket line and demanded them.,theroot.com,2026-09-03,Opinion,Marcus Anthony Hunter,https://www.theroot.com/opinion-a-labor-day-case-for-reckoning-with-unpaid-bla-2000124252
"Lionel Richie out of hospital after precautionary stay, says he’s ‘doing great’","The 77-year-old singer was admitted for cardiac testing after feeling unwell during a recent performance, but is better now.",thegrio.com,2026-09-03,Entertainment,Bolarinwa Oladeji,https://thegrio.com/2026/09/03/lionel-richie-released-hospital-doing-great/
Raven-Symoné’s Color Perspective Can’t Deny Culture,"During an episode of Raven-Symoné’s podcast Tea Time w/ Raven and Miranda, co-hosted with her wife Miranda, she challenged their guest, Kalen Allen, to take away the color from Raven Baxter, the main protagonist of the Disney Channel classic, That’s So Raven. She prompted him to make the Baxter family green and asked: is she still Black? This exchange has kept the timeline busy. Many reactions are skewing toward […]",ebony.com,2026-09-03,Celebrity,,https://www.ebony.com/raven-symones-color-perspective-cant-deny-culture/
Former NFL player Alphonso Smith Jr. dies at 40 after sharing emotional final message,"Former NFL cornerback Alphonso Smith Jr. has died at 40. His final Facebook post referenced childhood abuse, struggles and his need for help.",thegrio.com,2026-09-03,Sports,Peter Kerich,https://thegrio.com/2026/09/03/alphonso-smith-jr-dies-40-final-post-needed-help/
How This Black-Owned Business Got Its Rent Covered For A Month With The Help Of Ms. Rachel,"Noticing a callout on Threads benefited entrepreneur Ashley La Bomme-Benson. The Bomme Sweets Bomme-Benson is the founder of The Bomme Sweets, a gourmet sweets shop in Los Angeles. Since 2015, she has created custom treats for families, beginning as a college student. After earning a bachelor’s degree, she tried her hand at the corporate world, but it didn’t pan out because she felt creatively restricted,… Continue reading How This Black-Owned Business Got Its Rent Covered For A Month With The H…",afrotech.com,2026-09-03,Business,Samantha Dorisca,https://afrotech.com/how-this-black-owned-business-got-its-rent-covered-for-a-month-with-the-help-of-ms-rachel
"Christy Knowings, ‘All That’ star, died from complications of severe asthma attack","Christy Knowings’ death was caused by cardiac arrest after acute respiratory failure and severe asthma, according to her death certificate.",thegrio.com,2026-09-03,Featured,Odafe Oghen,https://thegrio.com/2026/09/03/christy-knowings-death-cause-cardiac-arrest/
TLC’s T-Boz recovering after sickle cell crisis forces her to miss tour dates,"T-Boz sickle cell crisis requires hospitalization, forces the TLC singer to miss tour dates while Chilli keeps performing with fan support.",thegrio.com,2026-09-03,Entertainment,Odafe Oghen,https://thegrio.com/2026/09/03/t-boz-sickle-cell-crisis-hospitalized/
Tiger Woods Reckless Driving Plea: The Latest in His Florida Legal Drama,President Trump weighs in after golf legend Tiger Woods avoids a DUI conviction following his rollover crash in Florida.,theroot.com,2026-09-03,Culture,Phenix S Halley,https://www.theroot.com/tiger-woods-reckless-driving-plea-the-latest-in-his-fl-2000124320
Colin Kaepernick Breaks Silence on NFL Blackballing and Jay-Z in a New Interview,Colin Kapernick is getting candid about where he stands with the NFL and looking back on his controversial kneeling protests in 2016.,theroot.com,2026-09-03,Culture,Shanelle Genai,https://www.theroot.com/colin-kaepernick-breaks-silence-on-nfl-blackballing-and-2000124214
Pharmaceutical Company In Senegal Produces First African-Made Clinical Treatment For Sickle Cell,"A Senegalese pharmaceutical company is behind a new generic drug for sickle cell disease. As AFROTECH™ previously reported, sickle cell disease is a genetic disorder that causes red blood cells to become abnormally shaped. The cell takes on a crescent or “sickle” shape, making it harder for blood to flow through the body. This causes… Continue reading Pharmaceutical Company In Senegal Produces First African-Made Clinical Treatment For Sickle Cell",afrotech.com,2026-09-03,Education,Samantha Dorisca,https://afrotech.com/senegal-pharmaceutical-company-produces-first-african-treatment-sickle-cell
Uber Has Shut Down Operations In Nigeria and Uganda — Here’s Why,"Uber is officially ending its operations in Nigeria, closing the door on more than a decade of business in Africa’s most populous country. According to BBC, the global ride-hailing company announced it would cease operations in both Nigeria and Uganda effective immediately. Uber described the move as a “difficult decision” that followed a thorough review… Continue reading Uber Has Shut Down Operations In Nigeria and Uganda — Here’s Why",afrotech.com,2026-09-03,Business,Josh Rodgers,https://afrotech.com/uber-shuts-down-in-nigeria-and-uganda
AI Edge Workshop Shows Marketers How To Build Automated Workflows With Claude,"The second installment of the AI Edge workshop series unwrapped one of the tech’s biggest buzzwords: automated workflows. This AI Edge Session, hosted by Brandon Z. Hoff, chief AI officer of Responsible Use of Digital Intelligence (RUDI AI), showed marketers how artificial intelligence can move beyond chatbot interactions and complete multistep tasks with limited human… Continue reading AI Edge Workshop Shows Marketers How To Build Automated Workflows With Claude",afrotech.com,2026-09-03,News,Afy Okoye,https://afrotech.com/ai-edge-workshop-claude-automated-workflows
Kenan Thompson reveals the childhood role that nearly ended his acting dreams,"Kenan Thompson reveals why filming ‘D2: The Mighty Ducks’ nearly made him quit acting at 15, before his career took off with Nickelodeon and",thegrio.com,2026-09-03,Entertainment,Bolarinwa Oladeji,https://thegrio.com/2026/09/03/kenan-thompson-nearly-quit-acting-d2-mighty-ducks/
This New York Law Just Made It Easier for Black Folks to Get Their Hair Done,Black folks looking for adequate hair services in New York will now have an easier time finding professionals equipped to handle their textures!,theroot.com,2026-09-03,Beauty,Shanelle Genai,https://www.theroot.com/this-new-york-law-just-made-it-easier-for-black-folks-t-2000124335
"Mr. T’s New Documentary Tells His Story, But He Says Netflix Got it Wrong","Mr. T rarely gives interviews, but he’s speaking out about a new Netflix documentary about him, saying it missed the bigger story behind his life.",theroot.com,2026-09-03,Entertainment,Phenix S Halley,https://www.theroot.com/mr-t-s-new-documentary-tells-his-story-but-he-says-ne-2000124352
Marcus Samuelsson’s Latest Baha Mar Restaurant Is All About BBQ — Here’s What’s On The Menu,"Marcus Samuelsson has opened VIBE BBQ at Baha Mar, bringing smoked meats, Caribbean flavors, and a locally influenced menu to the Bahamas.",travelnoire.com,2026-09-03,Culture,Simone Cherí,https://travelnoire.com/vibe-bbq-marcus-samuelsson-baha-mar
"Before You Hit The Road, These Will Be The Worst Times To Travel During Labor Day Weekend",A recently released report offered insight into the best times to avoid the roads and skip sitting in traffic this Labor Day weekend.,travelnoire.com,2026-09-03,Plan &Amp; Shop,Natasha Decker,https://travelnoire.com/labor-day-weekend-2026-worst-travel-times
Thailand Confirms Visa-Free Stays For EU Travelers Will Drop To 30 Days,Thailand just announced it's cutting the window for visa-free stays for EU travelers. Here's what visitors need to know.,travelnoire.com,2026-09-03,Travel News,Faith Katunga,https://travelnoire.com/thailand-cuts-visa-free-stays-eu-travelers
A Review: ‘Queenie Is Working On It’ Stays True to the Source Material,"For fans of Queenie, there is reason to rejoice with her follow-up novel, Queenie Is Working On It. She is still a Jamaican-British woman from South London pursuing a career as a writer and journalist. She is still looking for love in all the wrong places and mourning the family she could have had. And […]",ebony.com,2026-09-03,Books,,https://www.ebony.com/queenie-is-working-on-it-review-stays-true-to-source-material/
Trinity Rodman’s ‘I (heart) my boyfriend’ shirt steals the spotlight at the US Open,"Ben Shelton and Trinity Rodman continue to support each other’s careers, from the US Open to major soccer and tennis events around the world.",thegrio.com,2026-09-03,News,Bolarinwa Oladeji,https://thegrio.com/2026/09/03/ben-shelton-trinity-rodman-support-each-other-careers/
Employee fired after racist message sent to WNBA star Dearica Hamby,"Dearica Hamby exposed a racist text sent to her, leading to an Acclaro Medical employee’s termination and a strong response from the WNBA.",thegrio.com,2026-09-03,News,Bolarinwa Oladeji,https://thegrio.com/2026/09/03/dearica-hamby-racist-text-employee-fired/
From Deputy Surgeon General To CDC Lead: Who Is Dr. Erica Schwartz?,Dr. Erica Schwartz takes over as CDC Director. Explore what her confirmation means for public health policy.,blavity.com,2026-09-03,Health,Tyler-Christian Daniels,https://blavity.com/erica-schwartz-cdc
"The Best Fall Boots to Shop in 2026, From Shearling to Animal Print","Fall may technically be about crisp morning air, getting your favorite warm latte for the first time, rewatching Girlfriends for the twentieth time and flipping your decor to cozy browns and earthy shades, but for fashion lovers, the season really begins when it’s finally cool enough to pull the boots back out. And this year, […]",ebony.com,2026-09-03,Fashion,,https://www.ebony.com/the-best-fall-boots-to-shop-in-2026-from-shearling-to-animal-print/
Lizzo Wins Another Case… Is It Enough to Restore Her Glory?,"Lizzo just secured another victory in her sea of legal challenges that have mounted over the last several years. A federal judge in California ruled in favor of her touring company, Big Grrrl Big Touring, in a lawsuit filed by former tour employee Asha Daniels, dismissing the final bits of the case. This follows the […]",ebony.com,2026-09-03,Celebrity,,https://www.ebony.com/lizzo-wins-another-case-is-it-enough-to-restore-her-glory/
Black Wellness Edit: It’s Time to Unpack Wellness Perfectionism,"When we think of wellness, it’s supposed to be an act that makes us feel better internally and externally. Still, there can be moments when it sometimes feels like another thing we’re failing at. Missing a morning workout can feel like you’ve “fallen off,” or ordering takeout instead of meal prepping can bring guilt. That […]",ebony.com,2026-09-03,Health,,https://www.ebony.com/black-wellness-edit-its-time-to-unpack-wellness-perfectionism/
"For Gloria Steinem, Some of Her Biggest Lessons Came From Black Women","The world is mourning again, this time for the loss of feminist Gloria Steinem, who died on September 2 at age 92. In the seventies, she was an emblem of the movement, standing up for women’s rights and serving as a founding mother of Ms. magazine, where Pulitzer Prize-winning author Alice Walker was one of […]",ebony.com,2026-09-03,Culture,,https://www.ebony.com/gloria-steinem-legacy-feminist-lessons-from-black-women/
Lauryn Hill and The Fugees Brought ‘The Score’ Back to Life In Paris,"This summer, Paris witnessed a solar eclipse, France’s first since the 1990s. The arrival of Ms. Lauryn Hill and Wyclef Jean performing a sold-out show as The Fugees in the romantic City of Light marks just as rare an occasion. Over 20,000 Parisians of all ages loved them down last night as they performed at […]",ebony.com,2026-09-03,Music,,https://www.ebony.com/lauryn-hill-the-fugees-brought-the-score-back-to-life-in-paris/
Designer-Approved Upgrades to Create a Restorative Sanctuary,"Wellness doesn’t have to begin at a spa or luxury retreat. It can start the moment you walk through your front door. As our homes increasingly serve as offices, gyms, entertainment spaces, and places to unwind, creating a restorative environment has become less about following a particular design aesthetic and more about designing around how […]",ebony.com,2026-09-03,Home,,https://www.ebony.com/designer-approved-upgrades-to-create-a-restorative-sanctuary/
Is NIL Money Undermining the Fight for Black Political Power?,"NIL has changed the game, leaving Black athletes torn between using their platform for social justice and protecting generational wealth.",theroot.com,2026-09-03,News,Rashad Grove,https://www.theroot.com/is-nil-money-undermining-the-fight-for-black-political-2000124102
The Story of the DeBarges: A Talented Musical Family Haunted By a Series of Tragedies,"The singing siblings had good looks, great voices and a promising career – until their demons got the best of them.",theroot.com,2026-09-03,Entertainment,Angela Johnson,https://www.theroot.com/heard-of-the-debarges-this-talented-musical-family-suf-1851728807
Inside the Scandal That Cost the LA Clippers $30 Million and Five Draft Picks,The Clippers face historic penalties after the NBA found violations tied to Kawhi Leonard’s outside business arrangements.,theroot.com,2026-09-03,Culture,Phenix S Halley,https://www.theroot.com/inside-the-scandal-that-cost-the-la-clippers-30-millio-2000124240
The 5 Most Heated Moments From Stephen A. Smith’s Sit-Down With Jemele Hill and Cari Champion,"In a heated discussion, the three prominent sports journalists aired out their disagreements in a highly anticipated episode of Flagrant and Funny.",theroot.com,2026-09-03,News,Rashad Grove,https://www.theroot.com/the-5-most-heated-moments-from-stephen-a-smith-s-sit-d-2000124234
"Gloria Steinem, Who Once Said She ‘Learned Feminism From Black Women,’ Dies at 92","The Ms. magazine co-founder, who died at 92, insisted that feminism’s true pioneers were Black women — and that history owes them the credit.",theroot.com,2026-09-03,News,Angela Wilson,https://www.theroot.com/gloria-steinem-who-once-said-she-learned-feminism-from-2000124246
Undiagnosed Meningitis: What Samuel Monroe Jr.’s Medical Battle Reveals About Early Symptoms,"Blavity Health honors the late ""Menace II Society"" actor Samuel Monroe Jr. while detailing his tragic battle with meningitis.",blavity.com,2026-09-03,Conditions &Amp; Care,"Dr. Diana Rangaves, PharmD",https://blavity.com/samuel-monroe-jr-meningitis
Carla Jeffery’s Disney legacy was bigger than ‘Zombies’: She helped Black girls see themselves,"Disney star Carla Jeffery spent years helping little Black girls feel seen on Disney, here’s what we know about what happened to her.",thegrio.com,2026-09-03,Entertainment,Haniyah P.,https://thegrio.com/2026/09/03/carla-jefferys-disney-legacy-was-bigger-than-zombies-she-helped-black-girls-see-themselves/
Black Students At UNC Say They Feared For Their Lives After Man Ambushed ‘Love Island USA’ Watch Party And Hurled Slurs,"A University of North Carolina at Chapel Hill watch party turned frightening Monday night after a white man allegedly entered the event, hurled racial slurs at Black students and appeared to brandish an item that resembled a weapon. What happened inside the watch party? The Love Island Season 8 reunion watch party was hosted by… Continue reading Black Students At UNC Say They Feared For Their Lives After Man Ambushed ‘Love Island USA’ Watch Party And Hurled Slurs",blavity.com,2026-09-03,News,Jahaura Michelle,https://blavity.com/black-students-unc-ambushed-racial-slurs-love-island-watch-party
"Disney Star Carla Jeffery Dies At 33, Tributes Pour In","Disney star Carla Jeffery has died at age 33. Jeffery's management company, Alexanders Talent, shared the news of her death on social media, saying they are heartbroken by the loss.",blavity.com,2026-09-03,News,Tomas Kassahun,https://blavity.com/disney-star-carla-jeffery-dies-at-33-tributes-pour-in
Al Sharpton Says He Won’t Be Silenced Amid Defamation Threat From Nolan Wells’ Friends,"Rev. Al Sharpton is refusing to back down after three of Nolan Wells’ friends threatened to sue him for defamation over comments he made about the 18-year-old’s death. Details on the legal threats and Rev. Al Sharpton’s response In a statement Tuesday, Sharpton called the allegations “meritless” and said he would “neither be silenced nor… Continue reading Al Sharpton Says He Won’t Be Silenced Amid Defamation Threat From Nolan Wells’ Friends",blavity.com,2026-09-03,News,Jahaura Michelle,https://blavity.com/al-sharpton-says-he-wont-be-silenced-amid-defamation-threat-from-nolan-wells-friends
NAACP Warns Federal Polling Presence Could Have Chilling Effect on Black Voters,"The civil rights group has filed a FOIA request demanding answers about the Justice Department’s plan to deploy more than 1,000 federal personnel to polling places ahead of November’s midterms.",theroot.com,2026-09-03,Culture,Phenix S Halley,https://www.theroot.com/naacp-warns-federal-polling-presence-could-have-chillin-2000124262
"AI music company Suno pulls Mary J. Blige advertisement, says singer was ‘uncomfortable’","AI music generator Suno has pulled its advertisement featuring Mary J. Blige, where she seemingly endorsed the product.",thegrio.com,2026-09-03,Music,Nhari Djan,https://thegrio.com/2026/09/03/ai-music-company-suno-pulls-mary-j-blige-advertisement-says-singer-was-uncomfortable/
‘Who gets to tell a family story?’: Why Vernon Dahmer Sr.’s family is protesting the ‘By Any Means’ film,Vernon Dahmer Sr.’s family says “By Any Means” distorts the slain civil rights leader’s legacy and petitions for a disclaimer to be added.,thegrio.com,2026-09-03,Entertainment,Haniyah P.,https://thegrio.com/2026/09/03/who-gets-to-tell-a-family-story-why-vernon-dahmer-sr-s-family-is-protesting-the-by-any-means-film/
Kalen Allen is getting death threats over Raven-Symoné’s comments about Raven Baxter’s Blackness — are we missing some context?,Kalen Allen reacted after a months-old clip of Raven-Symoné’s podcast “Tea Time with Raven and Miranda” put Raven Baxter’s race up for debate.,thegrio.com,2026-09-03,Lifestyle,Kay Wicker,https://thegrio.com/2026/09/03/kalen-allen-is-getting-death-threats-over-raven-symones-comments-about-raven-baxters-blackness-are-we-missing-some-context/
"Topicals founder steps down as CEO, brand appoints Fenty Beauty exec to take over","Topicals founder Olamide Olowe has stepped down from her role as CEO of the skincare brand, and will be replaced by a Fenty Beauty executive.",thegrio.com,2026-09-03,Business,Nhari Djan,https://thegrio.com/2026/09/03/topicals-founder-steps-down-as-ceo-brand-appoints-fenty-beauty-exec-to-take-over/
‘Soul Train Awards’ are back: BET ceremony returns to celebrate R&B and soul legacy,"The Soul Train Awards are coming back to BET and premiering on CBS this November, after the ceremony was taken off the air for three years.",thegrio.com,2026-09-03,Entertainment,Nhari Djan,https://thegrio.com/2026/09/03/bet-soul-train-awards-are-back-after-three-year-break/
Five times Gloria Steinem stood with Black women,"In the wake of Gloria Steinem’s death on Sept. 2 at 92, we gather five times the feminist icon had Black women’s backs.",thegrio.com,2026-09-03,Lifestyle,Kay Wicker,https://thegrio.com/2026/09/03/five-times-gloria-steinem-stood-with-black-women/
"Tiger Woods pleads no contest in reckless driving case, receives 5-year license suspension",Tiger Woods plea deal reduces his Florida DUI charge to reckless driving and brings a five-year license suspension after his March crash.,thegrio.com,2026-09-03,Entertainment,Odafe Oghen,https://thegrio.com/2026/09/03/tiger-woods-plea-deal-reckless-driving/
Trump administration targets tax-exempt status of schools with race-conscious programs,"Proposed IRS rules could affect private schools that offer scholarships, mentorship and other opportunities tied to race.",thegrio.com,2026-09-03,Featured,Peter Kerich,https://thegrio.com/2026/09/03/trump-tax-exemption-schools-minority-students/
New York City Mayor Zohran Mamdani Does Not Believe An ‘AI-Powered Early Education’ Is Necessary And Here’s What He’s Doing About It,"New York City Public Schools is cracking down on AI. ABC News reports that more than half a million students in the New York City Public Schools district will not be allowed to use AI. This will be enforced for the 2026-27 academic year for 2-K through eighth grade. Doubling down, New York City Mayor… Continue reading New York City Mayor Zohran Mamdani Does Not Believe An ‘AI-Powered Early Education’ Is Necessary And Here’s What He’s Doing About It",afrotech.com,2026-09-02,Technology,Samantha Dorisca,https://afrotech.com/new-york-city-public-schools-is-cracking-down-on-ai
Hairstylist Vernon François Joins Tech Company Behind ‘The World’s First Braid-Assist Device’ For Professionals As An Expert Advisor And Creative Engineer,"Vernon François is bringing his expertise to a tech company poised to disrupt the hairstyling industry for the better. The British-born, Los Angeles-based hairstylist told AFROTECH™ he was 8 years old when he learned to braid hair. This nurtured a greater understanding and appreciation of the “time, precision, care and physical endurance” required.",afrotech.com,2026-09-02,Career,Samantha Dorisca,https://afrotech.com/celebrity-hairstylist-vernon-francois-joins-halo-as-creative-engineer
"Karen-Happuch Henneh Created An Offline Flood Safety Navigation App Informed By Her Upbringing In Accra, Ghana","Karen-Happuch Henneh recognized that the annual flooding in her hometown was not simply a weather issue, but a problem that technology could help address. Henneh was raised in Accra, Ghana, where floods often claim lives and destroy property. June 3, 2015, was the day that ultimately inspired her to build an app nearly a decade… Continue reading Karen-Happuch Henneh Created An Offline Flood Safety Navigation App Informed By Her Upbringing In Accra, Ghana",afrotech.com,2026-09-02,Technology,Samantha Dorisca,https://afrotech.com/karen-happuch-henneh-created-an-offline-flood-safety-navigation-app
Google Just Added 3 New AI Tools That Could Change How You Book Travel,"Google AI Mode now tracks flight prices, shows select rewards rates, and lets U.S. users book eligible hotels through Google Search.",travelnoire.com,2026-09-02,Travel News,Faith Katunga,https://travelnoire.com/google-ai-mode-travel-booking-tools
6 Hotels Where Noctourism Makes The World Come Alive At Night,Hotels around the world are tapping into the noctourism trend by offering and facilitating exciting and awe-inspiring nighttime adventures.,travelnoire.com,2026-09-02,Experience,Natasha Decker,https://travelnoire.com/best-hotels-noctourism
Mamdani’s racial equity plan moves NYC from promises to measurable goals,"Mayor Mamdani’s NYC racial equity plan creates measurable goals for 45 agencies to address disparities in housing, education, jobs and more.",thegrio.com,2026-09-02,Politics,Gerren Keith Gaynor,https://thegrio.com/2026/09/02/mamdanis-racial-equity-plan-nyc/
"Lizzo Scores a Win in Court, But Her Legal Saga Continues","Lizzo is celebrating a major legal victory, but another lawsuit means the singer’s courtroom battles are far from over.",theroot.com,2026-09-02,Entertainment,Phenix S Halley,https://www.theroot.com/lizzo-scores-a-win-in-court-but-her-legal-saga-continu-2000124202
‘We did not feel like we were going to make it out’: Black students recount terrifying UNC campus attack,"Black student organizations at UNC say they feared for their lives after a man entered their watch party making racial threats, with no campus",thegrio.com,2026-09-02,News,Bolarinwa Oladeji,https://thegrio.com/2026/09/02/unc-black-students-watch-party-attack-greenlaw/
Vernon François Is Bringing Decades of Black Hair Expertise to Hair Tech,"For all the innovation the beauty industry loves to brag about, textured hair has historically been one of the last places technology seems to arrive. Halo wants to change that, and it’s bringing one of the industry’s most respected hair artists along for the ride. Celebrity hairstylist Vernon François has joined hair technology company Halo […]",ebony.com,2026-09-02,Beauty,,https://www.ebony.com/vernon-francois-is-bringing-decades-of-black-hair-expertise-to-hair-tech/
‘Idiots’ Stars O’Shea Jackson Jr. And Dave Franco Talk Real-Life Friendship and a Love of Comedy,"O’Shea Jackson Jr. and Dave Franco are eager and affable when we chat over Zoom to discuss their new screwball road-trip comedy Idiots. They portray two hapless people who are hired to transfer a rich teen — played by a punchable Mason Thames — to rehab, but their straightforward gig quickly spirals into dangerous mayhem. […]",ebony.com,2026-09-02,Entertainment,,https://www.ebony.com/idiots-oshea-jackson-jr-dave-franco-on-friendship-love-of-comedy/
Broccoli City’s New R&B Experience Means You Don’t Have To Choose Between KWN and Your Bills,"Everybody wants to see their favorite R&B artist live. But in this economy, with these prices, with artists dropping new tours left and right!? Unfortunately, not everybody can afford to. Broccoli City founder Brandon McEachern created Holding Hands: An R&B Experience presented by AT&T to solve that very problem. The new event debuts September 19 […]",ebony.com,2026-09-02,Culture,,https://www.ebony.com/broccoli-city-new-rb-experience-affordable/
Gone But Not Forgotten: Black Celebrities We Lost in 2026,"The hardest part of a great life is when it ends. The impact a person has had and the difference they will make for generations to come cannot be taken for granted. Making an impact on Black culture and community, the people listed below deserve recognition for the roles they’ve played, which is why we […]",ebony.com,2026-09-02,Culture,,https://www.ebony.com/black-celebrities-we-lost-died-2026/
"From Afrobeats to hip-hop, Afro Plus Fest is making the DMV a home for Black culture","Afro Plus Fest returns to Maryland Sept. 4-6 with major Black music stars, Black-owned businesses and a projected 120,000 attendees.",thegrio.com,2026-09-02,Entertainment,Peter Kerich,https://thegrio.com/2026/09/02/afro-plus-fest-2026-dmv-black-music-culture/
‘Why not?’ Jordan Chiles reveals Olympic return with California-themed visual narrated by Michael Jordan,"Jordan Chiles is back. After finishing a decorated career at UCLA, Chiles announced her return for LA28, thanks to Michael Jordan.",thegrio.com,2026-09-02,Sports,Brandon Caldwell,https://thegrio.com/2026/09/02/jordan-chiles-olympics-announcement-michael-jordan/
These Black Costars Found Love On the Set,"If you think you know everything about who dated in Hollywood, these Black celebrity couples might surprise you",theroot.com,2026-09-02,Entertainment,Shanelle Genai,https://www.theroot.com/these-black-costars-found-love-on-the-set-2000124031
Nicki Minaj To Judge Trump Administration’s “Patriot Pitch Competition” In D.C.,"The Trump administration is hosting its very own version of “Shark Tank” in Washington, D.C., and self-proclaimed Queen of Rap Nicki Minaj has been selected as one of the celebrity judges.",theroot.com,2026-09-02,Entertainment,Mahalia Otshudy,https://www.theroot.com/nicki-minaj-to-judge-trump-administrations-patriot-pit-2000124080
Keegan-Michael Key Just Said Something Surprising About Jordan Peele,"After previous chatter of potential bad blood, Keegan-Michael Key is letting folks know where things stand between him and Jordan Peele.",theroot.com,2026-09-02,Entertainment,Shanelle Genai,https://www.theroot.com/keegan-michael-key-just-said-something-surprising-about-2000124076
He Wasn’t Even Driving: Trooper Drags Former D-I Basketball Player Through a Shattered Window by His Dreadlocks,"Tedrick Washington Jr. wasn’t behind the wheel during the 130-mph chase through Mississippi County. He still ended up pulled through a broken window by his dreadlocks, punched in the face and charged — while state police say the trooper did nothing wrong.",theroot.com,2026-09-02,Criminal Justice,Phenix S Halley,https://www.theroot.com/he-wasnt-even-driving-trooper-drags-former-d-i-basketb-2000124096
This Sad ‘Insecure’ News Has Fans and Amanda Seales Speaking Out,The highly-anticipated ‘Insecure’ reunion tour has just been dealt some bad news. And folks all over are airing out their feelings.,theroot.com,2026-09-02,Entertainment,Shanelle Genai,https://www.theroot.com/this-sad-insecure-news-has-fans-and-amanda-seales-speak-2000124116
12 Books by Black authors releasing this month that have us excited,"From Marlon James’ latest to romantic thrillers, comedies, and more, we round up new books by Black authors coming out in September.",thegrio.com,2026-09-02,Books,Kay Wicker,https://thegrio.com/2026/09/02/12-books-by-black-authors-releasing-this-month-that-have-us-excited/
U.S. Senate candidate Angie Nixon on why she always wears pink,"Angie Nixon tells theGrio why she always wears pink, how the color became part of her political brand and what the attention has brought.",thegrio.com,2026-09-02,Politics,Gerren Keith Gaynor,https://thegrio.com/2026/09/02/why-angie-nixon-always-wears-pink/
Grammy-winning jazz singer Cassandra Wilson dies at 70,"Grammy-winning jazz singer Cassandra Wilson has died at 70. The Mississippi native leaves behind a legacy spanning jazz, blues, R&B and folk.",thegrio.com,2026-09-02,Entertainment,Peter Kerich,https://thegrio.com/2026/09/02/cassandra-wilson-grammy-winning-jazz-singer-dies-70/
"After ‘Married at First Sight,’ Shawn Best questions why Black masculinity can’t contain multitudes","Former 'MAFS' contestant Shawn Best is hitting back at claims he was gay, questioning why his form of Black masculinity gets shunned by his own people.",thegrio.com,2026-09-02,Lifestyle,Brandon Caldwell,https://thegrio.com/2026/09/02/shawn-best-addresses-black-masculinity-mafs/
"Disney actress Carla Jeffrey, best known for ‘Zombies,’ dies at age 33","Carla Jeffrey, a Disney Channel star who acted in three ""Zombies"" films, died Tuesday at the age of 33. No cause of death was revealed.",thegrio.com,2026-09-02,Entertainment,Brandon Caldwell,https://thegrio.com/2026/09/02/carla-jeffrey-disney-actress-dies-age-33/
Mamdani Unveils 2034 Roadmap for Racial Equity Across NYC,"New York City’s first citywide racial equity plan sets measurable goals for addressing disparities in housing, education, health, employment and justice.",theroot.com,2026-09-02,Culture,Phenix S Halley,https://www.theroot.com/mamdani-unveils-2034-roadmap-for-racial-equity-across-n-2000124100
To Every Black Man Still Negotiating With His Hairline: Let It Go,"We love to criticize women for chasing youth. But Black men are fighting Father Time too, one receding hairline at a time.",theroot.com,2026-09-02,Opinion,Lawrence Ware,https://www.theroot.com/to-every-black-man-still-negotiating-with-his-hairline-2000123995
"Doja Cat Opens Up About Drugs, Trauma, and Internet Hate in a Series of Social Media Posts",Doja Cat is letting her fans and followers in on her personal struggles and answering for some past racial controversies.,theroot.com,2026-09-02,Entertainment,Shanelle Genai,https://www.theroot.com/doja-cat-opens-up-about-drugs-trauma-and-internet-hat-2000124150
How the Jenesis House Became the Must-Visit Wellness Destination,"There may be no better place in the country to raise your vibration than the Jenesis House wellness estate. That may sound really hyperbolic. But after several days of spa treatments, gourmet-level dinners, yoga, hiking, sound bath meditation and more, I promise that there’s really no other conclusion.",ebony.com,2026-09-02,Travel,,https://www.ebony.com/the-jenesis-house-must-visit-wellness-destination/
Who Are the Democrats Who Joined Republicans to Condemn Socialism?,Eight House Democrats broke ranks with their party as Republicans pushed a resolution condemning socialism ahead of the 2026 midterms.,theroot.com,2026-09-02,Politics,Phenix S Halley,https://www.theroot.com/who-are-the-democrats-who-joined-republicans-to-condemn-2000124130
Rev. Al Sharpton pushes back after Nolan Wells friends threaten defamation lawsuit,Civil rights leader says legal threats will not distract from questions surrounding the Mississippi teen’s unexplained death.,thegrio.com,2026-09-02,News,Bolarinwa Oladeji,https://thegrio.com/2026/09/02/rev-al-sharpton-nolan-wells-friends-defamation-lawsuit/
Black Father Of NC Gun Violence Victim Says He Was Tricked Into Appearing In GOP Attack Ad Against Roy Cooper,"The man at the center of a prominent attack ad against U.S. Senate candidate Roy Cooper is saying that a conservative organization tricked him into appearing in the commercial. The North Carolina man, who lost his son to gun violence, is attempting to set the record straight after he says he was unwillingly placed in… Continue reading Black Father Of NC Gun Violence Victim Says He Was Tricked Into Appearing In GOP Attack Ad Against Roy Cooper",blavity.com,2026-09-02,News,Christopher Rhodes,https://blavity.com/black-father-of-nc-gun-violence-victim-says-gop-tricked-him-ad
"Bevy Smith and Nathan Hale Williams on Black women, Black queer and gay men and the power of ‘moving your chair’","Bevy Smith and Nathan Hale Williams discuss Black allyship, unity and the historic bonds between Black women and Black queer and gay men.",thegrio.com,2026-09-02,Featured,Jahaura Michelle,https://thegrio.com/2026/09/02/bevy-smith-and-nathan-hale-williams-on-black-women-black-queer-and-gay-men-and-the-power-of-moving-your-chair/
Mississippi police chief fired after racist text messages surface amid Kohen Wiley shooting scrutiny,Harold Vanderford firing follows reports that the Senatobia police chief repeatedly used racist slurs in private texts as department lead.,thegrio.com,2026-09-02,News,Odafe Oghen,https://thegrio.com/2026/09/02/harold-vanderford-firing-senatobia-police/
"As food recalls raise concerns, Black farmers offer communities a path to fresh, local produce","Amid growing concerns about food safety, the Black Farmers Index is helping consumers connect directly with local Black farmers across the US.",thegrio.com,2026-09-02,Featured,Haniyah P.,https://thegrio.com/2026/09/02/as-food-recalls-raise-concerns-black-farmers-offer-communities-a-path-to-fresh-local-produce/
Benedict College honors legacy of Willie Washington after decades of service to HBCU athletics,Washington helped transform the school’s athletics program while mentoring generations of students and coaches.,thegrio.com,2026-09-02,Entertainment,Odafe Oghen,https://thegrio.com/2026/09/02/willie-washington-passing-benedict-college/
"10 years later, Colin Kaepernick says the NFL is still ‘actively blackballing’ him",Colin Kaepernick blackballing claim resurfaces; the former 49ers quarterback says he still refuses to watch or support the NFL a decade later.,thegrio.com,2026-09-02,Sports,Odafe Oghen,https://thegrio.com/2026/09/02/colin-kaepernick-blackballing-nfl/
‘Woke up Black AF’: Black Threads is an official community!,"After three years of using the tag to post about the Black community on Threads, the “Black Threads” subgroup has officially emerged.",thegrio.com,2026-09-02,Lifestyle,Kay Wicker,https://thegrio.com/2026/09/02/woke-up-black-af-black-threads-is-an-official-community/
Colin Kaepernick says Jay-Z is trying to ‘reposition’ the Target controversy because of ‘guilty conscience’,Colin Kaepernick responds to Jay-Z’s freestyle defending his Target partnership and reveals why his new memoir won’t be sold there.,thegrio.com,2026-09-02,Featured,Haniyah P.,https://thegrio.com/2026/09/02/colin-kaepernick-says-jay-z-is-trying-to-reposition-the-target-controversy-because-of-guilty-conscience/
"‘They Put An Ankle Monitor On Him And Everything Changed’: Haitian Student’s Death Tied By Family To ICE, End Of TPS","Pierre Damas Bel, a 20-year-old Haitian college student who had been building a promising future in Ohio, died by suicide on Monday after his family said he struggled emotionally with an ankle monitor issued by U.S. immigration officials. His immigration status changed before his death His death comes weeks after the Trump administration ended Temporary… Continue reading ‘They Put An Ankle Monitor On Him And Everything Changed’: Haitian Student’s Death Tied By Family To ICE, End Of TPS",blavity.com,2026-09-02,News,Jahaura Michelle,https://blavity.com/pierre-damas-bel-haitian-student-death-family-ties-to-ice
Your Guide To Getting Treated For Erectile Dysfunction,"Unpack the connection between stress, heart health and erectile dysfunction with actionable guidance from Blavity Health.",blavity.com,2026-09-02,Conditions &Amp; Care,"Dr. Diana Rangaves, PharmD",https://blavity.com/erectile-dysfunction
‘God showed up’: Tyler Perry to pay $18K tax lien for 81-year-old homeowner in need,"Tyler Perry is stepping up for an 81-year-old Chicago-area homeowner in need, offering to pay an $18K tax lien so she can keep her house.",thegrio.com,2026-09-02,Lifestyle,Brandon Caldwell,https://thegrio.com/2026/09/02/tyler-perry-brenda-daurham-tax-lien/
A wellness retreat in Costa Rica that goes beyond rest and relaxation,"From a chakra-clearing ritual to spotting sloths in the rainforest, a wellness retreat in Costa Rica offered a deeper way to reconnect.",thegrio.com,2026-09-02,Lifestyle,Dominique Fluker,https://thegrio.com/2026/09/02/a-wellness-retreat-in-costa-rica-that-goes-beyond-rest-and-relaxation/
Keegan-Michael Key says a Key & Peele reunion with Jordan Peele could happen—with the right story,The actor says he and Peele have discussed a horror collaboration but won’t reunite simply for nostalgia.,thegrio.com,2026-09-02,Entertainment,Peter Kerich,https://thegrio.com/2026/09/02/keegan-michael-key-jordan-peele-horror-movie-reunion/
Florida’s first HBCU hits enrollment milestone with largest fall class in two decades,"Edward Waters University, Florida's first HBCU, enrolled 1,281 students for Fall 2026, nearing its all-time enrollment record.",thegrio.com,2026-09-02,Featured,Peter Kerich,https://thegrio.com/2026/09/02/floridas-first-hbcu-edward-waters-university-enrollment-20-year-high/
"Family sues Aurora, Co., police officer over fatal shooting of Rajon Belt-Stubblefield",Rajon Belt-Stubblefield lawsuit accuses Aurora police and Officer Matthew Neely of excess force and racism after the 37-year-old's shooting.,thegrio.com,2026-09-02,News,Odafe Oghen,https://thegrio.com/2026/09/02/rajon-belt-stubblefield-lawsuit-aurora-police/
The slow kind of lynching: When the media becomes the mob,The Cambridge professor’s family says misinformation and public scrutiny contributed to his final days before passing.,thegrio.com,2026-09-02,Lifestyle,Jonathan Conyers,https://thegrio.com/2026/09/02/the-slow-kind-of-lynching-when-the-media-becomes-the-mob/
Lionel Richie remains hospitalized as doctors conduct cardiac tests after health scare,"The Grammy-winning singer is expected to leave the hospital Wednesday, but details about his condition remain limited.",thegrio.com,2026-09-02,Entertainment,Bolarinwa Oladeji,https://thegrio.com/2026/09/02/lionel-richie-icu-cardiac-tests/
Trump administration appeals ruling blocking new mail-in voting restrictions,Trump mail voting appeal reaches the 1st Circuit as the administration seeks to revive USPS restrictions blocked ahead of the midterms.,thegrio.com,2026-09-01,Politics,Odafe Oghen,https://thegrio.com/2026/09/01/trump-mail-voting-appeal-first-circuit/
Wes Moore calls out Laura Loomer for ‘peddling racism’ in attack on Black women,"Wes Moore condemned Laura Loomer over racist attacks against Florida Senate candidate Angie Nixon, the state’s first potential Black senator.",thegrio.com,2026-09-01,Politics,Peter Kerich,https://thegrio.com/2026/09/01/wes-moore-condemns-laura-loomer-angie-nixon/
We Got Trinidad At Home: 4 US Cities Where You Can Tap Into Trini Culture,"Discover U.S. cities where travelers can connect with Trinidadian food, music, Carnival traditions, nightlife, and diaspora communities.",travelnoire.com,2026-09-01,Plan &Amp; Shop,Natasha Decker,https://travelnoire.com/trinidadian-culture-in-the-us
Turkey’s Black Aegean: How İzmir’s Afro-Turks Rebuilt A Festival From Memory,Afro-Turks in İzmir are reviving the historic Dana Bayramı while preserving oral histories and Turkey’s Black Aegean heritage.,travelnoire.com,2026-09-01,Culture,Faith Katunga,https://travelnoire.com/afro-turks-izmir-dana-bayrami
Jill Scott postpones final tour dates after testing positive for COVID-19,"Jill Scott COVID diagnosis forces the singer to postpone four Texas shows on her To Whom This May Concern tour, with new September dates set.",thegrio.com,2026-09-01,Entertainment,Odafe Oghen,https://thegrio.com/2026/09/01/jill-scott-covid-tour-postponed/
Melanie Moreno pushes back on narrative around viral modeling photos,"The “Love Island USA” reunion star said her modeling career was about confidence, not insecurity about her body.",thegrio.com,2026-09-01,Entertainment,Bolarinwa Oladeji,https://thegrio.com/2026/09/01/melanie-moreno-love-island-curve-model-photos-reunion/
Newlyweds Karl-Anthony Towns and Jordyn Woods explore East Africa after Malibu wedding,"Jordyn Woods shared video from her African honeymoon with husband Karl-Anthony Towns, calling the trip a dream come true.",thegrio.com,2026-09-01,News,Bolarinwa Oladeji,https://thegrio.com/2026/09/01/karl-anthony-towns-jordyn-woods-africa-honeymoon/
NBC News defends Kristen Welker after Trump threatens FCC complaint,NBC News defended Kristen Welker after Trump threatened FCC action over her comments about his endorsement record.,thegrio.com,2026-09-01,News,Peter Kerich,https://thegrio.com/2026/09/01/nbc-defends-kristen-welker-trump-fcc-threat/
Why Raven Symoné’s comments on Raven Baxter’s Blackness hit a nerve,Raven-Symoné’s viral comments about Raven Baxter's Blackness have “That’s So Raven” fans revisiting the show’s impact.,thegrio.com,2026-09-01,Entertainment,Haniyah P.,https://thegrio.com/2026/09/01/why-raven-symones-comments-on-raven-baxters-and-thats-so-ravens-blackness-hit-a-nerve/
Trump blamed for Haitian college student’s suicide amid ‘racist’ attacks on Black immigrants,"Immigrant advocates say Pierre Damas Bel’s death highlights the toll of deportation threats, ankle monitoring and the end of Haitian TPS.",thegrio.com,2026-09-01,Politics,Gerren Keith Gaynor,https://thegrio.com/2026/09/01/trump-blamed-for-pierre-damas-bel-racist-attacks-black-immigrants/
"Community stunned as identities of Times Square stabbing victims, attacker made public","One day after a Bank of America exec was stabbed to death in Times Square, questions about the mental health of her attacker grow.",thegrio.com,2026-09-01,News,Brandon Caldwell,https://thegrio.com/2026/09/01/times-square-stabbing/
‘A different bond’: 21 Savage opens up on how raising his daughter with Latto differs from his early days as a dad,21 Savage shares with Pete Davidson what's changed for him parenting wise since he and Latto welcomed their daughter compared to his other kids.,thegrio.com,2026-09-01,Lifestyle,Brandon Caldwell,https://thegrio.com/2026/09/01/21-savage-latto-different-bond-parenting/
‘Bless his heart’: Black Democrats defend Kamala Harris after Hunter Biden questions her loyalty to Joe Biden,Critics say Hunter Biden’s comments overlook the pressure Harris faced during her shortened presidential campaign,thegrio.com,2026-09-01,Politics,Gerren Keith Gaynor,https://thegrio.com/2026/09/01/bless-his-heart-black-democrats-defend-kamala-harris-after-hunter-biden-questions-her-loyalty-to-joe-biden/
Haitian college student commits suicide after losing immigration status facing bullying for ICE ankle monitor,"Pierre Damas Bel dreamed of being a doctor, but the loss of TPS, an ICE ankle monitor, bullying and fears of deportation led him to suicide.",thegrio.com,2026-09-01,News,Haniyah P.,https://thegrio.com/2026/09/01/haitian-college-student-commits-suicide-after-losing-immigration-status-facing-bullying-for-ice-ankle-monitor/
‘Prayed for the truth’: Lizzo shares statement after lawsuit by former wardrobe assistant is dismissed,A federal judge has dismissed the final parts of a lawsuit against Lizzo filed by a former wardrobe assistant.,thegrio.com,2026-09-01,Entertainment,Brandon Caldwell,https://thegrio.com/2026/09/01/lizzo-lawsuit-former-wardrobe-assistant-dismissed/
"Issa Rae & Co.’s ‘Insecure’ anniversary tour won’t happen, but there’s a good reason behind it",The 'Insecure' cast and crew revealed on Tuesday the previously announced 10th anniversary tour celebrating the show will not be happening.,thegrio.com,2026-09-01,Entertainment,Brandon Caldwell,https://thegrio.com/2026/09/01/issa-rae-insecure-10th-anniversary-tour-canceled/
Naomi Osaka’s Allen Iverson tribute connects two generations of Black sports style,"Naomi Osaka honors Allen Iverson’s unapologetic style with cornrows, armbands & a custom gown in her latest “court-ure” look at the US Open.",thegrio.com,2026-09-01,Featured,Haniyah P.,https://thegrio.com/2026/09/01/naomi-osakas-allen-iverson-tribute-connects-two-generations-of-black-sports-style/
Key takeaways from the ‘Love Island USA’ season reunion,All our favorite islanders reunited for the “Love Island USA” season eight reunion and they brought all of their drama with them.,thegrio.com,2026-09-01,Entertainment,Kay Wicker,https://thegrio.com/2026/09/01/key-takeaways-from-the-love-island-usa-season-reunion/
Nicki Minaj joins Trump administration’s small business pitch competition as judge,The rapper will serve on the panel for the SBA’s “Million Dollar Pitch Competition” alongside business executives and other celebrities.,thegrio.com,2026-09-01,Entertainment,Bolarinwa Oladeji,https://thegrio.com/2026/09/01/nicki-minaj-trump-small-business-competition-judge/
‘Keisha needs us’: Black Democrats rally behind Bottoms in Georgia governor’s race,"Black Democrats including Andre Dickens, Raphael Warnock and Wes Moore are rallying behind Keisha Lance Bottoms' Georgia governor bid.",thegrio.com,2026-09-01,Politics,Peter Kerich,https://thegrio.com/2026/09/01/black-democrats-rally-behind-keisha-lance-bottoms-georgia-governor/
Serena Williams says her singles career isn’t over: ‘I think I need to play’,"The tennis legend said she wants her children to see her compete again, though she does not expect a permanent comeback.",thegrio.com,2026-09-01,Entertainment,Peter Kerich,https://thegrio.com/2026/09/01/serena-williams-singles-comeback-career-not-over/
NBA player Harrison Barnes invests $25 million to become owner of Iowa community bank,"Harrison Barnes bank purchase puts $25 million of the Spurs veteran’s money in Iowa community bank near his hometown, expands his portfolio.",thegrio.com,2026-09-01,Featured,Odafe Oghen,https://thegrio.com/2026/09/01/harrison-barnes-bank-purchase-iowa/
Former Serena Williams body double Thea Frodin makes US Open debut,"Thea Frodin went from playing Serena Williams in ‘King Richard’ to making her US Open debut at 17, facing world No. 2 Elena Rybakina.",thegrio.com,2026-09-01,Sports,Peter Kerich,https://thegrio.com/2026/09/01/former-serena-williams-body-double-thea-frodin-makes-us-open-debut/
"The “Great Lock-In” is back, but is it for you?","The great lock-in has returned, a time when many use the remaining 121 days of the year to lock in on goals or set new intentions.",thegrio.com,2026-09-01,Lifestyle,Kay Wicker,https://thegrio.com/2026/09/01/the-great-lock-in-is-back-but-is-it-for-you/
Where You Can Fly For Less Than $700 Round-Trip This September,"These five destinations offer round-trip flights under $700, making September a good time to plan a more affordable getaway.",travelnoire.com,2026-09-01,Plan &Amp; Shop,Mitti Hicks,https://travelnoire.com/september-2026-flights-under-700
Lauryn Hill Makes a Rare Comment About Her Relationship With Bob Marley’s Son,"Although not much is known about Lauryn Hill and Rohan Marley’s relationship, the legendary singer recently shared some rare insight about their time together.",theroot.com,2026-09-01,Entertainment,Shanelle Genai,https://www.theroot.com/lauryn-hill-makes-a-rare-comment-about-her-relationship-2000123925
Inside Black Men’s Campaign to Get Keisha Lance Bottoms Elected,Black men could be critical to Bottoms’ Georgia governor bid as Democrats work to rebuild trust and boost turnout among Black voters.,theroot.com,2026-09-01,Culture,Phenix S Halley,https://www.theroot.com/inside-black-men-s-campaign-to-get-keisha-lance-bottoms-2000123994
Every Actor Set to Star In Snoop Dogg’s Biopic for the Big Screen,"Add “producing his own life story” to the long list of projects that rapper Snoop Dogg has his hands in. The rapper is boarding the high-grossing music biopic train, following the success of 2015’s Straight Outta Compton and the year’s juggernaut Michael, with a biopic about the Dogg himself. The Long Beach native’s story, simply […]",ebony.com,2026-09-01,Entertainment,,https://www.ebony.com/every-actor-snoop-dogg-biopic-on-big-screen/
"Justice, Finally: Tupac Shakur’s Killer Convicted Decades Later","Who killed Tupac Shakur? For almost 30 years, that question has gone unanswered, making it arguably one of the biggest unsolved mysteries in music history. On August 31, a Las Vegas jury finally closed that chapter. Duane “Keffe D” Davis is going to prison for the murder of Tupac Shakur, nearly thirty years after the rapper died […]",ebony.com,2026-09-01,News &Amp; Politics,,https://www.ebony.com/justice-finally-tupac-shakurs-killer-convicted-decades-later/
NBA Veteran Harrison Barnes Buys Bank In His Home State Of Iowa For $25M,"The NBA’s Harrison Barnes has made an investment that hits close to home. Barnes is from Ames, IA, and previously played for Ames High School as one of the top basketball stars in the U.S., opening doors to playing for North Carolina, according to The Root. In 2012, he was drafted by the Golden State… Continue reading NBA Veteran Harrison Barnes Buys Bank In His Home State Of Iowa For $25M",afrotech.com,2026-09-01,Business,Samantha Dorisca,https://afrotech.com/nba-veteran-harrison-barnes-buys-bank-in-his-home-state-of-iowa-for-25m
NBA Star Jaylen Brown Says Giving Back Comes at a Cost For Athletes,Jaylen Brown says athletes are often discouraged from giving back. But that’s exactly why he continues to invest in his community.,theroot.com,2026-09-01,Culture,Phenix S Halley,https://www.theroot.com/nba-star-jaylen-brown-says-giving-back-comes-at-a-cost-2000124027
Lionel Richie and Other Black Music Icons You Need to See Live Soon,Lionel Richie’s latest health scare has us thinking about other beloved elder Black music icons that folks ought to see perform while they’re still getting down and having fun!,theroot.com,2026-09-01,Entertainment,Shanelle Genai,https://www.theroot.com/lionel-richie-and-other-black-music-icons-you-need-to-s-2000123984
Naomi Osaka Makes a Bold Style Statement at the U.S. Open in an Allen Iverson-Inspired Look,The tennis star turned heads at the U.S. Open in a Law Roach-styled look that paid homage to an NBA legend.,theroot.com,2026-09-01,Fashion,Angela Johnson,https://www.theroot.com/naomi-osaka-makes-a-bold-style-statement-at-the-u-s-op-2000124017
He Built His $30 Million Brand Without Quitting His 9-to-5,"Crowned Skin founder Darrell Spencer scaled his brand while working full-time at Meta and Google — then landed $500,000 on ‘Shark Tank.’ Here’s the exit plan he says every entrepreneur needs from day one.",theroot.com,2026-09-01,Black Business,B.Kadijat Towolawi,https://www.theroot.com/he-built-his-30-million-brand-without-quitting-his-9-t-2000123932
The Sweat Problem No One Talks About — How to Stay Dry During Sex,"Listen, sweat can be a sign of good progress, but it’s okay to be honest: sometimes it can be a hindrance in the bedroom. Now, you might think the real cuddle season is in the Winter months when everyone is more prone to stay indoors. Still, a study by ZipHealth revealed that the Summer months […]",ebony.com,2026-09-01,Love,,https://www.ebony.com/the-sweat-problem-no-one-talks-about-how-to-stay-dry-during-sex/
Haitian Immigrant’s Tragic Death Shines a Light on the Human Cost of Ending Temporary Protected Status,"Pierre Damas Bel dreamed of becoming a doctor, but his family says losing TPS left him overwhelmed by immigration uncertainty.",theroot.com,2026-09-01,Culture,Phenix S Halley,https://www.theroot.com/haitian-immigrant-s-tragic-death-shines-a-light-on-the-2000123987
From Domestic Service to the Defense Industry: The Untold Story of the Black Rosies,"WWII’s 600,000 “Black Rosies” helped win a war and broke a cycle of generational servitude.",theroot.com,2026-09-01,Culture,Shellie M. Scott,https://www.theroot.com/from-domestic-service-to-the-defense-industry-the-unto-2000123928
Duane “Keffe D” Davis Guilty in Tupac’s Murder. What Does It Mean for Hip-Hop?,"After nearly three decades of theories and questions, Tupac’s case has a conviction… But not every answer fans wanted.",theroot.com,2026-09-01,Crime,Phenix S Halley,https://www.theroot.com/duane-keffe-d-davis-guilty-in-tupacs-murder-what-doe-2000123959
College Student Dies Amid ICE Crackdown on Haitian Immigrants,The death comes after his legal status in the U.S. was ended by a recent Supreme Court ruling.,capitalbnews.org,2026-09-01,,Adam Mahoney,https://capitalbnews.org/haitian-student-death-ohio-immigration/
Ryan Clark Didn’t Need ESPN. Netflix Just Proved It.,"After his sudden departure from NFL Live, the former Super Bowl champion lands a major platform deal with Netflix to expand his media empire.",theroot.com,2026-09-01,Sports,Rashad Grove,https://www.theroot.com/ryan-clark-didnt-need-espn-netflix-just-proved-it-2000123947
The Best Black Fashion Moments at the 2026 U.S. Open,"The 2026 U.S. Open has taken over social media feeds, but beyond the impressive athleticism on the court, fly fashion looks are also on display.",theroot.com,2026-09-01,Beauty + Style,Mahalia Otshudy,https://www.theroot.com/the-best-black-fashion-moments-at-the-2026-u-s-open-2000123847
Fall Culture Index 2026: TV and Streaming Shows Worth “Locking In” for This Season,"It’s September, which means we’re about to lock into a whole lotta things for the rest of the year. Add to that list getting your TV/streaming watch schedule down pat. The upcoming fall-into-winter season offers a little something for everyone, from the return of a fictional late-night TV host icon to a real-life athlete cameoing […]",ebony.com,2026-09-01,Entertainment,,https://www.ebony.com/fall-culture-index-2026-tv-streaming-shows-worth-locking-for-season/
"The Tree Is Not Just a Tree: Black Death, American Memory and the Return of Strange Fruit","There are moments when Black people are asked to believe something that requires us to disbelieve almost everything history has taught us. And the recurrences of Black people becoming “Strange Fruit” feel like one of them. Over the past year, Black people have repeatedly been found hanging from trees, in wooded areas, behind vacant homes, on college […]",ebony.com,2026-09-01,News &Amp; Politics,,https://www.ebony.com/the-tree-is-not-just-a-tree-black-death-american-memory-and-the-return-of-strange-fruit/
From Coco Gauff to HBCU Live: Your Guide to the 2026 US Open,"Black players have helped make tennis feel bigger, younger and more culturally connected. At the US Open, that invitation extends beyond the court, with vendors and programming designed to welcome new audiences. “I think that’s a beautiful thing about the sport of tennis; it’s just ageless,” said media personality Kyle L. Jones, who was at […]",ebony.com,2026-09-01,Sports,,https://www.ebony.com/coco-gauff-hbcu-live-guide-the-2026-us-open/
"D4vd Fires Legal Team, Switches To Public Defender In Celeste Rivas Hernandez Murder Case","D4vd has parted with his legal team as he still stands on trial for the murder of 14-year-old Celeste Rivas Hernandez. The embattled singer, legally known as David Anthony Burke, made the pivotal decision on Monday, telling a Los Angeles courtroom that he now wants to be represented by public defenders. Burke’s attorneys, Blair Berk,… Continue reading D4vd Fires Legal Team, Switches To Public Defender In Celeste Rivas Hernandez Murder Case",blavity.com,2026-09-01,News,Tomas Kassahun,https://blavity.com/d4vd-fires-legal-team-switches-to-public-defender
Why U.S. Measles Outbreaks Are Reaching Record Numbers,"Stay informed on measles outbreak trends, childhood immunization recommendations and public health updates for your family.",blavity.com,2026-09-01,Conditions &Amp; Care,"Dr. Diana Rangaves, PharmD",https://blavity.com/measles
Ulta Beauty CFO Praises CÉCRED For Helping To Drive ‘Healthy Growth’ As Prestige Hair Care Brands Account For 20% Of Net Sales,"Ulta Beauty’s decision to carry Cécred products continues to pay off. Ulta Beauty reported strong results for its most recent quarter, with net sales increasing 8.9% to $3 billion, according to a press release. Other key results listed include: 3.5% increase in comparable sales 10.1% increase in operating income 13.3% increase in diluted earnings per… Continue reading Ulta Beauty CFO Praises CÉCRED For Helping To Drive ‘Healthy Growth’ As Prestige Hair Care Brands Account For 20% Of Net Sales",afrotech.com,2026-09-01,Business,Samantha Dorisca,https://afrotech.com/cecreds-performance-in-haircare-category-at-ulta-beauty-q2-earnings-report
"GenNx360 Capital Partners Closes $865M Fund IV For Aerospace, Defense, And IT Industries","GenNx360 Capital Partners has closed its fourth flagship fund. The New York City-based private equity firm, led by Ronald E. Blaylock, was founded in 2006 and invests in U.S. lower-middle-market industrial services and business services companies. Its sectors include infrastructure services, testing and inspection, aerospace and defense, automation and industrial technology, commercial services, and food… Continue reading GenNx360 Capital Partners Closes $865M Fund IV For Aerospace, Defense, And…",afrotech.com,2026-09-01,Venture Capital,Samantha Dorisca,https://afrotech.com/gennx360-capital-partners-closes-865-million-fund-iv
Deloitte To Pay $21.5M To Settle Lawsuit As Trump Administration Continues Push To Dismantle DEI,"Deloitte will pay nearly $21.5 million to settle allegations that it defrauded the federal government by considering race and sex in hiring, promotion, and staffing decisions. According to an August 25, 2026, news release from the U.S. Department of Justice, the multinational professional services firm tracked diversity across its business units and setting race- and… Continue reading Deloitte To Pay $21.5M To Settle Lawsuit As Trump Administration Continues Push To Dismantle DEI",afrotech.com,2026-09-01,Business,ShaCamree Gowdy,https://afrotech.com/deloitte-trump-administration-lawsuit-settlement-diversity-equity-inclusion
MLK’s Granddaughter Yolanda Calls To ‘Restore The Dream’ At New Voting Rights March On Washington,"On the anniversary of the March on Washington in which Dr. Martin Luther King, Jr. delivered his famous “I Have a Dream” speech, members of the next generations of the King family gathered in the nation’s capital to carry on his message. They were joined by a number of activists, organizations and politicians to rally… Continue reading MLK’s Granddaughter Yolanda Calls To ‘Restore The Dream’ At New Voting Rights March On Washington",blavity.com,2026-09-01,Politics,Christopher Rhodes,https://blavity.com/mlks-granddaughter-yolanda-calls-to-restore-the-dream
"Tupac Shakur’s Family Gets First Conviction In His Murder, Nearly 30 Years Later","Nearly 30 years after Tupac Shakur was fatally shot in Las Vegas, his family finally received a murder conviction. A Clark County, Nevada, jury found Duane “Keffe D” Davis guilty of first-degree murder Monday in connection with Shakur’s 1996 killing. The unanimous verdict was reached in less than three hours after a weeks-long trial, marking… Continue reading Tupac Shakur’s Family Gets First Conviction In His Murder, Nearly 30 Years Later",blavity.com,2026-09-01,News,Jahaura Michelle,https://blavity.com/tupac-shakurs-family-gets-first-conviction-in-nearly-30-years-later
How Bose’s Lifestyle Collection Transformed My Living Room,"My living room sound setup was overdue for a serious upgrade. I had been making do with an old Samsung soundbar and subwoofer, but it wasn’t filling the room with sound in the way I wanted it to. When Bose sent me two pieces from its new Lifestyle Collection, the Lifestyle Ultra Soundbar and the […]",ebony.com,2026-09-01,Home,,https://www.ebony.com/how-boses-lifestyle-collection-transformed-my-living-room/
Karen Attiah’s Reinstatement Is a Win for Journalism Itself… But When Will She Return?,"Columnist Karen Attiah can return to her position at The Washington Post, a year after she was fired over social media posts she made following the assassination of conservative activist Charlie Kirk. An independent arbitrator ordered the newspaper to reinstate her on August 20. The decision includes full back pay and lost benefits and represents […]",ebony.com,2026-09-01,Culture,,https://www.ebony.com/karen-attiahs-reinstatement-win-for-journalism-itself/
The Doux Brings Black Hair and Salon Culture to Roblox With ‘My Salon Empire’,"The Black salon is going digital. Atlanta-based, Black-owned haircare brand The Doux is expanding beyond the beauty aisle with My Salon Empire, a new Roblox experience that brings the rituals, creativity and entrepreneurial spirit of the Black salon into the gaming world. Launched August 31, the game allows players to shampoo, dry and style clients’ […]",ebony.com,2026-09-01,Beauty,,https://www.ebony.com/the-doux-brings-black-hair-and-salon-culture-to-roblox-with-my-salon-empire/
Black Farmers Index Connects Consumers With Black Farmers Across the U.S.,"Food insecurity has become a prevalent worry among Americans over the past year. Between significant layoffs within the Food and Drug Administration (FDA) and the Centers for Disease Control and Prevention (CDC) paired with hundreds of recalls on food, consumers are understandably in an anxious state. What was once a regular trip to the grocery store now feels like having to keep your head on a swivel […]",ebony.com,2026-09-01,Education,,https://www.ebony.com/black-farmers-index-connects-consumers-with-black-farmers-across-the-u-s/
"Get Lit: 10 Books On Fantasy, Finance and Full Vibes to Close Out August","Summer is rushing to its season’s end, which means our bookshelves will want to be covered in thick, warm stacks all fall and winter long. Thankfully, August is leaving us with a few titles to start as the weather begins to cool down, and this month’s offerings have been just as hot as the past […]",ebony.com,2026-08-31,Books,,https://www.ebony.com/get-lit-black-authors-books-fantasy-finance-full-vibes-august/
Keith Lee Turns Attention Into Action for Gary Residents After Devastating Power Outage,"Keith Lee is putting his money and influence where his mouth is. Lee posted a video to his 17.4 million TikTok followers expressing his frustration of the lack of coverage on Gary, Indiana’s power outage on August 18. At the time of his post, he had already initiated contact with the City of Gary’s mayoral office and Salvation Army to bring […]",ebony.com,2026-08-31,Culture,,https://www.ebony.com/keith-lee-turns-attention-into-action-for-gary-residents-after-devastating-power-outage/
"From Celebrity Hairstylist to Fragrance Founder, Why Kahh Spence’s Next Act Smells Like a Million Dollars","The celebrity hairstylist-turned-entrepreneur opens up about honoring his late mother, betting on himself and building a Black-owned luxury brand.",theroot.com,2026-08-31,Beauty,Ty Cole,https://www.theroot.com/from-celebrity-hairstylist-to-fragrance-founder-why-ka-2000123517
Black Journalists Aren’t Waiting for a Seat at the Table. They’re Building Their Own,"The release of The Devil Wears Prada 2 earlier this year made plenty of fashion people feel seen, especially journalists and media professionals. But beyond the entertainment, its portrayal of print media’s decline and Runway magazine’s uncertain future mirrored a reality many working journalists already know: the media industry is changing, and for Black journalists, […]",ebony.com,2026-08-31,Beauty,,https://www.ebony.com/black-journalists-arent-waiting-for-a-seat-at-the-table-theyre-building-their-own/
7 ‘Love Island USA’ Reunion Season 8 Revelations We’ll Be Thinking About All Week,"We’ve been waiting for this night since Brinity were crowned the winners of Love Island USA Season 8. From the core four and bombshells to the Casa Amor hotties, the Islanders reunited to reminisce about villa life, update us on their love stories and hash out old wounds, along with a few new ones created […]",ebony.com,2026-08-31,Entertainment,,https://www.ebony.com/love-island-usa-reunion-season-8-revelations-well-be-thinking-about-all-week/
Aaliyah’s Uncle Blames His Son For Her Death in Bitter Legal Dispute,"The feud between Aaliyah’s uncle and manager, Barry Hankerson, and his son, Jomo, is getting ugly after Barry made a claim that his son is to blame for the singer’s death.",theroot.com,2026-08-31,Entertainment,Mahalia Otshudy,https://www.theroot.com/aaliyah-s-uncle-blames-his-son-for-her-death-in-bitter-2000123775
Jason Arday’s Accuser Escapes Full Suspension at Ghent University,Nathan Cofnas has been placed on a 3-month teaching ban.,theroot.com,2026-08-31,Culture,Phenix S Halley,https://www.theroot.com/jason-arday-s-accuser-escapes-full-suspension-at-ghent-2000123760
"Black Folks Online Are Doing the Great Lock-In, Here’s How You Can, Too!","Black folks online are about to start the ‘Great Lock-In’ on September 1. Here’s how you can join in, too!",theroot.com,2026-08-31,Culture,Shanelle Genai,https://www.theroot.com/black-folks-online-are-doing-the-great-lock-in-heres-h-2000123734
Beyond Blue Ivy and North West: 8 Young Black Trailblazers Shaping the Future of Hollywood,"From Blue Ivy Carter’s Met Gala debut to Chase Infiniti’s Oscar-winning breakout, these girls and young women are building the careers that will define the next era of Black Hollywood.",theroot.com,2026-08-31,Entertainment,Mahalia Otshudy,https://www.theroot.com/beyond-blue-ivy-and-north-west-8-young-black-trailblaz-2000123805
"DOJ Says George Washington University Medical School Illegally Favored Black, Hispanic Applicants Over White And Asian Applicants","The U.S. Department of Justice determined that George Washington University’s medical school engaged in illegal racial discrimination in its admissions process. What did the DOJ say about George Washington University’s admissions practices? On Thursday, the DOJ’s Civil Rights Division announced that George Washington School of Medicine and Health Sciences intentionally used race as a factor… Continue reading DOJ Says George Washington University Medical School Illegally Favored Black, Hispanic A…",blavity.com,2026-08-31,Politics,Jahaura Michelle,https://blavity.com/gwu-medical-school-doj-racial-discrimination-admissions
Why Black Folks Need to Tune in to Aaron Pierre’s ‘Lanterns’,"HBO Max’s new show, Lanterns, starring Aaron Pierre, has Black audiences all over raving about its storytelling—thanks in large part to its latest episode. Here’s why you should be watching, too!",theroot.com,2026-08-31,Entertainment,Shanelle Genai,https://www.theroot.com/why-black-folks-need-to-tune-in-to-aaron-pierres-lanter-2000123776
Could This Black Mother’s Tragic Case Predict the Fate of Lindsay Clancy’s Postpartum Psychosis Defense?,A New York judge’s ruling in the case of a Black mother with postpartum psychosis comes as a Massachusetts jury weighs Lindsay Clancy’s criminal responsibility.,theroot.com,2026-08-31,Crime,Phenix S Halley,https://www.theroot.com/could-this-black-mothers-tragic-case-predict-the-fate-o-2000123827
"AMP, The Streaming Group That Includes Kai Cenat, Fanum, ImDavisss, And More, Purchases Neighborhood","AMP is proof that if you want to go fast, go alone, and if you want to go far, go together. Who Is AMP? The streaming collective, which stands for “Any Means Possible,” comprises ImDavisss, Fanum, Agent00, Duke Dennis, Kai Cenat, and ChrisNxtDoor, as previously reported by AFROTECH™. The members were all creating content separately… Continue reading AMP, The Streaming Group That Includes Kai Cenat, Fanum, ImDavisss, And More, Purchases Neighborhood",afrotech.com,2026-08-31,Business,Samantha Dorisca,https://afrotech.com/amp-the-streaming-group-purchases-neighborhood-called-the-hill
Trump wants the FCC to punish Kristen Welker over ‘Meet the Press’ coverage,The president accused Welker of “purposeful inaccuracy” after she described his recent primary endorsements as having “mixed results.”,thegrio.com,2026-08-31,News,Peter Kerich,https://thegrio.com/2026/08/31/trump-fcc-kristen-welker-nbc-press-freedom/
Aaliyah family legal battle raises new allegation about singer’s fatal 2001 plane crash,"The Aaliyah plane crash lawsuit has taken a startling turn, with Barry Hankerson accusing his son Jomo of failing to coordinate travel before",thegrio.com,2026-08-31,News,Bolarinwa Oladeji,https://thegrio.com/2026/08/31/aaliyah-uncle-barry-hankerson-cousin-jomo-plane-crash-lawsuit/
Angie Nixon says Trump or Senate opponent Ashley Moody may have ‘paid off’ Laura Loomer for racist attack,Angie Nixon responds to Laura Loomer’s racist attack and alleges Trump or Ashley Moody may have used it to distract from a Florida scandal.,thegrio.com,2026-08-31,Politics,Gerren Keith Gaynor,https://thegrio.com/2026/08/31/angie-nixon-trump-ashley-moody-paid-off-laura-loomer-racist-attack/
California bill would make major companies reckon with their historical ties to slavery,Corporations with more than $100 million in annual sales could be required to disclose whether they profited from slavery.,thegrio.com,2026-08-31,News,Bolarinwa Oladeji,https://thegrio.com/2026/08/31/california-slavery-disclosure-bill-newsom/
How Daejon Love pulled off an elaborate fake NFL career and allegedly fooled 26 women,We break down how Daejon Love managed to pose as a San Francisco 49ers player and defraud more than two dozen women out of $1.3 million.,thegrio.com,2026-08-31,Lifestyle,Kay Wicker,https://thegrio.com/2026/08/31/how-daejon-love-pulled-off-an-elaborate-fake-nfl-career-and-allegedly-fooled-26-women/
Angie Nixon says Black women need more than ‘passive allies’ after Marjorie Taylor Greene condemns racist attack,Nixon says Greene’s defense surprised her as she calls for “willful accomplices” to push back against attacks targeting Black women.,thegrio.com,2026-08-31,Politics,Gerren Keith Gaynor,https://thegrio.com/2026/08/31/angie-nixon-shocked-marjorie-taylor-greene-defend-black-women/
"6 Black-owned haircare brands making products for curls, coils, and every texture","As conversations around Mielle Organics reignite questions about how Black hair is marketed, these Black-owned brands are worth knowing.",thegrio.com,2026-08-31,Featured,Haniyah P.,https://thegrio.com/2026/08/31/6-black-owned-haircare-brands-making-products-for-curls-coils-and-every-texture/
Ryan Clark and ‘The Pivot’ make moves with Netflix in multi-year partnership,"The next pivot for Ryan Clark, Channing Crowder and Fred Taylor? Netflix. The popular podcast joins the streamer's roster in September.",thegrio.com,2026-08-31,Sports,Brandon Caldwell,https://thegrio.com/2026/08/31/ryan-clark-the-pivot-podcast-netflix/
8 books to add to your reading list before August ends,"Looking for your next read? Here are eight books to add to your reading list, featuring fiction, nonfiction, poetry and more.",thegrio.com,2026-08-31,Featured,Jahaura Michelle,https://thegrio.com/2026/08/31/8-books-to-add-to-your-reading-list-before-august-ends/
Beyoncé’s BeyGOOD pledges $200K to Indiana flood relief after deadly storms,"BeyGOOD Indiana relief gets a $200,000 boost from Beyoncé’s foundation as deadly storms and flooding leave families in Indiana.",thegrio.com,2026-08-31,Featured,Odafe Oghen,https://thegrio.com/2026/08/31/beygood-indiana-relief-beyonce-flooding/
‘My upset had layers’: Lauryn Hill defends ex-partner Rohan Marley from suggestion he did her ‘dirty’ in their relationship,"After influencer Mayowa questioned the effects of Lauryn Hill's relationship with Rohan Marley, the Fugees singer went to bat for her ex.",thegrio.com,2026-08-31,Lifestyle,Brandon Caldwell,https://thegrio.com/2026/08/31/lauryn-hill-rohan-marley-relationship-mayowa/
‘He loved his family more than anything’: Spelhouse love story takes heartbreaking turn after husband’s sudden cancer death at 34,"Christian Davis-Smith died weeks after being diagnosed with Stage 4 renal medullary carcinoma, leaving behind his pregnant wife and son.",thegrio.com,2026-08-31,Lifestyle,Haniyah P.,https://thegrio.com/2026/08/31/he-loved-his-family-more-than-anything-spelhouse-love-story-takes-heartbreaking-turn-after-husbands-sudden-cancer-death-at-34/
A new New York law puts textured hair training in cosmetology schools—are they ready?,A new bill requiring cosmetology schools in New York State to teach how to style textured hair takes effect on Sept. 1.,thegrio.com,2026-08-31,Lifestyle,Kay Wicker,https://thegrio.com/2026/08/31/a-new-new-york-law-puts-textured-hair-training-in-cosmetology-schools-are-they-ready/
"Supreme Court gives Trump a win, but doesn’t rule White House ballroom lawful","The Supreme Court allowed construction of Trump’s White House ballroom to continue, but did not decide whether the project is legal.",thegrio.com,2026-08-31,Politics,Bolarinwa Oladeji,https://thegrio.com/2026/08/31/supreme-court-white-house-ballroom-construction-ruling/
Lionel Richie checks into St. Louis-area ICU for precuationary mesasure following concert,The 77-year-old Grammy Award winner previously postponed two shows earlier this year after complaining of dizziness.,thegrio.com,2026-08-31,Entertainment,Brandon Caldwell,https://thegrio.com/2026/08/31/lionel-richie-health-icu-st-louis/
"As a Mississippi community turns to football, Nolan Wells’ brothers, teammates make sure no one forgets him",There were different tones of tribute for Nolan Wells at his old high school and community college as football returned to Mississippi.,thegrio.com,2026-08-31,News,Brandon Caldwell,https://thegrio.com/2026/08/31/nolan-wells-football-community-mississippi/
Duane ‘Keffe D’ Davis found guilty of orchestrating 1996 murder of Tupac Shakur,"A Las Vegas jury took only three hours to convict Duane ""Keefe D"" Davis of orchestrating the 1996 murder of Tupac Shakur.",thegrio.com,2026-08-31,Entertainment,Brandon Caldwell,https://thegrio.com/2026/08/31/duane-keffe-d-davis-guilty-murder-tupac-shakur/
Here’s How Much Dolly Parton Made From Whitney Houston’s Rendition Of ‘I Will Always Love You’ And Invested Back Into The Community,"It would be hard to consider the legacy of the late Dolly Parton without “I Will Always Love You.” The singer and songwriter, who was born in the Smoky Mountains of Tennessee, wrote the song in 1973, and it was released the following year as the second single from her 13th solo studio album, “Jolene,”… Continue reading Here’s How Much Dolly Parton Made From Whitney Houston’s Rendition Of ‘I Will Always Love You’ And Invested Back Into The Community",afrotech.com,2026-08-31,Business,Samantha Dorisca,https://afrotech.com/dolly-parton-invested-royalties-from-whitney-houstons-i-will-always-love-you
Inside Deion Sanders’ Multi-Million Dollar Former Texas Mansion,"Deion Sanders’ former Texas mansion recently sold, and we’ve got a look at what the legendary home used to look like. Let’s check it out!",theroot.com,2026-08-31,Entertainment,Shanelle Genai,https://www.theroot.com/inside-deion-sanders-multi-million-dollar-former-texas-2000123860
The Bill Headed to Newsom’s Desk That Could Force Corporations to Confess Their Slavery Ties,"If Newsom signs it, California will become the first state to make large companies disclose slavery-era profits in a public database that stays online indefinitely.",theroot.com,2026-08-31,Culture,Phenix S Halley,https://www.theroot.com/the-bill-headed-to-newsoms-desk-that-could-force-corpor-2000123876
Trump Threatens Kristen Welker With FCC ‘Punishment.’ Experts Say He Has No Authority To,"President Trump took to social media Sunday, posting a long message that threatened a major news network over unflattering coverage of his political clout. In doing so, Trump yet again personally insulted a female reporter while also using his authority in an apparent attempt to punish or influence unfavorable stories about his presidency. Trump threatens… Continue reading Trump Threatens Kristen Welker With FCC ‘Punishment.’ Experts Say He Has No Authority To",blavity.com,2026-08-31,Politics,Christopher Rhodes,https://blavity.com/trump-threatens-kristen-welker-with-fcc-punishment
HBCU2026 - Essence,"ESSENCE: THE HOME OF HBCU HOMECOMING There’s nothing quite like HBCU homecoming. From the yard to the stands, the step shows to the tailgates, homecoming is where generations come together to celebrate Black culture, community and legacy. This season, ESSENCE is bringing you inside the traditions, style, music, unforgettable moments…",essence.com,,Hbcu,https://www.facebook.com/essence,https://www.essence.com/hbcu/
HBCU x Essence - Essence,,essence.com,,,https://www.facebook.com/essence,https://www.essence.com/hbcu2024/
Paint the Polls Black - Essence,"Our Voices. Our Power. Our Future. Paint the Polls Black is ESSENCE’s ongoing commitment to keeping Black communities informed and engaged in the political decisions shaping our lives. As the country heads toward the 2026 midterm elections, ESSENCE is following the races, policies and people shaping the political landscape—from Congress…",essence.com,,Paintthepollsblack,https://www.facebook.com/essence,https://www.essence.com/paintthepollsblack/
Education - Essence,Subscribe Now,essence.com,,Education,https://www.facebook.com/essence,https://www.essence.com/education/
History - Essence,Subscribe Now,essence.com,,History,https://www.facebook.com/essence,https://www.essence.com/history/
Opinion - Essence,Subscribe Now,essence.com,,Opinion,https://www.facebook.com/essence,https://www.essence.com/opinion/
Politics - Essence,Subscribe Now,essence.com,,Politics,https://www.facebook.com/essence,https://www.essence.com/politics/
Could An Abortion Have Saved Tierra Walker's Life? Her Family Says Yes And Seeks Justice - Essence,"Loved ones of a Texas woman who died from preeclampsia at 20 weeks pregnant are now suing the state's attorney general, alleging she was denied a life-saving abortion.",essence.com,,News,Bridgette Bartlett Royall,https://www.essence.com/news/could-an-abortion-have-saved-tierra-walkers-life/
Bridgette Bartlett Royall - Essence,,essence.com,,Authors,,https://www.essence.com/authors/bbartlett/
Nolan Wells Update: No Charges Filed In Mississippi Teen's Death - Essence,"A grand jury concluded there was no criminal conduct in the college student’s death, drawing immediate pushback from his heartbroken family, his legal team and the public.",essence.com,,News,Bridgette Bartlett Royall,https://www.essence.com/news/nolan-wells-update-no-charges-filed/
"Trump Claims He's Banning CNN, MS NOW And Politico From The White House Over ‘Fake News’ - Essence","The unprecedented move faces immediate backlash from the public, niche media outlets and major networks as an unconstitutional assault on press freedom and a blatant First Amendment violation.",essence.com,,News,Bridgette Bartlett Royall,https://www.essence.com/news/trump-banning-cnn-ms-now-and-politico-from-white-house/
"Inside CBC 2026: Black Political Power, Protest And The Fight Ahead","At CBC ALC 55, Black lawmakers, activists and cultural leaders confronted questions of political power, accountability and what comes next.",essence.com,,News,Shelby Stewart,https://www.essence.com/news/cbc-2026-black-political-power-recap/
Shelby Stewart - Essence,,essence.com,,Authors,,https://www.essence.com/authors/sstewartessence-com/
Christian Menefee Wants Young Black Voters To Bring Their Culture To Politics,"At CBC, Rep. Christian Menefee discusses Barbara Jordan’s legacy, local elections, Black political power and what’s at stake heading into the 2026 midterms.",essence.com,,News,Shelby Stewart,https://www.essence.com/news/christian-menefee-cbc-black-political-power-2026/
Kendrick Sampson On Using Influence With Purpose At CBC,"Kendrick Sampson joined Jasmine Crockett, Jason Lee, Eric Benét and Yung Joc at CBC to discuss how creators can turn influence into meaningful action.",essence.com,,News,Shelby Stewart,https://www.essence.com/news/kendrick-sampson-platforms-purpose-cbc/
Rep. Al Green Warns Of Crypto Money’s Influence On Black Politics At CBC,Rep. Al Green warns at CBC’s Annual Legislative Conference that millions in crypto political spending are influencing congressional races and Black representation.,essence.com,,News,Shelby Stewart,https://www.essence.com/news/al-green-crypto-money-black-politics-cbc/
Sen. Angela Alsobrooks On What Black Women Need From Washington,"Sen. Angela Alsobrooks speaks with ESSENCE at CBCF’s ALC 55 about Black women voters, political disappointment, generational wealth and demanding more from Washington.",essence.com,,News,Shelby Stewart,https://www.essence.com/news/angela-alsobrooks-cbc-black-women-washington-midterms/
Inflation Is Inflating: How To Protect Your Coins As Prices Rise - Essence,"From high gas prices to rising mortgage rates, it is time to buckle up! We have practical advice from a trusted personal finance guru to help you stretch a dollar when everything costs more.",essence.com,,Money & Career,Bridgette Bartlett Royall,https://www.essence.com/news/inflation-is-inflating-how-to-protect-your-coins/
Twenty-Five Years Later: What 9/11 Taught Me About America As A Black Woman - Essence,"Before serving as a U.S. Ambassador, Rev. Dr. Suzan Johnson Cook was the first female NYPD Chaplain at Ground Zero. In this essay, she reflects on what 9/11 taught America about faith and humanity.",essence.com,,Feature,Bridgette Bartlett Royall,https://www.essence.com/news/twenty-five-years-later-what-9-11-taught-me-about-america/
A Country's Unpaid Debt,"Land, health care, education and the reparations that America still owes",essence.com,,Money & Career,Shelby Stewart,https://www.essence.com/news/a-countrys-unpaid-debt-ss-2026/
"Black Women In The News: Joy Reid On Her Unexpected MSNBC Exit, Brave Big Chop And Bold Next Chapter - Essence","After decades in traditional media, the pioneering journalist is building something entirely her own. Here’s how she’s doing it.",essence.com,,Video,https://www.facebook.com/essence,https://www.essence.com/video/black-women-in-the-news-joy-reid-next-chapter/
WATCH | Aisha Bowe Shares Her Journey From Community College to Rocket Scientist—Now She’s Headed to Space and Set to Make History - Essence,"The former NASA scientist and tech entrepreneur is joining Blue Origin’s first all-female space crew, bringing her Bahamian roots, STEM advocacy, and full glam along for the ride. In this interview, she reveals how she got there.",essence.com,,Video,https://www.facebook.com/essence,https://www.essence.com/video/watch-aisha-bowe-shares-her-journey-from-community-college-to-rocket-scientist-now-shes-headed-to-space-and-set-to-make-history/
"WATCH | 2025: A Year to Redirect, Not Rest – ESSENCE Black Futures Honorees Speak Candidly About Why We Need Collective Action Now More Than Ever - Essence","ESSENCE Black Futures honorees, Dr. Brandon Frame, Tevon Blair, Dr. Topeka Sam and Mayor W. Mondale Robinson discuss the power of community, education and advocacy in the face of political and social challenges, urging us all to stay informed and engaged.",essence.com,,Video,https://www.facebook.com/essence,https://www.essence.com/video/watch-2025-a-year-to-redirect-not-rest-essence-black-futures-honorees-speak-candidly-about-why-we-need-collective-action-now-more-than-ever/
Videos,,essence.com,,Videos,By ESSENCE Editors,https://www.essence.com/videos
- Essence,,essence.com,,Authors,,https://www.essence.com/authors/andrea-bossi/
Lonnie Bunch To Retire As Smithsonian Secretary At End Of 2026,"Lonnie G. Bunch III, founding director of the National Museum of African American History and Culture, will retire as Smithsonian secretary at the end of 2026, leaving behind a historic legacy.",essence.com,,News,Shelby Stewart,https://www.essence.com/news/lonnie-bunch-smithsonian-retirement-nmaahc/
Congressional Black Caucus Foundation Celebrates 50 Years,CBCF celebrates 50 years of developing Black leaders as President Nicole Austin-Hillery looks ahead to #ALC55 and the organization’s future.,essence.com,,Community,Okla Jones,https://www.essence.com/news/politics/cbcf-50th-anniversary-alc/
Okla Jones - Essence,"Okla Jones is the Sr. Entertainment Editor at ESSENCE highlighting television, film, music, and fine art. As a native of New Orleans, he believes that the genre of jazz is the country’s greatest contribution to civilization. In addition to writing, interviewing and moderating, Okla is the current host of the art podcast, The Love Above.",essence.com,,Authors,,https://www.essence.com/authors/okla-jones-editorialessence-com/
Voters Want To Be Informed. Karima Williams Built A Tool To Make It Easier,Karima Williams had no coding experience when she used AI to build an interactive voter guide designed to make local elections more accessible for Prince George’s County residents.,essence.com,,Money & Career,Shelby Stewart,https://www.essence.com/news/politics/karima-williams-ai-voter-guide-prince-georges-county/
Meet The Next Gen 10 - The Civic Leaders Impacting Our Future,Meet the new generation of bold and visionary changemakers who are building on the legacy of the Civil Rights Movement and defining the future of America,essence.com,,News,Shelby Stewart,https://www.essence.com/news/summer-2026-next-gen-10/
MAGA Influencer Laura Loomer Targets Rep. Angie Nixon And Other Black Women In Politics - Essence,The far right political pundit's racially charged attacks on Nixon and others like Justice Ketanji Brown Jackson highlight a contentious strategy targeting Black women ahead of the midterm elections.,essence.com,,News,Bridgette Bartlett Royall,https://www.essence.com/news/laura-loomer-targets-angie-nixon-and-other-black-women/
"Op-Ed: The Party We Built, The Bill Has Come Due",Black voters have delivered the Democratic Party victory after victory. The returns have not been mutual.,essence.com,,Politics,Victoria Uwumarogie,https://www.essence.com/news/politics/black-people-democratic-party/
Kamala Harris' Rise And Black Voters' Power Shift The Dynamics Of The 2024 Presidential Election - Essence,Political commentator and democratic strategist Ameshia Cross shares how Harris’ surge is uniting the Democratic Party and what it means for the 2024 election season.,essence.com,,Video,https://www.facebook.com/essence,https://www.essence.com/video/2024-presidential-election-kamala-harris-rise-black-voters-power/
'No Empire Lasts Forever': Here's What Gives These ESSENCE 'Black Futures Now' Honorees Hope For Our Future - Essence,"Actor/activist Kendrick Sampson, elected officials Charles and Inez Barron, and professor Dr. Charisse Burden-Stelly discuss the promise of a Black, radical future.",essence.com,,Video,https://www.facebook.com/essence,https://www.essence.com/video/black-futures-now-panel-3-2024/
"‘A Lot Of Black People Are Wondering, What Are We Getting For Our Loyalty?’ ESSENCE Black Futures Now Honorees Speak Candidly About The Upcoming Election - Essence",Changemakers Angela Ferrell-Zabala and Mawuli Davis joined ESSENCE for a timely community conversation about the presidential election this Black History Month.,essence.com,,Video,https://www.facebook.com/essence,https://www.essence.com/video/black-history-month-black-futures-now-voter-panel-davis-ferrell-zabala/
From Ida B. Wells to Selma: The Ongoing Fight to Protect the Vote,"From Ida B. Wells to Selma, advocates argue today's attacks on voting rights demand a new Freedom Summer and renewed public action.",essence.com,,Opinion,Shelby Stewart,https://www.essence.com/news/politics/voting-rights-act-supreme-court-south-freedom-summer/
2025 Travel Awards - Essence,,essence.com,,,https://www.facebook.com/essence,https://www.essence.com/2025travelawards/
Travel - Essence,Subscribe Now,essence.com,,Travel,https://www.facebook.com/essence,https://www.essence.com/travel/
What Savannah James And April McDaniel Teach Us About Financial Compatibility In Friendship,"There are eternal debates online about financial compatibility within romantic relationships, but how often do we talk about what that looks like between friends?",essence.com,,Lifestyle,Victoria Uwumarogie,https://www.essence.com/lifestyle/savannah-james-first-class/
- Essence,,essence.com,,Authors,,https://www.essence.com/authors/elizabeth-ayoola/
Jasmine Guy Has A Message For Anyone Commenting On Her Looks,The 64-year-old actress returned as Whitley Gilbert in the Netflix sequel to ‘A Different World' and has faced unfortunate comments about how she's aged.,essence.com,,Lifestyle,Victoria Uwumarogie,https://www.essence.com/lifestyle/jasmine-guy-age/
"Common Adds Winemaker To His Résumé With New Pinot Noir, Jefferey Park","Jefferey Park reflects the rapper’s love of community, good food, music, and creating moments of joy.",essence.com,,Lifestyle,Victoria Uwumarogie,https://www.essence.com/lifestyle/common-wine-brand/
Michelle Williams Returns To College To Study Psychology,Michelle Williams revealed she’s back in college as a sophomore studying psychology at Regent University.,essence.com,,Celebrity,Shelby Stewart,https://www.essence.com/lifestyle/michelle-williams-college-psychology-regent-university/
Inside Ser’Darius Blain’s Top Shelf Vacations And His Approach To Black Group Travel - Essence,Ser’Darius Blain discusses how Top Shelf Vacations is creating convenient group travel experiences for Black travelers through hospitality and community.,essence.com,,Entertainment,Okla Jones,https://www.essence.com/entertainment/top-shelf-vacations-change-black-group-travel/
How We Honor Our Own: The Evolving Art Of The Black Homegoing,"Inside the funeral homes and memorial parks carrying Black tradition, faith, and family forward.",essence.com,,Lifestyle,Victoria Uwumarogie,https://www.essence.com/lifestyle/the-black-homegoing/
- Essence,,essence.com,,Authors,,https://www.essence.com/authors/melissa-noel/
"Riley Burruss Reflects On Nose Job, Says She 'Probably Shouldn't Have Done It That Young'","The 24-year-old opened up to her mom, Kandi Burruss, about why she chose to undergo cosmetic surgery.",essence.com,,Lifestyle,Victoria Uwumarogie,https://www.essence.com/lifestyle/riley-burruss-nose/
Worried About Food Recalls? Here's How To Shop Smarter And Stay Safe,A registered dietitian shares tips on how to navigate healthy eating within the current climate.,essence.com,,Lifestyle,Victoria Uwumarogie,https://www.essence.com/lifestyle/grocery-shopping-food-safety/
The Best Fashion Week Moment Wasn't On The Runway—It Was At A Dinner Table,"Chef Tayo teamed up with Hennessy to serve Nigerian dishes with global flair, giving NYC's tastemakers a reason to connect, on a deeper level, over food.",essence.com,,Lifestyle,Victoria Uwumarogie,https://www.essence.com/lifestyle/ebi-ayo-supper-club/
Victoria Uwumarogie - Essence,,essence.com,,Authors,,https://www.essence.com/authors/vuwumarogieessence-com/
How Aruba Taught This Busy Mom To Slow Down And Trust Life's Process - Essence,"For Self-Care Awareness Month, this sea-loving traveler found another way to enjoy the water through floating, and faced her biggest fear by letting go.",essence.com,,Health & Wellness,Bridgette Bartlett Royall,https://www.essence.com/lifestyle/aruba-taught-this-busy-mom-to-slow-down/
- Essence,,essence.com,,Authors,,https://www.essence.com/authors/cori-murray/
"Malcolm-Jamal Warner's Mother, Pamela, Says She’s Been Cut Off From Granddaughter","In a new court filing, Pamela Warner makes strong claims amid an ongoing conflict with her late son's widow, Tenisha.",essence.com,,Lifestyle,Victoria Uwumarogie,https://www.essence.com/lifestyle/malcolm-jamal-warner-mother/
Tia Mowry Shows How Cooking Together Creates a Safe Space for ToughConversations,Sponsored by Pfizer,essence.com,,Video,https://www.facebook.com/essence,https://www.essence.com/video/tia-mowry-cooking-together/
If Not For My Girls: A Coca-Cola® Holiday Moment With Sisterhood at the Center,"For this special 'If Not For My Girls' with Coca-Cola, the cast comes together for a Friendsmas full of warm memories, cultural flavors, and traditions that feel like home.",essence.com,,Video,https://www.facebook.com/essence,https://www.essence.com/video/a-coca-cola-holiday-moment/
"Family, Faith, and Flavor: Karen Clark-Sheard and Kierra Sheard-Kelly Share Their Holiday Recipe for Grace",Presented by Coca-Cola®,essence.com,,Video,https://www.facebook.com/essence,https://www.essence.com/video/coca-cola-faith-family-flavor/
Meet Sonja Norwood: The Food Content Creator You Need To Follow - Essence,The Houston mom thoughtfully uses her platform to combine historic recipes with current events commentary while building community in a creative--and delicious--way.,essence.com,,Feature,Bridgette Bartlett Royall,https://www.essence.com/lifestyle/sonja-norwood-the-food-content-creator-to-follow/
Iyanla Vanzant Returns To OWN With Two New Specials,Iyanla Vanzant returns to OWN in October with two new specials exploring family conflict and communication between Black men and women.,essence.com,,Entertainment,Okla Jones,https://www.essence.com/entertainment/iyanla-vanzant-returns-to-own/
Zoe Saldaña On Why Joe Is “A Mother At War With Herself” After That Devastating Lioness Season 3 Finale - Essence,"Zoe Saldaña breaks down the Lioness Season 3 finale, Joe’s connection to Season 1 and the personal cost of her dangerous work.",essence.com,,Entertainment,Okla Jones,https://www.essence.com/entertainment/lioness-season-3-finale-zoe-saldana/
Melody Shari Rodgers Pushes For ‘Melody Shari Act’ After Arrest,Melody Shari Rodgers is pushing for proposed Alabama legislation targeting knowingly false police reports after an arrest stemming from allegations by ex-husband Martell Holt.,essence.com,,Entertainment,Shelby Stewart,https://www.essence.com/entertainment/melody-shari-rodgers-arrest-melody-shari-act/
WATCH: ‘Reasonable Doubt’ Season 4 Brings New Trouble To The Stewart Firm [Trailer] - Essence,Reasonable Doubt returns October 6 as Jax’s fate remains uncertain and a new case puts The Stewart Firm under pressure.,essence.com,,Entertainment,Okla Jones,https://www.essence.com/entertainment/watch-reasonable-doubt-season-4-trailer/
"Kwame Onwuachi Shares The Meals He Craves Around The Clock In New Cookbook, ‘All Hours’ - Essence","Kwame Onwuachi shares the comfort foods and personal favorites he actually eats in his new cookbook, All Hours, available now.",essence.com,,Culture,Okla Jones,https://www.essence.com/entertainment/kwame-onwuachi-new-cookbook-all-hours/
"Star Gazing: Congressional Black Caucus Weekend 2026, Beautycon, Cardi B, H.E.R., And More - Essence","Black stars stepped out for CBCF weekend, Beautycon and major events in Los Angeles, Atlanta and New York this week.",essence.com,,Celebrity,Okla Jones,https://www.essence.com/entertainment/star-gazing-cbcf-2026-beautycon/
The Queen Of The Pack: Patra Reflects On Her Journey As She Receives Lifetime Achievement Honor - Essence,Patra reflects on her trailblazing career and return to music as the dancehall icon prepares to receive a Lifetime Achievement Honor.,essence.com,,Culture,Okla Jones,https://www.essence.com/entertainment/patra-reflects-on-career-cma-lifetime-achievement-honor/
Angel Reese Teams With Reese’s And Reebok For New Signature Shoe - Essence,"Angel Reese teams with Reese’s and Reebok for a new REESE’S-inspired colorway of her signature shoe, arriving October 20.",essence.com,,Black Women In Sports,Okla Jones,https://www.essence.com/entertainment/angel-reese-reeses-reebok-signature-shoe/
Beyond The Field: Midge Purce Wants Women Athletes To Get Paid What They’re Worth - Essence,Midge Purce discusses equal pay in women’s sports and why proper compensation reflects how the work of female athletes is valued.,essence.com,,Black Women In Sports,Okla Jones,https://www.essence.com/entertainment/beyond-the-field-midge-purce-equal-pay/
"Best New Music This Week: Anderson .Paak And Cordae Have “A Good Day,” Travis Scott Drops “RHYNO,” Coi Leray, And More - Essence","Anderson .Paak and Cordae link up for “A Good Day,” while Travis Scott, Coi Leray, Offset, Jazlyn Martin and more drop new music.",essence.com,,Entertainment,Okla Jones,https://www.essence.com/entertainment/new-music-anderson-paak-travis-scott-coi-leray/
Mary J. Blige Sets Final Shows For Las Vegas Residency,"Mary J. Blige will close her first Las Vegas residency in February 2027, with 10 shows remaining at Dolby Live at Park MGM.",essence.com,,Entertainment,Okla Jones,https://www.essence.com/entertainment/mary-j-blige-las-vegas-residency-finale/
"With ‘Switches,’ Chanté Adams Gets To Show Audiences A Different Side - Essence","The actress talks body-swapping with Sinqua Walls in the sci-fi comedy, opening up online and what she wants to try next.",essence.com,,Entertainment,Okla Jones,https://www.essence.com/entertainment/scene-stealers-chante-adams-switches/
Nia Long Honored With Star On Hollywood Walk Of Fame: “I Find Love Beyond Measure.” - Essence,Nia Long received her Hollywood Walk of Fame star alongside Snoop Dogg and Graham King as September 16 was declared Nia Long Day.,essence.com,,Celebrity,Okla Jones,https://www.essence.com/entertainment/nia-long-honored-hollywood-walk-of-fame-star/
Lava Thomas Turns Her Family History Into Art With ‘Lineage’ - Essence,Lava Thomas traces her ancestry through monumental portraits inspired by a family photo album she discovered more than a decade ago.,essence.com,,Culture,Okla Jones,https://www.essence.com/entertainment/lava-thomas-lineage-moad/
FIRST LOOK: Samuel L. Jackson Heads To Texas In Paramount+’s ‘Frisco King’ - Essence,"Samuel L. Jackson reprises his Tulsa King role in Frisco King, an eight-episode spinoff following the former hitman to Texas.",essence.com,,Entertainment,Okla Jones,https://www.essence.com/entertainment/first-look-samuel-l-jackson-frisco-king/
"For Black Hollywood, The 2026 Emmys Were A Night Of Almosts - Essence","Octavia Spencer and Ernest Harden Jr. won Creative Arts Emmys, but Black stars were shut out of major wins at the main ceremony.",essence.com,,Entertainment,Okla Jones,https://www.essence.com/entertainment/2026-emmys-awards-black-nominees/
"Taraji P. Henson, Tasha Smith And Sharon Leal On Reuniting In ‘Why Did I Get Married, Again?’ - Essence","Tyler Perry reunites the cast in Italy, where marriage, parenthood and a new generation bring fresh questions for the longtime friends.",essence.com,,Entertainment,Okla Jones,https://www.essence.com/entertainment/taraji-tasha-sharon-why-did-i-get-married-again/
Inside JAŸ-Z’s Star-Studded ‘JAŸ-Z In 8’ Premiere In New York City - Essence,"JAŸ-Z and Rick Rubin celebrated the premiere of HBO’s JAŸ-Z In 8 in New York with SZA, Daniel Kaluuya, Fat Joe and other stars.",essence.com,,Culture,Okla Jones,https://www.essence.com/entertainment/inside-jay-z-in-8-premiere-in-nyc/
"Star Gazing: New York Fashion Week, TIFF 2026, ‘Why Did I Get Married, Again?’ Premiere, Coco Jones, And More - Essence","Coco Jones, Michelle Obama, Taraji P. Henson and other stars stepped out for the US Open, New York Fashion Week and TIFF 2026.",essence.com,,Celebrity,Okla Jones,https://www.essence.com/entertainment/star-gazing-nyfw-tiff-2026/
"Best New Music This Week: Jhené Aiko Returns With ‘Westside Whimsy,’ Victoria Monét Gets “Juicy,” H.E.R., And More - Essence","Jhené Aiko returns with Westside Whimsy, while Victoria Monét, H.E.R., John Legend, Quavo, T.I. and more release new music.",essence.com,,Entertainment,Okla Jones,https://www.essence.com/entertainment/new-music-jhene-aiko-victoria-monet-her/
"Taylor Townsend Is Playing Her Game, Her Way - Essence","Taylor Townsend reflects on her 2026 US Open run, motherhood and finding another level after becoming the world’s top-ranked doubles player.",essence.com,,Black Women In Sports,Okla Jones,https://www.essence.com/entertainment/taylor-townsend-plays-her-game-her-way/
"R&B Rising: SZN4 On ‘I FEAR,’ Finding Their Sound And Life After ‘Building The Band’ - Essence","SZN4 discusses their debut album I FEAR, finding their sound as a collective and building a career beyond Netflix’s Building the Band.",essence.com,,Entertainment,Okla Jones,https://www.essence.com/entertainment/r-and-b-rising-szn4/
Here’s How The Cast Of ‘A Different World’ Got Ready For Coach’s 85th Anniversary Show,Cast members of the highly anticipated sequel show discuss the inspiration behind each of their looks and give an inside look at their getting ready processes.,essence.com,,Beauty,Akili King,https://www.essence.com/entertainment/exclusive-getting-ready-diary-a-different-world-cast-coach-ss27/
WATCH: ‘P-Valley’ Returns To The Pynk For Its Third And Final Season - Essence,"P-Valley returns December 4 for its third and final season as Uncle Clifford, Lil’ Murda and the residents of Chucalissa face new challenges.",essence.com,,Entertainment,Okla Jones,https://www.essence.com/entertainment/p-valley-returns-for-third-and-final-season/
Get Ready With Momo Boyd For Her NYC “Miss Michigan” Tour Stop,"The songstress gives us the inside scoop on what it’s like to prepare for a show during her solo tour, self-care rituals, and much more.",essence.com,,Beauty,Akili King,https://www.essence.com/beauty/get-ready-momo-boyd-miss-michigan-tour-nyc/
Akili King - Essence,,essence.com,,Authors,,https://www.essence.com/authors/akingessence-com/
10 Times Virgil Abloh Changed The Way We See Fashion,"In honor of Virgil Abloh's birthday, we're looking back at the moments that defined his lasting impact on fashion and culture.",essence.com,,Fashion,Mecca Pryor,https://www.essence.com/fashion/10-times-virgil-abloh-changed-fashion/
Mecca Pryor - Essence,,essence.com,,Authors,,https://www.essence.com/authors/mecca-pryor-editorialintessence-com/
Best Luxury Sneakers For Women To Shop In 2026,"From Miu Miu's textural kicks to Gucci's retro runners, the season's most coveted sneakers prove the biggest flex is on your feet.",essence.com,,Fashion,Alexis Bennett Parker,https://www.essence.com/fashion/luxury-sneakers-fall-2026/
Alexis Bennett Parker - Essence,,essence.com,,Authors,,https://www.essence.com/authors/aparkersundialmg-com/
How TTYA Lab Founder Irene Agbontaen Is Rethinking Fashion For Tall Women - Essence,"After gracing the cover of American Vogue in 2015, TTYA is back with TTYA Lab, and a more intentional vision for the future of fashion.",essence.com,,Fashion,Mecca Pryor,https://www.essence.com/fashion/ttya-lab-fashion-for-tall-women/
Rihanna Turned Heads In Paris With This Shimmery Set,The lingerie founder’s sheer bra peeked out of a custom Matières Fécales look on the front row of their spring/summer 2027 show.,essence.com,,Beauty,Akili King,https://www.essence.com/beauty/rihanna-matieres-fecales-pfw-ss27/
- Essence,,essence.com,,Authors,,https://www.essence.com/authors/india-espy-jones/
Maximilian Davis Blends The 1940s And The Present At Ferragamo SS27 - Essence,"Maximilian Davis looked to Lee Miller, 1940s workwear, and the changing role of women to create a Ferragamo collection that felt both rooted in history and decidedly modern.",essence.com,,Fashion,Mecca Pryor,https://www.essence.com/fashion/maximilian-davis-ferragamo-ss27/
Here’s What Black Stars Wore During Milan Fashion Week - Essence,"From Solange to Cardi B, our favorite Black style icons understood the assignment, turning the Milan Fashion Week front row into a fashion show of their own.",essence.com,,Fashion,Mecca Pryor,https://www.essence.com/fashion/black-stars-milan-fashion-week/
Edward Buchanan Opens A New Creative Space For Black Talent In Milan - Essence,"During Milan Fashion Week, Edward Buchanan opens THESITUATION, a hub Black creativity, independence, and community.",essence.com,,Fashion,Mecca Pryor,https://www.essence.com/fashion/edward-buchanan-thesituation/
17 Perfect Outfit Ideas For The Libra Birthday Girl - Essence,These perfectly balanced looks bring just the right amount of main-character energy while still feeling grounded and minimalist.,essence.com,,Fashion,Mecca Pryor,https://www.essence.com/fashion/outfit-ideas-libra-birthday-girl/
These Stars Sat Front Row At Burberry's SS27 Show,"From Jorja Smith and Tems to Cat Burns, here's who was front row at Burberry's Spring/Summer 2027 show.",essence.com,,Beauty,Akili King,https://www.essence.com/beauty/burberry-lfw-ss27-celebrity-front-row/
Are Solange’s Latest Instagram Posts The Mark Of Her Next Music & Style Era?,The singer and entrepreneur has blessed our timelines four days in a row now. Here’s why we’re inspired.,essence.com,,Fashion,Mecca Pryor,https://www.essence.com/fashion/solanges-latest-instagram-posts/
In The Studio: Who Decides War - Essence,"Everard Best met Téla D’Amore on the streets of New York City’s Lower East Side . Years later, the duo would helm a defining fashion brand of the times.",essence.com,,Video,https://www.facebook.com/essence,https://www.essence.com/video/in-the-studio-who-decides-war/
Crafting Iconic Style: Law Roach Unveils His Secrets in New Book - Essence,"In an exclusive conversation, our VP of Content, Nandi Howard, sat down with Roach to dive into his latest project.",essence.com,,Video,https://www.facebook.com/essence,https://www.essence.com/video/law-roach-new-book/
WATCH | Reset Your Wardrobe This Fall With JCPenney® - Essence,"Out with the old, and in with the new! Essies, that is our only motto as we head deeper into the Fall season. The weather is getting colder, so what better time to spice up your wardrobe this Fall season, than now. JCPenney® wants to make your transition into Winter…",essence.com,,Video,https://www.facebook.com/essence,https://www.essence.com/video/jcpenney-reset-wardrobe-fall-season-fashion-house/
The Sweat Edit: The Coziest Sweatsuit Sets To Carry You Into Fall - Essence,It's officially cozy weather season. Here are the essentials you need.,essence.com,,Fashion,Mecca Pryor,https://www.essence.com/fashion/coziest-sweatsuit-sets-fall/
In The Chair With: Delina Medhin,"Celebrity makeup artist Delina Medhin tells all about her favorite makeup looks, tips, and tricks.",essence.com,,Beauty,Akili King,https://www.essence.com/beauty/in-the-chair-with-delina-medhin/
By Us Beauty: The Best Black-Owned Beauty Launches From September 2026,"From new foundation to hair perfume, see all the best Black-owned beauty launches from September.",essence.com,,Beauty,Akili King,https://www.essence.com/hair/by-us-beauty-september-2026/
Hair Loss In Your 30s? It Could Be Early Menopause - Essence,"With Black women more susceptible to premature menopause, hair loss is one symptom that often gets overlooked.",essence.com,,Beauty,https://www.facebook.com/essence,https://www.essence.com/beauty/hair-loss-early-menopause-symptom/
This Oil Is The Most Vitamin-Rich Scalp Treatment I’ve Tried,Here's how this ESSENCE editor is treating her scalp with a concoction of vitamin-rich oils this fall.,essence.com,,Beauty,Akili King,https://www.essence.com/hair/the-empties-edit-iles-formula-vitamin-treatment-oil/
These Products Will Complete Your Beauty Routine This Libra Season,"From facial sculpting tools to scalp-balancing serums, ESSENCE rounds up all of our top beauty recommendations for Libra season.",essence.com,,Beauty,Akili King,https://www.essence.com/hair/libra-season-beauty-recommendations/
Solange Debuts Her First Silk Press For Fall,Solange kicks off fall with a sleek silk press to celebrate the new season.,essence.com,,Beauty,Akili King,https://www.essence.com/hair/solange-fall-silk-press/
The Best Celebrity Style At The 2026 MTV VMAs,"From Teyana Taylor’s feathered robe to a braided silk press on Tyla, here are the best style moments from this year's Video Music Awards red carpet.",essence.com,,Beauty,Akili King,https://www.essence.com/beauty/best-style-mtv-vmas-2026/
The Best Hair Colors For Deeper Skin Tones This Fall,"As the season transitions from platinum blonde to tones with more depth, here are the timeless shades perfect for deeper skin tones.",essence.com,,Beauty,https://www.facebook.com/essence,https://www.essence.com/beauty/fall-hair-colors-deep-skin-tones/
Andrea Lewis Has Learned To See Her Body On Her Own Terms,"After growing up in front of the camera, the actress, producer, and creator is using her experience with PCOS to reconsider beauty, self-knowledge, and what it really means to advocate for yourself.",essence.com,,Beauty,Akili King,https://www.essence.com/beauty/andrea-lewis-pcos-pmos/
Makeup By Chelsea Breaks Down Doechii's PFW Beauty Looks - Essence,"From a ""bruised"" lip at Le Grand Dîner du Louvre to an Erykah Badu-inspired beat at Chloe, the artist explains how she executed all the looks.",essence.com,,Video,https://www.facebook.com/essence,https://www.essence.com/video/doechii-makeup-artist-chelsea-uchenna-profile-video/
'Less Is More' Black-Owned Beauty Products To Try - Essence,"Senior Beauty Editor Akili King discusses her favorite Black-owned beauty finds that reflect our 2025 ""Less Is More"" beauty mantra.",essence.com,,Video,https://www.facebook.com/essence,https://www.essence.com/video/less-is-more-black-owned-beauty-products-to-try-2025/
Beauty School: An Expert Look At Extra Long Nails - Essence,"Sha'Carri Richardson's nail artist Angie Aguirre breaks down the history behind long nails, how to execute a '90s look, and more.",essence.com,,Video,https://www.facebook.com/essence,https://www.essence.com/video/beauty-school-history-extra-long-nails/
- Essence,,essence.com,,Authors,,https://www.essence.com/authors/skylar-mitchell/
Here's What Was Inside The Beautycon 2026 VIP Gift Bags,"From TGIN scalp serum to Aveeno body oil, take a look inside this year’s Beautycon gift bag.",essence.com,,Beauty,Akili King,https://www.essence.com/hair/beautycon-gift-bags-2026/
