title,description,source,date_of_publication,category,author,link
What Really Happened to Lisa Bonet on ‘A Different World?’,"From a late-’80s spin-off of “The Cosby Show’ to her undeniable nod in the new ‘A Different World’ series, here’s how Lisa Bonet’s Hillman story got complicated.",theroot.com,2026-09-30,Entertainment,Shanelle Genai,https://www.theroot.com/what-really-happened-to-lisa-bonet-on-a-different-world-2000128600
We Asked An Expert if County Certification Fights Could Undermine Trust in the 2026 Midterms,"County officials could delay certification of midterm election results, triggering legal battles and fueling distrust after voters have cast their ballots. We asked an expert to break it down for us.",theroot.com,2026-09-30,Politics,Phenix S Halley,https://www.theroot.com/we-asked-an-expert-if-county-certification-fights-could-2000128495
Cardi B’s Flyest Fashion Week Looks of All Time,"As Paris Fashion Week gets underway, let’s get into Cardi B.’s most iconic style slays from over the years!",theroot.com,2026-09-30,Beauty + Style,Shanelle Genai,https://www.theroot.com/cardi-bs-flyest-fashion-week-looks-of-all-time-2000128489
The Story of the Frugal Washerwoman Who Saved a Fortune and Gave It Away to Black Students,"A lifetime over an outdoor wash pot. A hard-earned $150,000. And zero hesitation to give it all back to the next generation. This week marks the 27th anniversary of the passing of Oseola McCarty, whose legacy changed Black students’ lives forever.",theroot.com,2026-09-30,News,Angela Wilson,https://www.theroot.com/the-story-of-the-frugal-washerwoman-who-saved-a-fortune-2000128485
Lindsay Clancy Holdout Juror Gives His Side of the Story,Michael Desronvil speaks publicly for the first time since the jury deadlocked and the trial ended without a verdict.,theroot.com,2026-09-30,Criminal Justice,Phenix S Halley,https://www.theroot.com/lindsay-clancy-holdout-juror-gives-his-side-of-the-stor-2000128481
"After 41 Years Behind Bars, Death Row Inmate Finally Gets a Chance at Freedom","New DNA testing has weakened the case against Douglas Carter, who spent 41 years on death row for a murder he denies committing.",theroot.com,2026-09-30,Crime,Phenix S Halley,https://www.theroot.com/after-41-years-behind-bars-death-row-inmate-finally-ge-2000128437
It Needs to Be Said: Black Men Have to Start Going to the Doctor,Prostate cancer can be hard to spot early. Here’s how to find a doctor and start the conversation.,theroot.com,2026-09-30,Opinion,Lawrence Ware,https://www.theroot.com/it-needs-to-be-said-black-men-have-to-start-going-to-t-2000128467
Angela Bassett Sheds Light on Black Actors’ Struggle to Land Roles After Oscar Recognition,Angela Bassett’s latest comments have us wondering why Oscar recognition doesn’t always translate into more opportunities for Black talent.,theroot.com,2026-09-30,Entertainment,Shanelle Genai,https://www.theroot.com/angela-bassett-sheds-light-on-black-actors-struggle-to-2000128460
"Savannah James Flies First Class While Her Friend Flies Business. Now, the Internet is Divided",Savannah James says she doesn’t feel obligated to pay for her longtime friend’s upgraded seat when they travel together. And the internet has some serious thoughts!,theroot.com,2026-09-30,Entertainment,Shanelle Genai,https://www.theroot.com/savannah-james-flies-first-class-while-her-friend-flies-2000128569
WATCH: How a Performer’s Quick Thinking Saved His MLB National Anthem Solo After His Trumpet Malfunctions,"When the sound cut out mid-anthem, legendary trumpeter Jesse McGuire didn’t miss a beat. What he did next saved the performance—and left the crowd speechless.",theroot.com,2026-09-29,News,Samantha Chery,https://www.theroot.com/watch-how-a-performers-quick-thinking-saved-his-mlb-na-2000128354
Jay-Z and the Historic Price of a False Accusation,"Jay-Z’s accuser has recanted, raising difficult questions about false allegations, racial stereotypes and the lasting consequences for Black men.",theroot.com,2026-09-29,Culture,Phenix S Halley,https://www.theroot.com/jay-z-and-the-historic-price-of-a-false-accusation-2000128198
All About Hillman’s New Heartthrobs in ‘A Different World’ Sequel Series,"The leading men of the new ‘A Different World’ series have folks all over the internet itching to know more. Well, look no further!",theroot.com,2026-09-29,Entertainment,Shanelle Genai,https://www.theroot.com/all-about-hillmans-new-heartthrobs-in-a-different-world-2000128443
The Heartbreaking Last Conversation Jay-Z Had With His Father,The ‘Reasonable Doubt’ rapper is finally getting candid about his relationship with his dad and the last conversation they had before he passed away.,theroot.com,2026-09-29,Entertainment,Shanelle Genai,https://www.theroot.com/the-heartbreaking-last-conversation-jay-z-had-with-his-2000128384
All “A Different World’s” Hillman College Got Right About HBCU Life,"“A Different World” turned Hillman into television, but anyone familiar with HBCUs recognized plenty of truth beneath the sitcom’s antics.",theroot.com,2026-09-29,Culture,Phenix S Halley,https://www.theroot.com/all-a-different-worlds-hillman-college-got-right-abou-2000128306
Why Candace Owens’ Family is Begging Her to ‘Disappear’ Now,"In a public warning, a relative of Candace Owens reportedly urged the conservative podcaster to go dark amid fears for her life.",theroot.com,2026-09-29,News,Angela Wilson,https://www.theroot.com/why-candace-owens-family-is-begging-her-to-disappear-no-2000128312
The Black Portland Neighborhood That Refused to Be Erased,"On a river most Americans couldn’t find on a map, 1803 Fund is building a model for owning and stewarding a prosperous Black Portland, for the next 250 years and beyond.",theroot.com,2026-09-29,Culture,Jeff Johnson,https://www.theroot.com/the-black-portland-neighborhood-that-refused-to-be-eras-2000128322
"Why Black Americans Hate That AI Quavo, Takeoff Trend","The viral Migos, AI trend may look harmless, but it’s raising some very valid concerns and annoying some folks online. Let’s get into it.",theroot.com,2026-09-29,Entertainment,Shanelle Genai,https://www.theroot.com/why-black-americans-hate-that-ai-quavo-takeoff-trend-2000128311
The Quaker Reparations That Helped This Black Philly Family Build Generational Wealth,"A $10,000 grant from a Quaker congregation helped one Black Philadelphia family build homeownership, stability and generational wealth.",theroot.com,2026-09-29,Culture,Phenix S Halley,https://www.theroot.com/the-quaker-reparations-that-helped-this-black-philly-fa-2000126454
Trayon White’s Political Teflon Holds Up—For Now,"After a mistrial in his bribery case, Democrat Trayon White remains in office, facing another trial and questions from his constituents in Washington, D.C.",theroot.com,2026-09-29,News,Phenix S Halley,https://www.theroot.com/trayon-white-s-political-teflon-holds-up-for-now-2000128127
The Best Black Looks at Paris Fashion Week 2026,"From Rihanna to Anok Yai, Paris Fashion Week 2026 got off to a truly glamorous start. Let’s take a look!",theroot.com,2026-09-29,Beauty + Style,Shanelle Genai,https://www.theroot.com/the-best-black-looks-at-paris-fashion-week-2026-2000128272
Why the ‘A Different World’ Reboot Gets Black Queer Representation Right,"Amir is queer, Black and minding his business. Somehow, that’s still controversial.",theroot.com,2026-09-28,Black Excellence,Ty Cole,https://www.theroot.com/why-the-a-different-world-reboot-gets-black-queer-rep-2000128187
Rihanna Finally Shared the Photo of Her Baby Girl We’ve Been Hoping For,"Rihanna gave fans a rare glimpse into daughter Rocki’s first year, after the tiny fashionista’s birthday.",theroot.com,2026-09-28,Culture,Shellie M. Scott,https://www.theroot.com/rihanna-finally-shared-the-photo-of-her-baby-girl-weve-2000128132
Gabourey Sidibe Says a Creepy Ghost Stalked Her After Filming ‘American Horror Story’,Oscar-nominated actress Gabourey Sidibe says she had to call on her Catholic faith after a creepy experience on the ‘American Horror Story’ set. Let’s get into it!,theroot.com,2026-09-28,Entertainment,Shanelle Genai,https://www.theroot.com/gabourey-sidibe-says-a-creepy-ghost-stalked-her-after-f-2000128164
The Untold Story of The Elaine Massacre of 1919,"This week marks the 107th anniversary of the Elaine Massacre of 1919, where white mobs hunted and killed Black sharecroppers who simply wanted fair cotton prices.",theroot.com,2026-09-28,News,Angela Wilson,https://www.theroot.com/the-untold-story-of-the-elaine-massacre-of-1919-2000128154
"Yes, Jasmine Guy Is the Victim of ‘Black Don’t Crack’ but She’s Not Alone",The “Black Don’t Crack” standard has claimed another victim: Jasmine Guy’s latest post is a stark reminder of the double standard Black women face as we age.,theroot.com,2026-09-28,Entertainment,Shanelle Genai,https://www.theroot.com/yes-jasmine-guy-is-the-victim-of-black-dont-crack-but-2000128130
Can’t-Miss NBA Drama: Top 5 Storylines to Watch This Season,"Superteams, revenge games, and legacy tests—the biggest storylines set to dominate the upcoming season.",theroot.com,2026-09-28,Sports,Rashad Grove,https://www.theroot.com/can-t-miss-nba-drama-top-5-storylines-to-watch-this-se-2000128128
Expert: Why Charlotte Could be The Next Black Mecca,Don’t sleep on Charlotte! One local real estate agent is giving you the lowdown on why Charlotte is a thriving city for Black folks.,theroot.com,2026-09-28,Culture,Kyla Croal,https://www.theroot.com/expert-why-charlotte-could-be-the-next-black-mecca-2000127971
Fashion Trainwrecks at the MTV VMAs 2026,"The VMAs brought the stars, but not everyone brought their best fashion game. Let’s take a look!",theroot.com,2026-09-28,Beauty + Style,Shanelle Genai,https://www.theroot.com/fashion-trainwrecks-at-the-mtv-vmas-2026-2000128057
New Report: Black Women’s Wages Tell a Different Story About the Economy,New wage data shows Black women are losing ground even as broader measures suggest progress across the U.S. economy overall.,theroot.com,2026-09-28,Culture,Phenix S Halley,https://www.theroot.com/new-report-black-women-s-wages-tell-a-different-story-2000126251
The High Cost HBCU Homecoming Attendance Is Changing the Tradition,"As HBCU Homecoming ticket prices rise, students are confronting a growing question: Can they still afford to participate in their own tradition?",theroot.com,2026-09-28,Culture,Phenix S Halley,https://www.theroot.com/the-high-cost-hbcu-homecoming-attendance-is-changing-th-2000119318
Fall Superfoods to Add to Your Grocery List For Better Health,"These seasonal superfoods will upgrade your grocery list, satisfy your palate, and support your health just in time for fall.",theroot.com,2026-09-28,Health,Shellie M. Scott,https://www.theroot.com/fall-superfoods-to-add-to-your-grocery-list-for-better-2000128034
How Toni Morrison’s Love For MacKenzie Scott Yielded Billions For HBCUs,"Before giving away billions, Scott was a Princeton writer mentored by Toni Morrison, whose influence remained meaningful throughout her extraordinary life.",theroot.com,2026-09-28,Education,Phenix S Halley,https://www.theroot.com/how-toni-morrisons-love-for-mackenzie-scott-yielded-bil-2000126426
Exclusive: Jodeci’s Reunion Reminds the World Who Built ’90s R&B,"Thirty-five years after Forever My Lady, the iconic group takes the stage to reclaim their status as the architects of modern R&B.",theroot.com,2026-09-27,News,Rashad Grove,https://www.theroot.com/exclusive-jodeci-s-reunion-reminds-the-world-who-built-2000127648
13 Black Adult Animated Shows to Stream Now,"If you thought cartoons were only for kids, you’re wrong. Here are 13 Black adult animations that’ll have you hooked to your TV screen.",theroot.com,2026-09-27,Entertainment,Mahalia Otshudy,https://www.theroot.com/13-black-adult-animated-shows-to-stream-now-2000127831
Why You Might Like The New ‘A Different World’ Series More Than You Think,"Between the references to the OG series and a fresh take on HBCU life, this sequel has plenty to keep viewers coming back!",theroot.com,2026-09-27,Entertainment,Shanelle Genai,https://www.theroot.com/why-you-might-like-the-new-a-different-world-series-mor-2000127898
Surprising Reason Sugar Should Not be Added To Sweet Potatoes,"Sweet potatoes are naturally sweet and packed with nutrients, so maybe it’s time to chill on the sugar this holiday season. Here’s why.",theroot.com,2026-09-27,Culture,Asheea Smith,https://www.theroot.com/surprising-reason-sugar-should-not-be-added-to-sweet-po-2000128000
13 Amazing and Historic Black Towns to Visit This Fall,"Skip the usual fall destinations and discover smaller towns where Black history, culture and community remain part of everyday life.",theroot.com,2026-09-27,Culture,Phenix S Halley,https://www.theroot.com/13-amazing-and-historic-black-towns-to-visit-this-fall-2000127887
Best and Worst Black Fashion at the MTV Video Music Awards Over the Years,"Before this year’s stars serve looks, we’re revisiting the VMAs fashion moments that gave us life—and pause!",theroot.com,2026-09-26,Beauty + Style,Shanelle Genai,https://www.theroot.com/best-and-worst-black-fashion-at-the-mtv-video-music-awa-2000127914
Meet the Historic All-Black Surgery Team at Johns Hopkins,"For the first time in the hospital’s history, an all-Black team took the helm of the flagship trauma service",theroot.com,2026-09-26,News,Rashad Grove,https://www.theroot.com/meet-the-historic-all-black-surgery-team-at-johns-hopki-2000127958
NJ Lt. Gov. Dale Caldwell Quits After Misconduct Probe,Dale Caldwell’s exit comes one day after Gov. Mikie Sherrill called for his resignation over an independent ethics probe.,theroot.com,2026-09-26,News,Rashad Grove,https://www.theroot.com/nj-lt-gov-dale-caldwell-quits-after-misconduct-probe-2000127967
Black Athletes Who Owned the ‘SNL’ Stage,"Swapping jerseys for sketch comedy, these legendary Black athletes delivered some of Studio the best SNL performances.",theroot.com,2026-09-26,News,Rashad Grove,https://www.theroot.com/black-athletes-who-owned-the-snl-stage-2000127678
A Look Inside Muhammad Ali’s Former $17M Mansion in LA,"Before ‘The Greatest’ brings Muhammad Ali’s story to the screen, let’s take a peek inside the Los Angeles mansion the boxing legend once called home.",theroot.com,2026-09-25,Entertainment,Shanelle Genai,https://www.theroot.com/a-look-inside-muhammad-alis-former-17m-mansion-in-la-2000127817
New Court Docs Reveal Deepening Rift Between Chadwick Boseman’s Widow and His Brothers,Tensions between Chadwick Boseman’s widow and his family may have been brewing well before their latest legal spat according to new information.,theroot.com,2026-09-25,Entertainment,Shanelle Genai,https://www.theroot.com/new-court-docs-reveal-deepening-rift-between-chadwick-b-2000127878
‘The Kevin Langue Show’ Drama: How Netflix Split One of YouTube’s Favorite Squads,“The Kevin Langue Show’ is moving to Netflix. But will his social media fans follow him,theroot.com,2026-09-25,Culture,Samantha Chery,https://www.theroot.com/the-kevin-langue-show-drama-how-netflix-split-one-of-y-2000127868
Oprah Reveals the Biggest Mistake She Made Before Launching Her OWN Network,"While Oprah Winfrey may be successful by many standards, that doesn’t mean she didn’t hit a few bumps along the way while getting there. Let’s get into one of her biggest ones!",theroot.com,2026-09-25,Entertainment,Shanelle Genai,https://www.theroot.com/oprah-reveals-the-biggest-mistake-she-made-before-launc-2000127765
"After a 10-Year Nightmare, Crystal Mason is Finally Free From Illegal Voting Charges","After nearly a decade of legal battles, Crystal Mason’s fight over a provisional ballot has finally reached its conclusion.",theroot.com,2026-09-25,Criminal Justice,Phenix S Halley,https://www.theroot.com/after-a-10-year-nightmare-crystal-mason-is-finally-fre-2000127811
"New Details in Nolan Wells Case Emerge, as Autopsy Findings, Cell Phone Data Raise More Questions","After the grand jury ruling, Nolan Wells’ family continues to have questions surrounding his cause of death.",theroot.com,2026-09-25,Criminal Justice,Phenix S Halley,https://www.theroot.com/new-details-in-nolan-wells-case-emerge-as-autopsy-find-2000127804
Why White Women Are Set to Inherit $54 Trillion in the Great Wealth Transfer—and Black America Isn’t,"Through 2048, women will be the biggest recipients of the great wealth transfer which will hand over trillions of inherited cash—but where does Black people fit in?",theroot.com,2026-09-25,News,Angela Wilson,https://www.theroot.com/why-white-women-are-set-to-inherit-54-trillion-in-the-2000127650
The Best Dressed Black Celebrities at Milan Fashion Week,"From Cardi B to Alton Mason, Black stars have been showing up and out for Milan Fashion Week and we can’t get enough of it.",theroot.com,2026-09-25,Beauty + Style,Mahalia Otshudy,https://www.theroot.com/the-best-dressed-black-celebrities-at-milan-fashion-wee-2000127769
The New Rachel Dolezal? Inside Hannah Gann’s Racial Identity Scandal,A Philadelphia activist’s fabricated racial and ethnic identities have reignited questions about representation and the boundaries of solidarity.,theroot.com,2026-09-25,Culture,Phenix S Halley,https://www.theroot.com/the-new-rachel-dolezal-inside-hannah-ganns-racial-iden-2000127824
Ready for a Fall Reset? Here’s How to Refresh Your Self-Care Routine For The Season,"Fall is here, and so is your chance to give your routine a glow-up. Here are practical tips to make room for feeling your best.",theroot.com,2026-09-24,Health,Shellie M. Scott,https://www.theroot.com/ready-for-a-fall-reset-here-s-how-to-refresh-your-self-2000127376
"More Than 50 Years After Its Release, Why School Districts Keep Toni Morrison’s ‘The Bluest Eye’ On Their Book Ban Lists","Cobb County’s removal of Toni Morrison’s debut novel is raising fresh concerns about censorship, parental rights and access to difficult Black stories.",theroot.com,2026-09-24,Culture,Phenix S Halley,https://www.theroot.com/more-than-50-years-after-its-release-why-school-distri-2000127645
Druski Opens Up About Troubling Childhood,Druski is letting his fans and followers in on a heartbreaking tough time in his life and sharing how it led him to be the comedic star he is today.,theroot.com,2026-09-24,Entertainment,Shanelle Genai,https://www.theroot.com/druski-opens-up-about-troubling-childhood-2000127623
Miss Universe Jamaica Breaks Silence Over Traumatic Fall and New Lawsuit,"Almost one year after her heartbreaking fall off the Miss Universe stage, Gabrielle Henry is finally opening up and making new legal moves to rectify the situation.",theroot.com,2026-09-24,Beauty + Style,Shanelle Genai,https://www.theroot.com/miss-universe-jamaica-breaks-silence-over-traumatic-fal-2000127508
Second Arrest Made in Tasia Fortune Hanging Death Investigation as Family Seeks Answers,A second suspect has been arrested in Tasia Fortune’s death as her family continues seeking answers and advocates demand greater scrutiny.,theroot.com,2026-09-24,Crime,Phenix S Halley,https://www.theroot.com/second-arrest-made-in-tasia-fortune-hanging-death-inves-2000127541
13 ‘It’s Probably Nothing’ Symptoms Black People Shouldn’t Ignore,"From trouble urinating to persistent bloating, these symptoms can be linked to serious health conditions that affect Black Americans at higher rates. Here’s what you should know.",theroot.com,2026-09-24,Culture,Asheea Smith,https://www.theroot.com/13-it-s-probably-nothing-symptoms-black-people-shouldn-2000127524
The Rise of The Black Male Caregiver,"When you’re responsible for the generation that raised you and the generation you raised, something has to give. Black men, it shouldn’t be our mental health.",theroot.com,2026-09-24,Opinion,Lawrence Ware,https://www.theroot.com/the-rise-of-the-black-male-caregiver-2000126872
‘Not the Dad I Knew:’ Michael Jackson’s Half-Sister Slams Joe Jackson’s Portrayal in Biopic,"Joh’Vonnie Jackson, the 11th sibling of the famous Jackson family, is airing her issues with how her father was portrayed in the ‘Michael’ biopic.",theroot.com,2026-09-24,Entertainment,Shanelle Genai,https://www.theroot.com/not-the-dad-i-knew-michael-jacksons-half-sister-slams-2000127569
Serving Looks and Stealing the Spotlight: The Best-Dressed WNBA Stars Taking Over the Tunnel,"From tunnel glamour to streetwear swag, these WNBA stars prove the fashion game is just as competitive off the court.",theroot.com,2026-09-24,Beauty + Style,Phenix S Halley,https://www.theroot.com/serving-looks-and-stealing-the-spotlight-the-best-dres-2000127562
These Classic R&B Songs Are Turning 40 in 2026,"From Janet Jackson’s “Control” to Whitney Houston’s “How Will I Know,” we’re celebrating the R&B classics that are turning 40 in 2026.",theroot.com,2026-09-24,Entertainment,B.Kadijat Towolawi,https://www.theroot.com/these-classic-r-b-songs-are-turning-40-in-2026-2000127363
Exclusive: DeSean Jackson Transforms 35 Years of Family Video Into HBCU Success,"In ‘Go Deep: The DeSean Jackson Story,’ the former NFL star reflects on his rise and his most fulfilling role yet – mentoring HBCU talent.",theroot.com,2026-09-24,News,Rashad Grove,https://www.theroot.com/exclusive-desean-jackson-transforms-35-years-of-family-2000127052
The Black Church Enters ‘AI is the Apocalypse’ Debate,"As heads of major AI firms warn that without intervention, AI could risk humanity as a whole, some Christians believe it’s the coming of the Antichrist.",theroot.com,2026-09-24,Culture,Angela Wilson,https://www.theroot.com/the-black-church-enters-ai-is-the-apocalypse-debate-2000127532
"New Netflix Movies, TV Shows You Need to Add to Your Watchlist ASAP","From comedy specials to gripping dramas, Netflix has a hit list of amazing TV shows and films slated to hit the platform. Here are a few we’re eyeing!",theroot.com,2026-09-24,Entertainment,Shanelle Genai,https://www.theroot.com/new-netflix-movies-tv-shows-you-need-to-add-to-your-wa-2000127662
Opinion: Trump’s Press Ban Feels Familiar to Black Journalists,"Though Trump’s press ban isn’t directly targeting Black journalists, no better group understands what it takes to fight to inform our communities regardless of the barriers placed in our way.",theroot.com,2026-09-23,Opinion,Phil Lewis,https://www.theroot.com/opinion-trump-s-press-ban-feels-familiar-to-black-jour-2000127316
"For the First Time in 200 Years, a Black Descendant of Thomas Jefferson is Laid to Rest at Monticello","Jefferson’s Black descendants have long carried their own family history. Now, Cedric Jessup’s grave makes that history visible at Monticello.",theroot.com,2026-09-23,Culture,Phenix S Halley,https://www.theroot.com/for-the-first-time-in-200-years-a-black-descendant-of-2000127315
"Polls: Betrayed by Trump, Latino Voters Are Ready To Hand Republicans the Ultimate Payback","Economic pressure and immigration enforcement are pushing some Hispanic voters to reconsider Trump, potentially reshaping competitive races across the 2026 midterms.",theroot.com,2026-09-23,Culture,Phenix S Halley,https://www.theroot.com/polls-betrayed-by-trump-latino-voters-are-ready-to-ha-2000127425
"Black Parents Don’t Have to Choose Between Their Children’s Potential and Their Well-Being, Here’s How to Build What Few Schools Offer","Judge the Joker as good or bad and you miss him; judge a school that way, and you miss your child. Nikole Hannah-Jones stopped judging and started reckoning.",theroot.com,2026-09-23,Opinion,Dr. Shauna D.A. Knox,https://www.theroot.com/black-parents-dont-have-to-choose-between-their-childre-2000127373
"Instead of Receiving Treatment for an ACL Injury, This HBCU Basketball Player is in ICE Custody","Aminata Seck was traveling with her Kentucky State teammates when ICE detained her, leaving the injured senior separated from her team.",theroot.com,2026-09-23,Culture,Phenix S Halley,https://www.theroot.com/instead-of-receiving-treatment-for-an-acl-injury-this-2000127333
Nolan Wells’ Mother Calls Out the Adultification of Black Children,"Christine Wonsley is challenging the language surrounding her son’s death, raising questions about the adultification of young Black people.",theroot.com,2026-09-23,Culture,Phenix S Halley,https://www.theroot.com/nolan-wells-mother-calls-out-the-adultification-of-blac-2000127389
"After a New Deal With Starbucks Founder Howard Schultz, Ryan Clark is Building a Media Empire","Following his departure from ESPN, Clark secures backing from Howard Schultz, former Starbucks CEO, to transform Pivot25 Productions into a media powerhouse.",theroot.com,2026-09-23,News,Rashad Grove,https://www.theroot.com/after-a-new-deal-with-starbucks-founder-howard-schultz-2000127406
Dolly Parton’s Nephew is at the Center of a Messy Legal Battle Over Her Legacy,"As Dolly Parton’s fans continue to grieve her death, her family is now embroiled in a messy new legal battle.",theroot.com,2026-09-23,Entertainment,Shanelle Genai,https://www.theroot.com/dolly-partons-nephew-is-at-the-center-of-a-messy-legal-2000127427
Young Bosses Share These Hard Truths on Why Gen Z Keeps Getting Fired — And How to Fix It,"The iced coffee debate has sparked bigger questions about Gen Z at work, and experts are breaking down the workplace habits young employees need to know.",theroot.com,2026-09-23,Culture,Asheea Smith,https://www.theroot.com/young-bosses-share-these-hard-truths-on-why-gen-z-keeps-2000127396
Tyra Banks vs. Netflix: New Filing Claims 16-Minute Edit Omitted Accountable Moments in Docuseries,Tyra Banks’ team continues to say there’s more to the story than what made it into the Netflix series. And this new filing just might prove their point!,theroot.com,2026-09-23,Entertainment,Shanelle Genai,https://www.theroot.com/tyra-banks-vs-netflix-new-filing-claims-16-minute-edi-2000127462
Unapologetically Fly: Black ’90s TV Stars Whose Style We Love,"Before Instagram mood boards and TikTok trends, these Black television characters gave us the outfits, hair and attitude that shaped how we dressed with a few unforgettable 2000s fashion girls getting their flowers, too.",theroot.com,2026-09-23,Beauty,Ty Cole,https://www.theroot.com/unapologetically-fly-black-90s-tv-stars-whose-style-we-2000127192
Jon Ossoff’s ‘Obama Swagger’ Has TikTok in a Chokehold,Sen. Jon Ossoff has TikTok users obsessed thanks to an undeniable swagger that has voters comparing him to Barack Obama.,theroot.com,2026-09-23,News,Mahalia Otshudy,https://www.theroot.com/jon-ossoffs-obama-swagger-has-tiktok-in-a-chokehold-2000127323
13 Things You Must Know Before Watching ‘A Different World’ Sequel Series,"Before you head back to Hillman for the ‘A Different World’ sequel series, consider this your syllabus of everything you need to know!",theroot.com,2026-09-23,News,Shanelle Genai,https://www.theroot.com/13-things-you-must-know-before-watching-a-different-wor-2000127347
5 Things We Need to See in the Upcoming New Season of ‘Reasonable Doubt’,"On October 6, ‘Reasonable Doubt’ makes its long-awaited return. Here’s a few things we need to see get addressed when it hits our screens!",theroot.com,2026-09-23,Entertainment,Shanelle Genai,https://www.theroot.com/5-things-we-need-to-see-in-the-upcoming-new-season-of-r-2000127307
"A Decade After His Passing, Could One of These Black Artists Be The Next Prince?",Prince’s passing left a void in the music world that no single artist can fill. But several modern acts are making a case as the icon’s successor.,theroot.com,2026-09-22,Entertainment,Mahalia Otshudy,https://www.theroot.com/a-decade-after-his-passing-could-one-of-these-black-ar-2000127104
The Best Dressed Black Celebrities at London Fashion Week,London Fashion Week kicked off with Black stars across the pond showing up in their best outfits. Here are the top fashion moments we’ve seen so far.,theroot.com,2026-09-22,Beauty + Style,Mahalia Otshudy,https://www.theroot.com/the-best-dressed-black-celebrities-at-london-fashion-we-2000127058
13 Classic ‘A Different World’ Episodes to Watch Before You Dive Into the Reboot,"Before a new generation takes over Hillman, we’re revisiting the episodes that made “A Different World” essential viewing.",theroot.com,2026-09-22,Black Joy,Ty Cole,https://www.theroot.com/13-classic-a-different-world-episodes-to-watch-before-2000127091
The Latest Twist in the McKenna West Surrogacy Battle: Texas Court Clears Baby for California Transfer,"The latest court ruling allows baby Rumi to travel to California for medical care, but leaves the bitter custody dispute between his parents and surrogate unresolved.",theroot.com,2026-09-22,Black Maternal Healthcare,Phenix S Halley,https://www.theroot.com/the-latest-twist-in-the-mckenna-west-surrogacy-battle-2000127073
Your Ancestors May Be in This Archive: Millions of Enslavement Records Now Searchable,Former Enslavement registers now gives descendants of the African diaspora access to millions of enslaved ancestors’ records.,theroot.com,2026-09-22,Culture,Angela Wilson,https://www.theroot.com/your-ancestors-may-be-in-this-archive-millions-of-ensl-2000127094
Hanging Death of Black Man in Maryland Serves as a Reminder of a Painful Past,"A Black man’s death in Prince George’s County is prompting grief, painful historical reflection and calls for compassion.",theroot.com,2026-09-22,News,Phenix S Halley,https://www.theroot.com/hanging-death-of-black-man-in-maryland-serves-as-a-remi-2000127120
"After 30 Years, The View’s’ Most Controversial Moments","As ‘The View’ kicks off its 30th celebration, let’s look back at some of the most talked about moments over three decades!",theroot.com,2026-09-22,Entertainment,Shanelle Genai,https://www.theroot.com/after-30-years-the-views-most-controversial-moments-2000127099
Expert Breaks Down Trump’s Obamacare Fraud Crackdown—and Who Could Get Caught Up in It,"Brad Woodhouse, president of Protect Our Care, says Trump is exaggerating the scope of fraud in Obamacare to justify health-care cuts.",theroot.com,2026-09-22,Culture,Phenix S Halley,https://www.theroot.com/expert-breaks-down-trump-s-obamacare-fraud-crackdown-an-2000127178
Opinion: We Don’t Have to Choose Between Racial Justice and Academic Excellence,"Block by block, some schools are diverse-by-design, and others are intentionally investing in the underserved. We don’t have to make tradeoffs between racial justice values and academic results anymore.",theroot.com,2026-09-22,Opinion,Leslie-Bernard Joseph,https://www.theroot.com/opinion-we-dont-have-to-choose-between-racial-justice-2000127258
"You’ve Seen the Paintings, But Do You Know The Stories Behind These Iconic Works By Black Artists?","From “The Sugar Shack” by Ernie Barnes to Annie Lee’s “Blue Monday,” do you know the stories behind these iconic Black American paintings?",theroot.com,2026-09-22,Culture,Angela Wilson,https://www.theroot.com/youve-seen-the-paintings-but-do-you-know-the-stories-b-2000127143
What Black Americans Need to Know About Brain Aneurysm Risks,"Black Americans face twice the risk of a brain aneurysm rupture, but recognizing the warning signs early and advocating for proper scans can save lives.",theroot.com,2026-09-22,Health,Shellie M. Scott,https://www.theroot.com/what-black-americans-need-to-know-about-brain-aneurysm-2000127272
From “The Color Purple” to “Selma”: Ranking Oprah’s Best Acting Performances,"In honor of the 40th anniversary of her groundbreaking talk show, we’re taking a look at Oprah Winfrey’s best acting and producing work!",theroot.com,2026-09-22,Entertainment,Shanelle Genai,https://www.theroot.com/from-the-color-purple-to-selma-ranking-oprahs-best-2000127238
A Grieving Family is Left Without Answers or Ashes After a Funeral Home Mix-Up,A Detroit family’s grieving process has been complicated after an alleged error at the funeral home.,theroot.com,2026-09-22,Crime,Shanelle Genai,https://www.theroot.com/a-grieving-family-is-left-without-answers-or-ashes-afte-2000127048
"You May Not Be Familiar With the Term ‘CDFI,’ But Black Communities Will Feel the Impact if $289 Million in Investment Disappears",Many Black entrepreneurs have the talent and ideas but lack access to capital. CDFI’s are one part of the infrastructure designed to address that reality.,theroot.com,2026-09-22,Opinion,Alphonso David,https://www.theroot.com/you-may-not-be-familiar-with-the-term-cdfi-but-black-c-2000127303
Unanswered Questions Surrounding New Nolan Wells Grand Jury Decision,"For Nolan Wells’ family, a grand jury’s latest decision may offer a legal conclusion, but it does not resolve lingering questions on how he died.",theroot.com,2026-09-22,Culture,Phenix S Halley,https://www.theroot.com/unanswered-questions-surrounding-new-nolan-wells-grand-2000127056
Kirk Franklin Responds to Criticism for Praying With Chris Brown: Why the Backlash is Hypocritical,Gospel legend Kirk Franklin is finally responding to the online backlash he received for praying over Chris Brown and Usher. Here’s why he should’ve never gotten it in the first place.,theroot.com,2026-09-21,Entertainment,Shanelle Genai,https://www.theroot.com/kirk-franklin-responds-to-criticism-for-praying-with-ch-2000127023
Ayo Edebiri Recalls Hilarious Dating Failure With a Married Man in Her Early 20s,Even celebrities like Ayo Edebiri aren’t immune to having some serious dating duds. You’ve got to hear her story!,theroot.com,2026-09-21,Entertainment,Shanelle Genai,https://www.theroot.com/ayo-edebiri-recalls-hilarious-dating-failure-with-a-mar-2000126755
13 Trailblazing Black Americans Who Helped Shape the Labor Movement,"From railroad porters and domestic workers to union leaders and civil rights activists, these Black Americans helped push the fight for workplace dignity and economic justice forward.",theroot.com,2026-09-21,America. In Black.,Asheea Smith,https://www.theroot.com/13-trailblazing-black-americans-who-helped-shape-the-la-2000124689
How Benedict College Started a Surge in Black Male Enrollment,"For the second consecutive year, Benedict College has enrolled a majority-male incoming class, even as colleges across the country struggle to keep Black men engaged.",theroot.com,2026-09-21,Culture,Phenix S Halley,https://www.theroot.com/how-benedict-college-started-a-surge-in-black-male-enro-2000126885
Black Hollywood Showed Out on the Lucas Museum Red Carpet,From Michael B. Jordan and Queen Latifah to Oprah and Pharrell Williams—the new Lucas Museum of Narrative Art was a truly star-studded affair. Let’s take a look!,theroot.com,2026-09-21,Entertainment,Shanelle Genai,https://www.theroot.com/black-hollywood-showed-out-on-the-lucas-museum-red-car-2000126928
"Converse Pulls Sneaker Ad Accused of Invoking Racist Imagery, But Critics Say They Should Know Better",Converse has issued an apology after releasing an ad campaign that social media users accused of featuring racist imagery invoking the Ku Klux Klan.,theroot.com,2026-09-21,News,Mahalia Otshudy,https://www.theroot.com/converse-pulls-sneaker-ad-accused-of-invoking-racist-im-2000126886
We’ve Only Seen Them in Photos—Now a New Doc Brings Harlem Renaissance Icons to Life,"An upcoming documentary gives viewers an intimate, unforgettable seat at a 1972 gathering of Harlem Renaissance legends.",theroot.com,2026-09-21,Entertainment,Shanelle Genai,https://www.theroot.com/we-ve-only-seen-them-in-photos-now-a-new-doc-brings-har-2000126879
Thomas Jefferson’s DNA Finally Confirms What Black People Already Knew,"After generations of debate, new DNA research supports the story Sally Hemings’ descendants have long carried through their family.",theroot.com,2026-09-21,Culture,Phenix S Halley,https://www.theroot.com/thomas-jefferson-s-dna-finally-confirms-what-black-peop-2000126876
Top Experts: AI Is Ushering In the End of Days,"Is it really the end for mankind? Top AI experts reveal why an AI apocalypse is no longer and if, but when, and how it could occur by 2036.",theroot.com,2026-09-21,News,Angela Wilson,https://www.theroot.com/top-experts-ai-is-ushering-in-the-end-of-days-2000126877
Sister Betsy Jean Farrakhan and Other Black Stars We Lost in 2026,We are honoring all of the Black stars who left us in 2026.,theroot.com,2026-09-21,Entertainment,The Root Staff,https://www.theroot.com/sister-betsy-jean-farrakhan-and-other-black-stars-we-lo-2000083991
Black Celebrities Who Stand in Solidarity With Palestine,"From open letters to public demonstrations, these Black artists, actors, and cultural figures are using their platforms to demand justice for Palestinians.",theroot.com,2026-09-21,News,Rashad Grove,https://www.theroot.com/black-celebrities-who-stand-in-solidarity-with-palestin-2000126864
Here’s All the HBCU Fashion Inspo You Need This Homecoming,These homecoming looks offer plenty of inspiration for showing school pride in style this season.,theroot.com,2026-09-21,Culture,Phenix S Halley,https://www.theroot.com/heres-all-the-hbcu-fashion-inspo-you-need-this-homecomi-2000126906
How Bobb’e Thompson Went From Child Star to Federal Prison,"From “That’s So Raven” and “30 Rock” to federal prison, Bobb’e J. Thompson’s latest conviction caps a years-long series of legal troubles.",theroot.com,2026-09-20,Criminal Justice,Phenix S Halley,https://www.theroot.com/how-bobb-e-thompson-went-from-child-star-to-federal-pri-2000126753
Inside ‘JAŸ-Z in 8’: 5 Can’t-Miss Moments From The Docuseries,"Inside the studio secrets, cultural milestones, and rare footage that make Hov’s new HBO docuseries an immediate classic.",theroot.com,2026-09-20,News,Rashad Grove,https://www.theroot.com/inside-ja-z-in-8-5-cant-miss-moments-from-the-docuser-2000126698
"5 Times Baltimore Mayor Brandon Scott Clapped Back at Reporters, Trump and His Critics",Baltimore Mayor Brandon Scott continues to prove that he’s never afraid to defend his city– or his personal reputation.,theroot.com,2026-09-20,Culture,Phenix S Halley,https://www.theroot.com/5-times-baltimore-mayor-brandon-scott-clapped-back-at-r-2000126735
Professor: Stop Sending HBCU Football Teams to Get Slaughtered for a Check,The money is real. So are the beatdowns. A professor breaks down why HBCUs need to rethink these FBS “money games.”,theroot.com,2026-09-19,Opinion,Lawrence Ware,https://www.theroot.com/professor-stop-sending-hbcu-football-teams-to-get-slau-2000126689
Exclusive: Planned Parenthood’s CEO Explains What’s At Stake For Black Maternal Health in the Midterms,The Root spoke with Planned Parenthood President Alexis McGill Johnson who detailed the devastating impact Trump’s One Big Beautiful Bill has on basic care and potentially life-saving screenings.,theroot.com,2026-09-19,Black Maternal Healthcare,Amber Ferguson,https://www.theroot.com/exclusive-planned-parenthoods-ceo-explains-whats-at-st-2000126741
TIFF 2026: The Movies We Can’t Wait to See,"From Mahershala Ali to Aaron Pierre, these Black stars are leading the 2026 Toronto International Film Festival with movies worth watching.",theroot.com,2026-09-19,Entertainment,B.Kadijat Towolawi,https://www.theroot.com/tiff-2026-the-movies-we-cant-wait-to-see-2000126498
Where Are the 8 Black Women Who Paved the Way on ‘SNL’ Today?,"As Saidah Belo-Osagie joins the “Saturday Night Live” cast, see where the eight Black female cast members who came before her are today.",theroot.com,2026-09-19,Entertainment,Mahalia Otshudy,https://www.theroot.com/where-are-the-8-black-women-who-paved-the-way-on-snl-to-2000126594
She Says Nike Threatened Her Pay While Pregnant—Now This Black Olympian is Fighting for Athlete Maternity Rights,"After losing her health insurance while pregnant, Alysia Montaño is ramping up her efforts to help athlete moms receive the support they need with an all new collective.",theroot.com,2026-09-19,Culture,Shanelle Genai,https://www.theroot.com/she-says-nike-threatened-her-pay-while-pregnant-now-thi-2000126761
"Exclusive: Real Hip-Hop Network Is Back. This Time, It’s About Who Owns the Culture","After two decades, the real Hip-Hop Network is making a comeback, and CEO Atonn Muhammad and media veteran Gary Bernstein explain exactly why the culture needs it now.",theroot.com,2026-09-18,Culture,Phenix S Halley,https://www.theroot.com/exclusive-real-hip-hop-network-is-back-this-time-it-2000126516
National Black Voter Day: What Black Voters Need to Know Before the Midterms,"Redistricting, mail-in voting changes and federal law enforcement efforts are some of the top election issues Black voters should watch before November.",theroot.com,2026-09-18,Culture,Phenix S Halley,https://www.theroot.com/national-black-voter-day-what-black-voters-need-to-kno-2000126584
Black Creators Shine in TikTok’s ‘Outside My Work Clothes’ Trend,Alicia Keys’ 2003 hit is seeing a resurgence on TikTok. Let’s take a look at the trend.,theroot.com,2026-09-18,Entertainment,Shanelle Genai,https://www.theroot.com/black-creators-shine-in-tiktoks-outside-my-work-clothes-2000126576
The Fed Just Raised Interest Rates: Here’s What It Means for Your Wallet,"In the first interest rate hike since summer 2023, borrowing for homes just got more expensive; however, savers are finally getting a boost.",theroot.com,2026-09-18,Culture,Angela Wilson,https://www.theroot.com/the-fed-just-raised-interest-rates-here-s-what-it-mean-2000126595
You’ll Never Guess What Lenny Kravitz and LeBron James Now Have In Common,Rockstar Lenny Kravitz has now joined NBA superstar LeBron James in receiving a truly rare honor. And you’ll never believe what it is. Let’s get into it!,theroot.com,2026-09-18,Entertainment,Shanelle Genai,https://www.theroot.com/youll-never-guess-what-lenny-kravitz-and-lebron-james-n-2000126633
New York’s ‘Furniture Queen’ is Keeping Tons of Goods Out of Landfills—and Giving Them to People in Need,"What business throw away is exactly what Regina Carter is looking for, as she drops off discarded furniture to public housing residents across New York, for free.",theroot.com,2026-09-18,Culture,Angela Wilson,https://www.theroot.com/new-yorks-furniture-queen-is-keeping-tons-of-goods-out-2000126645
"As Democrats Rise in the Polls, Black Voters Ask What’s in It for Them","New polls suggest the Democrats are making massive gains ahead of the midterms. But for Black voters, polls might not be enough to secure their loyalty.",theroot.com,2026-09-18,News,Phenix S Halley,https://www.theroot.com/as-democrats-rise-in-the-polls-black-voters-ask-what-s-2000126669
Porsha Williams Reveals Details of Her Painful Fibroid Journey,‘Real Housewives of Atlanta’ star Porsha Williams is sharing her deeply personal journey with fibroids and the emergency surgery she underwent because of them.,theroot.com,2026-09-18,Culture,Shanelle Genai,https://www.theroot.com/porsha-williams-reveals-details-of-her-painful-fibroid-2000126658
Trump Announces New Visa Restrictions on South African Officials Over ‘White Genocide’ Claims,"The Trump administration is expanding its pressure on South Africa, citing alleged racial discrimination and claims of violence against white Afrikaners.",theroot.com,2026-09-18,News,Phenix S Halley,https://www.theroot.com/trump-announces-new-visa-restrictions-on-south-african-2000126711
"The Best Jennifer Hudson Show ‘Spirit Tunnel’ Walks: Tyler Perry, Law Roach and More","Tyler Perry, Law Roach, Zendaya and more have given us unforgettable spirit tunnel moments from ‘The Jennifer Hudson Show.’ Let’s take a look at some of the best ones!",theroot.com,2026-09-18,Entertainment,Noah A. McGee,https://www.theroot.com/aaron-pierres-spirit-tunnel-walk-on-the-jennifer-hudson-1851736938
"Who is Michael Desronvil, the Juror at the Center of the Lindsay Clancy Mistrial?",Michael P. Desronvil explains why he stood alone during deliberations and defended his decision after the Lindsay Clancy trial ended.,theroot.com,2026-09-18,Criminal Justice,Phenix S Halley,https://www.theroot.com/who-is-michael-desronvil-the-juror-at-the-center-of-th-2000126593
Opinion: Chris Brown’s Response to Congressional Honor Backlash Proves Silence is Golden,"I’m not going to pretend his record is clean, because it isn’t. But how a man carries a public reckoning he didn’t start is its own kind of information.",theroot.com,2026-09-17,Opinion,Melik Abdul,https://www.theroot.com/opinion-chris-brown-s-response-to-congressional-honor-2000126393
177 Years After Her Escape: The Truth About Harriet Tubman You Were Never Taught,"Harriet Tubman escaped slavery on Sept. 17. If you think you know her story, these four untold facts prove just how incredible she was.",theroot.com,2026-09-17,News,Angela Wilson,https://www.theroot.com/177-years-after-her-escape-the-truth-about-harriet-tub-2000126428
Colin Kaepernick Says He’s Still Better Than a ‘Good Amount’ of Current NFL Quarterbacks,"Unfiltered on his NFL comeback, the former 49ers star claims his game easily stacks up against current starting talent.",theroot.com,2026-09-17,News,Rashad Grove,https://www.theroot.com/colin-kaepernick-says-hes-still-better-than-a-good-amou-2000126422
"Danielle Brooks Talks About Being Shut Out of the Met Gala, Despite Being an EGOT Nominee","Danielle Brooks is opening up about being overlooked by the fashion industry and passed over for one its most glamorous occasions, the Met Gala.",theroot.com,2026-09-17,Beauty + Style,Shanelle Genai,https://www.theroot.com/danielle-brooks-talks-about-being-shut-out-of-the-met-g-2000126505
Family Lawsuit Blames Texas Abortion Restrictions for Mother’s Tragic Death,"A Texas family’s lawsuit argues abortion restrictions delayed lifesaving pregnancy care, raising questions about medical judgment, maternal health and accountability.",theroot.com,2026-09-17,Black Maternal Healthcare,Phenix S Halley,https://www.theroot.com/family-lawsuit-blames-texas-abortion-restrictions-for-m-2000126415
Divine Nine Sorors Now Have Their Own App and It’s Being Called the ‘2026 Green Book’,"Hey, Soror makes it easier for Black women to find and support each other, at home and abroad.",theroot.com,2026-09-17,News,Samantha Chery,https://www.theroot.com/divine-nine-sorors-now-have-their-own-app-and-its-being-2000126410
Winnie Harlow’s Former L.A. Home Is for Sale. The cost? … $4.5M,"Take a room-by-room look at the glam room, the cover wall and the cloud-like primary suite Harlow left behind in the San Fernando Valley, now listed at $4.5 million.",theroot.com,2026-09-17,Beauty + Style,Shanelle Genai,https://www.theroot.com/winnie-harlows-former-l-a-home-is-for-sale-the-cost-2000126447
Fact Check: Crime in Memphis Was Falling Way Before Trump’s Task Force Showed Up,"President Trump claims his task force is responsible for historically low crime in Memphis, but the data tells a much different story.",theroot.com,2026-09-17,Crime,Phenix S Halley,https://www.theroot.com/fact-check-crime-in-memphis-was-falling-way-before-tru-2000126493
Exclusive: Karl Kani Returns to the Runway for the Emerge! 15th Anniversary Celebration,Inside the NYFW event that bridged the gap between ’90s hip-hop nostalgia and modern runway elegance.,theroot.com,2026-09-17,Fashion,Rashad Grove,https://www.theroot.com/exclusive-karl-kani-returns-to-the-runway-for-the-emer-2000126522
Watering Hole Media & The Root Present The Kickback: Live in Atlanta,"No Filters, No Edits: The Kickback brings “Tap In” and “Wait a Minute” to ATL for a live taping and one unforgettable night.",theroot.com,2026-09-17,Culture,The Root Staff,https://www.theroot.com/watering-hole-media-the-root-present-the-kickback-li-2000126535
Mary Cosby Finally Explains Why She Went Back to Filming So Soon After Losing Her Son,"Bravo told the “Real Housewives of Salt Lake City” star she could take a full season off after Robert Cosby Jr. died at 23. In a new interview, she explains why she said no.",theroot.com,2026-09-17,Entertainment,Shanelle Genai,https://www.theroot.com/mary-cosby-finally-explains-why-she-went-back-to-filmin-2000126402
New Research Links More Bank of England Directors to Slave Trade,New research by British historians reveals more links between the transatlantic slave trade and the Bank of England.,theroot.com,2026-09-16,News,Mahalia Otshudy,https://www.theroot.com/new-research-links-more-bank-of-england-directors-to-sl-2000126240
The Most Shocking Takeaways From Singer Darlene Love’s New Documentary,Legendary singer Darlene Love’s life and career take center stage in a new documentary. Here are some of the most surprising things we learned so far!,theroot.com,2026-09-16,Entertainment,Shanelle Genai,https://www.theroot.com/the-most-shocking-takeaways-from-singer-darlene-loves-n-2000126188
Law Roach Says Bob Mackie Should Be the Next Met Gala Theme. Here Are a Few Looks We Need to See,Stylist Law Roach has the perfect way to honor designer Bob Mackie’s impact on fashion. Here are some looks we’d like to see if his vision comes true!,theroot.com,2026-09-16,Beauty + Style,Shanelle Genai,https://www.theroot.com/law-roach-says-bob-mackie-should-be-the-next-met-gala-t-2000126226
Expert: What Black Patients Need to Know About Hair Transplant Tourism,"A full head of hair can restore confidence, but Black American patients should understand their unique risks before booking the procedure abroad.",theroot.com,2026-09-16,Health,Shellie M. Scott,https://www.theroot.com/expert-what-black-patients-need-to-know-about-hair-tra-2000126231
"The Wayans Are Comedy Legends, Now Damon Jr. Thinks They Could Become Even Bigger",Damon Wayans Jr. is pitching a new way for his famous family to expand their entertainment empire. And it might actually work. Let’s get into it!,theroot.com,2026-09-16,Entertainment,Shanelle Genai,https://www.theroot.com/the-wayans-are-comedy-legends-now-damon-jr-thinks-the-2000126342
Tisha Campbell Reveals Her Own Autism and ADHD Diagnosis: ‘I Have AuDHD’,The “Martin” star got her answer only after finishing a memoir about raising her autistic son and says she finally knows herself.,theroot.com,2026-09-16,Culture,B.Kadijat Towolawi,https://www.theroot.com/tisha-campbell-reveals-her-own-autism-and-adhd-diagnosi-2000126298
Developer Indicted After HBCU Paid Millions for a Field That Was Never Built,A Florida developer was just indicted for allegedly stealing millions from Allen University—money meant for a new HBCU football stadium—to fund a lavish lifestyle.,theroot.com,2026-09-16,Crime,Angela Wilson,https://www.theroot.com/developer-indicted-after-hbcu-paid-millions-for-a-field-2000126277
Inside the Controversy That Brought Down One of Georgia’s Youngest Mayors in History,"Jayden Williams became Stockbridge’s youngest mayor, but allegations surrounding his conduct quickly turned a political breakthrough into a public crisis.",theroot.com,2026-09-16,Culture,Phenix S Halley,https://www.theroot.com/inside-the-controversy-that-brought-down-one-of-georgia-2000126275
Chris Brown Responds to Congressional Honor Backlash,"Chris Brown’s honor from Rep.Jasmine Crockett may have been well-intentioned, but it’s since turned into a truly messy situation and now he’s speaking out. Let’s get into it!",theroot.com,2026-09-16,Entertainment,Shanelle Genai,https://www.theroot.com/chris-brown-responds-to-congressional-honor-backlash-2000126280
13 Black Couples Who Make Love Look Good,"From longtime marriages to second-chance love stories, these couples are giving us chemistry, commitment and plenty to root for.",theroot.com,2026-09-16,Black Joy,Ty Cole,https://www.theroot.com/13-black-couples-who-make-love-look-good-2000125849
McKenna West Takes Custody Battle to the Supreme Court,"The surrogate is asking the Supreme Court to intervene, warning that the fragile newborn could be removed from a Texas hospital and taken to California by his biological parents.",theroot.com,2026-09-16,Black Maternal Healthcare,Phenix S Halley,https://www.theroot.com/mckenna-west-takes-custody-battle-to-the-supreme-court-2000126345
Grab a Tissue: This Viral Trend Honors Dads’ Unspoken Sacrifices,"The “Step Forward” challenge asks kids to take a step for every way their dad showed up for them, leaving many to realize their dads never had the same support.",theroot.com,2026-09-16,Culture,Angela Wilson,https://www.theroot.com/grab-a-tissue-this-viral-trend-honors-dads-unspoken-sa-2000126326
This Security Guard-Turned-Doula is Helping Black Moms Feel Safe,"Teddy Gant went from working as a security guard to becoming a full-time doula. Now, he’s helping Black families with safer maternal care.",theroot.com,2026-09-16,Health,Shellie M. Scott,https://www.theroot.com/this-security-guard-turned-doula-is-helping-black-moms-2000126317
Black Celebs Who Have Stars On the Hollywood Walk of Fame,Nia Long is one of the latest Black celebrities to receive a star on the Hollywood Walk of Fame. Check out our list of other Black honorees.,theroot.com,2026-09-16,Entertainment,Shanelle Genai,https://www.theroot.com/black-celebs-who-have-stars-on-the-hollywood-walk-of-fa-2000074632
NAACP CEO Derrick Johnson Slams the Protect College Sports Act,"On SportsCenter, Johnson slammed the Protect College Sports Act for a proposed cap on Black student-athletes’ open-market earning power.",theroot.com,2026-09-16,Culture,Rashad Grove,https://www.theroot.com/naacp-ceo-derrick-johnson-slams-the-protect-college-spo-2000126325
Trump Clashes With Black Congresswoman Over the Kennedy Center,"Trump and Rep. Joyce Beatty clashed over the Kennedy Center’s closure, renovations and efforts to place his name on the building.",theroot.com,2026-09-16,News,Phenix S Halley,https://www.theroot.com/trump-clashes-with-black-congresswoman-over-the-kennedy-2000126242
63 Years Later: Remembering the Four Black Girls Murdered in Birmingham’s Church Bombing,"On Sept. 15, 1963, a Klan bomb killed Addie Mae Collins, Cynthia Wesley, Carole Robertson and Carol Denise McNair. Sixty-three years later, a new center opens steps from where they died.",theroot.com,2026-09-15,News,Angela Wilson,https://www.theroot.com/63-years-later-remembering-the-four-black-girls-murder-2000126066
Prince Harry and Meghan Markle Pull Kids From School After Just Two Days Over Security Concerns,"After only two days at their new school, Prince Harry and Meghan Markle’s kids, Archie and Lilibet, have been pulled from class due to security concerns.",theroot.com,2026-09-15,News,Mahalia Otshudy,https://www.theroot.com/prince-harry-and-meghan-markle-pull-kids-from-school-af-2000126040
SCOTUS Just Put the Brakes on Trump’s Mail-Voting Push,"With the midterms around the corner, the Supreme Court says the mail-voting rules voters already know can stay–for now, anyway.",theroot.com,2026-09-15,News,Phenix S Halley,https://www.theroot.com/scotus-just-put-the-brakes-on-trumps-mail-voting-push-2000126058
13 Cool Street Style Looks Spotted During New York Fashion Week,"From bold prints to effortless model-off-duty looks, these stylish New Yorkers brought plenty of personality to the streets during Fashion Week.",theroot.com,2026-09-15,Beauty + Style,Asheea Smith,https://www.theroot.com/13-cool-street-style-looks-spotted-during-new-york-fash-2000125962
7 Black Women Who Could Be the WNBA’s Next Commissioner,"From former Hall of Famers to business pioneers, these seven leaders possess the strategic vision, player trust, and executive pedigree to shape the future of women’s basketball.",theroot.com,2026-09-15,Culture,Rashad Grove,https://www.theroot.com/7-black-women-who-could-be-the-wnbas-next-commissioner-2000126137
Fashion Trainwrecks From the 2026 Emmys,"While it was raining gold statuettes inside the Emmys, the red carpet saw a myriad of colors, patterns, and questionable looks. Let’s get into it!",theroot.com,2026-09-15,Beauty + Style,Shanelle Genai,https://www.theroot.com/fashion-trainwrecks-from-the-2026-emmys-2000126003
The Trump Administration Makes Its Case Against Evanston’s Reparations Program,"Evanston’s reparations program is facing a federal challenge, raising questions about racial justice, discrimination and who should receive compensation.",theroot.com,2026-09-15,Culture,Phenix S Halley,https://www.theroot.com/the-trump-administration-makes-its-case-against-evansto-2000126068
How Tyler Perry’s Latest Move Could Change The Game in Black Hollywood,Tyler Perry is set to make some major career changes in 2027. But how will his moves affect what he’s already built?,theroot.com,2026-09-15,Entertainment,Shanelle Genai,https://www.theroot.com/how-tyler-perrys-latest-move-could-change-the-game-in-b-2000126098
Violence Continues to Haunt Chicago’s Drill Scene as Rapper BloodHound Q50 Killed at 22,"Chicago rapper BloodHound Q50 was killed in a South Side ambush, highlighting the violence and online speculation surrounding the city’s drill rap scene.",theroot.com,2026-09-15,Entertainment,Phenix S Halley,https://www.theroot.com/violence-continues-to-haunt-chicagos-drill-scene-as-rap-2000126185
The Black Designers We Can’t Stop Talking About After New York Fashion Week,"From bold color to sharp tailoring, these Black designers made some of the biggest statements at New York Fashion Week.",theroot.com,2026-09-15,Beauty,Ty Cole,https://www.theroot.com/the-black-designers-we-cant-stop-talking-about-after-ne-2000125651
Racist Incidents at High School Events Are Raising Alarms Across the Country,"Recent incidents at school sporting events in three states have prompted investigations, student protests and renewed calls for accountability.",theroot.com,2026-09-15,Culture,Phenix S Halley,https://www.theroot.com/racist-incidents-at-high-school-events-are-raising-alar-2000126198
Sunny Hostin Licensed Her Likeness to AI and the Internet Has a Lot to Say,‘The View’ co-host is defending her decision to partner with an AI company on film adaptations of her book series. But not everyone online is convinced that it’s a good idea.,theroot.com,2026-09-15,Entertainment,Samantha Chery,https://www.theroot.com/sunny-hostin-licensed-her-likeness-to-ai-and-the-intern-2000126214
Congressional Black Caucus Institute Launches SO VOTE Initiative to Mobilize Black Voters,"SO VOTE, a multimillion-dollar initiative from the Congressional Black Caucus Institute, will re-engage Black voters through innovative community outreach and digital strategies ahead of the 2026 midterms.",theroot.com,2026-09-15,Politics,Asheea Smith,https://www.theroot.com/congressional-black-caucus-institute-launches-so-vote-i-2000126020
Gladys Knight Speaks Out After Son’s Shocking Allegations That Her Husband Is Pushing Her to Perform,"Gladys Knight’s son continues to sound the alarm on his mother’s health. Now, the iconic singer is sharing an update on her plans to perform.",theroot.com,2026-09-14,Entertainment,Shanelle Genai,https://www.theroot.com/gladys-knight-speaks-out-after-sons-shocking-allegation-2000125682
8 Daughters of NBA Players Who Are Elite Volleyball Stars,"Carter Booth, Alexis Ewing, Kami Miner and Asjia O’Neal are among the daughters of NBA players building championship volleyball careers of their own — in college, in the pros and at the Olympics.",theroot.com,2026-09-14,Culture,Rashad Grove,https://www.theroot.com/8-daughters-of-nba-players-who-are-elite-volleyball-sta-2000125760
5 Reasons Why Mahershala Ali’s ‘Your Mother Your Mother Your Mother’ Is Worth the Watch,"Oscar-winning actor Mahershala Ali is trading in Blade for a stunning new action film, ‘Your Mother Your Mother Your Mother.’ Here’s why you need to tap in, ASAP!",theroot.com,2026-09-14,Entertainment,Shanelle Genai,https://www.theroot.com/5-reasons-why-mahershala-alis-your-mother-your-mother-y-2000125735
"Boosie Badazz Thought $600k Could Buy Him a Pardon. Now, He’s Lost the Money and Still Dealing With the Drama.","In a recent ’60 Minutes’ interview, Rapper Boosie Badazz said he’s still trying to recover $300,000 from lobbyists who promised him a presidential pardon from President Trump.",theroot.com,2026-09-14,Entertainment,Shanelle Genai,https://www.theroot.com/boosie-badazz-thought-600k-could-buy-him-a-pardon-now-2000115897
"A Timeline of the Ongoing Drama Between Remy Ma, Papoose, and Claressa Shields","The drama between Remy Ma, Papoose and Claressa Shields reached a fever pitch after the women traded jabs online and Papoose dropped a diss track.",theroot.com,2026-09-14,Entertainment,Angela Wilson,https://www.theroot.com/a-timeline-of-the-ongoing-drama-between-remy-ma-papoos-2000125742
The Best in Black Fashion From the 2026 Emmy Awards Red Carpet,"From Sterling K. Brown to Quinta Brunson, we’re watching the red carpet to see what all of your favorite Black stars are wearing on television’s biggest night.",theroot.com,2026-09-14,Entertainment,Angela Johnson,https://www.theroot.com/the-best-in-black-fashion-from-the-2026-emmy-awards-red-2000125870
Emmys So White: ‘Abbott Elementary’ and Black Hollywood Got Shut Out,The 2026 Primetime Emmys wound up being a deflating night for Black actors and projects.,theroot.com,2026-09-14,Entertainment,Shanelle Genai,https://www.theroot.com/emmys-so-white-abbott-elementary-and-black-hollywood-g-2000125907
Obama’s Blunt AI Warning to Democrats,"At a closed-door fundraiser, the former president told Hakeem Jeffries that AI is moving too fast in private hands — and that whoever runs in 2028 better have a plan.",theroot.com,2026-09-14,News,Phenix S Halley,https://www.theroot.com/obamas-blunt-ai-warning-to-democrats-2000125700
Opinion: Black Unemployment Is America’s Labor Warning Light,"The gap between Black and white joblessness has outlasted administrations, booms and busts. That is a warning about the whole economy, not one community.",theroot.com,2026-09-14,News,Karen Boykin-Towns,https://www.theroot.com/opinion-black-unemployment-is-america-s-labor-warning-2000125748
"After the Not Guilty Verdict, What’s Next for Lil Durk?","Now that the murder-for-hire trial has concluded, here’s what you need to know about the fallout and what exactly comes next for Lil Durk.",theroot.com,2026-09-14,Criminal Justice,Phenix S Halley,https://www.theroot.com/after-the-not-guilty-verdict-what-s-next-for-lil-durk-2000125727
Jasmine Crockett Honors Chris Brown and Sparks a Heated Social Media Debate,The Texas congresswoman’s decision to honor Brown alongside Usher sparked backlash over his controversial history.,theroot.com,2026-09-14,Entertainment,Phenix S Halley,https://www.theroot.com/jasmine-crockett-honors-chris-brown-and-sparks-a-heated-2000125680
Kai Cenat’s Historic NYFW Debut Blurs Fashion and Gaming Culture,Superstar Twitch streamer Kai Cenat marked his runway debut with VIVET’s Spring/Summer 2027 collection at New York Fashion Week.,theroot.com,2026-09-14,Fashion,Asheea Smith,https://www.theroot.com/kai-cenats-historic-nyfw-debut-blurs-fashion-and-gaming-2000125662
Do You Know the Sad Story of Amy Winehouse? The White English Soul Singer Who Black People Loved,"On what would have been Amy Winehouse’s 43rd birthday, we’re looking into the musician’s life and how her career was inspired by Black culture.",theroot.com,2026-09-14,Entertainment,Mahalia Otshudy,https://www.theroot.com/do-you-know-the-sad-story-of-amy-winehouse-the-white-e-2000115935
"Opinion: Black Folks, It’s Time to Dump the Dallas Cowboys",Jerry Jones is giving Trump millions. The Cowboys haven’t won a Super Bowl in 30 years. Why would anyone Black cheer for them?,theroot.com,2026-09-13,Opinion,Lawrence Ware,https://www.theroot.com/opinion-black-folks-its-time-to-dump-the-dallas-cowbo-2000125611
Black-Led Emmy-Nominated Shows to Add to Your Fall Watchlist ASAP,"From ‘Abbott Elementary’ to ‘Paradise,’ these shows are Emmy-nominated for good reason and worth adding to your fall watchlist!",theroot.com,2026-09-13,Entertainment,Shanelle Genai,https://www.theroot.com/black-led-emmy-nominated-shows-to-add-to-your-fall-watc-2000125317
Black Celebs Spotted Out During New York Fashion Week 2026,We’ve rounded up some of the hottest Black celebrities spotted out and about in New York City enjoying all of the events surrounding New York Fashion Week.,theroot.com,2026-09-13,News,Angela Johnson,https://www.theroot.com/black-celebs-spotted-out-during-new-york-fashion-week-2-2000125627
Looking for Love? Check Out Our Favorite Black Romance Films From the 2020s,Who says romance is dead? We’ve rounded up a list of our favorite Black love stories to hit the big and small screens in the 2020s.,theroot.com,2026-09-13,Culture,Ty Cole,https://www.theroot.com/looking-for-love-check-out-our-favorite-black-romance-2000125170
Is LinkedIn Failing Black Job Seekers? Here’s What One Economic Expert Had to Say,The Root spoke with LinkedIn’s Economic Expert to unpack tips job seekers can leverage to make the platform work for them.,theroot.com,2026-09-13,Culture,Asheea Smith,https://www.theroot.com/is-linkedin-failing-black-job-seekers-heres-what-one-e-2000124385
Ben Shelton Makes History at the US Open as First Black American Man to Reach Grand Slam Final Since Arthur Ashe,"Decades after Arthur Ashe broke barriers, Shelton and Tiafoe honored the trailblazer while battling for tennis’s biggest stage.",theroot.com,2026-09-12,Culture,Rashad Grove,https://www.theroot.com/ben-shelton-makes-history-at-the-us-open-as-first-black-2000125617
Unsolved Black Cold Cases: 13 Mysteries That Still Haunt America,"From Relisha Rudd’s disappearance to the murder of The Notorious B.I.G., these unsolved cases and cold cases have left Black families searching for answers for decades.",theroot.com,2026-09-12,Culture,Phenix S Halley,https://www.theroot.com/unsolved-black-cold-cases-13-mysteries-that-still-haun-2000125471
Black Men’s Style Guide: Expert Tips for Building a Wardrobe That Works,Ready to elevate your style but don’t know where to start? These male fashion creators are dropping gems on how to build a wardrobe that makes you look and feel good.,theroot.com,2026-09-12,Fashion,B.Kadijat Towolawi,https://www.theroot.com/black-mens-style-guide-expert-tips-for-building-a-ward-2000125326
"‘Scandal,’ ‘Insecure’ and More Black Emmy Snubs Through the Years","While some Black shows have received the coveted Emmy Awards, others like ‘Insecure,’ ‘Martin,’ and more weren’t so lucky. Let’s take a look!",theroot.com,2026-09-12,Entertainment,Shanelle Genai,https://www.theroot.com/scandal-insecure-and-more-black-emmy-snubs-through-the-2000125604
"More Than One Year After His Death, the Legal Drama Between Malcolm-Jamal Warner’s Mother and Widow Continues",The late actor’s family is still at odds over his estate. Let’s get into the latest.,theroot.com,2026-09-11,Entertainment,Shanelle Genai,https://www.theroot.com/more-than-one-year-after-his-death-the-legal-drama-bet-2000125289
Rent Free and Rules Free: How ‘Unleased Men’ Are Costing Women Their Apartments,There’s a growing online conversation about “unleased men” who damage their partners’ apartments and their reputations.,theroot.com,2026-09-11,Culture,Samantha Chery,https://www.theroot.com/rent-free-and-rules-free-how-unleased-men-are-costing-2000125420
"3 HBCU Football Classics to Watch in 2026: Bayou, Magic City, Florida",Come for the bands. Stay for the football.,theroot.com,2026-09-11,Opinion,Lawrence Ware,https://www.theroot.com/3-hbcu-football-classics-to-watch-in-2026-bayou-magic-2000125319
Why Black-Owned Music Festivals Are Struggling in 2026 — and What Could Save Them,"Why Black-Owned Music Festivals Are From Something in the Water’s hiatus to Broccoli City’s scaled-down Holding Hands event, Black-owned festivals are being squeezed by rising costs and shrinking visibility budgets.",theroot.com,2026-09-11,News,Leon Valentine,https://www.theroot.com/why-black-owned-music-festivals-are-struggling-in-2026-2000125238
13 Skincare Tips Every Black Man Should Know,"From dark spots and razor bumps to beard care and sun protection, these expert-backed tips can help Black men build a skincare routine that keeps their skin looking and feeling its best.",theroot.com,2026-09-11,Beauty,Asheea Smith,https://www.theroot.com/13-skincare-tips-every-black-man-should-know-2000125270
The Untold Story of the ‘Dust Lady’ Whose Iconic Image Captivated the World on 9/11,"Marcy Borders, a Black woman known as “The Dust Lady,” survived 9/11, but her harrowing journey after that iconic photo was just the beginning.",theroot.com,2026-09-11,News,Angela Johnson,https://www.theroot.com/the-untold-story-of-the-dust-lady-whose-iconic-image-ca-2000061064
"‘Taxi Driver’ Screenwriter Says No Black Actors Wanted to Star in His Latest Movie, So He’s Using AI Instead",‘Taxi Driver’ screenwriter Paul Schrader’s excuse for using AI in the place of Black actors in his upcoming film has folks online calling him out.,theroot.com,2026-09-11,Entertainment,Shanelle Genai,https://www.theroot.com/taxi-driver-screenwriter-says-no-black-actors-wanted-to-2000125517
"Migos Are Coming Back, But Can Quavo And Offset Recreate The Magic Without Takeoff?","Years after Takeoff’s death, Quavo and Offset face the hardest question yet: Can Migos make a comeback without its third voice?",theroot.com,2026-09-11,Entertainment,Phenix S Halley,https://www.theroot.com/migos-are-coming-back-but-can-quavo-and-offset-recreat-2000125446
"Tyra Banks Fires Back at Netflix, Demanding the Truth Behind Her ‘ANTM’ Documentary Edit",Tyra Banks is still fighting her legal fight against Netflix over their ‘America’s Next Top Model’ docuseries. Here’s the latest on where it stands.,theroot.com,2026-09-11,Entertainment,Shanelle Genai,https://www.theroot.com/tyra-banks-fires-back-at-netflix-demanding-the-truth-b-2000125370
Kawhi Leonard Salary-Cap Scandal: Why the Feds Are Now Investigating the Clippers,Federal prosecutors are reportedly examining the Clippers’ Kawhi Leonard dealings after the NBA handed the franchise a historic punishment.,theroot.com,2026-09-11,Culture,Phenix S Halley,https://www.theroot.com/kawhi-leonard-salary-cap-scandal-why-the-feds-are-now-2000125397
These Black Artists’ Hit Songs Were Originally Written With Someone Else in Mind,Did you know that SWV’s signature hit “Weak” was intended for Charlie Wilson? We gathered the iconic songs that were originally written for other artists!,theroot.com,2026-09-11,Entertainment,Angela Wilson,https://www.theroot.com/these-black-artists-hit-songs-were-originally-written-w-2000125349
Vince Staples’ Take on His Job as a Rapper Might Be the Most Honest Thing You Hear All Day,"After telling fans he doesn’t have a favorite song, Staples is facing backlash for treating rap like a job instead of a calling — and he’s not backing down.",theroot.com,2026-09-11,Entertainment,Phenix S Halley,https://www.theroot.com/vince-staples-take-on-his-job-as-a-rapper-might-be-the-2000125250
"Rep. Ayanna Pressley, Lawmakers Demand DOJ Investigation Into Deaths of Black People Found Hanging","In a letter to Department of Justice leadership, nearly 60 members of Congress cite America’s history of racial terror in calling for a comprehensive federal investigation into a rising number of unexplained hanging deaths.",theroot.com,2026-09-11,Culture,Phenix S Halley,https://www.theroot.com/rep-ayanna-pressley-lawmakers-demand-doj-investigatio-2000125350
Former ‘The Wendy Williams Show’ Producer Defends Her Legacy in New Interview”,One of Wendy Williams’ producers is finally breaking his silence about how he learned the popular talk show had been cancelled.,theroot.com,2026-09-11,Entertainment,Shanelle Genai,https://www.theroot.com/former-the-wendy-williams-show-producer-defends-her-leg-2000125462
"After Losing Her Son, Monique Rodriguez is Putting $2 Million Behind Better Birth Care for Black Women","The Mielle Organics founder is investing in BirthFUND, the maternal health organization founded by journalist and author Elaine Welteroth that supports midwifery.",theroot.com,2026-09-10,Black Maternal Healthcare,Amber Ferguson,https://www.theroot.com/after-losing-her-son-monique-rodriguez-is-putting-2-m-2000125186
Kansas Prisoners Put Their Money Toward Kids’ School Lunch Debt,"As food insecurity disproportionately affects Black children, Kansas prisoners are helping families struggling with the cost of feeding their children.",theroot.com,2026-09-10,News,Phenix S Halley,https://www.theroot.com/kansas-prisoners-put-their-money-toward-kids-school-lu-2000125198
How the New Miss America Overcame Her Fears to Make Pageant History,"Regan Hutsell made history by becoming the first Miss America to win while rocking her natural curls. Now, the professional dancer is speaking about her decision to enter the pageant despite past battles with her body image.",theroot.com,2026-09-10,Black Excellence,Mahalia Otshudy,https://www.theroot.com/how-the-new-miss-america-overcame-her-fears-to-make-pag-2000125191
"Is Trump’s $5,000 Promise Real or Campaign Smoke? We Asked an Expert to Break it Down","Trump’s promise to issue payments to Americans raises questions about funding, congressional approval, eligibility and whether his midterm pitch is vote-buying.",theroot.com,2026-09-10,News,Phenix S Halley,https://www.theroot.com/is-trump-s-5-000-promise-real-or-campaign-smoke-we-as-2000125229
Sherri Shepherd Opens Up About the Cost of Divorce and Rebuilding Her Life,Sherri Shepherd is talking about the emotional and financial pain she experienced during her second divorce in a new interview.,theroot.com,2026-09-10,Entertainment,Shanelle Genai,https://www.theroot.com/sherri-shepherd-opens-up-about-the-cost-of-divorce-and-2000125223
"Surprising Facts About Stevie Wonder’s ‘Songs In the Key of Life’ Album, In Honor of Its 50th Anniversary","As Stevie Wonder’s ‘Songs in the Key of Life’ celebrates its 50th anniversary, here are some fascinating facts about one of music’s greatest albums.",theroot.com,2026-09-10,Entertainment,Shanelle Genai,https://www.theroot.com/surprising-facts-about-stevie-wonders-songs-in-the-key-2000125241
From Sundays to Saturdays: How Former NFL Stars Are Reshaping HBCU Football,"The pipeline of former Black NFL players transitioning to head coaching roles at Historically Black Colleges and Universities (HBCUs) represents a high-profile shift in college football’s talent and recruitment landscape. ​While Deion Sanders’ transformative tenure at Jackson State is often viewed as a touchstone moment, several HBCUs are looking to leverage the star power, professional […]",theroot.com,2026-09-10,Culture,Rashad Grove,https://www.theroot.com/from-sundays-to-saturdays-how-former-nfl-stars-are-res-2000125259
"Don’t Fart, Don’t Text, Don’t Eat Ribs: The Wildest Dating Tips Trending Online","Don’t Fart, Don’t Text, Don’t Eat Ribs. A look at outrageous social media dating advice.",theroot.com,2026-09-10,Entertainment,Mahalia Otshudy,https://www.theroot.com/dont-fart-dont-text-dont-eat-ribs-the-wildest-dating-2000125176
What a New 2030 Census Proposal Could Mean for Representation and Civil Rights,"Trump is proposing sweeping changes to the 2030 census, aiming to get rid of race-based questions while excluding non-citizens from the final count.",theroot.com,2026-09-10,Culture,Phenix S Halley,https://www.theroot.com/what-a-new-2030-census-proposal-could-mean-for-represen-2000125189
Megan Thee Stallion Shares What She’s Learned About Love and Life Since Klay Thompson Breakup,"Megan Thee Stallion and Klay Thompson broke up in April 2026. Now, the rapper is revealing the lessons she’s learned after heartbreak.",theroot.com,2026-09-10,Entertainment,Shanelle Genai,https://www.theroot.com/megan-thee-stallion-shares-what-shes-learned-about-love-2000125160
Luenell Shares Where Things Stand With Al B. Sure!,"Comedian Luenell and Al B. Sure! made headlines earlier this year after teasing their apparent relationship. Now, she’s opening up about how their love story began.",theroot.com,2026-09-09,Entertainment,Shanelle Genai,https://www.theroot.com/luenell-shares-where-things-stand-with-al-b-sure-2000125056
Lonnie G. Bunch III’s Legacy: How One Historian Changed History,"After Lonnie Bunch III announced his retirement from the Smithsonian Tuesday, The Root is taking a deep dive into the legacy he will leave behind.",theroot.com,2026-09-09,Culture,Angela Wilson,https://www.theroot.com/lonnie-g-bunch-iii-s-legacy-how-one-historian-changed-2000125077
Opinion: Fat Joe’s N-Word Defense Isn’t New — Here’s Why It Still Doesn’t Hold Up,"A regional corner of the hip-hop industry has spent twenty years acting like proximity is a passport office, and Fat Joe is the recurring test case.",theroot.com,2026-09-09,Opinion,Melik Abdul,https://www.theroot.com/opinion-fat-joes-n-word-defense-isnt-new-heres-why-i-2000125072
Missouri Has Two Conflicting Court Orders and One Big Election Problem,Black Kansas City voters are wondering which congressional map will shape their representation this November.,theroot.com,2026-09-09,News,Phenix S Halley,https://www.theroot.com/missouri-has-two-conflicting-court-orders-and-one-big-e-2000125095
The Fascinating and Tragic Story of Soul Singer Otis Redding,"Otis Redding, known as the “King of Soul,” tragically died at 26. His fascinating story is the subject of an upcoming biopic. Meanwhile, here’s his story",theroot.com,2026-09-09,Music,Angela Johnson,https://www.theroot.com/the-fascinating-and-tragic-story-of-soul-singer-otis-re-2000068272
MacKenzie Scott’s HBCU Giving Has Crossed $1 Billion and She’s Not Slowing Down,A $42 million gift to Elizabeth City State University pushes the billionaire’s total HBCU giving past $1 billion — and shows no signs of letting up.,theroot.com,2026-09-09,Education,Phenix S Halley,https://www.theroot.com/mackenzie-scott-s-hbcu-giving-has-crossed-1-billion-an-2000125050
"Morgan Freeman on Acting, Retirement and the One Star Whose Career He Envies","He might be a film icon, but even Morgan Freeman compares himself to other stars, and in a recent Rolling Stone interview, he admitted he is a little envious of Denzel Washington’s action career.",theroot.com,2026-09-09,Entertainment,Mahalia Otshudy,https://www.theroot.com/morgan-freeman-on-acting-retirement-and-the-one-star-w-2000125051
From MVPs to Rookies: The Black Quarterbacks Leading Every Kind of NFL Team in 2026,Nearly half the league now starts a Black quarterback — from two-time MVPs to first-year starters fighting for their jobs. Here’s where all 15 stand entering 2026.,theroot.com,2026-09-09,News,Rashad Grove,https://www.theroot.com/from-mvps-to-rookies-the-black-quarterbacks-leading-ev-2000125076
25 Years After 9/11: Remembering the 12 Black Firefighters Who Gave Their Lives to Save Others,"As New York marks 25 years since 9/11, the stories of the 12 Black firefighters who died that day deserve to be remembered.",theroot.com,2026-09-09,Culture,Phenix S Halley,https://www.theroot.com/25-years-after-9-11-remembering-the-12-black-firefight-2000125155
"Bilal Responds to Allegations of Abuse, Neglect By His Son’s Mother",‘Soul Sista’ singer Bilal is speaking out following the shocking domestic abuse claims lobbed against him by his ex-partner. Let’s get into what he had to say.,theroot.com,2026-09-09,News,Shanelle Genai,https://www.theroot.com/bilal-responds-to-allegations-of-abuse-neglect-by-his-2000125146
"‘Martin,’ ‘Moesha’ and Other 90s Black Shows That Don’t Need a Reboot","From “A Different World” to “Living Single,” these classic sitcoms captured Black joy, family and friendship perfectly the first time around—no do-over required.",theroot.com,2026-09-09,Entertainment,Shanelle Genai,https://www.theroot.com/martin-moesha-and-other-90s-black-shows-that-dont-need-2000125032
National Guardsman in DC Pulls Loaded Weapon During Dispute About Hair Length: What We Know,A heated argument over military grooming standards reportedly escalated when a Georgia Guardsman allegedly pulled his loaded service weapon on another officer.,theroot.com,2026-09-09,News,Phenix S Halley,https://www.theroot.com/national-guardsman-in-dc-pulls-loaded-weapon-during-dis-2000125043
"When Clean Water Isn’t a Constitutional Right, Black Communities Pay the Price","More than four years after Jackson’s water crisis was brought before a federal court, the latest ruling has exposed deeper questions about race and environmental justice.",theroot.com,2026-09-08,Culture,Phenix S Halley,https://www.theroot.com/when-clean-water-isn-t-a-constitutional-right-black-co-2000124898
Mark Curry Calls Out 50 Cent Over Diddy Documentary: ‘This Was the Worst Deal’,"As 50 Cent celebrates an Emmy win for his shocking Netflix documentary about Sean “DIddy” Combs, Mark Curry is airing his frustration for not receiving the credit he says he’s due.",theroot.com,2026-09-08,News,Shanelle Genai,https://www.theroot.com/mark-curry-calls-out-50-cent-over-diddy-documentary-th-2000124926
The Most Fashionable Black WAGs of the NFL,"Before the 2026 NFL season officially kicks off on Wednesday, Sept. 9, we’ve gathered some of the most stylish NFL WAGs for outfit inspo!",theroot.com,2026-09-08,Beauty + Style,Angela Wilson,https://www.theroot.com/the-most-fashionable-black-wags-of-the-nfl-2000124744
Inside a Growing Crisis For Disabled Students in D.C. Public Schools,"A string of lawsuits, criminal cases and federal findings raises urgent questions about how DCPS protects students with disabilities.",theroot.com,2026-09-08,News,Phenix S Halley,https://www.theroot.com/inside-a-growing-crisis-for-disabled-students-in-d-c-p-2000124964
Why Thousands of Affordable Housing Units Sit Vacant While Millions Remain Unhoused,"Despite the government building four million affordable units, the poorest in the U.S. still can’t afford the rent, forcing them into homelessness.",theroot.com,2026-09-08,Culture,Angela Wilson,https://www.theroot.com/why-thousands-of-affordable-housing-units-sit-vacant-wh-2000124966
Ciara and Russell Wilson and More Black Hollywood Couples With Big Families,"With Ciara and Russell Wilson announcing their fifth child, let’s take a look at other Black celeb couples who have big, happy families, too!",theroot.com,2026-09-08,Entertainment,Shanelle Genai,https://www.theroot.com/ciara-and-russell-wilson-and-more-black-hollywood-coupl-2000125008
"Lonnie G. Bunch III, The First Black Smithsonian Secretary, Steps Down Amid White House Attacks","The first Black Smithsonian secretary leaves as Trump challenges how the institution presents slavery, racism and the nation’s complicated past.",theroot.com,2026-09-08,Culture,Phenix S Halley,https://www.theroot.com/lonnie-g-bunch-iii-the-first-black-smithsonian-secret-2000124939
Jamaica Takes Push for Reparations Straight to King Charles III,"Jamaica has filed a legal petition against the British government, representing the latest shift in the country’s campaign for slavery reparations.",theroot.com,2026-09-08,Culture,Phenix S Halley,https://www.theroot.com/jamaica-takes-push-for-reparations-straight-to-king-cha-2000124909
Who Is Regan Hutsell? Meet the 99th Miss America Who Just Made History,The 25-year-old Houston native and former Radio City Rockette is the first Miss Texas to win the crown in over 50 years — and the first Miss America to be crowned wearing her natural hair.,theroot.com,2026-09-08,Culture,Mahalia Otshudy,https://www.theroot.com/who-is-regan-hutsell-meet-the-99th-miss-america-who-ju-2000124927
King Charles’s Public Letter on Harry and Meghan’s Status Raises New Questions About Their Place in Britain,It has only been a couple weeks since Prince Harry and Meghan Markle made their return to the U.K. and they’ve already found themselves in some royal drama.,theroot.com,2026-09-08,News,Mahalia Otshudy,https://www.theroot.com/king-charless-public-letter-on-harry-and-meghans-status-2000124893
Eve Breaks Down What’s Kept Her 12-Year Marriage to Her Multi-Millionaire Husband Strong,The rapper and her husband of 12 years work in completely different worlds — and Eve says that’s exactly why it works.,theroot.com,2026-09-08,Entertainment,Shanelle Genai,https://www.theroot.com/eve-breaks-down-whats-kept-her-12-year-marriage-to-her-2000124897
You Know the Legends. Now Meet the Black Stars Who Could Join Them,"From Denzel Washington to John Singleton, Black icons didn’t just change Hollywood—they built the blueprint. Now, a new vanguard is taking the baton and cementing legacies that are uniquely their own.",theroot.com,2026-09-07,Entertainment,B.Kadijat Towolawi,https://www.theroot.com/you-know-the-legends-now-meet-the-black-stars-who-coul-2000121071
What to Know Before You Go to the U.S. Open,"Whether you’re a tennis devotee or just here for the Honey Deuce, we’ve gathered 13 dos and don’ts for enjoying the 2026 U.S. Open like a pro.",theroot.com,2026-09-07,Culture,Asheea Smith,https://www.theroot.com/what-to-know-before-you-go-to-the-u-s-open-2000124667
From Sauce to Seasoning: The Ultimate Black-Owned BBQ Guide,"Your grill called, and it wants these Black-owned seasonings, rubs, and sauces for the perfect Labor Day weekend BBQ!",theroot.com,2026-09-07,Culture,Angela Wilson,https://www.theroot.com/from-sauce-to-seasoning-the-ultimate-black-owned-bbq-g-2000124179
Snapchat’s Speed Filter Is Back in Court—11 Years After a 100 mph Crash Left a Black Man in a Coma,"Nearly 11 years after a high-speed crash left Wentworth Maynard with a severe brain injury, a landmark trial is putting social media accountability on the stand.",theroot.com,2026-09-07,Legal,Phenix S Halley,https://www.theroot.com/snapchat-s-speed-filter-is-back-in-court-11-years-after-2000124624
Ms. Rachel’s Repost Helped This Black-Owned Bakery Make Rent,"After the “Songs for Littles” star, invited Black business owners to promote themselves in her Threads comments, Ashley La Bomme-Benson saw a surge in sales.",theroot.com,2026-09-06,Business,Mahalia Otshudy,https://www.theroot.com/ms-rachels-repost-helped-this-black-owned-bakery-make-2000124502
More Of The Best Fashion Moments From Black Stars at the U.S. Open,"The U.S. Open is in full swing, and we’re looking at more outstanding fashion moments from Black stars on and off the court.",theroot.com,2026-09-06,Beauty + Style,Mahalia Otshudy,https://www.theroot.com/more-of-the-best-fashion-moments-from-black-stars-at-th-2000124634
Labor Day Isn’t Just a Cookout—It’s the Legacy of a Black Cleveland Lawmaker,"A Black lawmaker from Cleveland, dubbed the “Founder of Labor Day,” helped put the holiday on the calendar.",theroot.com,2026-09-06,News,Angela Wilson,https://www.theroot.com/labor-day-isn-t-just-a-cookout-it-s-the-legacy-of-a-bla-2000124117
The Hustler’s Ultimate Labor Day Playlist,"From Stevie Wonder and The O’Jays to Nipsey Hussle and Jill Scott, these records are all about the grind.",theroot.com,2026-09-05,Entertainment,B.Kadijat Towolawi,https://www.theroot.com/the-hustlers-ultimate-labor-day-playlist-2000123216
D’Wayne Wiggins’ Family Is Still at War Over His Estate. Here’s How to Keep Yours Out of Court,"A judge has temporarily blocked payouts from the late Tony! Toni! Toné! singer’s $700,000 estate while his relatives fight over who’s in charge — the third celebrity estate feud in recent months. Estate attorneys say four steps could have prevented it.",theroot.com,2026-09-05,Entertainment,Shanelle Genai,https://www.theroot.com/dwayne-wiggins-family-is-still-at-war-over-his-estate-2000124617
Lil Durk Murder-for-Hire Trial: The 5 Biggest Moments Before Closing Arguments,"Closing arguments are scheduled for the trial, which has featured explosive testimony, alleged escape plans, rival lists and a defense determined to prove his innocence.",theroot.com,2026-09-05,Crime,Phenix S Halley,https://www.theroot.com/lil-durk-murder-for-hire-trial-the-5-biggest-moments-b-2000124595
"Black Movies, TV Shows to Stream on Hulu This Labor Day Weekend","With the long Labor Day weekend upon us, now is a good time to kick back and indulge in some shows and movies to help you forget about work",theroot.com,2026-09-05,Entertainment,Shanelle Genai,https://www.theroot.com/black-movies-tv-shows-to-stream-on-hulu-this-labor-day-2000124421
"Beyoncé’s Best Deep Cuts, In Honor of Her 45th Birthday","As Beyoncé celebrates her 45th birthday, we’re taking a look at some of her best songs that remained under the radar over the years. Let’s get into it!",theroot.com,2026-09-04,Entertainment,Shanelle Genai,https://www.theroot.com/beyonc-s-best-deep-cuts-in-honor-of-her-45th-birthday-2000124417
Why The Family of This Slain Civil Rights Leader Is Pushing Back Against A Film About His Death,"The star-studded film centers around the death of a real-life civil rights leader. However, certain family members associated with the fallen leader are pushing back against the new project.",theroot.com,2026-09-04,Entertainment,Shanelle Genai,https://www.theroot.com/why-the-family-of-this-slain-civil-rights-leader-is-pus-2000124388
TLC’s T-Boz Steps Back From Touring to Focus on Her Health,TLC star T-Boz will be taking time away from her tour to recover from a health challenge.,theroot.com,2026-09-04,Entertainment,Shanelle Genai,https://www.theroot.com/tlc-s-t-boz-steps-back-from-touring-to-focus-on-her-hea-2000124477
How New Federal Rules Could Impact Private Colleges’ DEI Programs,The Trump administration has announced a proposal that puts tax-exempt status at risk for colleges that maintain DEI programs and policies.,theroot.com,2026-09-04,News,Phenix S Halley,https://www.theroot.com/how-new-federal-rules-could-impact-private-colleges-dei-2000124463
"As Lindsay Clancy’s Case Ends in Mistrial, this Black Mother Gets a Second Chance","Latarsha Sanders’ case has resurfaced after Lindsay Clancy’s deadlocked trial, renewing questions about race, mental illness and mothers accused of killing children.",theroot.com,2026-09-04,Black Maternal Healthcare,Phenix S Halley,https://www.theroot.com/as-lindsay-clancy-s-case-ends-in-mistrial-this-black-m-2000124546
Black Fathers Are Building the Communities We Couldn’t Find,"When my son was born, every resource pointed toward my wife. From Chicago to LA to Charlotte, Black fathers are building the support systems no one built for us — and hospitals, funders and the media should be paying attention.",theroot.com,2026-09-04,News,Kouri Marshall,https://www.theroot.com/black-fathers-are-building-the-communities-we-couldn-t-2000124536
Hundreds of Gary Residents Are Back in the Dark After Weeks Without Power,"Gary residents face another blackout weeks after the Aug. 11 storm, reigniting frustration over prolonged outages",theroot.com,2026-09-04,Culture,Phenix S Halley,https://www.theroot.com/hundreds-of-gary-residents-are-back-in-the-dark-after-w-2000124483
These Black Stars Are Turning 50 in 2026,"From hip-hop legends and R&B favorites to Hollywood heavyweights and NBA icons, these stars are proving 50 has never looked this good.",theroot.com,2026-09-04,Culture,Ty Cole,https://www.theroot.com/these-black-stars-are-turning-50-in-2026-2000124360
Viral ‘Not Like Us’ Performance Has Folks Asking If K-Pop Owes Black Artists a Check,A South Korean soldier’s viral Kendrick Lamar performance reignited a debate about cultural appropriation — that a $900 million global industry runs on Black music it rarely credits.,theroot.com,2026-09-04,Entertainment,Mahalia Otshudy,https://www.theroot.com/viral-not-like-us-performance-has-folks-asking-if-k-pop-2000124419
ACLU Expert Warns: South Carolina Voter Purge is Disproportionately Targeting People of Color,"The Root spoke with Jace Woodrum, ACLU of South Carolina executive director, about shrinking voter rolls and the disproportionate impact on Black communities.",theroot.com,2026-09-04,Culture,Phenix S Halley,https://www.theroot.com/aclu-expert-warns-south-carolina-voter-purge-is-dispro-2000124448
Why The No Limit Records Reunion Means Everything to Hip Hop Culture,"Silkk the Shocker, Fiend, Mac, Mercedes, and Mr. Serv-On spoke about reuniting to celebrate southern hip-hop and an iconic era in music.",theroot.com,2026-09-04,News,Rashad Grove,https://www.theroot.com/why-the-no-limit-records-reunion-means-everything-to-hi-2000124405
Every Time ‘That’s So Raven’ Proved It Was a Black Show,"Thanks to a resurfaced interview, fans of ‘That’s So Raven’ are proving just how Black the classic Disney show really was!",theroot.com,2026-09-04,Entertainment,Shanelle Genai,https://www.theroot.com/every-time-thats-so-raven-proved-it-was-a-black-show-2000124348
Can $25 Million Win Over Black Voters in Texas? Talarico Bets Big as Election Day Nears,"With 60 days to Election Day, the Senate hopeful’s new Black engagement team faces a familiar question: real investment, or last-minute optics?",theroot.com,2026-09-04,News,Nii-Quartelai Quartey,https://www.theroot.com/can-25-million-win-over-black-voters-in-texas-talaric-2000124443
Opinion: A Labor Day Case for Reckoning With Unpaid Black Labor,The workplace protections many of us take for granted exist because somebody once stood on a picket line and demanded them.,theroot.com,2026-09-03,Opinion,Marcus Anthony Hunter,https://www.theroot.com/opinion-a-labor-day-case-for-reckoning-with-unpaid-bla-2000124252
Tiger Woods Reckless Driving Plea: The Latest in His Florida Legal Drama,President Trump weighs in after golf legend Tiger Woods avoids a DUI conviction following his rollover crash in Florida.,theroot.com,2026-09-03,Culture,Phenix S Halley,https://www.theroot.com/tiger-woods-reckless-driving-plea-the-latest-in-his-fl-2000124320
Colin Kaepernick Breaks Silence on NFL Blackballing and Jay-Z in a New Interview,Colin Kapernick is getting candid about where he stands with the NFL and looking back on his controversial kneeling protests in 2016.,theroot.com,2026-09-03,Culture,Shanelle Genai,https://www.theroot.com/colin-kaepernick-breaks-silence-on-nfl-blackballing-and-2000124214
This New York Law Just Made It Easier for Black Folks to Get Their Hair Done,Black folks looking for adequate hair services in New York will now have an easier time finding professionals equipped to handle their textures!,theroot.com,2026-09-03,Beauty,Shanelle Genai,https://www.theroot.com/this-new-york-law-just-made-it-easier-for-black-folks-t-2000124335
"Mr. T’s New Documentary Tells His Story, But He Says Netflix Got it Wrong","Mr. T rarely gives interviews, but he’s speaking out about a new Netflix documentary about him, saying it missed the bigger story behind his life.",theroot.com,2026-09-03,Entertainment,Phenix S Halley,https://www.theroot.com/mr-t-s-new-documentary-tells-his-story-but-he-says-ne-2000124352
Is NIL Money Undermining the Fight for Black Political Power?,"NIL has changed the game, leaving Black athletes torn between using their platform for social justice and protecting generational wealth.",theroot.com,2026-09-03,News,Rashad Grove,https://www.theroot.com/is-nil-money-undermining-the-fight-for-black-political-2000124102
The Story of the DeBarges: A Talented Musical Family Haunted By a Series of Tragedies,"The singing siblings had good looks, great voices and a promising career – until their demons got the best of them.",theroot.com,2026-09-03,Entertainment,Angela Johnson,https://www.theroot.com/heard-of-the-debarges-this-talented-musical-family-suf-1851728807
Inside the Scandal That Cost the LA Clippers $30 Million and Five Draft Picks,The Clippers face historic penalties after the NBA found violations tied to Kawhi Leonard’s outside business arrangements.,theroot.com,2026-09-03,Culture,Phenix S Halley,https://www.theroot.com/inside-the-scandal-that-cost-the-la-clippers-30-millio-2000124240
The 5 Most Heated Moments From Stephen A. Smith’s Sit-Down With Jemele Hill and Cari Champion,"In a heated discussion, the three prominent sports journalists aired out their disagreements in a highly anticipated episode of Flagrant and Funny.",theroot.com,2026-09-03,News,Rashad Grove,https://www.theroot.com/the-5-most-heated-moments-from-stephen-a-smith-s-sit-d-2000124234
"Gloria Steinem, Who Once Said She ‘Learned Feminism From Black Women,’ Dies at 92","The Ms. magazine co-founder, who died at 92, insisted that feminism’s true pioneers were Black women — and that history owes them the credit.",theroot.com,2026-09-03,News,Angela Wilson,https://www.theroot.com/gloria-steinem-who-once-said-she-learned-feminism-from-2000124246
NAACP Warns Federal Polling Presence Could Have Chilling Effect on Black Voters,"The civil rights group has filed a FOIA request demanding answers about the Justice Department’s plan to deploy more than 1,000 federal personnel to polling places ahead of November’s midterms.",theroot.com,2026-09-03,Culture,Phenix S Halley,https://www.theroot.com/naacp-warns-federal-polling-presence-could-have-chillin-2000124262
"Lizzo Scores a Win in Court, But Her Legal Saga Continues","Lizzo is celebrating a major legal victory, but another lawsuit means the singer’s courtroom battles are far from over.",theroot.com,2026-09-02,Entertainment,Phenix S Halley,https://www.theroot.com/lizzo-scores-a-win-in-court-but-her-legal-saga-continu-2000124202
These Black Costars Found Love On the Set,"If you think you know everything about who dated in Hollywood, these Black celebrity couples might surprise you",theroot.com,2026-09-02,Entertainment,Shanelle Genai,https://www.theroot.com/these-black-costars-found-love-on-the-set-2000124031
Nicki Minaj To Judge Trump Administration’s “Patriot Pitch Competition” In D.C.,"The Trump administration is hosting its very own version of “Shark Tank” in Washington, D.C., and self-proclaimed Queen of Rap Nicki Minaj has been selected as one of the celebrity judges.",theroot.com,2026-09-02,Entertainment,Mahalia Otshudy,https://www.theroot.com/nicki-minaj-to-judge-trump-administrations-patriot-pit-2000124080
Keegan-Michael Key Just Said Something Surprising About Jordan Peele,"After previous chatter of potential bad blood, Keegan-Michael Key is letting folks know where things stand between him and Jordan Peele.",theroot.com,2026-09-02,Entertainment,Shanelle Genai,https://www.theroot.com/keegan-michael-key-just-said-something-surprising-about-2000124076
He Wasn’t Even Driving: Trooper Drags Former D-I Basketball Player Through a Shattered Window by His Dreadlocks,"Tedrick Washington Jr. wasn’t behind the wheel during the 130-mph chase through Mississippi County. He still ended up pulled through a broken window by his dreadlocks, punched in the face and charged — while state police say the trooper did nothing wrong.",theroot.com,2026-09-02,Criminal Justice,Phenix S Halley,https://www.theroot.com/he-wasnt-even-driving-trooper-drags-former-d-i-basketb-2000124096
This Sad ‘Insecure’ News Has Fans and Amanda Seales Speaking Out,The highly-anticipated ‘Insecure’ reunion tour has just been dealt some bad news. And folks all over are airing out their feelings.,theroot.com,2026-09-02,Entertainment,Shanelle Genai,https://www.theroot.com/this-sad-insecure-news-has-fans-and-amanda-seales-speak-2000124116
Mamdani Unveils 2034 Roadmap for Racial Equity Across NYC,"New York City’s first citywide racial equity plan sets measurable goals for addressing disparities in housing, education, health, employment and justice.",theroot.com,2026-09-02,Culture,Phenix S Halley,https://www.theroot.com/mamdani-unveils-2034-roadmap-for-racial-equity-across-n-2000124100
To Every Black Man Still Negotiating With His Hairline: Let It Go,"We love to criticize women for chasing youth. But Black men are fighting Father Time too, one receding hairline at a time.",theroot.com,2026-09-02,Opinion,Lawrence Ware,https://www.theroot.com/to-every-black-man-still-negotiating-with-his-hairline-2000123995
"Doja Cat Opens Up About Drugs, Trauma, and Internet Hate in a Series of Social Media Posts",Doja Cat is letting her fans and followers in on her personal struggles and answering for some past racial controversies.,theroot.com,2026-09-02,Entertainment,Shanelle Genai,https://www.theroot.com/doja-cat-opens-up-about-drugs-trauma-and-internet-hat-2000124150
Who Are the Democrats Who Joined Republicans to Condemn Socialism?,Eight House Democrats broke ranks with their party as Republicans pushed a resolution condemning socialism ahead of the 2026 midterms.,theroot.com,2026-09-02,Politics,Phenix S Halley,https://www.theroot.com/who-are-the-democrats-who-joined-republicans-to-condemn-2000124130
Lauryn Hill Makes a Rare Comment About Her Relationship With Bob Marley’s Son,"Although not much is known about Lauryn Hill and Rohan Marley’s relationship, the legendary singer recently shared some rare insight about their time together.",theroot.com,2026-09-01,Entertainment,Shanelle Genai,https://www.theroot.com/lauryn-hill-makes-a-rare-comment-about-her-relationship-2000123925
Inside Black Men’s Campaign to Get Keisha Lance Bottoms Elected,Black men could be critical to Bottoms’ Georgia governor bid as Democrats work to rebuild trust and boost turnout among Black voters.,theroot.com,2026-09-01,Culture,Phenix S Halley,https://www.theroot.com/inside-black-men-s-campaign-to-get-keisha-lance-bottoms-2000123994
NBA Star Jaylen Brown Says Giving Back Comes at a Cost For Athletes,Jaylen Brown says athletes are often discouraged from giving back. But that’s exactly why he continues to invest in his community.,theroot.com,2026-09-01,Culture,Phenix S Halley,https://www.theroot.com/nba-star-jaylen-brown-says-giving-back-comes-at-a-cost-2000124027
Lionel Richie and Other Black Music Icons You Need to See Live Soon,Lionel Richie’s latest health scare has us thinking about other beloved elder Black music icons that folks ought to see perform while they’re still getting down and having fun!,theroot.com,2026-09-01,Entertainment,Shanelle Genai,https://www.theroot.com/lionel-richie-and-other-black-music-icons-you-need-to-s-2000123984
Naomi Osaka Makes a Bold Style Statement at the U.S. Open in an Allen Iverson-Inspired Look,The tennis star turned heads at the U.S. Open in a Law Roach-styled look that paid homage to an NBA legend.,theroot.com,2026-09-01,Fashion,Angela Johnson,https://www.theroot.com/naomi-osaka-makes-a-bold-style-statement-at-the-u-s-op-2000124017
He Built His $30 Million Brand Without Quitting His 9-to-5,"Crowned Skin founder Darrell Spencer scaled his brand while working full-time at Meta and Google — then landed $500,000 on ‘Shark Tank.’ Here’s the exit plan he says every entrepreneur needs from day one.",theroot.com,2026-09-01,Black Business,B.Kadijat Towolawi,https://www.theroot.com/he-built-his-30-million-brand-without-quitting-his-9-t-2000123932
Haitian Immigrant’s Tragic Death Shines a Light on the Human Cost of Ending Temporary Protected Status,"Pierre Damas Bel dreamed of becoming a doctor, but his family says losing TPS left him overwhelmed by immigration uncertainty.",theroot.com,2026-09-01,Culture,Phenix S Halley,https://www.theroot.com/haitian-immigrant-s-tragic-death-shines-a-light-on-the-2000123987
From Domestic Service to the Defense Industry: The Untold Story of the Black Rosies,"WWII’s 600,000 “Black Rosies” helped win a war and broke a cycle of generational servitude.",theroot.com,2026-09-01,Culture,Shellie M. Scott,https://www.theroot.com/from-domestic-service-to-the-defense-industry-the-unto-2000123928
Duane “Keffe D” Davis Guilty in Tupac’s Murder. What Does It Mean for Hip-Hop?,"After nearly three decades of theories and questions, Tupac’s case has a conviction… But not every answer fans wanted.",theroot.com,2026-09-01,Crime,Phenix S Halley,https://www.theroot.com/duane-keffe-d-davis-guilty-in-tupacs-murder-what-doe-2000123959
Ryan Clark Didn’t Need ESPN. Netflix Just Proved It.,"After his sudden departure from NFL Live, the former Super Bowl champion lands a major platform deal with Netflix to expand his media empire.",theroot.com,2026-09-01,Sports,Rashad Grove,https://www.theroot.com/ryan-clark-didnt-need-espn-netflix-just-proved-it-2000123947
The Best Black Fashion Moments at the 2026 U.S. Open,"The 2026 U.S. Open has taken over social media feeds, but beyond the impressive athleticism on the court, fly fashion looks are also on display.",theroot.com,2026-09-01,Beauty + Style,Mahalia Otshudy,https://www.theroot.com/the-best-black-fashion-moments-at-the-2026-u-s-open-2000123847
"From Celebrity Hairstylist to Fragrance Founder, Why Kahh Spence’s Next Act Smells Like a Million Dollars","The celebrity hairstylist-turned-entrepreneur opens up about honoring his late mother, betting on himself and building a Black-owned luxury brand.",theroot.com,2026-08-31,Beauty,Ty Cole,https://www.theroot.com/from-celebrity-hairstylist-to-fragrance-founder-why-ka-2000123517
Aaliyah’s Uncle Blames His Son For Her Death in Bitter Legal Dispute,"The feud between Aaliyah’s uncle and manager, Barry Hankerson, and his son, Jomo, is getting ugly after Barry made a claim that his son is to blame for the singer’s death.",theroot.com,2026-08-31,Entertainment,Mahalia Otshudy,https://www.theroot.com/aaliyah-s-uncle-blames-his-son-for-her-death-in-bitter-2000123775
Jason Arday’s Accuser Escapes Full Suspension at Ghent University,Nathan Cofnas has been placed on a 3-month teaching ban.,theroot.com,2026-08-31,Culture,Phenix S Halley,https://www.theroot.com/jason-arday-s-accuser-escapes-full-suspension-at-ghent-2000123760
"Black Folks Online Are Doing the Great Lock-In, Here’s How You Can, Too!","Black folks online are about to start the ‘Great Lock-In’ on September 1. Here’s how you can join in, too!",theroot.com,2026-08-31,Culture,Shanelle Genai,https://www.theroot.com/black-folks-online-are-doing-the-great-lock-in-heres-h-2000123734
Beyond Blue Ivy and North West: 8 Young Black Trailblazers Shaping the Future of Hollywood,"From Blue Ivy Carter’s Met Gala debut to Chase Infiniti’s Oscar-winning breakout, these girls and young women are building the careers that will define the next era of Black Hollywood.",theroot.com,2026-08-31,Entertainment,Mahalia Otshudy,https://www.theroot.com/beyond-blue-ivy-and-north-west-8-young-black-trailblaz-2000123805
Why Black Folks Need to Tune in to Aaron Pierre’s ‘Lanterns’,"HBO Max’s new show, Lanterns, starring Aaron Pierre, has Black audiences all over raving about its storytelling—thanks in large part to its latest episode. Here’s why you should be watching, too!",theroot.com,2026-08-31,Entertainment,Shanelle Genai,https://www.theroot.com/why-black-folks-need-to-tune-in-to-aaron-pierres-lanter-2000123776
Could This Black Mother’s Tragic Case Predict the Fate of Lindsay Clancy’s Postpartum Psychosis Defense?,A New York judge’s ruling in the case of a Black mother with postpartum psychosis comes as a Massachusetts jury weighs Lindsay Clancy’s criminal responsibility.,theroot.com,2026-08-31,Crime,Phenix S Halley,https://www.theroot.com/could-this-black-mothers-tragic-case-predict-the-fate-o-2000123827
Inside Deion Sanders’ Multi-Million Dollar Former Texas Mansion,"Deion Sanders’ former Texas mansion recently sold, and we’ve got a look at what the legendary home used to look like. Let’s check it out!",theroot.com,2026-08-31,Entertainment,Shanelle Genai,https://www.theroot.com/inside-deion-sanders-multi-million-dollar-former-texas-2000123860
The Bill Headed to Newsom’s Desk That Could Force Corporations to Confess Their Slavery Ties,"If Newsom signs it, California will become the first state to make large companies disclose slavery-era profits in a public database that stays online indefinitely.",theroot.com,2026-08-31,Culture,Phenix S Halley,https://www.theroot.com/the-bill-headed-to-newsoms-desk-that-could-force-corpor-2000123876
