title,description,source,date_of_publication,category,author,link
15 Caribbean music genres everyone should know and their origins,"Explore the origins of 15 Caribbean music genres, from reggae and soca to salsa, bachata and son cubano, and their lasting influence.",thegrio.com,2026-06-30,Music,Jahaura Michelle,https://thegrio.com/2026/06/30/15-caribbean-music-genres-everyone-should-know-and-their-origins/
Courtney A. Kemp’s hit Netflix series ‘Nemesis’ to return for season 2,Fans are going to get more of 'Nemesis.' Netflix has confirmed the hit thriller is returning for a season 2.,thegrio.com,2026-06-30,Entertainment,Brandon Caldwell,https://thegrio.com/2026/06/30/nemesis-renewed-season-2-netflix/
NY family demands answers after 11-year-old son with autism rides alone to JFK in Uber,"An 11 year old boy with autism from Valley Stream was found safe at JFK Airport after riding alone in an Uber, prompting his family to call",thegrio.com,2026-06-30,News,Bolarinwa Oladeji,https://thegrio.com/2026/06/30/valley-stream-boy-autism-uber-jfk-airport/
"Justice Jackson scolds Trump, Clarence Thomas in ruling against claim birthright citizenship was only for ‘babies of slaves’",Jackson gives a history lesson on the fight to extend citizenship rights in the U.S. and how Black Americans' advocacy made it possible.,thegrio.com,2026-06-30,Politics,Gerren Keith Gaynor,https://thegrio.com/2026/06/30/justice-ketanji-brown-jackson-scolds-trump-clarence-thomas-birthright-citizenship/
"Dave Chappelle visits San Diego mosque where three men were killed in May shooting, supports fundraising efforts","Dave Chappelle visited a California mosque after a deadly shooting, and urged donations to support the families of the victims.",thegrio.com,2026-06-30,News,Peter Kerich,https://thegrio.com/2026/06/30/dave-chappelle-california-mosque-visit/
Detroit teen hailed as a hero after dying while trying to save her cousin from drowning,A community is mourning after a 14-year-old teen drowned while attempting to rescue a family member who fell into the Detroit River.,thegrio.com,2026-06-30,News,Brandon Caldwell,https://thegrio.com/2026/06/30/aamina-bradley-detroit-teen-drowning-saving-cousin/
Patti LaBelle headlines BRIC Celebrate Brooklyn! benefit concert,Patti LaBelle received a proclamation before delivering a career-spanning performance filled with fan favorites and R&B classics.,thegrio.com,2026-06-30,Entertainment,Jahaura Michelle,https://thegrio.com/2026/06/30/patti-labelle-headlines-bric-celebrate-brooklyn-benefit-concert/
Why Black women are rethinking what success is supposed to feel like,"For many Black women, success is no longer measured by titles alone. Here's what's driving the shift in priorities.",thegrio.com,2026-06-30,Featured,Jahaura Michelle,https://thegrio.com/2026/06/30/why-black-women-are-rethinking-what-success-is-supposed-to-feel-like/
50 Cent reportedly set to perform at Donald Trump Jr.’s exclusive D.C. club,The scheduled appearance comes after the rapper previously turned down a multimillion-dollar offer to perform at a Trump campaign rally.,thegrio.com,2026-06-30,Entertainment,Odafe Oghen,https://thegrio.com/2026/06/30/50-cent-trump-jr-club-executive-branch-performance/
The reason why Serena Williams isn’t nervous heading into Wimbledon,Serena Williams opens up about sharing her Wimbledon experience with her two daughters and how her definition of success has changed.,thegrio.com,2026-06-30,Sports,Kay Wicker,https://thegrio.com/2026/06/30/the-reason-why-serena-williams-isnt-nervous-heading-into-wimbledon/
Howard University alumnus Chequan Lewis named CEO of Crunch Fitness,"Lewis' appointment as CEO marks the latest milestone in a career spanning law, business and executive leadership.",thegrio.com,2026-06-30,Featured,Odafe Oghen,https://thegrio.com/2026/06/30/chequan-lewis-ceo-crunch-fitness-howard-university/
New poll examines why many Black Americans don’t display the American flag,"Researchers found only 22% of Black adults view the flag as a unifying symbol, compared with higher shares among other groups.",thegrio.com,2026-06-30,News,Bolarinwa Oladeji,https://thegrio.com/2026/06/30/black-americans-flying-american-flag-poll/
Fisk University’s proposed data center sparks heated town hall in Nashville,"University leaders say no final decision has been made, but community members remain unconvinced as opposition mounts.",thegrio.com,2026-06-30,News,Bolarinwa Oladeji,https://thegrio.com/2026/06/30/fisk-university-data-center-town-hall-backlash/
LeBron James is leaving the Los Angeles Lakers after eight seasons,"The NBA icon has informed Los Angeles he plans to finish his career elsewhere, with the Warriors emerging as a leading contender.",thegrio.com,2026-06-30,Entertainment,Odafe Oghen,https://thegrio.com/2026/06/30/lebron-james-lakers-exit-warriors-free-agency-2026/
What Black borrowers should know about Trump’s July 1 student loan deadline,"Many changes to the federal student loan system will take effect following President Trump's signing of the ""One Big Beautiful Bill Act.""",thegrio.com,2026-06-30,Politics,Gerren Keith Gaynor,https://thegrio.com/2026/06/30/what-black-borrowers-should-know-about-trumps-july-1-student-loan-deadline/
Nigerian model files lawsuit against suit company that used AI to ‘whitewash’ his image in ads,"A Nigerian-Australian model is taking one of his former employers to court, alleging the company used AI to ""whitewash"" him for future ads.",thegrio.com,2026-06-30,Lifestyle,Brandon Caldwell,https://thegrio.com/2026/06/30/nigerian-model-sues-suit-company-whitewashing-ai/
7 defining moments when Black hair became the conversation,"CROWN Day, which celebrates the day the CROWN Act was first passed on July 3 arrives amid a complex legacy and history.",thegrio.com,2026-06-30,Lifestyle,Kay Wicker,https://thegrio.com/2026/06/30/7-defining-moments-when-black-hair-became-the-conversation/
"After SCOTUS defeat, Trump calls on Congress to end birthright citizenship. Here’s why that’s unlikely","Trump's call for Congress to do what he was unable to through executive power is unlikely to succeed, given the constitutional constraints.",thegrio.com,2026-06-30,Politics,Gerren Keith Gaynor,https://thegrio.com/2026/06/30/trump-congress-birthright-citizenship/
Chris Rock hails Druski as the ‘best host ever’ after BET Awards debut: ‘You officially retired me’,"Chris Rock might have given Druski the highest form of praise after his BET Awards hosting debut, putting him up there with the greats.",thegrio.com,2026-06-30,Entertainment,Brandon Caldwell,https://thegrio.com/2026/06/30/chris-rock-druski-best-host-ever-bet-awards/
‘I like a little distance’: Best-selling author Kennedy Ryan shares the significance behind her pen name and why she keeps boundaries,"NYT best-selling author Kennedy Ryan is giving fans and the world insight into her pen name, and why it means so much to her.",thegrio.com,2026-06-29,Books,Brandon Caldwell,https://thegrio.com/2026/06/29/kennedy-ryan-pen-name-meaning/
Black leaders applaud Supreme Court ruling that takes blow to Trump’s attempt to restrict mail-in voting,"""These rare victories should energize everyone to show up at the polls,"" said NAACP President Derrick Johnson.",thegrio.com,2026-06-29,Politics,Gerren Keith Gaynor,https://thegrio.com/2026/06/29/black-leaders-applaud-supreme-court-ruling-that-takes-blow-to-trumps-attempt-to-restrict-mail-in-voting/
‘We’re competing with Jordan?’ Angela Simmons reveals how Pastry Sneakers evolved into a $75M brand on par with Jordan Brand,"Angela Simmons and her sister made history with Pastry, crafting a $75M sneaker brand that at one point, was outselling Jordan Brand.",thegrio.com,2026-06-29,Lifestyle,Brandon Caldwell,https://thegrio.com/2026/06/29/angela-simmons-pastry-75-million-brand-jordan/
Druski drops new ‘Joe’ skit while hosting the BET Awards,"The comedian spoofed the “Michael” biopic with a parody about Joe Jackson, turning his BET Awards hosting night into a comedy rollout.",thegrio.com,2026-06-29,Entertainment,Bobby Pen,https://thegrio.com/2026/06/29/druski-drops-new-joe-skit-while-hosting-the-bet-awards/
Former NFL star Chris Johnson reveals ALS diagnosis,"Former NFL running back star Chris Johnson and his wife, Brittany, open up about life with ALS a year after he was diagnosed.",thegrio.com,2026-06-29,Health,Kay Wicker,https://thegrio.com/2026/06/29/former-nfl-star-chris-johnson-reveals-als-diagnosis/
Who won big at the 2026 BET Awards? Here’s the full winners list,"The BET Awards 2026 winners list, including Cardi B, Kendrick Lamar, Clipse, Kehlani, Teyana Taylor and all the night's biggest winners.",thegrio.com,2026-06-29,Entertainment,Peter Kerich,https://thegrio.com/2026/06/29/who-won-big-at-the-2026-bet-awards-heres-the-full-winners-list/
Deion Sanders proclaims himself ‘cancer free’ one year after bladder cancer diagnosis,"One year after undergoing comprehensive bladder surgery, Colorado head coach Deion Sanders says he's officially cancer free.",thegrio.com,2026-06-29,Lifestyle,Brandon Caldwell,https://thegrio.com/2026/06/29/deion-sanders-cancer-free/
Lauryn Hill closes unforgettable BET Awards tribute with powerful message,"The Lauryn Hill BET Awards tribute brought out Doechii, SZA, Nas, and her children before she took the stage.",thegrio.com,2026-06-29,Entertainment,Odafe Oghen,https://thegrio.com/2026/06/29/lauryn-hill-bet-awards-living-legend-icon-tribute-2026/
Keke Palmer hilariously crashes Druski’s BET Awards hosting gig,"Palmer grabbed the mic mid-show, joked the hosting job should've been hers and seamlessly introduced Cardi B's performance.",thegrio.com,2026-06-29,Entertainment,Odafe Oghen,https://thegrio.com/2026/06/29/keke-palmer-bet-awards-druski-host-mic-moment/
Teyana Taylor breaks down as Janet Jackson honors her at the BET Awards,"Janet Jackson surprised Teyana Taylor with the Icon of the Year award at the 2026 BET Awards, capping a four win night for Taylor.",thegrio.com,2026-06-29,Entertainment,Bolarinwa Oladeji,https://thegrio.com/2026/06/29/janet-jackson-surprise-teyana-taylor-bet-awards-icon/
Protesters confront Jake Lang outside the BET Awards in viral video,"Video shows demonstrators challenging Lang outside the awards show, sparking widespread reactions and debate across social media.",thegrio.com,2026-06-29,News,Bolarinwa Oladeji,https://thegrio.com/2026/06/29/jake-lang-protest-bet-awards-los-angeles/
Kehlani reflects on longtime bond with Jamie Foxx after emotional BET Awards toast,Kehlani reflected on her longtime bond with Jamie Foxx after he toasted her BET Awards performance and praised her journey from young artist to star.,thegrio.com,2026-06-29,Entertainment,Bobby Pen,https://thegrio.com/2026/06/29/kehlani-jamie-foxx-bet-awards-toast/
Family and community honor 1-year-old shot and killed by police in Mississippi,Kohen Wiley’s family and community gathered for funeral weeks after Senatobia police shot and killed the baby.,thegrio.com,2026-06-29,Lifestyle,Kay Wicker,https://thegrio.com/2026/06/29/family-and-community-honor-1-year-old-shot-and-killed-by-police-in-mississippi/
Kirk Franklin confronts heckler after canceled Philadelphia concert,Kirk Franklin’s headlining appearance during the “Gospel on Independence” concert was canceled on Sunday due to inclement weather.,thegrio.com,2026-06-29,Entertainment,Kay Wicker,https://thegrio.com/2026/06/29/kirk-franklin-confronts-heckler-after-canceled-philadelphia-concert/
"Imani, Swayvo and Morocco pay emotional tribute to their late father D’Angelo at 2026 BET Awards","Less than a year after his death, his children took the stage alongside friends and collaborators to celebrate his life and legacy.",thegrio.com,2026-06-29,Entertainment,Bolarinwa Oladeji,https://thegrio.com/2026/06/29/dangelo-kids-tribute-2026-bet-awards/
Supreme Court says not so fast to Trump’s attempt to fire Fed Bank’s first Black governor Lisa Cook,"Despite granting Trump broad authority to fire individuals on independent agencies, the court ruled Lisa Cook's case had a higher bar.",thegrio.com,2026-06-29,Politics,Gerren Keith Gaynor,https://thegrio.com/2026/06/29/supreme-court-trump-lisa-cook/
5 moments from the 2026 BET Awards that had everybody talking,"From Ms. Lauryn Hill’s tribute to Janet Jackson surprising Teyana Taylor, here are 5 moments from the BET Awards that had everybody talking.",thegrio.com,2026-06-29,Entertainment,Bobby Pen,https://thegrio.com/2026/06/29/2026-bet-awards-top-moments/
O.J. Simpson won’t be honored as a Buffalo Bills legend at team’s new stadium,"The Buffalo Bills are declining to honor O.J. Simpson at their new stadium, after previously having him as part of their Wall of Fame.",thegrio.com,2026-06-29,Sports,Brandon Caldwell,https://thegrio.com/2026/06/29/oj-simpson-buffalo-bills-highmark-stadium/
How NPR’s Tiny Desk Concert Series gave BET its flowers for Black Music Month,"NPR Music set out to craft a love letter to BET for Black Music Month, across several genres and uplifting a legacy brand in the process.",thegrio.com,2026-06-29,Entertainment,Brandon Caldwell,https://thegrio.com/2026/06/29/npr-tiny-desk-concert-series-bet-black-music-month/
The best and brightest Black stars on the 2026 BET Awards red carpet,"The 2026 BET Awards, culture’s biggest night, brought out the stars, the style, and many unforgettable moments.",thegrio.com,2026-06-29,Style,Kay Wicker,https://thegrio.com/2026/06/29/the-best-and-brightest-black-stars-on-the-2026-bet-awards-red-carpet/
"Mother Khadijah Farrakhan, wife of Minister Louis Farrakhan, dies at age 90","Khadijah Farrakhan, the wife of NOI leader Min. Louis Farrakhan for 72 years, has died. She was 90 years old.",thegrio.com,2026-06-27,Lifestyle,Brandon Caldwell,https://thegrio.com/2026/06/27/khadijah-farrakhan-minister-louis-farrakhan-wife-dies/
"Missy Elliott cries, Druski C-walks and Jermaine Dupri calls on Black creators to take control at Culture Creators brunch","Missy Elliott, Druski, Jermaine Dupri and others helped make the 10th annual Culture Creators brunch a celebration of Black legacy and creative control.",thegrio.com,2026-06-27,Entertainment,Bobby Pen,https://thegrio.com/2026/06/27/culture-creators-awards-brunch-missy-elliott-druski-jermaine-dupri/
Twista faces five years in prison after pleading guilty to $440K in tax evasion,Former Roc-A-Fella rapper Twista pled guilty earlier this week to five counts of misdemeanor tax evasion and faces five years in prison.,thegrio.com,2026-06-27,Entertainment,Brandon Caldwell,https://thegrio.com/2026/06/27/twista-pleads-guilty-tax-evasion/
I visited Baltimore for AFRAM. Here’s why I’ll be back.,"Planning a trip to Baltimore? Here's a guide to the best places to stay, eat and explore after my first visit.",thegrio.com,2026-06-27,Featured,Jahaura Michelle,https://thegrio.com/2026/06/27/baltimore-first-visit-afram-experience/
Kagan puts Trump’s most inflammatory remarks about Haitians into Supreme Court record,Justice Elena Kagan put President Donald Trump’s most racist and inflammatory remarks over the last decade about Haitians into permanent record Thursday.,thegrio.com,2026-06-27,Politics,Brandon Caldwell,https://thegrio.com/2026/06/27/kagan-dissent-supreme-court-haitians/
"North Carolina Governor, advocacy groups condem Confederate Flag being featured in exhibit at Great American State Fair",Governor Josh Stein and others are slamming the use of the Confederate flag at North Carolina's exhibit at the Great American State Fair.,thegrio.com,2026-06-27,News,Brandon Caldwell,https://thegrio.com/2026/06/27/governor-blasts-confederate-flag-used-great-american-state-flag/
Cape Verde makes World Cup history as smallest country to reach knockout rounds,"Cape Verde is continuing the moment for African nations in the World Cup, becoming the smallest country ever to reach the Round of 32.",thegrio.com,2026-06-27,Sports,Brandon Caldwell,https://thegrio.com/2026/06/27/cape-verde-smallest-nation-world-cup-knockout-rounds/
Gov. Wes Moore flexes political muscle with successful boost of Black candidates,A wave of major endorsements from Wes Moore underscored how America's only Black governor continues to exert his political influence.,thegrio.com,2026-06-26,Politics,Gerren Keith Gaynor,https://thegrio.com/2026/06/26/gov-wes-moore-flexes-political-muscle-with-boost-of-black-candidates/
"Harold Wheeler, Broadway icon and ‘Dancing With the Stars’ musical director, dies at 82",The Tony-winning orchestrator shaped dozens of Broadway productions and worked with legends from Nina Simone to Burt Bacharach.,thegrio.com,2026-06-26,Featured,Peter Kerich,https://thegrio.com/2026/06/26/harold-wheeler-broadway-icon-and-dancing-with-the-stars-musical-director-dies-at-82/
Questions surrounding To’nea Miller’s death prompt official response from Miami-Dade authorities,Authorities say detectives conducted a thorough investigation and found no evidence of foul play as questions persist on social media.,thegrio.com,2026-06-26,News,Bolarinwa Oladeji,https://thegrio.com/2026/06/26/tonea-miller-case-tania-francois-online-pressure-answers/
Zohran Mamdani scores major win as NYC approves rent freeze for nearly 1 million apartments,The Rent Guidelines Board approved a citywide rent freeze for eligible lease renewals beginning this fall after a 7-1 vote.,thegrio.com,2026-06-26,Featured,Peter Kerich,https://thegrio.com/2026/06/26/new-york-city-rent-freeze-approved/
Barack Obama reflects on the lasting impact of his historic presidency,Obama’s first Black president reflection appears in a new People exclusive tied to his presidential center opening.,thegrio.com,2026-06-26,Featured,Odafe Oghen,https://thegrio.com/2026/06/26/obama-first-black-president-people-exclusive/
Brandee Evans opens up about caregiver guilt after her mother’s injury: ‘Trust your instincts’,The actress said she doesn't believe the caregiver acted with malicious intent but admits she's struggling to forgive herself.,thegrio.com,2026-06-26,News,Bolarinwa Oladeji,https://thegrio.com/2026/06/26/brandee-evans-mother-caregiving-injury-instincts/
"James Talarico, working to win over Black voters, endorsed by Omega Network for Action in US Senate race","Talarico secures backing from an organization affiliated with Omega Psi Phi Fraternity, Inc., one of the nation's top Black fraternities.",thegrio.com,2026-06-26,Politics,Gerren Keith Gaynor,https://thegrio.com/2026/06/26/texas-james-talarico-endorsed-by-omega-network-for-action/
"Chlöe Bailey and Lynn Whitfield are ‘really tussling’ in new film, ‘Strung’",Chlöe Bailey breaks down what it took for her to get into her starring role in Malcolm D. Lee’s new film “Strung.”,thegrio.com,2026-06-26,Entertainment,Kay Wicker,https://thegrio.com/2026/06/26/chloe-bailey-and-lynn-whitfield-are-really-tussling-in-new-film-strung/
Rooting for everybody Black at the World Cup is more complicated (and more beautiful) than you think,"The 2026 World Cup is reminding Americans of something their schools never did: Black people are everywhere, from Ghana to Switzerland.",thegrio.com,2026-06-26,Sports,Haniyah P.,https://thegrio.com/2026/06/26/rooting-for-everybody-black-at-the-world-cup-is-more-complicated-and-more-beautiful-than-you-think/
Megyn Kelly attacks Haitian immigrants following Supreme Court TPS decision: ‘Go back to Haiti’,"The Megyn Kelly Haiti rant came hours after the Supreme Court upheld Trump’s termination of TPS for 350,000 Haitians.",thegrio.com,2026-06-26,News,Odafe Oghen,https://thegrio.com/2026/06/26/megyn-kelly-haiti-rant-tps-supreme-court-ruling/
Parents of former NFL player Doug Martin file wrongful death lawsuit against city of Oakland,The parents of former NFL All-Pro Doug Martin have filed a wrongful death lawsuit against the city of Oakland and others related to his 2025 death.,thegrio.com,2026-06-26,News,Brandon Caldwell,https://thegrio.com/2026/06/26/doug-martin-wrongful-death-lawsuit-oakland/
Ohio mother questions ‘fairness’ of justice system after son’s killer avoids life sentence,"Before her son's killer was sentenced to 37 years, Latissa Perryman wondered why Christopher Manning couldn't get life.",thegrio.com,2026-06-26,News,Brandon Caldwell,https://thegrio.com/2026/06/26/ohio-mother-questions-sentence-christopher-manning/
Haiti didn’t need to win the World Cup to make history,"Haiti may be disqualified, but its return to the World Cup gave Haitians something they've been waiting decades to celebrate.",thegrio.com,2026-06-26,Lifestyle,Haniyah P.,https://thegrio.com/2026/06/26/haiti-didnt-need-to-win-the-world-cup-to-make-history/
"Zaire Wade, oldest son of Dwyane Wade, arrested on felony domestic violence charge","Zaire Wade, the son of Miami Heat legend Dwyane Wade, was arrested Sunday on felony domestic violence charges in California.",thegrio.com,2026-06-26,News,Brandon Caldwell,https://thegrio.com/2026/06/26/zaire-wade-arrested-felony-domestic-violence-charges/
Our favorite ‘producer’ of ‘Love Island USA’ is Mike Gauyo,TV writer Mike Gauyo opens up to theGrio about his hit “Love Island USA” skits and all of the drama on the hit dating series.,thegrio.com,2026-06-26,Lifestyle,Kay Wicker,https://thegrio.com/2026/06/26/our-favorite-producer-of-love-island-usa-is-mike-gauyo/
Tia Mowry believes ‘manifestation’ led her to finding love again: ‘He’s so wonderful’,How did Tia Mowry find love again after divorce? The actress tells SiriusXM that it was all about manifesting her man.,thegrio.com,2026-06-26,Lifestyle,Brandon Caldwell,https://thegrio.com/2026/06/26/tia-mowry-manifest-love-javone-williams/
Lionel Richie cuts opening night concert short after feeling dizzy onstage,Lionel Richie concert cut short on the opening night in Minnesota after experiencing dizziness onstage potentially from dehydration.,thegrio.com,2026-06-25,Entertainment,Peter Kerich,https://thegrio.com/2026/06/25/lionel-richie-cuts-opening-night-concert-short-after-feeling-dizzy-onstage/
Melanie Fiona returns to her Guyanese roots to inspire the next generation of women leaders,"Melanie Fiona discusses returning to her Guyanese roots, women's leadership, personal growth and the power of trusting intuition.",thegrio.com,2026-06-25,Featured,Jahaura Michelle,https://thegrio.com/2026/06/25/melanie-fiona-returns-to-her-guyanese-roots-to-inspire-the-next-generation-of-women-leaders/
Detroit Lions’ Terrion Arnold accused of orchestrating violent retaliation over alleged theft,"Police say the cornerback believed three men stole more than $250,000 in property, but investigators later determined they were not involved.",thegrio.com,2026-06-25,Entertainment,Bolarinwa Oladeji,https://thegrio.com/2026/06/25/terrion-arnold-arrest-kidnapping-armed-robbery-florida/
‘An attack on change’: T-Pain reflects on Jay-Z’s ‘D.O.A.’ and the initial criticism towards AutoTune,"T-Pain reflected on the criticism he received for using AutoTune in his music, which included a diss from Jay-Z.",thegrio.com,2026-06-25,Entertainment,Nhari Djan,https://thegrio.com/2026/06/25/an-attack-on-change-t-pain-reflects-on-initial-criticism-toward-autotune-and-jay-zs-d-o-a/
Sheila Johnson’s Salamander DC hotel could soon become a Marriott property,The luxury hotel may join Marriott's portfolio as owners look to tap into the company's global customer base and loyalty program.,thegrio.com,2026-06-25,Business,Haniyah P.,https://thegrio.com/2026/06/25/sheila-johnsons-salamander-dc-hotel-could-soon-become-a-marriott-property/
LaVar Ball announces split from wife of 30 years,"Lavar Ball revealed on a livestream with content creator N3on that he and his wife, Tina Ball, have split after 30 years of marriage.",thegrio.com,2026-06-25,Lifestyle,Nhari Djan,https://thegrio.com/2026/06/25/lavar-ball-announces-split-from-wife-of-30-years/
Black travelers are leaving the group chat behind this summer as solo travel rises,BLK dating app releases the 2026 “BLK Summer Travel Report” detailing how and why Black travelers are venturing out.,thegrio.com,2026-06-25,Lifestyle,Kay Wicker,https://thegrio.com/2026/06/25/black-travelers-are-leaving-the-group-chat-behind-this-summer-as-solo-travel-rises/
Aaliyah to be honored by Missy Elliott during Essence Fest tribute,Missy Elliott will curate a tribute to honor the late singer and actress Aaliyah at this year's Essence Fest.,thegrio.com,2026-06-25,Entertainment,Nhari Djan,https://thegrio.com/2026/06/25/aaliyah-to-be-honored-by-missy-elliott-during-essence-fest-tribute/
How CNN’s René Marsh turned personal loss into a children’s book about change,"CNN correspondent René Marsh discusses how nature helped her navigate grief and inspired her new children's book, ""The Nature of Change.""",thegrio.com,2026-06-25,Featured,Jahaura Michelle,https://thegrio.com/2026/06/25/how-cnns-rene-marsh-turned-personal-loss-into-a-childrens-book-about-change/
JAŸ-Z is taking fans inside his legacy with a new HBO docuseries,JAŸ-Z continues his album's 30th anniversary celebrations with an upcoming eight-part HBO documentary series titled “JAŸ-Z in 8.”,thegrio.com,2026-06-25,Entertainment,Haniyah P.,https://thegrio.com/2026/06/25/jay-z-is-taking-fans-inside-his-legacy-with-a-new-hbo-docuseries/
Misty Copeland reflects on dancing through pain for her historic ‘Firebird’ performance,Misty Copeland opens up about dancing through pain and what her historic performance in “The Firebird” did for ballet.,thegrio.com,2026-06-25,Lifestyle,Kay Wicker,https://thegrio.com/2026/06/25/misty-copeland-reflects-on-dancing-through-pain-for-her-historic-firebird-performance/
"Supreme Court rules Trump move to deport 350,000 Haitians isn’t about race. Critics pull out the receipts","""At every turn, we see this administration undertaking policy motivated by a toxic combination of racism,"" said Kristen Clarke of NAACP.",thegrio.com,2026-06-25,Politics,Gerren Keith Gaynor,https://thegrio.com/2026/06/25/supreme-court-trump-deport-haitians-race/
Maxine Waters slams ‘racist’ Trump over stalled housing bill aiding Black Americans,Waters sits down with theGrio to discuss the hard-won 21st Century ROAD to Housing Act and how it unlocks opportunity for Black Americans.,thegrio.com,2026-06-25,Politics,Gerren Keith Gaynor,https://thegrio.com/2026/06/25/maxine-waters-slams-racist-trump-housing-bill-black-americans/
"Red’s Punch breaks silence on viral Knicks parade fight: ‘If you know New York, it’s New York’","The Reds Punch Knicks parade brawl went viral, and Reds says racial slurs from her attacker sparked the altercation.",thegrio.com,2026-06-25,Featured,Odafe Oghen,https://thegrio.com/2026/06/25/reds-punch-knicks-parade-brawl-racial-slurs-merchandise/
Whitney Houston’s estate pushes back on Oprah Winfrey’s account of 2009 fall,The Whitney Houston estate has challenged Oprah Winfrey’s claim that the singer’s 2009 stage fall was linked to drug use.,thegrio.com,2026-06-25,Featured,Peter Kerich,https://thegrio.com/2026/06/25/whitney-houston-estate-disputes-oprah-stage-fall-claim/
Angela Simmons reveals why she waited until 28 to lose her virginity: ‘I got to really know people’,"Angela Simmons shares why she chose abstinence until age 28, revealing how her father Rev Run, faith and personal values shaped her decision.",thegrio.com,2026-06-25,News,Bolarinwa Oladeji,https://thegrio.com/2026/06/25/angela-simmons-waited-until-28-to-lose-virginity/
"While America celebrates 250 years, Wale brought Juneteenth home with a celebration of Black D.C.","The DMV rapper’s two-day concert series spotlighted local artists, go-go culture and the enduring spirit of Washington’s ""Chocolate City.""",thegrio.com,2026-06-24,Entertainment,Haniyah P.,https://thegrio.com/2026/06/24/while-america-celebrates-250-years-wale-brought-juneteenth-home-with-a-celebration-of-black-d-c/
How Dr. Rosa Clemente’s online seminar confronts anti-Blackness in Puerto Rican and Latino communities,"Rosa Clemente's Black Puerto Rican seminar explores anti-Blackness, identity and community through political education.",thegrio.com,2026-06-24,Featured,Jahaura Michelle,https://thegrio.com/2026/06/24/how-dr-rosa-clementes-online-seminar-confronts-anti-blackness-in-puerto-rican-and-latino-communities/
"Keke Palmer joins BET Board of Advisors alongside Queen Latifah, LL Cool J, and others","Keke Palmer is joining LL Cool J, Queen Latifah and BET founder Bob Johnson on the network's newly minted Board of Advisors.",thegrio.com,2026-06-24,Entertainment,Brandon Caldwell,https://thegrio.com/2026/06/24/keke-palmer-bet-board-of-advisors/
"Target’s sales may be up, but Nekima Levy Armstrong says the boycott isn’t over","As Target reports better-than-expected first quarter sales, Nekima Levy Armstrong explains where the boycott is now.",thegrio.com,2026-06-24,Lifestyle,Kay Wicker,https://thegrio.com/2026/06/24/targets-sales-are-up-but-civil-rights-attorney-and-activist-nekima-levy-armstrong-says-the-boycott-is-far-from-over/
Mayor Brandon Scott says Baltimore continues to shape Black America,"Mayor Brandon Scott reflected on Baltimore's role in shaping Black history, politics and leadership during AFRAM's 50th celebration.",thegrio.com,2026-06-24,Featured,Jahaura Michelle,https://thegrio.com/2026/06/24/brandon-scott-baltimore-black-america/
‘A suite in his head’: Barack Obama speaks candidly on Trump’s ‘fascination’ with him and why he considers it ‘strange’,"In a new interview with ""All The Smoke,"" former President Obama spoke candidly about Donald Trump's 'fascination' with him,",thegrio.com,2026-06-24,Politics,Brandon Caldwell,https://thegrio.com/2026/06/24/barack-obama-donald-trump-fascination-all-the-smoke-interview/
Dems demand Trump ‘sign the damn bill’ as he reverses course on affordable housing legislation,"The 21st Century ROAD to Housing Act would help make homeownership more affordable, lower rent costs, and address other housing barriers.",thegrio.com,2026-06-24,Politics,Gerren Keith Gaynor,https://thegrio.com/2026/06/24/democrats-demand-trump-to-sign-the-damn-bill-housing/
Barack & Michelle Obama’s Higher Ground prep animiated series with Disney as Netflix deal winds down,"The Obama's are pivoting. After eight years and 20-plus projects with Netflix, their Higher Ground Productions will go independent.",thegrio.com,2026-06-24,Entertainment,Brandon Caldwell,https://thegrio.com/2026/06/24/obama-higher-ground-productions-disney-netflix-deal/
"Big Tigger issues statement on recent arrest, says ‘truth will come to light’ as investigation details emerge",Radio host Big Tigger has denied all allegations against him stemming from a June 20 arrest tied to an alleged domestic incident at his home.,thegrio.com,2026-06-24,Entertainment,Brandon Caldwell,https://thegrio.com/2026/06/24/big-tigger-breaks-silence-recent-arrest/
‘Life two’: Louisiana man becomes first in state to be functionally cured of sickle cell disease,Daniel Cressy’s groundbreaking gene therapy treatment is opening new possibilities for patients living with the inherited blood disorder.,thegrio.com,2026-06-24,News,Bolarinwa Oladeji,https://thegrio.com/2026/06/24/louisiana-man-functionally-cured-sickle-cell-disease-daniel-cressy/
5 top moments from the 2026 NBA draft,"From fathers getting their flowers to legacies continuing to emotional embraces with mothers, the 2026 NBA draft tugged at the heartstrings.",thegrio.com,2026-06-24,Entertainment,Kay Wicker,https://thegrio.com/2026/06/24/5-top-moments-from-the-2026-nba-draft/
Josh Hokit says racist and transphobic insult of Michelle Obama was a ‘compliment’,"Hokit said he does not regret his infamous remarks about America's first Black First Lady, claiming he did it as an exercise of free speech.",thegrio.com,2026-06-24,Politics,Gerren Keith Gaynor,https://thegrio.com/2026/06/24/josh-hokit-michelle-obama-insult-a-compliment/
Mamdani-backed challengers defeat NYC political heavyweights in primary shakeup,"Mamdani-backed candidates scored major victories in New York City's Democratic primaries, defeating their rivals ahead of the 2026 midterms.",thegrio.com,2026-06-24,Politics,Peter Kerich,https://thegrio.com/2026/06/24/mamdani-backed-candidates-nyc-democratic-primaries/
Barack and Michelle Obama open up about the love story that built a legacy in new interview,"From a crappy apartment on 53rd Street to 1600 Pennsylvania Avenue, Barack and Michelle Obama remind us why their love story never gets old.",thegrio.com,2026-06-24,Featured,Haniyah P.,https://thegrio.com/2026/06/24/barack-and-michelle-obama-open-up-about-the-love-story-that-built-a-legacy-in-new-interview/
LeBron James says daughter Zhuri’s Father’s Day card brought him to tears,"The NBA superstar shared an emotional message about fatherhood, family and the impact his children have had on his life.",thegrio.com,2026-06-24,Featured,Odafe Oghen,https://thegrio.com/2026/06/24/lebron-james-zhuri-fathers-day-card-tears-instagram/
Marley Dias wants Black children to know the stories that made them possible,"Marley Dias reflects on family history, Black representation and the inspiration behind her new book, ""I Am the Dream Come True.""",thegrio.com,2026-06-24,Books,Jahaura Michelle,https://thegrio.com/2026/06/24/marley-dias-wants-black-children-to-know-the-stories-that-made-them-possible/
Family files wrongful death lawsuit alleging hazing ritual led to Wilberforce University freshman’s death,Savanna Jones’ family says she became dangerously unresponsive during an initiation ritual and did not receive medical assistance.,thegrio.com,2026-06-24,News,Bolarinwa Oladeji,https://thegrio.com/2026/06/24/wilberforce-university-savanna-jones-hazing-lawsuit/
Brandon Marshall sparks debate after sharing video of son’s 2 a.m. punishment run: ‘This is my son not my friend’,"The former NFL star filmed his son running alongside his vehicle at 2 a.m., drawing both praise and criticism from viewers.",thegrio.com,2026-06-23,News,Bolarinwa Oladeji,https://thegrio.com/2026/06/23/brandon-marshall-2am-punishment-run-son-backlash/
Kohen Wiley’s family demands independent autopsy and release of police video,The Kohen Wiley independent autopsy will examine the bullet trajectory to verify or disprove the police account.,thegrio.com,2026-06-23,News,Odafe Oghen,https://thegrio.com/2026/06/23/kohen-wiley-independent-autopsy-ben-crump-senatobia-mississippi/
"‘It ain’t worth it, bro’: Defendants in Foolio killing offer remorse, warnings and final words before sentencing","From “The streets are not the way” to “It ain’t worth it,” defendants reflected on choices, consequences and lost futures.",thegrio.com,2026-06-23,News,Bolarinwa Oladeji,https://thegrio.com/2026/06/23/foolio-killers-sentenced-life-prison-streets-not-the-way/
"‘Who’s Your Ma Honey?’ Teri Williams, Suzan McDowell speak on finding strength in your shame","Terri Williams and Suzan McDowell discuss how confronting shame can build confidence, strengthen identity and inspire growth.",thegrio.com,2026-06-23,Featured,Jahaura Michelle,https://thegrio.com/2026/06/23/whos-your-ma-honey-teri-williams-suzan-mcdowell-speak-on-finding-strength-in-your-shame/
Scientists warn proposed Trump-era grant rule could threaten health disparities research,NIH health disparities research: Scientists warn a proposed federal rule could affect NIH health disparities research funding.,thegrio.com,2026-06-23,Featured,Peter Kerich,https://thegrio.com/2026/06/23/nih-health-disparities-research-new-grant-rule/
Indiana professor loses job after showing slide linking MAGA to covert white supremacy,The firing has become a flashpoint in debates over Indiana’s “intellectual diversity” law and classroom speech.,thegrio.com,2026-06-23,Featured,Odafe Oghen,https://thegrio.com/2026/06/23/jessica-adams-indiana-university-firing-maga-white-supremacy/
Ketanji Brown Jackson slams Supreme Court ‘scheme’ in ruling against Rastafarian man over prison cutting his dreadlocks,"""Prisoners like Landor who suffer violations of their religious freedom in state prison...will often be left remediless,"" said Jackson.",thegrio.com,2026-06-23,Politics,Gerren Keith Gaynor,https://thegrio.com/2026/06/23/ketanji-brown-jackson-supreme-court-rastafarian-dreadlocks/
"Leslie Jones reflects on ‘SNL,’ stereotypes and being cast as the ‘angry Black woman’","Leslie Jones says Saturday Night Live creatively limited her by frequently casting her as the stereotypical ""angry"" Black woman.",thegrio.com,2026-06-23,Entertainment,Peter Kerich,https://thegrio.com/2026/06/23/leslie-jones-says-snl-often-cast-her-as-the-angry-black/
‘Jesus doesn’t want us to be perfect’: Romeo Miller reflects on redemption after recommitting his life to God,"Romeo Mill, the actor and father of three, is opening up about the faith journey that led him to be baptized again.",thegrio.com,2026-06-23,News,Bolarinwa Oladeji,https://thegrio.com/2026/06/23/romeo-miller-rebaptized-spiritual-transformation-fathers-day/
NYC Mayor Zohran Mamdani calls out anti-Black narratives in Espaillat vs. Chevalier race,"NYC mayor Mamadani condemned efforts to use “Haitian” as a slur against Rep. Espaillat's challenger, Darializa Avila Chevalier",thegrio.com,2026-06-23,Politics,Haniyah P.,https://thegrio.com/2026/06/23/nyc-mayor-zohran-mamdani-calls-out-anti-black-narratives-in-espaillat-vs-chevalier-race/
French broadcaster apologizes after remarks about Jérémy Doku and childbirth draw outrage,French broadcaster France Pierron apologized after facing backlash for criticizing Belgium star Jeremy Doku's decision to leave the World Cup,thegrio.com,2026-06-23,News,Bolarinwa Oladeji,https://thegrio.com/2026/06/23/france-pierron-apologizes-jeremy-doku-childbirth-comments/
Jalen Brunson to release his first children’s book after leading Knicks to first NBA title since 1973,"Jalen Brunson is adding a new title: children's author. The NBA champion is set to release his first picture book, 'Jalen Plays It All.'",thegrio.com,2026-06-23,Sports,Brandon Caldwell,https://thegrio.com/2026/06/23/jalen-brunson-jalen-plays-it-all-childrens-book/
"Jay-Z is releasing an exclusive vinyl, Jordyn Woods shopping down the aisles? What is going on with the Target boycott?","Sales are growing at Target, and the Black high-profile celebrity collaborations and promotions keep coming.",thegrio.com,2026-06-23,Lifestyle,Kay Wicker,https://thegrio.com/2026/06/23/jay-z-is-releasing-an-exclusive-vinyl-jordyn-woods-shopping-down-the-aisles-what-is-going-on-with-the-target-boycott/
Big Tigger arrested in Georgia on aggravated battery and child cruelty charges,The former BET host faces aggravated battery and child cruelty charges as an ongoing legal matter involving his wife continues.,thegrio.com,2026-06-23,Entertainment,Brandon Caldwell,https://thegrio.com/2026/06/23/big-tigger-arrested-georgia/
‘I had known 200 people that died’: Jennifer Lewis says the AIDS epidemic pushed her to confront her mental health,"In a conversation with Keke Palmer, Jenifer Lewis explains how grief and a nervous breakdown led to a life-changing bipolar diagnosis.",thegrio.com,2026-06-23,Lifestyle,Haniyah P.,https://thegrio.com/2026/06/23/i-had-known-200-people-that-died-jennifer-lewis-says-the-aids-epidemic-pushed-her-to-confront-her-mental-health/
Muni Long opens up about lupus battle and life-saving double lung transplant after being given a week to live,Muni Long says her son inspired her to undergo a double lung transplant after doctors told her she had one week to live.,thegrio.com,2026-06-23,Entertainment,Jahaura Michelle,https://thegrio.com/2026/06/23/muni-long-lupus-double-lung-transplant/
Janeese Lewis George is poised to be DC’s new mayor—and Trump’s next likely political target,"DC’s likely next mayor says she won’t fear Trump and vows to stand up for DC residents; meanwhile, the president",thegrio.com,2026-06-23,Politics,Gerren Keith Gaynor,https://thegrio.com/2026/06/23/janeese-lewis-george-is-poised-to-be-dcs-new-mayor-and-trumps-next-likely-political-target/
‘She would be completely destroyed’: Oprah’s revelation about a heartbreaking Whitney Houston moment highlights an instance of protection and trust,"In a now viral acceptance speech, Oprah is opening up about protecting Whitney Houston in a moment that could have shattered the singer.",thegrio.com,2026-06-23,Entertainment,Brandon Caldwell,https://thegrio.com/2026/06/23/oprah-whitney-houston-2009-fall-protection-cannes/
It is officially Black Girl Dad Week!,"Black Girl Dad Week has officially kicked off in participating cities around the US, celebrating Black daughters and the men who raise them.",thegrio.com,2026-06-23,Lifestyle,Kay Wicker,https://thegrio.com/2026/06/23/it-is-officially-black-girl-dad-week/
Trump has one simple answer for Reflecting Pool debacle: ‘Barack Hussein Obama’,Trump made false claims about Obama as he faces criticisms for a $14 million project that resulted in algae and peeling paint.,thegrio.com,2026-06-22,Politics,Gerren Keith Gaynor,https://thegrio.com/2026/06/22/trump-simple-answer-for-reflecting-pool-debacle-barack-hussein-obama/
‘This is not a drill’: Serena Williams is returning to Wimbledon singles,Serena Williams is returning to Wimbledon singles after accepting a wild-card invitation and will also play doubles with Venus Williams.,thegrio.com,2026-06-22,Sports,Bobby Pen,https://thegrio.com/2026/06/22/serena-williams-wimbledon-singles-wild-card/
Former NBA player Jason Collins to posthumously receive Arthur Ashe Courage Award at 2026 ESPYS,"Jason Collins, the NBA's first openly gay player, will posthumously receive the Arthur Ashe Courage Award at the ESPYS in July.",thegrio.com,2026-06-22,Sports,Brandon Caldwell,https://thegrio.com/2026/06/22/jason-collins-arthur-ashe-courage-award-espys/
‘I’ll never be the same’: Charlotte mother of nine Ronjera Abrahams mourns loss of her husband Carlos one day before Father’s Day,"The Abrahams Quad, a Charlotte family that documented their life as a family of nine, is mourning after the patriarch, Carlos, passed away.",thegrio.com,2026-06-22,Lifestyle,Brandon Caldwell,https://thegrio.com/2026/06/22/carlos-abrahams-abrahams-quad-family-dies/
‘Hope you get help’: Mystikal’s son speaks on his father’s 20-year prison sentence as trial details come to light,"Million Tyler, the son of New Orleans rapper Mysitkal, is speaking out after his father was sentenced to 20 years in prison for rape.",thegrio.com,2026-06-22,News,Brandon Caldwell,https://thegrio.com/2026/06/22/mystikal-son-million-tyler-speaks-20-year-prison-sentence/
Karmelo Anthony gets new legal team to take over his case pro bono as appeal process begins,Karmelo Anthony's appeal process is set to look a bit different as a new legal team has stepped in to work pro bono on his behalf.,thegrio.com,2026-06-22,News,Brandon Caldwell,https://thegrio.com/2026/06/22/karmelo-anthony-new-legal-team/
‘Tasteless’: Cam Newton blasts UFC fighter over Michelle Obama remark at White House event,Cam Newton is the latest prominent former Black athlete to call out UFC fighter Josh Hokit for his remarks about First Lady Michelle Obama.,thegrio.com,2026-06-22,Lifestyle,Brandon Caldwell,https://thegrio.com/2026/06/22/cam-newton-josh-hokit-michelle-obama-remarks-ufc-white-house/
‘They care more’: Knowa De Baraso believes the younger generation is more focused on politics thanks to social media,"The young political commentator has been vocal about combatting misinformation online, especially for his generation of future voters. As the",thegrio.com,2026-06-22,Lifestyle,Brandon Caldwell,https://thegrio.com/2026/06/22/knowa-de-baraso-younger-generation-politics-social-media/
SZA’s music has been used to train AI without her consent. What can she actually do about it?,What can Black artists and content creators do to protect their work from being stolen by AI training data sets and more?,thegrio.com,2026-06-22,Entertainment,Kay Wicker,https://thegrio.com/2026/06/22/szas-music-has-been-used-to-train-ai-without-her-consent-what-can-she-actually-do-about-it/
Jay-Z grew his locs because Blue Ivy needed to see herself,"Jay-Z traded in his low-cut for locs to show his daughter that her hair was beautiful, turning a parenting moment into a beauty lesson.",thegrio.com,2026-06-22,Featured,Haniyah P.,https://thegrio.com/2026/06/22/jay-z-grew-his-locs-because-blue-ivy-needed-to-see-herself/
Ice Cube and Nia Long are headed back for a third ‘Are We There Yet?’ movie,"The new film, titled ‘Are They Gone Yet?,’ will reunite the stars nearly two decades after the family comedy franchise first hit theaters.",thegrio.com,2026-06-22,Entertainment,Peter Kerich,https://thegrio.com/2026/06/22/are-they-gone-yet-ice-cube-nia-long-third-movie/
"Angel Reese makes WNBA history as fastest player to 1,000 rebounds","Angel Reese became the fastest player in WNBA history to reach 1,000 career rebounds as the Atlanta Dream defeated the Indiana Fever.",thegrio.com,2026-06-22,Sports,Bobby Pen,https://thegrio.com/2026/06/22/angel-reese-wnba-rebounds-record/
"‘Poor people activity’: T.I. slams idea of ‘Verzuz,’ years after famously calling out 50 Cent for one","In a recent appearance on the 'Joe Budden Podcast,' T.I. didn't hold his tongue about Verzuz, saying he's past going back and forth with people.",thegrio.com,2026-06-22,Entertainment,Brandon Caldwell,https://thegrio.com/2026/06/22/t-i-calls-verzuz-poor-people-activity-joe-budden-podcast/
"‘We will not rest’: NAACP, The Black Journey, and more, react after court backs removal of Phila. slavery exhibit",The Black Journey and others say they are not backing down after a federal appeals court ruled a slavery exhibit,thegrio.com,2026-06-22,Featured,Kay Wicker,https://thegrio.com/2026/06/22/we-will-not-rest-naacp-the-black-journey-and-more-react-after-court-backs-removal-of-phila-slavery-exhibit/
Meet the billionaire running against Keisha Lance Bottoms in race for Georgia governor,"Here's what Black voters in Georgia should know about Keisha Lance Bottoms's billionaire opponent, Rick Jackson.",thegrio.com,2026-06-22,Politics,Gerren Keith Gaynor,https://thegrio.com/2026/06/22/meet-billionaire-rick-jackson-keisha-lance-bottoms-opponent-georgia-governor/
Latto and her sister Brooke surprised their dad with a brand-new truck for Father’s Day,"The Latto Father’s Day gift was a customized truck, months after she addressed their relationship on Big Mama.",thegrio.com,2026-06-22,Featured,Odafe Oghen,https://thegrio.com/2026/06/22/latto-fathers-day-gift-truck-sister-brooke-big-mama/
"Clive Davis, legendary record executive and hitmaker, dies at 94","Legendary music executive Clive Davis, who helped launch the careers of Whitney Houston, Alicia Keys and Barry Manilow, has died at age 94.",thegrio.com,2026-06-22,Entertainment,Bolarinwa Oladeji,https://thegrio.com/2026/06/22/clive-davis-dead-94-legendary-music-executive/
Sasha and Malia Obama gave us the blueprint for being unapologetically yourself while the world watches,"Growing up under the world's gaze, Malia and Sasha Obama have shown Black girls what freedom can look like.",thegrio.com,2026-06-22,Lifestyle,Haniyah P.,https://thegrio.com/2026/06/22/sasha-and-malia-obama-gave-us-the-blueprint-for-being-unapologetically-yourself-while-the-world-watches/
Judge overturns 1975 conviction of Alabama man who spent 42 years in prison,Ervin Harris successfully challenged his 1975 conviction after a court found advances in eyewitness memory research.,thegrio.com,2026-06-22,News,Bolarinwa Oladeji,https://thegrio.com/2026/06/22/ervin-harris-1975-conviction-overturned-alabama/
Wiz Khalifa shares candid father-son conversation about handling disagreements,The rapper encouraged 13-year-old “Bash” Thomaz to avoid unnecessary fights while reminding him to protect himself if needed.,thegrio.com,2026-06-22,Lifestyle,Bolarinwa Oladeji,https://thegrio.com/2026/06/22/wiz-khalifa-parenting-advice-son-sebastian-fathers-day/
‘It’s a Family Affair’: Beyoncé and Cécred give fans a closer look at Jay-Z’s post-locs transformation,Beyoncé and Cécred give fans a closer look at Jay-Z’s post-locs transformation after his afro turned heads during Roots Picnic.,thegrio.com,2026-06-22,Featured,Bobby Pen,https://thegrio.com/2026/06/22/beyonce-cecred-jay-z-post-locs-transformation/
‘Frivolous’: Tyler Perry’s team fires back at deposition claim in $77M sexual assault lawsuit,Tyler Perry is denying claims that he refused deposition questions about his sexuality in Mario Rodriguez’s $77 million sexual assault lawsuit.,thegrio.com,2026-06-21,Featured,Bobby Pen,https://thegrio.com/2026/06/21/tyler-perry-deposition-sexual-assault-lawsuit/
Barack and Michelle Obama gave Chicago students the sweetest first look inside their new library,"Barack and Michelle Obama surprised Chicago students at the Obama Presidential Center’s new public library, opening on Juneteenth with books, legacy and community at the center.",thegrio.com,2026-06-21,Featured,Bobby Pen,https://thegrio.com/2026/06/21/obama-presidential-center-library-students/
What is Día de los Negros? The Juneteenth celebration that Black Seminole descendants have kept alive in Mexico for over 100 years,The Día de los Negros explainer: how Black Seminole descendants in Mexico have celebrated Juneteenth for over 100 years.,thegrio.com,2026-06-21,Juneteenth,Odafe Oghen,https://thegrio.com/2026/06/21/dia-de-los-negros-explainer-juneteenth-mexico-black-seminoles/
"SZA Blasts AI Music, Says Models Trained On 238 Of Her Songs","SZA is calling out AI music as Warner Bros. Discovery rolls out AI-powered ad tech, raising questions about consent and culture.",thegrio.com,2026-06-21,Featured,Bobby Pen,https://thegrio.com/2026/06/21/sza-ai-music-warner-bros-discovery-ai-advertising/
A Virginia mom wants answers after her 9-year-old dies at swim camp,"King Overton, 9, died after being pulled from a Virginia swim camp pool. His death raises questions about water safety and supervision.",thegrio.com,2026-06-21,News,Bobby Pen,https://thegrio.com/2026/06/21/king-overton-swim-camp-death/
BET to rebrand iconic ‘ComicView’ with new series hosted by Chris ‘CP’ Powell,BET is relaunching its stand-up comedy series 'ComicVIew' with a 10-episode series starting on June 30.,thegrio.com,2026-06-20,Entertainment,Brandon Caldwell,https://thegrio.com/2026/06/20/bet-to-revive-comicview-new-series/
"Baltimore’s AFRAM celebrates 50 years of Black culture, music and community","Baltimore's AFRAM, the largest African American festival on the East Coast, celebrated its 50th year in style.",thegrio.com,2026-06-20,Featured,Jahaura Michelle,https://thegrio.com/2026/06/20/baltimore-afram-festival-50-year-anniversary/
‘Influence isn’t just about entertainment’: Olandria Carthen’s platform goes global in new Rolling Stone Africa cover story,Olandria Carthen’s new Rolling Stone Africa cover story follows her trip to Lagos and shows how the “Love Island USA” breakout is turning fame into purpose.,thegrio.com,2026-06-20,Featured,Bobby Pen,https://thegrio.com/2026/06/20/olandria-carthen-rolling-stone-africa-cover/
‘Cultural force’: Tay Keith’s family issues statement on his passing as hip-hop community mourns,"The family of Tay Keith have issued a statement regarding the Memphis producer's death, cherishing the son and brother they lost.",thegrio.com,2026-06-20,Entertainment,Brandon Caldwell,https://thegrio.com/2026/06/20/tay-keith-family-issues-statement-on-his-death/
Cyrus Carmack-Belton’s family joins Harlem rally after Rick Chow acquittal,Cyrus Carmack-Belton’s family is joining a Harlem rally during Juneteenth weekend after Rick Chow was acquitted in the 14-year-old’s death.,thegrio.com,2026-06-20,News,Bobby Pen,https://thegrio.com/2026/06/20/cyrus-carmack-belton-family-harlem-rally/
Body cam footage of Karmelo Anthony’s arrest released as trial evidence made public by Texas judge,"A Texas court release body cam footage, photos and surveillance footage related to the Karmelo Anthony trial in an act of ""transparency.""",thegrio.com,2026-06-20,News,Brandon Caldwell,https://thegrio.com/2026/06/20/karmelo-anthony-trial-evidence-released/
‘It has never left me’: Morgan Freeman announces blues album rooted in Black music history,"Morgan Freeman has announced a blues album rooted in Black music history, and released “Death Letter Blues” on Juneteenth.",thegrio.com,2026-06-20,Entertainment,Bobby Pen,https://thegrio.com/2026/06/20/morgan-freeman-blues-album-death-letter-blues-juneteenth/
‘It’s like a family reunion’: The 10th Native Son Awards on Juneteenth uplift Blackness and queerness in one space,"The 10th annual Native Son Awards were held on Juneteenth, with Durand Bernarr, Tramell Tillman, and Anthony Hemingway as honorees.",thegrio.com,2026-06-20,Lgbtq+,Nhari Djan,https://thegrio.com/2026/06/20/natvie-son-awards-uplift-queenerness-blacknees-juneteenth/
"Quinta Brunson signs a five-year deal with 20th Television, moving her production company from Warner Bros. to Disney",The Quinta Brunson 20th Television deal is a five-year pact that moves her production company from Warner Bros. to Disney.,thegrio.com,2026-06-19,Television,Odafe Oghen,https://thegrio.com/2026/06/19/quinta-brunson-20th-television-deal-warner-bros-disney/
Kerry Washington says she’s not sure her kids are ready to watch ‘The Whoopi Monologues’,"Kerry Washington told Seth Meyers she is still deciding whether her children should see the production, joking that she doesn't want them",thegrio.com,2026-06-19,Comedy,Bolarinwa Oladeji,https://thegrio.com/2026/06/19/kerry-washington-kids-the-whoopi-monologues/
Ivory Coast star Yan Diomande honors late sister while chasing World Cup dream,"Ivory Coast winger Yan Diomande is shining at the 2026 World Cup while honoring the memory of his late sister, Roxane.",thegrio.com,2026-06-19,News,Bolarinwa Oladeji,https://thegrio.com/2026/06/19/yan-diomande-late-sister-world-cup-dream-ivory-coast/
Ryan Coogler’s Proximity Media heads to Netflix with exclusive deal,Ryan Coogler's Proximity Media has signed a multi-year deal with Netflix to exclusively develop television series after its previous,thegrio.com,2026-06-19,Featured,Bolarinwa Oladeji,https://thegrio.com/2026/06/19/ryan-coogler-proximity-media-netflix-tv-deal/
Peabo Bryson’s family announces private celebration of life,The Peabo Bryson celebration of life will be held Monday at Antioch Baptist Church and livestreamed publicly.,thegrio.com,2026-06-19,Featured,Odafe Oghen,https://thegrio.com/2026/06/19/peabo-bryson-celebration-of-life-atlanta-antioch-baptist/
Poll reveals Barack Obama remains the most popular living U.S. president,"The latest Barack Obama poll from CNN finds him America's most popular living president, ahead of Donald Trump and Joe Biden in favorability.",thegrio.com,2026-06-19,Politics,Peter Kerich,https://thegrio.com/2026/06/19/barack-obama-poll-cnn-trump-biden-favorability/
Bad Bunny becomes first latin artist to reach $1 billion in touring revenue,"Bad Bunny's touring revenue has surpassed $1 billion, making him the first Latin artist to reach the milestone as his World Tour continues.",thegrio.com,2026-06-19,Featured,Peter Kerich,https://thegrio.com/2026/06/19/bad-bunny-touring-revenue-1-billion/
WNBA star A’ja Wilson adds Wheaties box cover to her growing list of achievements,General Mills says Wilson’s dominance on the court and influence off it made her a natural choice for the limited-edition release.,thegrio.com,2026-06-18,Sports,Odafe Oghen,https://thegrio.com/2026/06/18/aja-wilson-wheaties-box-wnba-limited-edition/
Chelsea B. and Protect Our Piece are stitching the power of Black culture into an archive,"This Juneteenth, crochet artist Chelsea B. and “Protect Our Piece,” a living archive, are ensuring Black culture and legacy is preserved.",thegrio.com,2026-06-18,Lifestyle,Haniyah P.,https://thegrio.com/2026/06/18/chelsea-b-and-protect-our-piece-are-stitching-the-power-of-black-culture-into-an-archive/
The top 9 books on June’s BLK Bestsellers list,"The June BLK Bestsellers List features top-selling books by Black authors across adult, juvenile and young adult and poetry categories.",thegrio.com,2026-06-18,Lifestyle,Jahaura Michelle,https://thegrio.com/2026/06/18/the-top-9-books-on-junes-blk-bestsellers-list/
How therapy gave me a new perspective on grief and Father’s Day,"For some, Father's Day is a day to remember and grieve. A writer recalls the moment he learned to properly mourn his first best friend.",thegrio.com,2026-06-18,Lifestyle,Brandon Caldwell,https://thegrio.com/2026/06/18/therapy-grief-fathers-day/
Crowned Skin is making skincare sexy for Black men — and the numbers show it’s working,"After careers at Meta, Google and LinkedIn, Darrell Spencer launched Crowned Skin and built a community around men's grooming and self-care.",thegrio.com,2026-06-18,Featured,Jahaura Michelle,https://thegrio.com/2026/06/18/crowned-skin-is-making-skincare-sexy-for-black-men-and-the-numbers-show-its-working/
"Juneteenth in Hampton: Why one Virginia city is telling America’s freedom story through music, memory and truth","As the nation approaches its 250th birthday, Hampton, Virginia, is reminding America that the story of freedom didn’t just happen",thegrio.com,2026-06-18,Lifestyle,Panama Jackson,https://thegrio.com/2026/06/18/juneteenth-in-hampton-why-one-virginia-city-is-telling-americas-freedom-story-through-music-memory-and-truth/
"Before ‘Sister Act’, before ‘The Color Purple,’ there was ‘The Whoopi Monologues’","‘The Whoopi Monologues,’ Whoopi Goldberg’s groundbreaking one-woman show, is headed to Lincoln Center with a star-studded cast.",thegrio.com,2026-06-18,Entertainment,Kay Wicker,https://thegrio.com/2026/06/18/before-sister-act-before-the-color-purple-there-was-the-whoopi-monologues/
Self-care is actually self-work: Why rest is a radical act of freedom this Juneteenth,"This Juneteenth, Researcher Dr. Breana Turner wants Black communities to add rest and self-care to the liberation conversation.",thegrio.com,2026-06-18,Featured,Haniyah P.,https://thegrio.com/2026/06/18/self-care-is-actually-self-work-why-rest-is-a-radical-act-of-freedom-this-juneteenth/
Mariah Carey to guest star on final season of ‘The Proud Family’ reboot,"Mariah Carey will return to ""The Proud Family"" 23 years after she last appeared on the show as a guest star.",thegrio.com,2026-06-18,Entertainment,Nhari Djan,https://thegrio.com/2026/06/18/mariah-carey-to-guest-star-on-final-season-of-the-proud-family-reboot/
"As Juneteenth approaches, Black Texans revel in the celebration and complications of it being a federal holiday","As Juneteenth expands even more as a federal holiday, Black Texans are mindful of the growth of the holiday, while also being cautious.",thegrio.com,2026-06-18,Featured,Brandon Caldwell,https://thegrio.com/2026/06/18/black-texans-juneteenth-federal-holiday/
Jamaica in talks with U.S. to temporarily take in third-country deportees,"Jamaica is in talks with the U.S. to accept its deportees, the National Security Minister confirming both nations have inked an agreement.",thegrio.com,2026-06-18,Politics,Nhari Djan,https://thegrio.com/2026/06/18/jamaica-in-talks-with-u-s-to-temporarily-take-in-third-country-deportees/
Producer Tay Keith found dead at 29,"Tay Keith, who produced music for artists like Drake, Cardi B, Lil Baby and more has been found dead at age 29.",thegrio.com,2026-06-18,Featured,Nhari Djan,https://thegrio.com/2026/06/18/producer-tay-keith-found-dead-at-29/
"Obama Presidential Center opening brings tears, nostalgia and call to action","""For Black Americans, I think the call to action is clear,"" U.S. Rep. Gabe Amo (D-R.I.), a former Obama White House official, told theGrio.",thegrio.com,2026-06-18,Politics,Gerren Keith Gaynor,https://thegrio.com/2026/06/18/obama-presidential-center-opening-brings-tears-nostalgia-and-call-to-action/
"As a ‘A Different World’ returns, Debbie Allen says Black stories, like Black people, aren’t going anywhere","Debbie Allen, Felicia Pride, and Maleah Joi Moon open up about reimagining “A Different World” for an audience today.",thegrio.com,2026-06-18,Entertainment,Kay Wicker,https://thegrio.com/2026/06/18/as-a-a-different-world-returns-debbie-allen-says-black-stories-like-black-people-arent-going-anywhere/
"Black ‘Matlock’ writer sues CBS, alleges racism, sexual harassment and retaliation","John Lowe, a former writer on CBS' Matlock, has filed a lawsuit alleging racial discrimination, harassment and wrongful termination.",thegrio.com,2026-06-18,Entertainment,Bolarinwa Oladeji,https://thegrio.com/2026/06/18/matlock-writer-john-lowe-lawsuit-cbs-racism-wrongful-firing/
Trump DOJ targets Illinois city’s reparations program for Black residents,"The Evanston reparations DOJ challenge targets the nation’s first reparations program, calling it unconstitutional.",thegrio.com,2026-06-18,News,Odafe Oghen,https://thegrio.com/2026/06/18/evanston-reparations-doj-trump-illinois-housing-program-2/
International African American Museum in South Carolina furloughs entire staff amid funding pressures,The IAAM furlough affects all staff in staggered 20-day increments as Charleston’s African American museum navigates financial pressure.,thegrio.com,2026-06-18,Featured,Odafe Oghen,https://thegrio.com/2026/06/18/iaam-furlough-international-african-american-museum-charleston/
Officer placed on leave after fatal shooting of 1-year-old Kohen Wiley sparks protests in Mississippi,"Demonstrators continue to demand body camera, dash camera and surveillance footage following the death of the Mississippi toddler.",thegrio.com,2026-06-18,News,Bolarinwa Oladeji,https://thegrio.com/2026/06/18/officer-placed-on-leave-after-fatal-shooting-of-kohen-wiley/
Black family gathering in Georgia turns violent after alleged racist attack,"Relatives say a man shouted the N-word, returned armed and opened fire on a family reunion attended by children and elderly family members.",thegrio.com,2026-06-17,News,Bolarinwa Oladeji,https://thegrio.com/2026/06/17/georgia-family-reunion-shooting-racial-slurs-jeffrey-tyler-kinzer/
Haitian asylum seeker Daphy Michel died days after leaving ICE custody. Her death is now ruled a homicide,"Officials ruled Daphy Michel's death a homicide, citing actions or inaction by others, though the finding does not determine criminal guilt.",thegrio.com,2026-06-17,News,Odafe Oghen,https://thegrio.com/2026/06/17/daphy-michel-homicide-ruling-ice-pittsburgh-hypothermia/
"Russell Wilson reflects on knowing Ciara was ‘the one,’ how faith and relationship non-negotiables led him to her","Wilson says faith, prayer and a list of five relationship non-negotiables helped shape the love story he now shares with Ciara.",thegrio.com,2026-06-17,News,Bolarinwa Oladeji,https://thegrio.com/2026/06/17/russell-wilson-knew-ciara-was-the-one-five-non-negotiables/
"Michelle Obama honors her mother, Marian Robinson, with a deeply personal fashion statement",Michelle Obama brought her late mother Marian Robinson into the Obama Presidential Center through a custom skirt with her portrait.,thegrio.com,2026-06-17,Style,Haniyah P.,https://thegrio.com/2026/06/17/michelle-obama-honors-her-mother-marian-robinson-with-a-deeply-personal-fashion-statement/
"How a 1910 report erased 35,000 Black doctors and still affects Black healthcare more than a century later",Abraham Flexner's report on medical education shaped modern medical schools as we know it. It also helped bring forth systemic racism in medicine.,thegrio.com,2026-06-17,Education,Brandon Caldwell,https://thegrio.com/2026/06/17/flexner-report-erased-black-doctors-black-medical-schools/
Mississippi officer involved in shooting death of one-year-old Kohen Wiley placed on leave,The officer involved in the shooting death of one-year-old Kohen Wiley in Mississippi has been placed on administrative leave.,thegrio.com,2026-06-17,News,Brandon Caldwell,https://thegrio.com/2026/06/17/officer-on-leave-kohen-wiley-shooting-mississippi/
Knicks owner James Dolan says team will be first NBA champion to visit Trump White House,"The NBA champion Knicks are set to be the first NBA team to visit the Trump White House, according to team owner James Dolan.",thegrio.com,2026-06-17,Politics,Brandon Caldwell,https://thegrio.com/2026/06/17/new-york-knicks-visit-trump-white-house/
Black reality TV stars who’ve impacted the culture (and deserve their flowers),"From NeNe Leakes to Tiffany Pollard, these Black reality TV stars shaped pop culture, created iconic moments, and changed television forever.",thegrio.com,2026-06-17,Entertainment,Haniyah P.,https://thegrio.com/2026/06/17/black-reality-tv-stars-whove-impacted-the-culture-and-deserve-their-flowers/
Olamide Olowe is embracing failure in real time and customers are here for it,Olamide Olowe opens up about failing in real time during the relaunch of Bread Beauty Supply after acquiring the brand last year.,thegrio.com,2026-06-17,Lifestyle,Kay Wicker,https://thegrio.com/2026/06/17/olamide-olowe-is-embracing-failure-in-real-time-and-customers-are-here-for-it/
Disturbing ‘Natasha’ trend draws backlash for emphasizing violence and racism,"The ""Natasha"" doll trend in China has spurned backlash globally for its depiction of violence against a Black baby doll",thegrio.com,2026-06-17,Lifestyle,Brandon Caldwell,https://thegrio.com/2026/06/17/natasha-doll-trend-china-racism/
Did Tom Holland just confirm he and Zendaya are married?,The actor raised eyebrows after suggesting family members were present at a wedding that neither he nor Zendaya have publicly confirmed.,thegrio.com,2026-06-17,Featured,Odafe Oghen,https://thegrio.com/2026/06/17/tom-holland-zendaya-marriage-confirmed-esquire-uk/
President Trump calls Obama a ‘stupid son of a b—h’ over Iran crisis,"Trump claimed Iranians ""laughed at Obama"" as he defended his deal in a long and winding effort to end the U.S. war in Iran.",thegrio.com,2026-06-17,Politics,Gerren Keith Gaynor,https://thegrio.com/2026/06/17/president-trump-calls-obama-a-stupid-son-of-a-b-h-over-iran-crisis/
Family at center of IVF mix-up reaches agreement with child’s biological parents,"An IVF embryo mix-up led a Florida couple to discover their newborn wasn't genetically theirs, but will remain the child’s custodial parents.",thegrio.com,2026-06-17,Featured,Peter Kerich,https://thegrio.com/2026/06/17/florida-couple-keep-baby-ivf-embryo-mix-up-custody-agreement/
Serena and Venus Williams are returning to Wimbledon doubles. A look back at their legendary run together,Serena and Venus Williams will return to Wimbledon playing doubles on a wild-card invitation together for the first time in a decade.,thegrio.com,2026-06-17,Entertainment,Kay Wicker,https://thegrio.com/2026/06/17/serena-and-venus-williams-are-returning-to-wimbledon-doubles-a-look-back-at-their-legendary-run-together/
"Kamala Harris says if she were president, Iran war would look very different","""This is a president who has proven himself to be entirely self-indulgent,"" said the former vice president while speaking in Vienna, Austria.",thegrio.com,2026-06-17,Politics,Gerren Keith Gaynor,https://thegrio.com/2026/06/17/kamala-harris-says-if-she-were-president-iran-war-would-look-very-different/
Floyd Mayweather faces felony charges over alleged $200K bad check for luxury watch,"Prosecutors allege the boxer wrote a $200,000 check with insufficient funds to purchase a luxury watch from a Las Vegas resale retailer.",thegrio.com,2026-06-17,Featured,Peter Kerich,https://thegrio.com/2026/06/17/floyd-mayweather-felony-charges-check-fraud-las-vegas/
The myth that ‘Black people don’t swim’ is still costing lives—especially those of young people.,"Data shows Black children drown at significantly higher rates than their white peers, a disparity tied to access, history, and opportunity.",thegrio.com,2026-06-16,Lifestyle,Haniyah P.,https://thegrio.com/2026/06/16/the-myth-that-black-people-dont-swim-is-still-costing-lives-especially-those-of-young-people/
Perfect gift: Jalen Brunson’s Knicks triumph ensures dad Rick Brunson gets elusive NBA championship ring,"Jalen Brunson not only won a title, he gave his dad, current Knicks assistant Rick, the perfect birthday and Father's Day gift.",thegrio.com,2026-06-16,Sports,Brandon Caldwell,https://thegrio.com/2026/06/16/jalen-brunson-rick-brunson-fathers-day-nba-title/
"Laz Alonso questions U.S. citizenship test, says Civil Rights movement is missing from America’s story","Actor Laz Alonso questions why the U.S. citizenship test completely excludes the Civil Rights Movement, sparking discussion on Black history.",thegrio.com,2026-06-16,Featured,Peter Kerich,https://thegrio.com/2026/06/16/laz-alonso-us-citizenship-test-civil-rights-omission/
Marshawn Kneeland’s girlfriend Catalina Mancera welcomes baby Makhai seven months after the Dallas Cowboys player’s death,"Marshawn Kneeland's girlfriend Catalina Mancera announced her baby Makhai was born June 11, 7 months after the Dallas Cowboys player’s death.",thegrio.com,2026-06-16,Sports,Odafe Oghen,https://thegrio.com/2026/06/16/marshawn-kneeland-baby-catalina-mancera-makhai/
"Ahead of Juneteenth, KY Gov. Beshear posthumously pardons 43 people wrongly convicted for helping enslaved people to freedom","“When we have a chance to correct a historical wrong, we should do it,"" said Beshear, a potential 2028 presidential candidate.",thegrio.com,2026-06-16,Politics,Gerren Keith Gaynor,https://thegrio.com/2026/06/16/ahead-of-juneteenth-ky-gov-beshear-posthumously-pardons-43-people-wrongly-convicted-for-helping-enslaved-people-to-freedom/
"Meet Njideka Akunyili Crosby, the artist behind Barack and Michelle Obama’s latest portrait","The first official portrait of the Obamas together by Njideka Akunyili Crosby, is on view at the Barack Obama Presidential Center in Chicago.",thegrio.com,2026-06-16,Lifestyle,Kay Wicker,https://thegrio.com/2026/06/16/meet-njideka-akunyili-crosby-the-artist-behind-barack-and-michelle-obamas-latest-portrait/
Search continues for missing Towson student after disappearance in Potomac River near Great Falls,"Search crews continue looking for Towson University student Nazir Bell, who disappeared while swimming in the Potomac River near Great",thegrio.com,2026-06-16,News,Bolarinwa Oladeji,https://thegrio.com/2026/06/16/missing-towson-student-nazir-bell-potomac-river-search/
Jalen Brunson reveals why he took a $113 million pay cut to help the Knicks build a championship contender,"Jalen Brunson discussed why he accepted a reported $113 million pay cut, saying the move helped the Knicks remain competitive while giving",thegrio.com,2026-06-16,News,Bolarinwa Oladeji,https://thegrio.com/2026/06/16/jalen-brunson-113-million-pay-cut-knicks/
Laverne Cox says Trump’s DEI rollbacks have cost her 90 percent of her income: ‘I’ve had to dip into savings and my retirement fund’,"The Laverne Cox DEI income loss hit 90 percent, forcing her to dip into savings and her retirement fund.",thegrio.com,2026-06-16,Entertainment,Odafe Oghen,https://thegrio.com/2026/06/16/laverne-cox-dei-income-loss-trump-rollbacks-savings/
Mississippi family demands answers after 1-year-old boy killed by police responding to shoplifting call at Walmart,A community in Mississippi is demanding answers after a one-year-old boy was shot and killed by police responding to a shoplifting call at Walmart.,thegrio.com,2026-06-16,News,Brandon Caldwell,https://thegrio.com/2026/06/16/mississippi-police-shoot-kill-one-year-old-kohen-wiley/
Mystikal sentenced to 20 years in prison related to 2022 rape case,Rapper Mystikal was sentenced to 20 years behind bars stemming from a 2022 arrest on rape and false imprisonment charges.,thegrio.com,2026-06-16,News,Brandon Caldwell,https://thegrio.com/2026/06/16/mystikal-20-year-prison-sentence-rape/
Brotherhood in fatherhood: 8 organizations supporting Black dads this Father’s Day,"Whether navigating newborns, toddlers, co-parenting, or mental health, these groups are reminding Black dads they don’t have to do it alone.",thegrio.com,2026-06-16,Featured,Haniyah P.,https://thegrio.com/2026/06/16/brotherhood-in-fatherhood-8-organizations-supporting-black-dads-this-fathers-day/
"Days after French Montana’s public request, New York cab driver raises $51K after vehicle damaged during Knicks celebration",A cab driver who had his vehicle damaged during the Knicks title win got help from French Montana and hundreds of people via a fundraiser.,thegrio.com,2026-06-16,Lifestyle,Brandon Caldwell,https://thegrio.com/2026/06/16/french-montana-new-york-taxi-workers-cab-driver-gofundme/
Aniya Harvey’s ‘Love Island USA’ spiral has viewers asking a bigger question,"As fans debate whether Aniyah is getting in her own way with KC, others say her fears reflect the lasting emotional toll of colorism.",thegrio.com,2026-06-16,Lifestyle,Kay Wicker,https://thegrio.com/2026/06/16/aniya-harveys-love-island-usa-spiral-has-viewers-asking-a-bigger-question/
Why Vice President JD Vance’s claim Black history isn’t being erased on ‘The View’ is false,Vice President JD Vance's remarks about Black history simply aren't true -- and there are federal lawsuits to prove it.,thegrio.com,2026-06-16,Politics,Gerren Keith Gaynor,https://thegrio.com/2026/06/16/jd-vance-black-history-erased-the-view/
Thousands of Puerto Ricans are facing a severe water shortage as the governor activates the National Guard,"The Puerto Rico water shortage has left thousands without running water for weeks, prompting National Guard deployment.",thegrio.com,2026-06-16,Featured,Odafe Oghen,https://thegrio.com/2026/06/16/puerto-rico-water-shortage-national-guard-san-juan-crisis/
"For ViewerCon, Joy Reid, Chris Witherspoon, and the ‘Raising Kanan’ cast are headed to Newark this summer",ViewerCon brings Joy Reid and the Raising Kanan cast to Newark for a one-day entertainment and culture fest celebrating television and film.,thegrio.com,2026-06-16,Entertainment,Corinna Mason,https://thegrio.com/2026/06/16/for-viewercon-joy-reid-chris-witherspoon-and-the-raising-kanan-cast-are-headed-to-newark-this-summer/
TDCJ fires parole supervisor Donna Robinson over Facebook comments on Karmelo Anthony case,Texas parole supervisor Donna Robinson has been fired following inflammatory Facebook comments regarding the Karmelo Anthony murder case.,thegrio.com,2026-06-16,News,Peter Kerich,https://thegrio.com/2026/06/16/texas-parole-supervisor-fired-karmelo-anthony-comments/
Jay-Z’s Target partnership sparks fresh debate over Black consumer boycotts,Jay-Z's Target partnership for the 30th anniversary of 'Reasonable Doubt' is drawing praise from fans and criticism from consumers who,thegrio.com,2026-06-16,Entertainment,Bolarinwa Oladeji,https://thegrio.com/2026/06/16/jay-z-target-partnership-reasonable-doubt-anniversary-vinyl/
‘Two rings in one year’: Jordyn Woods honors Karl-Anthony Towns after NBA championship,"Woods said Towns once told her, “When I get my ring, I’ll get you yours,” a promise she says came true in more ways than one.",thegrio.com,2026-06-15,News,Bolarinwa Oladeji,https://thegrio.com/2026/06/15/jordyn-woods-celebrates-karl-anthony-towns-championship-journey/
David Oyelowo faces backlash after comments about Southern Black dialect add fuel to Druski debate,David Oyelowo is facing backlash after comments about Southern Black dialect shifted the Druski Black British actors debate into a larger conversation about language and respect.,thegrio.com,2026-06-15,Entertainment,Bobby Pen,https://thegrio.com/2026/06/15/david-oyelowo-southern-black-dialect-druski-backlash/
‘There is no X without Tashera’: DMX’s ex-wife responds after son’s remarks at street naming ceremony,Tashera Simmons responds after son Xavier Simmons' viral comments at a Yonkers street naming ceremony honoring late rapper DMX.,thegrio.com,2026-06-15,Entertainment,Bobby Pen,https://thegrio.com/2026/06/15/tashera-simmons-dmx-street-naming-ceremony-response/
"Missing Black men Derek Samuel, Jayden Wilson and Malik Polk drew national attention. One family is still waiting for answers",Derek Samuel Malik Polk Jayden Wilson: three young Black men reported missing in metro Atlanta with three different outcomes.,thegrio.com,2026-06-15,News,Odafe Oghen,https://thegrio.com/2026/06/15/derek-samuel-malik-polk-jayden-wilson-atlanta-missing-men/
Regina Hall on the power of being seen: ‘You don’t know the impact it could have’,Regina Hall reflects on the people who championed her early on and why she’s on a mission to pay it forward for the next generation.,thegrio.com,2026-06-15,Featured,Haniyah P.,https://thegrio.com/2026/06/15/regina-hall-on-the-power-of-being-seen-you-dont-know-the-impact-it-could-have/
"Meet Alvin Junior Mak, the designer behind the Dem. Republic of Congo’s viral World Cup pre-match fits",Alvin Junior Mak of JMAKxPARIS breaks down the intention and cultural heritage behind The Leopards' World Cup pre-match fits.,thegrio.com,2026-06-15,Style,Kay Wicker,https://thegrio.com/2026/06/15/meet-alvin-junior-mak-the-designer-behind-the-dem-republic-of-congos-viral-world-cup-pre-match-fits/
"‘We were just celebrating the Knicks’: Community outraged after LAPD shoots, kills Black woman’s family dog after Knicks’ title win","A noise complaint turned tragic after a woman, who celebrated the Knicks NBA title win, saw her dog shot and killed by LAPD.",thegrio.com,2026-06-15,News,Brandon Caldwell,https://thegrio.com/2026/06/15/lapd-kills-womans-dog-knicks-title-win/
‘Careless and wrong’: David Oyelowo apologizes for comments about southern Black dialects,"David Oyelowo is issusing an apology for comments he made regarding the Southern accent, comparing it to a Nigerian one with slavery in it.",thegrio.com,2026-06-15,Entertainment,Brandon Caldwell,https://thegrio.com/2026/06/15/david-oyelowo-southern-accents-apology/
How cardiologist Shirlene Obuobi turned personal pain into the paranormal romance ‘Die For Me’,"In this exclusive, the bestselling author and cardiologist Dr. Shirlene Obuobi opens up about the upcoming novel “Die For Me.”",thegrio.com,2026-06-15,Books,Kay Wicker,https://thegrio.com/2026/06/15/how-cardiologist-shirlene-obuobi-turned-personal-pain-into-the-paranormal-romance-die-for-me/
Why Obama looms over Trump’s reported deal to end the war in Iran,"Despite the president's constant references to Obama's 2015 Iran nuclear agreement, critics say Trump's deal is unlikely to differ from it.",thegrio.com,2026-06-15,Politics,Gerren Keith Gaynor,https://thegrio.com/2026/06/15/why-obama-looms-over-trumps-reported-deal-to-end-the-war-in-iran/
Why everyone wants a spot at Kai Cenat’s Streamer University,The demand for admission into Kai Cenat’s Streamer University underscores deeper shifts in how young people view careers and opportunity.,thegrio.com,2026-06-15,Entertainment,Haniyah P.,https://thegrio.com/2026/06/15/why-everyone-wants-a-spot-at-kai-cenats-streamer-university/
"Georgia twin sisters, 5, die after being found unresponsive in pool at Florida vacation rental","Investigators are examining the deaths, including whether safety measures around the pool were properly secured.",thegrio.com,2026-06-15,News,Peter Kerich,https://thegrio.com/2026/06/15/kissimmee-pool-drowning-vacation-home-tragedy/
"Months after Verzuz clash, Cash Money and No Limit are going on a fall tour together","After a monumental Verzuz battle last year, Cash Money Records and No Limit Records are going out on a joint tour this fall.",thegrio.com,2026-06-15,Entertainment,Brandon Caldwell,https://thegrio.com/2026/06/15/cash-money-records-no-limit-records-tour/
"Wait, cousin? Quinta Brunson has the internet guessing if she’s related to Jalen Brunson of the Knicks","After Jalen Brunson's triumph with the Knicks, Quinta Brunson (and even Quentin Brunson) had jokes about their newfound ""cousin.""",thegrio.com,2026-06-15,Entertainment,Brandon Caldwell,https://thegrio.com/2026/06/15/quinta-brunson-jalen-brunson-related-or-not/
How Trump set the stage for UFC fighter insult of Michelle Obama,"Trump provided a ""permission slip to be as brazenly racist and sexist as possible,"" says Reecie Colbert, host of ""The Reecie Colbert Show.""",thegrio.com,2026-06-15,Politics,Gerren Keith Gaynor,https://thegrio.com/2026/06/15/how-trump-set-the-stage-for-ufc-insult-of-michelle-obama/
More than a title: Why Black people celebrated the Knicks’ championship win,The New York Knicks' championship is about more than basketball. Here's why generations of Black New Yorkers and fans across America see it as a cultural victory.,thegrio.com,2026-06-14,Entertainment,Bobby Pen,https://thegrio.com/2026/06/14/knicks-championship-black-new-yorkers-cultural-impact/
Knicks fans want Spike Lee to get a championship ring after decades of loyalty,Kevin Hart and Knicks fans are calling for Spike Lee to receive a championship ring after New York’s historic NBA title win.,thegrio.com,2026-06-14,Entertainment,Bobby Pen,https://thegrio.com/2026/06/14/spike-lee-knicks-championship-ring-kevin-hart/
"Cardi B, Spike Lee and Alicia Keys celebrate Knicks championship after 53-year wait","Cardi B, Spike Lee, Alicia Keys, Fat Joe and other celebrity Knicks fans celebrated after New York won its first NBA championship since 1973.",thegrio.com,2026-06-14,Entertainment,Bobby Pen,https://thegrio.com/2026/06/14/cardi-b-spike-lee-alicia-keys-knicks-championship/
Jalen Brunson sacrificed millions. Karl-Anthony Towns waited years. Now they’re NBA champions.,Jalen Brunson’s sacrifice and Karl-Anthony Towns’ perseverance helped the Knicks end a 53-year championship drought.,thegrio.com,2026-06-14,Entertainment,Bobby Pen,https://thegrio.com/2026/06/14/jalen-brunson-karl-anthony-towns-knicks-championship/
‘This weight is too heavy’: Chimamanda Ngozi Adichie alleges medical negligence by hospital over her one-year-old son’s death,"Chimamanda Adichie has publicly shared a letter, accusing the hospital where her one-year-old son died of gross negligence and more.",thegrio.com,2026-06-13,Lifestyle,Brandon Caldwell,https://thegrio.com/2026/06/13/chimamanda-adichie-alleges-negligence-death-of-son/
"Tyra Banks reportedly sues Netflix over ‘America’s Next Top Model’ docuseries portrayal, claims defamation and manipulation","Tyra Banks is suing Netflix for defamation, alleging her portrayal in a recent 'America's Next Top Model' docuseries was manipulated.",thegrio.com,2026-06-13,Entertainment,Brandon Caldwell,https://thegrio.com/2026/06/13/tyra-banks-sues-netflix-antm-docuseries/
‘Do I think it’s helpful? I don’t’: David Oyelowo responds to Druski’s Black British actors skit,"David Oyelowo responds to Druski’s viral skit about Black British actors in Hollywood, saying it was funny but not necessarily helpful.",thegrio.com,2026-06-13,Entertainment,Bobby Pen,https://thegrio.com/2026/06/13/david-oyelowo-druski-black-british-actors-skit/
Long Island man alleges police brutality after traffic stop caught on camera,A Black man from Long Island claims he was brutally assaulted on camera after a traffic stop captured on camera.,thegrio.com,2026-06-13,News,Bobby Pen,https://thegrio.com/2026/06/13/long-island-man-police-brutality-traffic-stop/
‘We have to stand for something’: Yung Miami joins list of celebrities questioning Karmelo Anthony case and verdict,"Yung Miami is joining a list of celebrities speaking out regarding the Karmelo Anthony case and verdict, urging fans to speak out.",thegrio.com,2026-06-13,News,Brandon Caldwell,https://thegrio.com/2026/06/13/yung-miami-karmelo-anthony-reaction/
Trump’s name removed from Kennedy Center hours after missing deadline,"Donald Trump's name has been removed from the Kennedy Center, hours after a last ditch effort from the administration to extend the deadline.",thegrio.com,2026-06-13,Politics,Brandon Caldwell,https://thegrio.com/2026/06/13/trump-name-removed-kennedy-center/
"Five things to know about Monica McNutt, ESPN broadcaster and Knicks radio analyst",Monica McNutt is more than a viral Taylor Swift moment. The Knicks announcer and Georgetown grad has been shining for years.,thegrio.com,2026-06-13,Sports,Brandon Caldwell,https://thegrio.com/2026/06/13/monica-mcnutt-knicks-broadcaster-five-things-to-know/
Austin Metcalf’s father calls Karmelo Anthony a ‘watermelon felon’ in explosive podcast tirade,The remarks were made after a judge lifted a gag order that had prevented both families from speaking publicly.,thegrio.com,2026-06-12,News,Odafe Oghen,https://thegrio.com/2026/06/12/jeff-metcalf-watermelon-felon-karmelo-anthony-podcast/
9 books by Black queer authors to add to your reading list during Pride Month and beyond,These books highlight the complexity & beauty of Black queer experiences through stories readers from all backgrounds can connect with.,thegrio.com,2026-06-12,Lifestyle,Haniyah P.,https://thegrio.com/2026/06/12/9-books-by-black-queer-authors-to-add-to-your-reading-list-during-pride-month-and-beyond/
"For many Americans, especially from impoverished areas, the military is not a calling but a pathway out",People don't talk enough about how deeply military service in the United States is intertwined with economic inequality.,thegrio.com,2026-06-12,Lifestyle,Panama Jackson,https://thegrio.com/2026/06/12/for-many-americans-especially-from-impoverished-areas-the-military-is-not-a-calling-but-a-pathway-out/
V-103 morning show host Francesca Amiker breaks silence on affair allegations made by Big Tigger’s wife,Big Tigger's co-host on Atlanta's V-103 Francesca Amiker broke her silence on allegations that she was having an affair with the former BET host,thegrio.com,2026-06-12,Entertainment,Brandon Caldwell,https://thegrio.com/2026/06/12/francesca-amiker-affair-allegations-big-tigger-alicia-brown/
‘I just want it to be good’: Mekai Curtis looks back at playing Kanan Stark and leading ‘Power Book III’,"Mekai Curtis went from Disney kid to Kanan Stark. As the final season of his 'Power' arc concludes, he reveals why there was little pressure.",thegrio.com,2026-06-12,Entertainment,Brandon Caldwell,https://thegrio.com/2026/06/12/mekai-curtis-power-book-iii-raising-kanan-final-season/
Tracy Morgan’s comments about teachers highlight barriers some Black children face in traditional schooling,Tracy Morgan said he can’t stand teachers launching a nuanced debate about the Black experience and education.,thegrio.com,2026-06-12,Lifestyle,Kay Wicker,https://thegrio.com/2026/06/12/tracy-morgans-comments-about-teachers-highlight-barriers-some-black-children-face-in-traditional-schooling/
Could Halle Bailey play Janet Jackson in a biopic? This Oscar winner is convinced she could,"Halle Bailey has long been fan casted to play Janet Jackson in a biopic, a rumor with steam, thanks to Jennifer Hudson and others.",thegrio.com,2026-06-12,Entertainment,Brandon Caldwell,https://thegrio.com/2026/06/12/halle-bailey-janet-jackson-biopic-rumor-jennifer-hudson/
Serena Williams’ return ends after one match as doubles partner Victoria Mboko withdraws due to injury,The Serena Williams comeback ended after one match when partner Victoria Mboko withdrew with a knee injury.,thegrio.com,2026-06-12,Sports,Odafe Oghen,https://thegrio.com/2026/06/12/serena-williams-comeback-queens-club-mboko-injury/
SpaceX shares surge in historic Wall Street debut as Elon Musk’s wealth tops $1 trillion on paper,"SpaceX shares jumped 25% after the company's record-setting IPO, pushing Elon Musk's estimated net worth above $1 trillion.",thegrio.com,2026-06-12,Business,Bolarinwa Oladeji,https://thegrio.com/2026/06/12/spacex-wall-street-debut-elon-musk-trillionaire/
Former Essence CEO Caroline Wanga sues over fallout from Essence Fest controversy,"After announcing she was stepping down as CEO of Essence Ventures amid turmoil around Essence Fest, Caroline Wanga is claiming defamation.",thegrio.com,2026-06-12,Lifestyle,Kay Wicker,https://thegrio.com/2026/06/12/former-essence-ceo-caroline-wanga-sues-over-fallout-from-essence-fest-controversy/
‘I’m Black first’: Lil Rel Howery says comedians must ‘stand on something’ amid debates over harmful jokes,"Lil Rel Howery argues that what audiences laugh at can have real-world consequences, especially for Black Americans like Karmelo Anthony.",thegrio.com,2026-06-12,Entertainment,Haniyah P.,https://thegrio.com/2026/06/12/im-black-first-lil-rel-howery-says-comedians-must-stand-on-something-amid-debates-over-harmful-jokes/
"Big Tigger reportedly under investigation related to alleged domestic assault involving wife, denies allegations",The veteran radio host says accusations circulating online are “false” after reports linked him to an ongoing investigation.,thegrio.com,2026-06-12,News,Bolarinwa Oladeji,https://thegrio.com/2026/06/12/big-tigger-denies-allegations-domestic-dispute-investigation/
"Like many women veterans, I kept my service to myself",Melissa Harris shares how military service shaped her life and why veteran support spaces remain deeply important.,thegrio.com,2026-06-12,Lifestyle,Panama Jackson,https://thegrio.com/2026/06/12/like-many-women-veterans-i-kept-my-service-to-myself/
Monica McNutt apologizes to Taylor Swift after questioning her Knicks fandom,The ESPN broadcaster admitted she was wrong after fans resurfaced evidence of Swift’s longtime support for the team.,thegrio.com,2026-06-12,Sports,Peter Kerich,https://thegrio.com/2026/06/12/monica-mcnutt-taylor-swift-apology/
EXCLUSIVE: theGrio premieres clip from ‘Power Book III: Raising Kanan’ season 5 — Unique and Breeze are back,"""Power Book III: Raising Kanan Season 5 premieres Friday, June 12 on STARZ. Catch up on Seasons 1 through 4 now on the STARZ app.",thegrio.com,2026-06-11,Entertainment,TheGrio Staff,https://thegrio.com/2026/06/11/exclusive-thegrio-premieres-clip-from-power-book-iii-raising-kanan-season-5-unique-and-breeze-are-back/
Drew Sidora ordered to pay over $2K monthly in child support as divorce from Ralph Pittman is finalized,The child support order is part of the final divorce agreement who both filed to end their nearly nine-year marriage in 2023.,thegrio.com,2026-06-11,Featured,Odafe Oghen,https://thegrio.com/2026/06/11/drew-sidora-child-support-ralph-pittman-divorce-finalized/
Missing teen Davoris Carter III found dead after weeklong search off New Jersey coast,"The Philadelphia eighth grader disappeared while attending a school trip in Wildwood, New Jersey, prompting a massive multi-agency search.",thegrio.com,2026-06-11,News,Peter Kerich,https://thegrio.com/2026/06/11/davoris-carter-iii-body-found-wildwood-class-trip/
Jordyn Woods designed the viral orange purse Knicks fans are calling lucky,"The Knicks are one win away from a championship, and fans are giving major credit to Jordyn Woods and her lucky orange bag.",thegrio.com,2026-06-11,Style,Haniyah P.,https://thegrio.com/2026/06/11/jordyn-woods-designed-the-viral-orange-purse-knicks-fans-are-calling-lucky/
Guess there was enough sage for Madison Square Garden after all,"After the Knicks lost Game 3, fans broke out the sage, prayer, and more game rituals to secure that Game 4 victory.",thegrio.com,2026-06-11,Entertainment,Kay Wicker,https://thegrio.com/2026/06/11/guess-there-was-enough-sage-for-madison-square-garden-after-all/
The family behind ‘Gracie’s Corner’ is taking its hit preschool series to Disney+,The beloved educational series created by the Hollingsworth family is landing on Disney+ while remaining independently owned.,thegrio.com,2026-06-11,Entertainment,Bolarinwa Oladeji,https://thegrio.com/2026/06/11/gracies-corner-disney-plus-streaming-deal/
Iowa Supreme Court blocks effort to redirect scholarship created for Black science students,The Totton scholarship ruling blocks the University of Iowa from redirecting funds meant for Black science students.,thegrio.com,2026-06-11,Featured,Odafe Oghen,https://thegrio.com/2026/06/11/totton-scholarship-ruling-iowa-supreme-court-black-students/
Dominique Morgan is ‘divesting from perfection’,"In this exclusive, Dominique Morgan opens up about what’s next for her and how her thoughts on accountability and activism are evolving.",thegrio.com,2026-06-11,Lgbtq+,Kay Wicker,https://thegrio.com/2026/06/11/dominique-morgan-is-divesting-from-perfection/
The immigration issue causing some Africans to root against South Africa this World Cup,Some Africans online are rooting against South Africa during the World Cup because of anti-immigrant sentiment in the country.,thegrio.com,2026-06-11,Politics,Nhari Djan,https://thegrio.com/2026/06/11/the-immigration-issue-causing-some-africans-to-root-against-south-africa-this-world-cup/
"Keke Palmer joins UCLA’s School of Theater, Film, and Television for 5-year residency","Ever the multihyphenate, actress Keke Palmer’s next gig will see her in the professor chair at UCLA for the next five years.",thegrio.com,2026-06-11,Lifestyle,Kay Wicker,https://thegrio.com/2026/06/11/keke-palmer-joins-uclas-school-of-theater-film-and-television-for-5-year-residency/
Dallas new station apologizes after reporter’s ‘big gorilla’ comment during Karmelo Anthony trial sparks backlash,WFAA called the remark “inappropriate” after viewers questioned the phrase used while discussing racial tensions surrounding the case.,thegrio.com,2026-06-11,News,Odafe Oghen,https://thegrio.com/2026/06/11/wfaa-reporter-apology-gorilla-karmelo-anthony-trial/
13 Black-led podcasts that deserve a spot in your weekly rotation,"From politics and pop culture to wellness, and untold history, these podcasts prove great conversations are still worth tuning in for.",thegrio.com,2026-06-11,Entertainment,Haniyah P.,https://thegrio.com/2026/06/11/13-black-led-podcasts-that-deserve-a-spot-in-your-weekly-rotation/
CeeLo Green wants to face Lauryn Hill in a future VERZUZ matchup,"CeeLo Green discusses VERZUZ plans, naming Lauryn Hill as his preferred opponent while reflecting on their friendship and musical styles.",thegrio.com,2026-06-11,Featured,Jahaura Michelle,https://thegrio.com/2026/06/11/ceelo-green-wants-to-face-lauryn-hill-in-a-future-verzuz-matchup/
"Somali referee Omar Artan barred from US World Cup duty, to officiate UEFA Super Cup Final",Somali referee Omar Artan faced World Cup exclusion and later received an appointment to officiate the UEFA Super Cup final in Europe.,thegrio.com,2026-06-11,Featured,Jahaura Michelle,https://thegrio.com/2026/06/11/somali-referee-omar-artan-barred-from-us-world-cup-duty-to-officiate-uefa-super-cup-final/
Deion Sanders shares he’s beaten cancer; urges men to take health check ups seriously,"Deion Sanders said he is cancer free in an interview on Good Morning America, and discussed why men should be visiting their doctors.",thegrio.com,2026-06-11,Health,Nhari Djan,https://thegrio.com/2026/06/11/deion-sanders-shares-hes-beaten-cancer-urges-men-to-take-health-check-ups-seriously/
FIFA forces Haiti to change ‘political’ jersey design to compete in World Cup,FIFA forced Haiti to remove a design from its World Cup jerseys for depicting imagery from the Haitian Revolution.,thegrio.com,2026-06-11,Entertainment,Nhari Djan,https://thegrio.com/2026/06/11/fifa-forces-haiti-to-change-political-jersey-design-to-compete-in-world-cup/
‘I’m more open to love’: Keke Palmer reflects on life after Darius Jackson,"The entertainer opened up about love, dating and finding fulfillment beyond relationships during a Tribeca Festival conversation.",thegrio.com,2026-06-10,Featured,Odafe Oghen,https://thegrio.com/2026/06/10/keke-palmer-love-life-tribeca-festival-darius-jackson-open-to-love/
"Former child actor sues Sean ‘Diddy’ Combs, alleging sexual assault at a 2007 networking event",The lawsuit was filed in California this week by an unidentified man who says he was a minor when the alleged assault occurred.,thegrio.com,2026-06-10,News,Odafe Oghen,https://thegrio.com/2026/06/10/new-diddy-lawsuit-former-child-actor-2007-assault/
Somali referee denied U.S. entry receives hero’s welcome after historic World Cup bid ends,"The Somali official, named Africa’s Best Male Referee in 2025, returned home to a hero’s welcome after the decision.",thegrio.com,2026-06-10,Entertainment,Peter Kerich,https://thegrio.com/2026/06/10/omar-artan-world-cup-referee-hero-welcome-somalia/
Jazmine Sullivan helps Philadelphia teen shine at prom with special gown giveaway,Sullivan returned to the Philadelphia school that helped shape her career to ensure one student felt celebrated during a major milestone.,thegrio.com,2026-06-10,Featured,Peter Kerich,https://thegrio.com/2026/06/10/jazmine-sullivan-prom-giveaway-philly-teen-capa/
"Zahara Jolie, daughter of Angelina Jolie and Brad Pitt, files to drop ‘Pitt’ from her last name",The 21-year-old is the latest of Angelina Jolie and Brad Pitt’s children to seek a name change following similar moves by her siblings.,thegrio.com,2026-06-10,Lifestyle,TheGrio Staff,https://thegrio.com/2026/06/10/zahara-jolie-daughter-of-angelina-jolie-and-brad-pitt-files-to-drop-pitt-from-her-last-name/
Kansas City brothers’ lemonade stand gets police support after 911 complaint turns into community moment,Kansas City police officers and firefighters rallied around two brothers selling lemonade after someone called 911 on them.,thegrio.com,2026-06-10,News,Bolarinwa Oladeji,https://thegrio.com/2026/06/10/kansas-city-brothers-lemonade-stand-police-support-after-911-call/
"After the Karmelo Anthony verdict, some Black families are reconsidering life in predominantly white communties","The case has reignited conversations about raising Black children in predominantly white neighborhoods, schools, and institutions.",thegrio.com,2026-06-10,Lifestyle,Kay Wicker,https://thegrio.com/2026/06/10/after-the-karmelo-anthony-verdict-some-black-families-are-reconsidering-life-in-predominantly-white-communties/
"Karmelo Anthony’s GiveSendGo fund shutdown after receiving more than $630K, including thousands after his sentencing",A fundraiser account that helped raise more than $630K for Karmelo Anthony ahead of his trial has officially been shut down.,thegrio.com,2026-06-10,News,Brandon Caldwell,https://thegrio.com/2026/06/10/karmelo-anthony-givesendgo-account-donations/
Karmelo Anthony’s case is a reminder of the importance of jury duty in Black communities,"Karmelo Anthony was sentenced to 35 years by a non-Black jury. Here's why that matters, and what we can do about it.",thegrio.com,2026-06-10,Featured,Haniyah P.,https://thegrio.com/2026/06/10/karmelo-anthonys-case-is-a-reminder-of-the-importance-of-jury-duty-in-black-communities/
She helped launch Florida’s Civil Rights Movement. Now Priscilla Stephens Kruize needs our help,"Priscilla Stephens Kruize played a key role in the civil rights movement at FAMU. Now, she needs support to cover her healthcare costs.",thegrio.com,2026-06-10,Lifestyle,Haniyah P.,https://thegrio.com/2026/06/10/she-helped-launch-floridas-civil-rights-movement-now-priscilla-stephens-kruize-needs-our-help/
"Keith Lee says fatherhood changed the way he sees partnership and sacrifice: ‘Without her, it would be no me’","In this interview with theGrio, food influencer Keith Lee opens up about fatherhood, partnership, the World Cup, and more.",thegrio.com,2026-06-10,Lifestyle,Kay Wicker,https://thegrio.com/2026/06/10/keith-lee-says-fatherhood-changed-the-way-he-sees-partnership-and-sacrifice-without-her-it-would-be-no-me/
"Floyd Norman, Disney’s first Black animator, set to receive an honorary Oscar","Floyd Norman, the first Black animator ever hired at Disney, is set to be honored with an honorary Oscar in November.",thegrio.com,2026-06-10,Entertainment,Brandon Caldwell,https://thegrio.com/2026/06/10/floyd-norman-honorary-oscar/
Chicago church offers $10K reward after burning cross discovered at Grant Park,A Chicago church is offering a five-figure reward for information about a person of interest who allegedly set a cross on fire at Grant Park.,thegrio.com,2026-06-10,News,Brandon Caldwell,https://thegrio.com/2026/06/10/chicago-burning-cross-grant-park/
‘We’re going to keep fighting’: Karmelo Anthony’s parents break silence after son receives 35-year prison sentence,Karmelo Anthony's parents have vowed to continue to fight for their son after he received a 35-year prison sentence.,thegrio.com,2026-06-10,Lifestyle,Brandon Caldwell,https://thegrio.com/2026/06/10/karmelo-anthony-parents-break-silence-verdict/
"Cardi B weighs in on Karmelo Anthony case, calls 35-year sentence ‘disgusting’",The rapper shared a blunt reaction on social media after the Texas teenager was sentenced in the fatal stabbing of Austin Metcalf.,thegrio.com,2026-06-10,News,Bolarinwa Oladeji,https://thegrio.com/2026/06/10/cardi-b-reacts-karmelo-anthony-sentencing/
Karmelo Anthony sentenced to 35 years in prison after fatally stabbing teen at track meet,"19-year-old Karmelo Anthony was found guilty on Tuesday of murder in the stabbing death of a Frisco, Texas teen last April.",thegrio.com,2026-06-09,News,Brandon Caldwell,https://thegrio.com/2026/06/09/karmelo-anthony-verdict-guilty-frisco-texas-stabbing/
"Michelle Williams recalls her first time meeting Whitney Houston, that viral Destiny’s Child interview and why she’s ‘very careful’ now in relationships","In a wide-ranging interview with Keke Palmer, Michelle Williams opens up about advice from Whitney Houston and her relationship boundaries.",thegrio.com,2026-06-09,Entertainment,Brandon Caldwell,https://thegrio.com/2026/06/09/michelle-williams-whitney-houston-relationships-keke-palmer-interview/
Beat the heat (and the funk) with these Black-owned summer fragrances,"Fruity-florals to Caribbean-inspired scents, your nose will thank you for wearing these Black-owned fragrances this summer.",thegrio.com,2026-06-09,Lifestyle,Haniyah P.,https://thegrio.com/2026/06/09/beat-the-heat-and-the-funk-with-these-black-owned-summer-fragrances/
O’Shae Sibley’s killer found guilty of manslaughter as a hate crime,Prosecutors argued Sibley was targeted because he was a Black gay man openly expressing himself with friends at a Brooklyn gas station.,thegrio.com,2026-06-09,News,Bolarinwa Oladeji,https://thegrio.com/2026/06/09/oshae-sibley-killing-hate-crime-manslaughter-conviction/
Victor Wembanyama leads Spurs past Knicks in Game 3 of NBA Finals,The Spurs star scored 32 points as San Antonio earned its first win of the NBA Finals and cut New York's series lead to 2-1.,thegrio.com,2026-06-09,Sports,Odafe Oghen,https://thegrio.com/2026/06/09/wembanyama-spurs-game-3-nba-finals-knicks-win/
Trump says he’s ‘not sure’ Stephen A. Smith has the IQ to run for president,Smith called Trump's appearance at MSG 'selfish' and 'narcissistic'; the president questioned the commentator's fitness for office.,thegrio.com,2026-06-09,Sports,Odafe Oghen,https://thegrio.com/2026/06/09/trump-stephen-a-smith-iq-knicks-game-3-nba-finals/
North Carolina man says AI misidentification led to wrongful arrest that cost him his job and family,"Charlotte resident Jalil Richardson says he lost his job, home and custody of two children after AI facial recognition technology wrongly",thegrio.com,2026-06-09,News,Bolarinwa Oladeji,https://thegrio.com/2026/06/09/jalil-richardson-ai-misidentification-wrongful-arrest/
"Judge strikes down Trump administration’s $100,000 H-1B visa surcharge","The Trump administration says it plans to appeal the decision, arguing the fee is a lawful part of its immigration agenda.",thegrio.com,2026-06-09,News,Odafe Oghen,https://thegrio.com/2026/06/09/h1b-visa-fee-ruling-trump-100000-federal-judge-boston/
"A’ja Wilson becomes fastest player in WNBA history to reach 6,000 points","The Las Vegas Aces star reached the milestone in just 278 games, surpassing the previous record held by Diana Taurasi.",thegrio.com,2026-06-09,News,Bolarinwa Oladeji,https://thegrio.com/2026/06/09/aja-wilson-fastest-wnba-player-6000-points/
"Exploring Barcelona, Spain: A Volvo road trip through the city’s best sights","Behind the wheel of the all-new, all-electric Volvo EX60 ahead of its U.S. debut, I explored some of the city's most captivating sights.",thegrio.com,2026-06-09,Lifestyle,Dominique Fluker,https://thegrio.com/2026/06/09/exploring-barcelona-spain-a-volvo-road-trip-through-the-citys-best-sights/
Jay-Z announces ‘Jay-Z 30’ concerts in Paris and Los Angeles,Jay-Z has announced two new Jay-Z 30 concerts in Paris and Los Angeles as part of his 30th anniversary celebration of his legendary career.,thegrio.com,2026-06-09,Entertainment,Peter Kerich,https://thegrio.com/2026/06/09/jay-z-30-concerts-paris-los-angeles-2026/
"Cap, gown, and a whole lot of anxiety: The truth about being a recent college grad today","Data shows Black college grads are confident in their abilities but overwhelmed by debt, a tough job market, and financial uncertainty.",thegrio.com,2026-06-09,Lifestyle,Haniyah P.,https://thegrio.com/2026/06/09/cap-gown-and-a-whole-lot-of-anxiety-the-truth-about-being-a-recent-college-grad-today/
10 hot romance books by Black authors to heat up your summer,"From seasoned veterans to the romance aisle to debut authors, we’ve gathered 10 top romance novels by Black authors.",thegrio.com,2026-06-09,Books,Kay Wicker,https://thegrio.com/2026/06/09/10-hot-romance-books-by-black-authors-to-heat-up-your-summer/
‘You need your rest’: Stephen A. Smith claps back at Trump after ‘low IQ’ jab following Game 3 of NBA Finals,"After Donald Trump referred to him as having a ""low IQ,"" Stephen A. Smith used 'First Take' to respond to the President.",thegrio.com,2026-06-09,Politics,Brandon Caldwell,https://thegrio.com/2026/06/09/stephen-a-smith-donald-trump-beef-nba-finals/
How ‘the village’ can keep Black men alive,June is Men's Health Month and this year's theme shines a light on the importance of the village in a man’s health journey.,thegrio.com,2026-06-09,Health,Kay Wicker,https://thegrio.com/2026/06/09/how-the-village-can-keep-black-men-alive/
"Lil Baby pays off $24K in student loans for Spelman College grad, four years after she initially reached out",A chance DM in 2022 turned into a blessing in 2026 for Spelman grad Janay Lesley as Lil Baby helped cover the remaining balance of her student loans.,thegrio.com,2026-06-09,Hbcu,Brandon Caldwell,https://thegrio.com/2026/06/09/lil-baby-pays-off-24k-student-loans-spelman-grad/
"‘Set the record straight’: Ashley Everett shifts the narrative about Beyoncé beef rumors, retirement and more with new venture","Ashley Everett is claiming the narrative. After years of rumors, the former Beyoncé dance captain is speaking out with her new podcast, 'NDA.'",thegrio.com,2026-06-08,Lifestyle,Brandon Caldwell,https://thegrio.com/2026/06/08/ashley-everett-beyonce-beef-rumors-nda-podcast/
‘It’s not realistic’: Idris Elba suggests a Black James Bond in ‘some markets’ won’t work as he puts rumors to bed,"Idris Elba is putting to bed the rumor he'll ever play James Bond, while also suggesting that a Black Bond wouldn't work for some people.",thegrio.com,2026-06-08,Entertainment,Brandon Caldwell,https://thegrio.com/2026/06/08/idris-elba-james-bond-not-realistic-black-actors/
Kristen Welker is only the latest Black journalist to be disrespected by President Trump,President Donald Trump’s recent outburst in an interview with Kristen Welker on “Meet The Press” reflects a larger pattern.,thegrio.com,2026-06-08,Lifestyle,Haniyah P.,https://thegrio.com/2026/06/08/kristen-welker-is-only-the-latest-black-journalist-to-be-disrespected-by-president-trump/
Atlanta USPS employee identified as Demarcus Little Sr. after death at area distribution center,"Little died at the Palmetto distribution center, a facility that has faced scrutiny over mail delays, workplace culture concerns.",thegrio.com,2026-06-08,News,Bolarinwa Oladeji,https://thegrio.com/2026/06/08/atlanta-usps-employee-identified-after-palmetto-distribution-center-death/
Cupshe fires employee after alleged email said brand would not work with Black creators,The swimwear brand says the employee responsible for the alleged email was immediately terminated and company apologized.,thegrio.com,2026-06-08,Featured,Odafe Oghen,https://thegrio.com/2026/06/08/cupshe-racial-discrimination-email-black-creators-niasia-boykin/
Arson attempt targets Juneteenth event at Boston’s historic African Meeting House,The attempted fire was set just steps from a historic building that remains a cornerstone of Black history in Boston.,thegrio.com,2026-06-08,News,Odafe Oghen,https://thegrio.com/2026/06/08/african-meeting-house-boston-arson-juneteenth-suspect/
"Stacey King, beloved Chicago Bulls broadcaster and 3X NBA champion, dies at 59",The Chicago Bulls organization confirmed on Sunday that King's family notified the organization of his passing.,thegrio.com,2026-06-08,Entertainment,Peter Kerich,https://thegrio.com/2026/06/08/stacey-king-death-chicago-bulls-broadcaster-nba-champion/
Barack Obama and Malcolm Gladwell launch podcast exploring Reconstruction’s unfinished promise,The eight-part series examines the years after the Civil War and how the era continues to influence American life today.,thegrio.com,2026-06-08,Entertainment,Bolarinwa Oladeji,https://thegrio.com/2026/06/08/barack-obama-malcolm-gladwell-reconstruction-podcast/
"From ballroom to Broadway, Qween Jean’s Tony win is a victory for Black trans creativity","Qween Jean became the first openly transgender person to win a Tony Award, earning best costume design of a musical for “Cats: The Jellicle Ball.”",thegrio.com,2026-06-08,Entertainment,Bobby Pen,https://thegrio.com/2026/06/08/qween-jean-tony-awards-cats-jellicle-ball/
Megan Thee Stallion brings Hot Girl energy to the Tony Awards in surprise ‘Lady Marmalade’ moment,"Megan Thee Stallion joined Pink for a surprise “Lady Marmalade” moment at the 2026 Tony Awards, continuing her Broadway crossover.",thegrio.com,2026-06-08,Entertainment,Bobby Pen,https://thegrio.com/2026/06/08/megan-thee-stallion-tony-awards-lady-marmalade/
‘I would have destroyed it’: Kerry Washington says she wasn’t ready for ‘Scandal’ earlier in her career,"Looking back, Kerry Washington says starring in Shonda Rhimes' hit drama ""Scandal"" demanded a level of maturity she hadn’t yet developed.",thegrio.com,2026-06-08,Entertainment,Haniyah P.,https://thegrio.com/2026/06/08/i-would-have-destroyed-it-kerry-washington-says-she-wasnt-ready-for-scandal-earlier-in-her-career/
Twin doctors return home to lead Richmond emergency department together,Drs. Travan and Travis Jasper are now co-medical directors at the hospital serving the community that raised them.,thegrio.com,2026-06-08,Featured,Peter Kerich,https://thegrio.com/2026/06/08/twin-doctors-return-home-to-lead-richmond-emergency-department-together/
"‘Selfish, narcissistic’: Stephen A. Smith offers choice words for Trump’s appearance at NBA Finals","Stephen A. Smith isn't a fan of Donald Trump attending the NBA Finals, going so far to blame him if the Knicks lose Game 3.",thegrio.com,2026-06-08,Politics,Brandon Caldwell,https://thegrio.com/2026/06/08/stephen-a-smith-donald-trump-nba-finals/
‘Dreams are valid’: Lamar Richardson celebrates historic Tony Award win after betting on himself,Lamar Richardson's third Tony win is a historic one as he became the 4th Black talent to ever win Best Revival of a Musical as Lead Producer.,thegrio.com,2026-06-08,Entertainment,Brandon Caldwell,https://thegrio.com/2026/06/08/lamar-richardson-tony-awards-history/
This Black woman says she was abandoned during a hike — she’s not alone in experiencing an ‘alpine divorce’,After a TikToker went viral for sharing her experience with an alpine divorce others who have experienced the same are speaking up.,thegrio.com,2026-06-08,Lifestyle,Kay Wicker,https://thegrio.com/2026/06/08/this-black-woman-says-she-was-abandoned-during-a-hike-shes-not-alone-in-experiencing-an-alpine-divorce/
‘Scary Movie’ tops weekend box office with franchise-best $105.5M debut,"The Wayans family’s “Scary Movie” returned with a franchise-best box office debut while spoofing “Sinners,” “Get Out,” “Smile” and more.",thegrio.com,2026-06-07,Business,Bobby Pen,https://thegrio.com/2026/06/07/scary-movie-wayans-family-box-office/
"Simone Biles says she ‘almost died’ during frightening health scare, reminding fans even superheroes need rest",Simone Biles revealed she recently experienced a near-death health scare and has been recovering at home. Fans are sending support as the Olympic icon rests.,thegrio.com,2026-06-07,Sports,Bobby Pen,https://thegrio.com/2026/06/07/simone-biles-near-death-health-scare/
"Boosie Badazz excludes transgender women from pool party, drawing criticism during Pride Month","Boosie Badazz is facing backlash after announcing transgender women would not be allowed at a Pride Month pool party, reigniting conversations about LGBTQ inclusion in Black communities.",thegrio.com,2026-06-07,Entertainment,Bobby Pen,https://thegrio.com/2026/06/07/boosie-badazz-transgender-women-pool-party-pride-month/
"Meagan Good, Patti LaBelle and Tyler Perry honored at Hollywood Unlocked Impact Awards celebrating Black excellence","Meagan Good, Patti LaBelle and Tyler Perry were among the honorees celebrated at the 2026 Hollywood Unlocked Impact Awards recognizing Black excellence and cultural impact.",thegrio.com,2026-06-07,Entertainment,Bobby Pen,https://thegrio.com/2026/06/07/meagan-good-patti-labelle-tyler-perry-hollywood-unlocked-impact-awards/
"Kirk Franklin to host 2026 Stellar Awards as gospel legends, HBCU choirs and new voices earn nominations","The 2026 Stellar Awards nominations include Darrel Walls, Jekalyn Carr, Kim Person, Tasha Cobbs Leonard, Tye Tribbett and more.",thegrio.com,2026-06-06,Entertainment,Bobby Pen,https://thegrio.com/2026/06/06/2026-stellar-awards-nominations-gospel-music/
"Nagela Duperval launched Ou La without traditional funding, expands 16 months later","Ou La founder Nagela Duperval reflects on immigration, motherhood and the journey to opening her own restaurant.",thegrio.com,2026-06-06,Featured,Jahaura Michelle,https://thegrio.com/2026/06/06/nagela-duperval-ou-la-feature/
Jamaica left searching for answers after all-island blackout grips country,The entire country of Jamaica was without power Friday night as an island-wide blackout gripped the nation.,thegrio.com,2026-06-06,News,Brandon Caldwell,https://thegrio.com/2026/06/06/jamaica-all-island-blackout/
"Estate of ‘Star Trek’ pioneer Nichelle Nichols awarded millions in wrongful death lawsuit, but family will only see a fraction of it",The estate of Star Trek actress Nichelle Nichols has been awarded $13M in a wrongful death lawsuit following her death in 2022.,thegrio.com,2026-06-06,Entertainment,Brandon Caldwell,https://thegrio.com/2026/06/06/nichelle-nichols-estate-awarded-millions-wrongful-death-lawsuit/
Spelman College names renowned roboticist Dr. Ayanna Howard as its 12th president,"Spelman College has named Dr. Ayanna Howard, a nationally recognized roboticist and AI leader, as its 12th president.",thegrio.com,2026-06-06,Hbcu,Bobby Pen,https://thegrio.com/2026/06/06/spelman-ayanna-howard-12th-president/
‘The Queens Tour’ is more than nostalgia. It’s a reminder that Black women built the blueprint for live R&B,"Patti LaBelle, Chaka Khan, Gladys Knight and Stephanie Mills brought the Queens Tour to Houston, reminding fans that Black women built the blueprint for live R&B.",thegrio.com,2026-06-06,Entertainment,Bobby Pen,https://thegrio.com/2026/06/06/queens-tour-houston-randb-legends/
"Money moves: Oprah, Sheila Johnson, Rihanna and Beyoncé are lone Black women on Forbes’ richest self-made women list","Four Black women, RIhanna, Oprah, Beyoncé and Shelia Johnson are on Forbes list of the richest self-made women in the U.S.",thegrio.com,2026-06-06,Lifestyle,Brandon Caldwell,https://thegrio.com/2026/06/06/forbes-richest-self-made-women-list-beyonce-oprah-shelia-johnson-rihanna/
South Carolina’s GOP lawmakers want to withold millions from South Carolina State University after commencement speaker protest,Lawmakers in South Carolina are urging lawmakers to without $5 million from South Carolina State University over last month's protest,thegrio.com,2026-06-05,News,Brandon Caldwell,https://thegrio.com/2026/06/05/south-carolina-gop-lawmakers-sc-state-funding/
Nick Cannon reveals some mothers of his children avoid the spotlight for personal and professional reasons,Nick Cannon discusses co-parenting dynamics and explains why not all of his children's mothers embrace public attention,thegrio.com,2026-06-05,Entertainment,Bolarinwa Oladeji,https://thegrio.com/2026/06/05/nick-cannon-says-some-mothers-of-his-children-avoid-the-spotlight/
Denzel Washington’s upcoming war epic ‘Hannibal’ on pause at Netflix as latest Antoine Fuqua collaboration seeks green light,A big budget war epic starring Denzel Washington and directed by Antoine Fuqua about the general Hannibal has been paused by Netflix.,thegrio.com,2026-06-05,Entertainment,Brandon Caldwell,https://thegrio.com/2026/06/05/denzel-washington-antoine-fuqua-hannibal-movie-paused/
"‘Euphoria’ has come to an end. Rue’s little sister, Gia, deserves an ending, too","Since “Euphoria” came to an end on Sunday, many fans have been reacting to the tragic finale and how Rue’s family was missing.",thegrio.com,2026-06-05,Entertainment,Kay Wicker,https://thegrio.com/2026/06/05/euphoria-has-come-to-an-end-rues-little-sister-gia-deserves-an-ending-too/
Y’lan Noel knows exactly why you’re rooting for the bad guy in ‘Nemesis’,Y’lan Noel as Coltrane Wilder has the internet in a chokehold. The “Nemesis” star breaks down his most compelling role yet.,thegrio.com,2026-06-05,Entertainment,Haniyah P.,https://thegrio.com/2026/06/05/ylan-noel-knows-exactly-why-youre-rooting-for-the-bad-guy-in-nemesis/
Testimony in Karmelo Anthony trial begins amid scrutiny over non-Black jury,Civil Rights activists are raising the alarm after all Black jurors were dismissed in the Karmelo Anthony trial.,thegrio.com,2026-06-05,News,Kay Wicker,https://thegrio.com/2026/06/05/testimony-in-karmelo-anthony-trial-begins-amid-scrutiny-over-non-black-jury/
"Tyler, the Creator reveals he turned down Jay-Z’s offer to sign him","Tyler the Creator Jay-Z signing offer story resurfaces as Revolt drops 2022 DJ Drama interview video. Feature Photo (Getty): ""Tyler the Creator 20",thegrio.com,2026-06-05,Music,Odafe Oghen,https://thegrio.com/2026/06/05/tyler-the-creator-jay-z-deal-turned-down-dj-drama-interview/
New details emerge in Ashlee Jenae death investigation after authorities rule suicide,"Tanzanian authorities have ruled influencer Ashlee Jenae’s death a suicide, revealing evidence from online searches and messages",thegrio.com,2026-06-05,News,Bolarinwa Oladeji,https://thegrio.com/2026/06/05/ashlee-jenae-death-ruled-suicide-investigation-chatgpt-searches/
Arrest warrant issued for Brandon Aiyuk following viral high-speed driving video,"Brandon Aiyuk is facing an arrest warrant after a YouTube video allegedly showed him driving over 100 mph, leading to a misdemeanor charge.",thegrio.com,2026-06-05,News,Peter Kerich,https://thegrio.com/2026/06/05/brandon-aiyuk-arrest-warrant-speeding-youtube-video/
Chicago teen receives high school diploma days after viral split during graduation ceremony,"Days after her graduation split went viral, Chicago teen Tyvion Campbell reveals she did indeed receive her diploma.",thegrio.com,2026-06-05,Lifestyle,Brandon Caldwell,https://thegrio.com/2026/06/05/chicago-teen-gets-diploma-viral-graduation-split/
‘Ruin a good thing’: Hakeem Jeffries slams Trump attending Knicks NBA finals game,"The Democratic leader of the U.S. House of Representatives said of the president's upcoming New York visit: ""This guy has to inject himself.""",thegrio.com,2026-06-05,Politics,Gerren Keith Gaynor,https://thegrio.com/2026/06/05/hakeem-jeffries-slams-trump-attending-knicks-nba-finals-game/
Serena Williams teams up with doubles partner Victoria Mboko for comeback debut,Rising tennis star Victoria Mboko says it’s an honor to play doubles with Serena Williams as she returns to competition at Queen’s Club.,thegrio.com,2026-06-05,Sports,Jahaura Michelle,https://thegrio.com/2026/06/05/serena-williams-teams-up-with-doubles-partner-victoria-mboko-for-comeback-debut/
"After devastating house fire killed two teens, family urges supporters to use verified GoFundMe",Alina and Jeremiah Toone house fire killed two teens in Cortlandt Manor. Here is the only verified GoFundMe.,thegrio.com,2026-06-05,Featured,Odafe Oghen,https://thegrio.com/2026/06/05/alina-jeremiah-toone-house-fire-gofundme-cortlandt-manor/
Black unemployment slightly dips as Trump vows to bring back ‘Black jobs.’ But the numbers aren’t what they seem,"Despite the appearance of a positive shift in the job market, the drop in Black unemployment was driven by a drop in participation.",thegrio.com,2026-06-05,News,Gerren Keith Gaynor,https://thegrio.com/2026/06/05/black-unemployment-may-trump-black-jobs/
Need something to watch? 11 binge-worthy picks to stream this weekend,"If your weekend plans involve staying in, here are 11 binge-worthy shows and movies on streaming to add to your watchlist.",thegrio.com,2026-06-05,Entertainment,Haniyah P.,https://thegrio.com/2026/06/05/need-something-to-watch-11-binge-worthy-picks-to-stream-this-weekend/
Netflix to stream intimate Jean-Michel Basquiat documentary featuring rare family insights,Netflix has acquired a new Jean-Michel Basquiat documentary created with the participation of the late artist’s family. The film will premiere,thegrio.com,2026-06-05,Entertainment,Bolarinwa Oladeji,https://thegrio.com/2026/06/05/netflix-acquires-jean-michel-basquiat-documentary-family-participation/
Karl-Anthony Towns says he felt his late mother’s presence during Knicks’ Game 1 NBA Finals victory,"Karl-Anthony Towns became emotional after the Knicks’ Game 1 NBA Finals win, saying he felt the presence of his late mother, Jacqueline Cruz-",thegrio.com,2026-06-05,News,Bolarinwa Oladeji,https://thegrio.com/2026/06/05/karl-anthony-towns-late-mother-presence-nba-finals-game-1/
NBA investigating alleged courtside fan harassment of Jalen Brunson during Finals Game 1,The NBA is reportedly investigating allegations that courtside fans directed vulgar remarks at Knicks star Jalen Brunson during Game 1.,thegrio.com,2026-06-05,Sports,Peter Kerich,https://thegrio.com/2026/06/05/nba-investigating-fan-comments-jalen-brunson-finals-game/
Melody Shari posts a series of alarming Instagram Stories about fighting for her life,Melody Shari Instagram Stories alarmed fans as the Love & Marriage: Huntsville alum posted about her children and personal crisis.,thegrio.com,2026-06-05,Entertainment,Odafe Oghen,https://thegrio.com/2026/06/05/melody-shari-instagram-stories-love-marriage-huntsville-children-crisis/
50 Cent says his Netflix Diddy documentary was never about ‘kicking a man while he’s down’,"50 Cent is opening up about the real reason he produced Netflix's Diddy documentary, insisting the project was about accountability.",thegrio.com,2026-06-05,Entertainment,Peter Kerich,https://thegrio.com/2026/06/05/50-cent-explains-why-he-made-netflix-diddy-documentary/
‘Love Island USA’ contestant Vasana Montgomery apologizes after being dropped over N-word videos: ‘There is no excuse for it’,"Vasana Montgomery apologized on social media after being dropped from ""Love Island USA,"" saying there is no excuse for using the N-word.",thegrio.com,2026-06-04,Television,Odafe Oghen,https://thegrio.com/2026/06/04/vasana-montgomery-apology-love-island-usa-n-word/
Mýa says living below her means has helped her stay financially healthy throughout her career,"Grammy-winning singer Mýa credits her long-term financial stability to living below her means and relying on guidance from her mother, who has",thegrio.com,2026-06-04,Business,Bolarinwa Oladeji,https://thegrio.com/2026/06/04/mya-living-below-her-means-financial-health-career/
‘It’s just a rash’: Kelly Rowland hopes to change how Black women talk about eczema,"For years, Kelly Rowland experienced “rashes” she didn’t know were eczema, now she wants others to understand the power of knowing.",thegrio.com,2026-06-04,Health,Haniyah P.,https://thegrio.com/2026/06/04/kelly-rowland-how-black-women-talk-about-eczema/
J.R. Smith reveals the inspiration behind his decision to earn his degree more than 20 years after entering the NBA,"Former NBA champion J.R. Smith has graduated from North Carolina A&T State University, earning his degree after returning to school years",thegrio.com,2026-06-04,News,Bolarinwa Oladeji,https://thegrio.com/2026/06/04/jr-smith-graduates-north-carolina-at-promise-years-making/
Black voters spotlight double standard as Karen Bass faces challenge from reality TV star Spencer Pratt,Black voters and commentators say the potential Los Angeles mayoral race between Karen Bass and reality TV star Spencer Pratt highlights a,thegrio.com,2026-06-04,News,Bolarinwa Oladeji,https://thegrio.com/2026/06/04/black-voters-karen-bass-spencer-pratt-double-standard-los-angeles-mayor-race/
U.S. House passes bill to end Trump’s Iran war that is hurting the Black economy. Here’s what comes next,"The economic impacts of Trump's war are having an outsized impact on Black Americans. However, the path to withdrawing from Iran is murky.",thegrio.com,2026-06-04,Politics,Gerren Keith Gaynor,https://thegrio.com/2026/06/04/us-house-war-powers-trump-iran-war-black-economy/
Kameirah Johnson’s ode to Black hair is now Google’s Doodle for millions to see,Teen artist Kameirah Johnson says winning Google's 2025-2026 Doodle for Google contest is affirmation that her voice and vision matter.,thegrio.com,2026-06-04,Featured,Haniyah P.,https://thegrio.com/2026/06/04/kameirah-johnsons-ode-to-black-hair-is-now-googles-doodle-for-millions-to-see/
"Latto opens up about dating 21 Savage, hiding her pregnancy, and crying alone in Japan: ‘I was pregnant’","Latto 21 Savage relationship details emerge in Breakfast Club interview covering privacy, pregnancy, and the blogs.",thegrio.com,2026-06-04,Entertainment,Odafe Oghen,https://thegrio.com/2026/06/04/latto-21-savage-relationship-breakfast-club-pregnancy-japan/
Lena Waithe opens up about why her marriage to Alana Mayo ended after two months,"Lena Waithe is opening up about her brief marriage to Alana Mayo, revealing how differing life goals led to their split.",thegrio.com,2026-06-04,Entertainment,Peter Kerich,https://thegrio.com/2026/06/04/lena-waithe-opens-up-about-why-her-marriage-to-alana-mayo-ended-after-two-months/
Iyanla Vanzant says ‘grief’ is what Black folks need,Spiritual leader Iyanla Vanzant opens up about the beauty in learning to grieve at a time when she says we need it most.,thegrio.com,2026-06-04,Entertainment,Kay Wicker,https://thegrio.com/2026/06/04/iyanla-vanzant-says-grief-is-what-black-folks-need/
"Mýa reveals she survived verbal, financial, and physical abuse in a past relationship: ‘Once it starts recurring, it’s time to bounce’","Mýa abuse revelation: the singer says verbal, financial, and physical abuse changed who she was.",thegrio.com,2026-06-04,Health,Odafe Oghen,https://thegrio.com/2026/06/04/mya-abuse-revelation-jason-lee-show-past-relationship/
Cardi B and Latto address their fallout and where their friendship stands now,Cardi B spoke out about her relationship with Latto after the Atlanta rapper opened up about their fallout in a new interview.,thegrio.com,2026-06-04,Entertainment,Nhari Djan,https://thegrio.com/2026/06/04/cardi-b-and-latto-address-their-fallout-and-where-their-friendship-stands-now/
KevOnStage is building a comedy empire at Tubi with new multi-project deal,"The KevOnStage Tubi deal includes Safe Space seasons, a comedy special, and original films.",thegrio.com,2026-06-04,Entertainment,Odafe Oghen,https://thegrio.com/2026/06/04/kevonstage-tubi-deal-safe-space-comedy-special-films/
TheGrio asks President Trump about racial disparity in Black labor report,"""We're doing very well with the Black jobs, African-American jobs,"" Trump told theGrio in the Oval Office a day before Friday's jobs report.",thegrio.com,2026-06-04,Politics,Gerren Keith Gaynor,https://thegrio.com/2026/06/04/thegrio-asks-president-trump-about-racial-disparity-in-black-labor-report/
Lauryn Hill to receive Living Legend Icon honor at 2026 BET Awards,BET announced that Lauryn Hill will receive the Living Legend Icon Award at the 2026 BET Awards this upcoming June.,thegrio.com,2026-06-04,Featured,Nhari Djan,https://thegrio.com/2026/06/04/lauryn-hill-to-receive-living-legend-icon-honor-at-2026-bet-awards/
Zanzibar police conclude investigation into death of influencer Ashlee Jenae,Authorities in Zanzibar have concluded that influencer Ashlee Jenae died by suicide while staying there on vacation.,thegrio.com,2026-06-04,News,Nhari Djan,https://thegrio.com/2026/06/04/zanzibar-police-conclude-investigation-into-death-of-influencer-ashlee-jenae/
‘We’ve never been tasteless’: Marlon and Shawn Wayans on the secret to ‘Scary Movie’ success,"Ahead of “Scary Movie 6,” Shawn and Marlon Wayans share their approach to making boundary-pushing comedy in 2026.",thegrio.com,2026-06-04,Entertainment,Haniyah P.,https://thegrio.com/2026/06/04/weve-never-been-tasteless-marlon-and-shawn-wayans-on-the-secret-to-scary-movie-success/
Why parents are breaking the bank for prom in the Black community,Prom season is winding down after another whirlwind year in the books that saw looks and send-offs that rival the Met Gala.,thegrio.com,2026-06-04,Style,Kay Wicker,https://thegrio.com/2026/06/04/why-parents-are-breaking-the-bank-for-prom-in-the-black-community/
Veteran actor Keith David honored with star on Hollywood Walk of Fame,"Keith David honored with a star on the Hollywood Walk of Fame, celebrating decades-long career in film, television, and voice acting.",thegrio.com,2026-06-04,Entertainment,Jahaura Michelle,https://thegrio.com/2026/06/04/veteran-actor-keith-david-honored-with-star-on-hollywood-walk-of-fame/
"Shaq is bringing Black Caesar, the legendary Black pirate, to comics","Shaquille O'Neal is partnering with Archie Comics on ""Vengeance Unchained: The Legend of Black Caesar,"" a new comic series.",thegrio.com,2026-06-03,Entertainment,Peter Kerich,https://thegrio.com/2026/06/03/shaquille-oneal-black-caesar-comic-series/
Jess Hilarious is keeping her marriage private and is in a season of protection,Jess Hilarious has lived a life in the public eye but the Baltimore native is keen on her marriage and love life remaining private.,thegrio.com,2026-06-03,Entertainment,Brandon Caldwell,https://thegrio.com/2026/06/03/jess-hilarious-keeping-marriage-private-reasons/
"‘Thank you, football’: Russell Wilson announces retirement from NFL in emotional video",Russell Wilson is hanging up his cleats. The 37-year-old former Super Bowl winner announced his retirement Wednesday via Instagram.,thegrio.com,2026-06-03,Sports,Brandon Caldwell,https://thegrio.com/2026/06/03/russell-wilson-announces-retirement-nfl/
"New study reveals how dependent Black and Hispanic teens are on AI chatbots for schoolwork, but other factors paint a clearer picture",A Pew Research study revealed the large gaps in AI use between Black and Hispanic teens compared to their counterparts. But is it by design?,thegrio.com,2026-06-03,Technology,Brandon Caldwell,https://thegrio.com/2026/06/03/study-black-hispanic-teens-ai-chatbot-use-factors/
Baltimore Mayor Brandon Scott hosts Fathers’ Stroller Walk to dispel misperceptions of Black fatherhood,"Ahead of Father's Day, Baltimore City Mayor Brandon Scott announced an event to bring fathers together with their young children.",thegrio.com,2026-06-03,Politics,Gerren Keith Gaynor,https://thegrio.com/2026/06/03/baltimore-mayor-brandon-scott-hosts-fathers-stroller-walk-to-dispel-misperceptions-of-black-fatherhood/
"Survey shows what Black women are most concerned about under Trump, and why they’re prioritizing joy",A new poll conducted by The Highland Project finds that many Black women remain motivated to vote and fight for a better future.,thegrio.com,2026-06-03,Politics,Gerren Keith Gaynor,https://thegrio.com/2026/06/03/survey-shows-what-black-women-are-most-concerned-about-under-trump-and-why-theyre-prioritizing-joy/
Lynn Whitfield doesn’t do broke,"Ahead of the release of “Strung,” Lynn Whitfield opens up about how she doesn’t seem to play broke characters.",thegrio.com,2026-06-03,Entertainment,Kay Wicker,https://thegrio.com/2026/06/03/lynn-whitfield-doesnt-do-broke/
"‘He was able to relate to everyone’: Lonnie Ali opens up about the Muhammad Ali Day of Compassion, and how her husband’s message lives on","On the inaugural Day of Compassion, Lonnie Ali, wife of Muhammad Ali, speaks to theGrio about its importance, and her husband's legacy.",thegrio.com,2026-06-03,Featured,Brandon Caldwell,https://thegrio.com/2026/06/03/lonnie-ali-interview-day-of-compassion-ali-center/
Aleshea Harris feels ‘vindicated’ by the reception of ‘Is God Is’,In this exclusive interview with theGrio writer and director Aleshea Harris discusses the reception to “Is God Is.”,thegrio.com,2026-06-03,Entertainment,Kay Wicker,https://thegrio.com/2026/06/03/aleshea-harris-feels-vindicated-by-the-reception-of-is-god-is/
A$AP Rocky knows his kids are nepo babies: His solution is hilarious,"A$AP Rocky opened up about raising his children with Rihanna as future “nepo babies,” revealing a funny plan to keep them humble .",thegrio.com,2026-06-03,Politics,Peter Kerich,https://thegrio.com/2026/06/03/asap-rocky-nepo-babies-solution/
Waka Flocka announces his first biological child is on the way: ‘Best gift a man could ever ask for’,"Rapper Waka Flocka shared in an Instagram post that he is expecting his first biological child, a boy named Juaquin Jr.",thegrio.com,2026-06-03,Entertainment,Odafe Oghen,https://thegrio.com/2026/06/03/waka-flocka-baby-boy-juaquin-jr-first-biological-child/
Chris Brown says he quietly earned a master’s degree in arts entrepreneurship,"Chris Brown revealed on Instagram that he earned a Master of Fine Arts in Arts Entrepreneurship, sharing what appears to be a diploma from",thegrio.com,2026-06-03,Entertainment,Bolarinwa Oladeji,https://thegrio.com/2026/06/03/chris-brown-masters-degree-arts-entrepreneurship/
Keke Palmer is choosing community instead of doing motherhood alone,"Keke Palmer understands it takes a village to raise a child, so she, her sisters, and their kids are doing so together under one roof.",thegrio.com,2026-06-03,Featured,Haniyah P.,https://thegrio.com/2026/06/03/keke-palmer-is-choosing-community-instead-of-doing-motherhood-alone/
Cassie Ventura reveals she has relocated outside the United States a year after testifying against Diddy,"Cassie Ventura no longer lives in the United States and has no plans to return, according to a recent court filing.",thegrio.com,2026-06-03,Entertainment,Odafe Oghen,https://thegrio.com/2026/06/03/cassie-ventura-fine-moves-out-united-states-diddy-trial/
Sean “Diddy” Combs faces new sexual assault allegations under review by Los Angeles prosecutors,Los Angeles prosecutors are reviewing new sexual assault allegations against Sean “Diddy” Combs after a police report filed by publicist,thegrio.com,2026-06-03,Entertainment,Bolarinwa Oladeji,https://thegrio.com/2026/06/03/los-angeles-prosecutors-review-new-diddy-sexual-assault-allegations/
Idris Elba receives knighthood from King Charles at Windsor Castle for services to young people,"The Idris Elba knighthood was made official at an investiture ceremony at Windsor Castle on June 2, honoring his services to young people.",thegrio.com,2026-06-03,Entertainment,Odafe Oghen,https://thegrio.com/2026/06/03/idris-elba-knighthood-king-charles-windsor-castle/
8 Black-owned gift ideas for every dad this Father’s Day,"Some dads deserve more than a generic card, and these Black-owned brands are making Father's Day gifting easy, and meaningful.",thegrio.com,2026-06-02,Lifestyle,Haniyah P.,https://thegrio.com/2026/06/02/8-black-owned-brand-gift-ideas-for-every-dad-this-fathers-day/
Courtney Kemp Agboh sees you hate watching ‘Nemesis’: ‘I already got you!’,Co-creators Courtney Kemp and Tani Marole open up about the reactions online to Netflix’s hit heist show “Nemesis.”,thegrio.com,2026-06-02,Entertainment,Kay Wicker,https://thegrio.com/2026/06/02/courtney-kemp-agboh-sees-you-hate-watching-nemesis/
M.I.A files multi-million dollar lawsuit against Kid Cudi after she was kicked off his latest tour,"British rapper M.I.A. has filed a near $3 million lawsuit against Kid Cudi and Live Nation over her being removed from his ""Rebel Ragers"" tour.",thegrio.com,2026-06-02,Entertainment,Brandon Caldwell,https://thegrio.com/2026/06/02/kid-cudi-m-i-a-lawsuit-rebel-ragers-tour/
‘It took away a lot of peace and happiness’: A$AP Rocky opens up about the impact the shooting had on him and Rihanna,"In March 2026, a woman reportedly fired gunshots outside of Rihanna and A$AP Rocky’s home while their three children were home.",thegrio.com,2026-06-02,Lifestyle,Haniyah P.,https://thegrio.com/2026/06/02/it-took-away-a-lot-of-peace-and-happiness-aap-rocky-opens-up-about-the-impact-the-shooting-had-on-him-and-rihanna/
"The intention behind casting Ayo Edebiri and Don Cheadle in ‘Proof,’ and what it says about Broadway and entertainment","During a chat with Michelle Obama for her ""IMO"" podcast, Don Cheadle and Ayo Edebiri reveal why they were purposefully cast for the revival of 'Proof.'",thegrio.com,2026-06-02,Entertainment,Brandon Caldwell,https://thegrio.com/2026/06/02/ayo-edebiri-don-cheadle-proof-casting-michelle-obama-interview/
American Black Film Festival marks 30 years of celebrating and protecting Black storytelling,"With star-studded screenings, panels, and rooftop celebrations, ABFF continues its mission to elevate Black voices in film",thegrio.com,2026-06-02,Entertainment,Kay Wicker,https://thegrio.com/2026/06/02/american-black-film-festival-marks-30-years-of-celebrating-and-protecting-black-storytelling/
Former North Carolina officer charged after viral video shows woman punched during arrest,Criminal charges were filed after a video of Moore's arrest circulated online and drew widespread scrutiny.,thegrio.com,2026-06-02,News,Bolarinwa Oladeji,https://thegrio.com/2026/06/02/former-north-carolina-officer-charged-woman-punched-arrest/
14-year-old goes missing off NJ coast during school trip two days before his graduation,Family of 14-year-old Davoris Carter questions supervision after he entered the water at a Wildwood beach and never returned.,thegrio.com,2026-06-02,News,Odafe Oghen,https://thegrio.com/2026/06/02/davoris-carter-missing-new-jersey-wildwood-beach-school-trip/
Defense Secretary Hegseth removes Black Navy officers from military promotions list,"Hegseth's removal of Black officers appeared to ""violate the rules governing a promotion system,"" which are supposed to be ""apolitical.""",thegrio.com,2026-06-02,Politics,Gerren Keith Gaynor,https://thegrio.com/2026/06/02/hegseth-removes-black-navy-officers-from-military-promotions-list/
Jury finds South Carolina convenience store owner not guilty in death of Black teen Cyrus Carmack-Belton,The Cyrus Carmack-Belton shooting verdict saw a jury acquit store owner Chikei Rick Chow in the 2023 fatal shooting of the Black teenager.,thegrio.com,2026-06-02,News,Peter Kerich,https://thegrio.com/2026/06/02/jury-finds-south-carolina-convenience-store-owner-not-guilty-in-death-of-black-teen-cyrus-carmack-belton/
"George Floyd’s family speaks out after Minn. GOP Derek Chauvin tribute, cites Kevin Hart roast controversy","The family criticized Minn. GOP for honoring Chauvin, said recent backlash over a Floyd joke reflects a broader shift in public attitudes.",thegrio.com,2026-06-02,News,Bolarinwa Oladeji,https://thegrio.com/2026/06/02/george-floyd-family-condemns-minnesota-gop-derek-chauvin-tribute/
Minn. GOP holds moment of silence for Derek Chauvin days after the 6th anniversary of George Floyd’s death,"State officials denounced the tribute, whose conviction followed George Floyd's killing and sparked a nationwide movement for racial justice.",thegrio.com,2026-06-02,News,Odafe Oghen,https://thegrio.com/2026/06/02/derek-chauvin-minnesota-gop-moment-of-silence-george-floyd/
"Peabo Bryson, beloved R&B singer and voice behind several classic hits such as ‘A Whole New World,’ dies at 75","Pebro Bryson, a veteran R&B voice who made history with songs like ""A Whole New World"" and others, has died. He was 75.",thegrio.com,2026-06-02,Entertainment,Brandon Caldwell,https://thegrio.com/2026/06/02/peabo-bryson-dead-age-75/
‘I was suffering’: Karamo Brown opens up about painful botched plastic surgery and his road to recovery,"'Queer Eye' alum Karamo Brown is speaking out for the first time about a plastic surgery decision gone wrong, and the pain he lived with.",thegrio.com,2026-06-02,Health,Brandon Caldwell,https://thegrio.com/2026/06/02/karamo-brown-botched-plastic-surgery/
Supreme Court allows Alabama Republicans to use map that eliminates majority-Black district,"""This...would put Jim Crow jurists to shame,"" said Kristen Clarke, general counsel at the NAACP and a former DOJ attorney general.",thegrio.com,2026-06-02,Politics,Gerren Keith Gaynor,https://thegrio.com/2026/06/02/supreme-court-allows-alabama-republicans-to-use-map-that-eliminates-majority-black-district/
‘Bronica’ is back: Brandy brings out Monica for a ’90s flashback at Roots Picnic,"Brandy brought out Monica during her Roots Picnic set, styled in Cross Colours for a nostalgic tribute ahead of their ESSENCE Fest performance.",thegrio.com,2026-06-01,Music,Bobby Pen,https://thegrio.com/2026/06/01/brandy-monica-roots-picnic-cross-colours-essence-fest/
Cardi B is helping promote New York’s new childcare program. Here’s why families nationwide are paying attention,"Cardi B and Lin-Manuel Miranda helped promote New York City's new 2-K childcare initiative, but the bigger story is what expanded childcare access could mean for working families nationwide.",thegrio.com,2026-06-01,News,Bobby Pen,https://thegrio.com/2026/06/01/new-york-free-childcare-program-national-impact/
Beyond the stage: 5 standout moments from Roots Picnic 2026,"From Erykah Badu to local food and immersive activations, Roots Picnic celebrated culture and community at its new Belmont Plateau home.",thegrio.com,2026-06-01,Music,Bobby Pen,https://thegrio.com/2026/06/01/roots-picnic-2026-top-moments-jay-z-erykah-badu/
"Dexter Wansel, Philly soul legend with vast family legacy who produced Teddy Pendergrass’ ‘Love TKO,’ dies at 75","Dexter Wansel, the Philly keyboardist and producer who helped create some of the more influential songs of all-time, has died. He was 75.",thegrio.com,2026-06-01,Entertainment,Brandon Caldwell,https://thegrio.com/2026/06/01/dexter-wansel-philly-soul-legend-dies/
Steph Curry ends sneaker free agency with massive 10-year deal with Chinese company Li-Ning,"NBA star Steph Curry has ended his sneaker free agency and inked a partnership with Li-Ning, creating a new future for his Curry Brand.",thegrio.com,2026-06-01,Business,Brandon Caldwell,https://thegrio.com/2026/06/01/steph-curry-li-ning-sneaker-deal/
Bill Cosby ordered to pay sex abuse victim nearly $60M after judge denies requiest for new trial,A LA Superior Court judge has ordered Bill Cosby to pay a near $60M judgement to a woman who alleged he sexually assaulted her in 1972.,thegrio.com,2026-06-01,News,Brandon Caldwell,https://thegrio.com/2026/06/01/bill-cosby-sex-abuse-victim-60-million-payout-lawsuit/
Trump reportedly backing off $1.7B weaponization fund that concerned Black advocates championing reparations,Trump's fund drew the ire of advocates who said the fund was an insult to Black Americans and the decades-long fight for reparations.,thegrio.com,2026-06-01,Politics,Gerren Keith Gaynor,https://thegrio.com/2026/06/01/trump-to-back-off-weaponization-fund-that-angered-black-advocates-reparations/
Social media grieves the end of ‘Euphoria’ & the reality of addiction,"The season 3 finale of HBO's ""Euphoria"" marked the end of the hit show, leaving fans grieving both characters and the series.",thegrio.com,2026-06-01,Entertainment,Haniyah P.,https://thegrio.com/2026/06/01/social-media-grieves-the-end-of-euphoria-the-reality-of-addiction/
Vivek Ramaswamy says a Black baby is safer on Chicago streets than mother’s womb in resurfaced clip,"While the clip of Ramaswamy's remarks is from a 2023 podcast, theGrio breaks down its context and how Black leaders are responding.",thegrio.com,2026-06-01,Politics,Gerren Keith Gaynor,https://thegrio.com/2026/06/01/vivek-ramaswamy-black-baby-isafer-on-chicago-streets-than-mothers-womb/
"‘A battle worth having’: Fired over social media, ex-WaPo columnist Karen Attiah heads to arbitration against former employer",Former WaPo columnist Karen Attiah is looking forward to her day in court against the outlet who fired her over her posts about Charlie Kirk.,thegrio.com,2026-06-01,News,Brandon Caldwell,https://thegrio.com/2026/06/01/karen-attiah-arbitration-washington-post-charlie-kirk/
‘My heart is breaking’: Former partner of Diddy and 50 Cent shares and deletes message regarding leaked video of sexual abuse,Model Daphne Joy shared and later deleted a message addressing her sexual abuse shared in a video leaked to the internet involving Diddy.,thegrio.com,2026-06-01,Entertainment,Brandon Caldwell,https://thegrio.com/2026/06/01/daphne-joy-addresses-sexual-abuse-video-diddy-50-cent/
Jay-Z’s Roots Picnic afro is a reminder that Black hair has no limits,"From his low cut to his locs and now his afro, Jay-Z has quietly been serving a masterclass on the versatility of Black men’s hair.",thegrio.com,2026-06-01,Lifestyle,Haniyah P.,https://thegrio.com/2026/06/01/jay-zs-roots-picnic-afro-is-a-reminder-that-black-hair-has-no-limits/
Dozens arrested as protests at Newark ICE detention center enter second week,"Advocates say detainees at Delaney Hall face inadequate food, limited medical care and restricted family visitation.",thegrio.com,2026-06-01,Featured,Odafe Oghen,https://thegrio.com/2026/06/01/delaney-hall-protests-newark-ice-arrests-curfew/
"Peabo Bryson, voice behind R&B and Disney classics, suffers stroke","The 75-year-old R&B balladeer, whose career spans decades of hits and celebrated duets, is being treated after suffering a stroke.",thegrio.com,2026-06-01,News,Bolarinwa Oladeji,https://thegrio.com/2026/06/01/peabo-bryson-stroke-health-update-2026/
"Trump’s attacks on DEI are dismantling the public health infrastructure, new report finds","Trump's targeting of DEI is making America less healthy and safe, according to a new report from the Center for American Progress.",thegrio.com,2026-06-01,Politics,Gerren Keith Gaynor,https://thegrio.com/2026/06/01/trumps-dei-dismantling-public-health-infrastructure/
Serena Williams set to compete in her first tournament since 2022,"More than three years after her last professional match, Williams will return to competition at Queen’s Club in London.",thegrio.com,2026-06-01,Featured,Peter Kerich,https://thegrio.com/2026/06/01/serena-williams-tennis-return-queens-club/
Florida principal placed on leave over disputed Fetty Wap yearbook quote,Katie O’Connell says she never approved the Fetty Wap yearbook quote and believes it was added by a student after she signed off.,thegrio.com,2026-06-01,Featured,Odafe Oghen,https://thegrio.com/2026/06/01/fetty-wap-yearbook-quote-florida-principal-katie-oconnell-leave/
‘Michael’ is on track to become the highest-grossing music biopic ever,"With an estimated $846.3 million worldwide, the film is less than $65 million away from becoming the highest-grossing music biopic ever.",thegrio.com,2026-06-01,News,Bolarinwa Oladeji,https://thegrio.com/2026/06/01/michael-jackson-biopic-box-office-record-2026/
"Foster Sylvers, singer behind ‘Misdemeanor’ and member of The Sylvers, dead at 64","Foster Sylvers, the singer known for “Misdemeanor” and his work with The Sylvers, has died at age 64 following a reported cancer battle.",thegrio.com,2026-05-31,News,Janeé Bolden,https://thegrio.com/2026/05/31/foster-sylvers-dead-misdemeanor-the-sylvers/
"Jay-Z uses Roots Picnic freestyle to address Drake Kanye West, Nicki Minaj and more","During a nearly four-minute freestyle at Roots Picnic, Jay-Z addressed Drake, Kanye West, Nicki Minaj and several longtime detractors.",thegrio.com,2026-05-31,Featured,Jahaura Michelle,https://thegrio.com/2026/05/31/jay-z-roots-picnic-freestyle-drake-kanye-west-nicki-minaj-and-more/
Victor Wembanyama breaks down in tears after leading Spurs to first NBA Finals since 2014,Victor Wembanyama became emotional after leading the Spurs past the Thunder in Game 7 and into the franchise’s first NBA Finals since 2014.,thegrio.com,2026-05-31,Sports,Janeé Bolden,https://thegrio.com/2026/05/31/victor-wembanyama-tears-spurs-nba-finals-game-7-thunder/
"For the third time in two Seasons, ‘Love Island USA’ faces a racial slur controversy",‘Love Island USA’ removed contestant Vasana Montgomery ahead of Season 8 after alleged N-word videos resurfaced online,thegrio.com,2026-05-31,Featured,Janeé Bolden,https://thegrio.com/2026/05/31/love-island-usa-vasana-montgomery-removed-racial-slur-videos/
