title,description,source,date_of_publication,category,author,link
"Joe Budden Just Said What We’re All Thinking About Dame Dash’s Recent, Weird Antics","From crashing out in interviews to dropping weird diss tracks, Dame Dash’s antics were recently called out by Joe Budden. Honestly, he might be speaking for all of us!",theroot.com,2026-06-30,Entertainment,Shanelle Genai,https://www.theroot.com/joe-budden-just-said-what-were-all-thinking-about-dame-2000113673
Naomi Osaka’s Viral Wimbledon Kimono Has The Internet Buzzing,Tennis star Naomi Osaka arrived for her first Wimbledon match in a look that nearly broke the internet. Check out her jaw-dropping look here.,theroot.com,2026-06-30,Beauty + Style,Angela Johnson,https://www.theroot.com/naomi-osakas-viral-wimbledon-kimono-has-the-internet-bu-2000113760
America 250: A Look at Trump’s ‘Freedom Trucks’ That Are Sanitizing Black History,"The White House pitches these mobile museums as a cohesive version of American history, critics argue they are sanitizing Black history.",theroot.com,2026-06-30,News,Angela Wilson,https://www.theroot.com/america-250-a-look-at-trumps-freedom-trucks-that-are-s-2000113687
14 Black Icons Who Fought Motown For Their Coins,"Black Music Month: Motown artists created the soundtrack of a generation. Years later, many were still fighting over the royalties.",theroot.com,2026-06-30,Opinion,Lawrence Ware,https://www.theroot.com/14-black-icons-who-fought-motown-for-their-coins-2000110553
Expert: Why The Birthright Citizenship Ruling Still Impacts Black Americans,"Following SCOTUS’ ruling on birthright citizenship, one legal expert warned that while the case began as an immigration issue, all Black Americans should be paying close attention.",theroot.com,2026-06-30,Politics,Phenix S Halley,https://www.theroot.com/expert-why-the-birthright-citizenship-ruling-still-imp-2000111879
Black Celebrity Kids Who Look Exactly Like Their Famous Parents,"From the Wayans family to the Carters, these celebrity kids got it from their mamas (and papas).",theroot.com,2026-06-30,Entertainment,Mahalia Otshudy,https://www.theroot.com/black-celebrity-kids-who-look-exactly-like-their-famous-2000113685
A Black Family Demands Answers After Their 11-Year-Old Books an Uber to the Airport,A Long Island family is calling for safety and accountability after their 11-year-old autistic son ordered an Uber and traveled to the airport alone.,theroot.com,2026-06-30,News,Phenix S Halley,https://www.theroot.com/a-black-family-demands-answers-after-their-11-year-old-2000113799
Why a ‘Love Island’ Breakup is Sparking a Bigger Conversation About Black Dating and Class,KC and Aniya’s recent uncoupling has social media unpacking how upbringing influences Black dating.,theroot.com,2026-06-30,Entertainment,Shanelle Genai,https://www.theroot.com/why-a-love-island-breakup-is-sparking-a-bigger-conversa-2000113752
They Want Us to Forget How We Saved Democracy the First Two Times. Don’t Let Them,"OPINION: As America marks the 250th anniversary of its founding, we cannot forget the contributions of Black Americans, who have been catalysts for some of the most transformative democratic advances in our nation’s history.",theroot.com,2026-06-30,Opinion,Daria Dawson,https://www.theroot.com/they-want-us-to-forget-how-we-saved-democracy-the-first-2000113693
Officer Resigned After Footage Shows Alleged Assault Against Pregnant Black Woman,Former Arizona Officer Carri Carrico resigned after surveillance footage of her alleged assault against a pregnant Black woman led to criminal charges.,theroot.com,2026-06-29,Criminal Justice,Phenix S Halley,https://www.theroot.com/officer-resigned-after-footage-shows-alleged-assault-ag-2000113407
How the Supreme Court Blocked Trump’s Plan to Fire Fed Gov. Lisa Cook,"In a 5-4 ruling, the SCOTUS blocked Trump from firing Fed Gov. Lisa Cook—a decision critics say halts his reported pattern of targeting Black women in politics.",theroot.com,2026-06-29,News,Phenix S Halley,https://www.theroot.com/how-the-supreme-court-blocked-trump-s-plan-to-fire-fed-2000113605
How Pooh Shiesty Was Able to Allegedly Kidnap Gucci Mane Is Finally Revealed,More details have come out about Poo Shiesty’s alleged kidnapping and robbery of Gucci Mane and they’re truly unbelievable!,theroot.com,2026-06-29,Entertainment,Shanelle Genai,https://www.theroot.com/how-pooh-shiesty-was-able-to-allegedly-kidnap-gucci-man-2000113628
The Rising HBCU Enrollment: 15 Largest Black Schools Ranked by Size,"From North Carolina A&T State University to St. Philip’s College, these 15 HBCUs are experiencing notable enrollment growth.",theroot.com,2026-06-29,Education,Phenix S Halley,https://www.theroot.com/the-rising-hbcu-enrollment-15-largest-black-schools-ra-2000113511
"Is AI Helping or Hurting Black Music? SZA, Flo Milli, and More Speak to The Root","From music veterans like Jimmy Jam and newer acts like Flo Milli, Black artists weigh in on the AI usage in the industry and their responses are telling!",theroot.com,2026-06-29,Entertainment,Shanelle Genai,https://www.theroot.com/is-ai-helping-or-hurting-black-music-sza-flo-milli-a-2000113457
"BET Awards 2026: All the Best Moments, Surprises You Missed!","From Janet Jackson’s surprising pop-up to Lauryn Hill’s insanely good tribute, the 2026 BET Awards were filled with great moments! Let’s get into it!",theroot.com,2026-06-29,Entertainment,Shanelle Genai,https://www.theroot.com/bet-awards-2026-all-the-best-moments-surprises-you-mi-2000113395
Six Reasons Why Black People Must Vote!,"Opinion: If you’ve been asking yourself why Black folks should even bother voting, this one is for you.",theroot.com,2026-06-29,Opinion,LaTosha Brown,https://www.theroot.com/six-reasons-why-black-people-must-vote-2000113548
Professor: Why It’s Time to Retire the Term ‘African American’,A professor says it’s time to ditch the term “African American.” His argument? The true origin of our culture isn’t where most people think.,theroot.com,2026-06-29,Opinion,Lawrence Ware,https://www.theroot.com/professor-why-its-time-to-retire-the-term-african-amer-2000113527
Black Celebs Who Showed Up at Clive Davis’ Funeral,"Stevie Wonder, Usher & More: Stars Gather in NYC to Pay Respects to Clive Davis",theroot.com,2026-06-29,Entertainment,Shanelle Genai,https://www.theroot.com/black-celebs-who-showed-up-at-clive-davis-funeral-2000113487
Exclusive: How KevOnStage Turned Independence Into an Entertainment Empire,"Speaking exclusively with The Root, KevOnStage talked the second season of “Safe Space” and how he’s building a comedy empire on his own terms!",theroot.com,2026-06-29,Entertainment,Rashad Grove,https://www.theroot.com/exclusive-how-kevonstage-turned-independence-into-an-e-2000113454
Supreme Court Hands Down Ruling in Closely Watched Mail-In Voting Battle,We spoke to one legal expert to break down exactly what the Supreme Court’s latest ruling on mail-in ballots means for Black people.,theroot.com,2026-06-29,News,Phenix S Halley,https://www.theroot.com/supreme-court-hands-down-ruling-in-closely-watched-mail-2000111868
BET Awards 2026: Best and Worst Dressed,"From the BET Awards’ fashion wins to those who completely missed the mark, we gathered the best—and the total train wrecks—from the red carpet!",theroot.com,2026-06-29,Beauty + Style,Angela Wilson,https://www.theroot.com/bet-awards-2026-best-and-worst-dressed-2000113400
The 2026 BET Awards: Best Red Carpet Looks,We’re breaking down the best-dressed looks from the 2026 BET Awards red carpet.,theroot.com,2026-06-28,Entertainment,Asheea Smith,https://www.theroot.com/the-2026-bet-awards-best-red-carpet-looks-2000113354
Clipse Reflects on The Neptunes’ Breakup,Pusha T and No Malice address Pharrell and Chad Hugo’s split one year after Clipse returns with its first album in 15 years.,theroot.com,2026-06-28,Black Music Month,Phenix S Halley,https://www.theroot.com/clipse-reflects-on-the-neptunes-breakup-2000113213
Megyn Kelly’s Rant On Haitian Deportation Is More Dangerous Than You Think,"For immigration advocates and media watchdogs, Kelly’s Haitian tirade represents something far more calculated than standard partisan punditry.",theroot.com,2026-06-28,News,Rashad Grove,https://www.theroot.com/megyn-kelly-s-rant-on-haitian-deportation-is-more-dange-2000113333
Social Media Wants These Black Actors To Be The Live-Action Miles Morales,"With a live-action Miles Morales movie in development, Marvel fans have flooded social media with fancasts for the potential new Spider-Man role, and we’ve rounded up the internet’s top picks.",theroot.com,2026-06-28,Entertainment,Mahalia Otshudy,https://www.theroot.com/social-media-wants-these-black-actors-to-be-the-live-ac-2000113261
GOP Beware: The Rise of the Political ‘Black BackLash’,"Experts suggest Republicans celebrated small gains with minority voters way too early. Now, that progress is threatened by American “backlash” politics.",theroot.com,2026-06-28,Politics,Phenix S Halley,https://www.theroot.com/gop-beware-the-rise-of-the-political-black-backlash-2000112908
How Jalen Hurts and NFL Stars Spent Their First Million,"With the draft over and summer camps right around the corner, we look back at a classic rookie rite of passage: how these NFL stars spent their first million.",theroot.com,2026-06-28,Entertainment,Shanelle Genai,https://www.theroot.com/how-jalen-hurts-and-nfl-stars-spent-their-first-million-2000113244
Darryn Peterson’s Utah Jazz Draft Pick Makes Sibling History,Darryn and Darryl Peterson III make history as the first siblings to enter different major sports leagues in the same year,theroot.com,2026-06-28,Culture,Cedric BIG CED Thornton,https://www.theroot.com/darryn-peterson-s-utah-jazz-draft-pick-makes-sibling-hi-2000113214
Former NFL Scout Stands Trial in Deaths of Pregnant Girlfriend and Unborn Child,"A frantic 911 call, alleged missing evidence, emotional testimony and a shocking medical report are all at the center of the murder trial of Blaise Taylor, who is accused of killing his girlfriend.",theroot.com,2026-06-27,Crime,Phenix S Halley,https://www.theroot.com/former-nfl-scout-stands-trial-in-deaths-of-pregnant-gir-2000113254
Unapologetically Messy White Shows You Can’t Look Away From,"Need to Binge? From ‘I Will Find You’ to ‘Cape Fear,’ we as the Black collective are clutching our pearls at how messy these white shows are. Let’s get into the goodness!",theroot.com,2026-06-27,Entertainment,Shanelle Genai,https://www.theroot.com/unapologetically-messy-white-shows-you-cant-look-away-f-2000113215
Everything We Know About Lionel Richie’s Latest Health Scare,"Lionel Richie is usually one to keep fans singing and dancing ‘All Night Long,’ but his recent health scare has all of us concerned. Here’s what we know.",theroot.com,2026-06-27,Entertainment,Shanelle Genai,https://www.theroot.com/everything-we-know-about-lionel-richies-latest-health-s-2000113256
An Exclusive Message To D.C. From Chicago and Newark Mayors: Stop Pitting Black and Brown Communities Against Each Other,This exclusive op-ed lays out Chicago and Newark’s unified blueprint for resisting systemic neglect and fighting attempts to divide Black and immigrant communities.,theroot.com,2026-06-27,News,Brandon Johnson,https://www.theroot.com/an-exclusive-message-to-d-c-from-chicago-and-newark-ma-chicago-newark-mayors-to-d-c-stop-dividing-us
13 Memoirs To Keep Black Music Month Going All Year,"Black artists used memoirs to reveal personal struggles, give insight into their creativity, and everything in between.",theroot.com,2026-06-27,News,William Ketchum,https://www.theroot.com/13-memoirs-to-keep-black-music-month-going-all-year-essential-black-music-memoirs-to-read-after-june-2026
Why Black People Are Always the Target: The Hard Truth,"Anti-Blackness has survived for centuries not because it was true, but because it was profitable.",theroot.com,2026-06-26,Opinion,Lawrence Ware,https://www.theroot.com/why-black-people-are-always-the-target-the-hard-truth-2000113148
The Ugly Irony: Justice Barrett’s TPS Vote Puts Spotlight on Her Haitian Family Connection,Justice Amy Coney Barrett voted in the conservative majority to end temporary protected status for Haitian and Syrian migrants… Even though she has two Haitian children of her own.,theroot.com,2026-06-26,Politics,Phenix S Halley,https://www.theroot.com/the-ugly-irony-justice-barretts-tps-vote-puts-spotligh-2000113040
Khloé Kardashian Ex-Boyfriend Spills Tea On The ‘Kardashian Curse’,"Khloe Kardashians little-known first, famous boyfriend is airing out the details on what it was like dealing with the reality star and throwing some shade at the same time!",theroot.com,2026-06-26,Entertainment,Shanelle Genai,https://www.theroot.com/khlo-kardashian-ex-boyfriend-spills-tea-on-the-kardash-2000113035
Even More Luxurious Black Celebrity Looks From Paris Fashion Week,PHOTOS: We’re picking out more of the best looks from the Paris Fashion Week Spring/Summer 2027 season.,theroot.com,2026-06-26,Beauty + Style,Mahalia Otshudy,https://www.theroot.com/even-more-luxurious-black-celebrity-looks-from-paris-fa-2000113041
The Unthinkable Just Happened—Mamdani’s Rent Freeze Stuns the Nation,"New York’s Rent Guidelines Board voted 7-1 to approve a historic 0 percent rent increase for more than one million rent-stabilized apartments, delivering on one of Mamdani’s most anticipated campaign promises.",theroot.com,2026-06-26,Culture,Asheea Smith,https://www.theroot.com/the-unthinkable-just-happened-mamdani-s-rent-freeze-stu-2000113082
NBA Second-Round Draft Players Who Beat Odds To Have Successful Careers,These are the the NBA second-round draft picks who exceeded expectations and became legends in their own right.,theroot.com,2026-06-26,Culture,Cedric BIG CED Thornton,https://www.theroot.com/nba-second-round-draft-players-who-beat-odds-to-have-su-2000113066
These Black Actresses Over 40 Look Better Than Ever!,"From Nia Long to Tracee Ellis Ross and more, these are our Hollywood faves that truly age backwards!",theroot.com,2026-06-26,Beauty,Shanelle Genai,https://www.theroot.com/these-black-actresses-over-40-look-better-than-ever-2000113104
Ex-New York Mets Pitcher Escapes Earthquake Death: ‘It Was God’,Ex-New York Mets pitcher Jenrry Mejia said that “it was God” who saved him from death during the earthquakes,theroot.com,2026-06-26,News,Cedric BIG CED Thornton,https://www.theroot.com/ex-new-york-mets-pitcher-escapes-earthquake-death-it-2000113149
Is It Gay to Have a Birthday? Social Media Trend Exposes Toxic Black Masculinity,"Social media has turned some Black men against birthday parties, white wine, and even saying goodnight, and we are wondering why?",theroot.com,2026-06-26,Culture,Ty Cole,https://www.theroot.com/is-it-gay-to-have-a-birthday-social-media-trend-expose-2000110300
Daughter Reveals ‘Painful End’ to Mother’s Life Years After She Claimed to Be Michael Jackson’s ‘Billie Jean’,"After decades of public speculation about “Billie Jean,” Le Naj Garrison shares the heartbreaking reality of growing up with a mother living with severe mental illness.",theroot.com,2026-06-26,Culture,B.Kadijat Towolawi,https://www.theroot.com/daughter-reveals-painful-end-to-mother-s-life-years-a-2000113165
What These Recent Supreme Court Rulings Could Mean for All Black Americans,"From voting rights to prison sentences, recent Supreme Court decisions could reshape policy and disproportionately affect Black Americans.",theroot.com,2026-06-26,News,Phenix S Halley,https://www.theroot.com/what-these-recent-supreme-court-rulings-could-mean-for-2000113107
A Peek Inside Eve’s Ultra-Rich Life with Husband Maximillion Cooper,"How Eve traded the grind for a life of luxury, ease, and real love with her husband.",theroot.com,2026-06-25,Entertainment,Mahalia Otshudy,https://www.theroot.com/a-peek-inside-eves-ultra-rich-life-with-husband-maximil-2000112868
Saved By The Bell’s Lark Voorhies On Healing After Mental Health Diagnosis,"The “Saved by the Bell” star says that since she’s been open about her mental health, Hollywood has not embraced her.",theroot.com,2026-06-25,Entertainment,Amber Ferguson,https://www.theroot.com/saved-by-the-bells-lark-voorhies-on-healing-after-menta-2000112862
Black Music Legends Near 80 and Over Who Are Still Thriving!,BLACK MUSIC MONTH: These Black music legends keep showing us that age ain’t nothing but a number and true talent and showmanship only gets better with time!,theroot.com,2026-06-25,Black Music Month,Shanelle Genai,https://www.theroot.com/black-music-legends-near-80-and-over-who-are-still-thri-2000112960
"Professor: Save Your Coins, Bro: It’s Time to Stop Going Broke for a Wedding Ring",A Black professor argues that starting a marriage in debt for an expensive ring isn’t romantic—it’s a terrible financial strategy.,theroot.com,2026-06-25,Opinion,Lawrence Ware,https://www.theroot.com/professor-save-your-coins-bro-it-s-time-to-stop-goin-2000112911
Black Pastors Embracing the LGBTQ+ Community Is Not As Rare As Some Church People Think,"As KevOnStage faces criticism over LGBTQ+ inclusion, affirming Black pastors explain why love and justice belong at the center of faith.",theroot.com,2026-06-25,Opinion,Rev. Dr. Mashaun D. Simon,https://www.theroot.com/black-pastors-embracing-the-lgbtq-community-is-not-as-2000112955
Fisk University Faces Backlash Over $1 Billion Data Center Development Project,"After Fisk University announces plans to build an AI data center, community members are sounding the alarm.",theroot.com,2026-06-25,Culture,Phenix S Halley,https://www.theroot.com/fisk-university-faces-backlash-over-1-billion-data-cen-2000112979
"BET AWARDS: Druski’s Best Skits, Ranked by Viral Views","As social media star Druski prepares to take over the BET Awards on Sunday, June 28, let’s take a look at all the laughs he’s brought us thus far!",theroot.com,2026-06-25,Entertainment,Shanelle Genai,https://www.theroot.com/bet-awards-druskis-best-skits-ranked-by-viral-views-2000112928
New AI Assistant Aisha Launches for Black Users,"Aisha, a new AI-powered digital assistant, is set to provide Black users with culturally informed answers and trusted sources designed to address bias in artificial intelligence and power the Black community forward.",theroot.com,2026-06-25,Culture,Asheea Smith,https://www.theroot.com/new-ai-assistant-aisha-launches-for-black-users-2000112517
World Cup Visitors Trying American Soul Food Is the Best Thing On the Internet,The World Cup has brought some unexpected joy to social media by watching foreigners try American soul food for the first time and it’s truly something!,theroot.com,2026-06-25,Entertainment,Shanelle Genai,https://www.theroot.com/world-cup-visitors-trying-american-soul-food-is-the-bes-2000112906
The Best and Worst BET Awards Moments of All Time,"With the 2026 BET Awards just days away, let’s take a look back at some of the most memorable moments in the show’s history!",theroot.com,2026-06-25,Entertainment,Shanelle Genai,https://www.theroot.com/the-best-and-worst-bet-awards-moments-of-all-time-2000112690
Leslie Jones Calls Out ‘SNL’ for Typecasting Her,Leslie Jones’ feelings of being ‘stereotyped’ while working at ‘SNL’ should spark a conversation about the way Black women are portrayed on screen,theroot.com,2026-06-25,Entertainment,Shanelle Genai,https://www.theroot.com/leslie-jones-calls-out-snl-for-typecasting-her-2000112823
New York Family Shattered After Mother-Son Argument Turns Fatal,"What started as an argument between Ca’hry Gibson and his mother turned into his tragic death. Now, his mother has taken a plea deal.",theroot.com,2026-06-25,Crime,Phenix S Halley,https://www.theroot.com/new-york-family-shattered-after-mother-son-argument-tur-2000112935
The Medical Crisis That Led Gap Band’s Charlie Wilson Unable to Walk,Charlie Wilson is finally opening up about a scary time in his health journey and how he’s doing in the aftermath.,theroot.com,2026-06-24,News,Shanelle Genai,https://www.theroot.com/the-medical-crisis-that-led-gap-bands-charlie-wilson-un-2000112717
The Biggest Moments From the 2026 NBA Draft,The newest NBA stars arrived at the Barclays Center for the 2026 NBA draft. We’re breaking down all of the surprises.,theroot.com,2026-06-24,News,Rashad Grove,https://www.theroot.com/the-biggest-moments-from-the-2026-nba-draft-2000112781
Wiz Khalifa’s Advice to His Teenage Son Sparks Online Debate About Handling Conflict,"Black folks are mixed online after Wiz Khalifa advised his son while on stream, which turned into a broader conversation about parenting and youth violence.",theroot.com,2026-06-24,Entertainment,Phenix S Halley,https://www.theroot.com/wiz-khalifas-advice-to-his-teenage-son-sparks-online-de-2000112798
Inside the Breakthrough That Cured a Black Louisiana Man’s Sickle Cell,How CRISPR Therapy Cured this Black Man’s Sickle Cell,theroot.com,2026-06-24,Culture,Angela Wilson,https://www.theroot.com/inside-the-breakthrough-that-cured-a-black-louisiana-ma-2000112721
"EXCLUSIVE: Patti LaBelle Not Stopping At 82, Reveals First R&B Album In 20 Years On the Way",Legendary songstress Patti LaBelle is working on her first R&B album in 20 years,theroot.com,2026-06-24,Black Music Month,Cedric BIG CED Thornton,https://www.theroot.com/exclusive-patti-labelle-not-stopping-at-82-reveals-fi-2000112794
Why Rapper Eve Loves Her Rich Life in the UK and Is Never Leaving,"From West London galas to glamorous ski vacations, Eve has embraced the soft life across the pond in London and has no plans to return to the US.",theroot.com,2026-06-24,Entertainment,Mahalia Otshudy,https://www.theroot.com/why-rapper-eve-loves-her-rich-life-in-the-uk-and-is-nev-2000112698
Why Nobody Believes Tucker Carlson and MTG Defected from the GOP,Tucker Carlson and Marjorie Taylor Greene are the latest Republicans to defect from their party… but many Americans are skeptical of their true motives.,theroot.com,2026-06-24,News,Phenix S Halley,https://www.theroot.com/why-nobody-believes-tucker-carlson-and-mtg-defected-fro-2000111887
Photos: A Look at the Best Black Style From Paris Fashion Week,We’re keeping our eye on everything Black as designers show off their menswear collections during Paris Fashion Week.,theroot.com,2026-06-24,Fashion,Angela Johnson,https://www.theroot.com/photos-a-look-at-the-best-black-style-from-paris-fashi-2000112644
Whitney Houston’s Estate Responds To Oprah’s Account of 2009 Stage Fall,"After Oprah Winfrey’s crass story about the late Whitney Houston went viral, her official estate is now responding to all the chatter!",theroot.com,2026-06-24,Entertainment,Shanelle Genai,https://www.theroot.com/whitney-houston-s-estate-responds-to-oprah-s-account-of-2000112787
Expert: 100-Year Sentence in Texas Case Signals Authoritarian Threat to Black Protest,"The Root spoke to one legal expert, who warned Texas protest sentences could chill dissent and reshape how future political demonstrations are prosecuted.",theroot.com,2026-06-24,Politics,Phenix S Halley,https://www.theroot.com/expert-100-year-sentence-in-texas-case-signals-authori-2000112711
The Rising Movement to Overturn Karmelo Anthony’s Extreme 35-Year Sentence,Here is a breakdown of the ongoing efforts to support Karmelo Anthony after his 35-year prison sentence.,theroot.com,2026-06-24,Legal,Phenix S Halley,https://www.theroot.com/the-rising-movement-to-overturn-karmelo-anthonys-extrem-2000112836
"Inside Quincy Jones’ Massive Bel-Air Mansion, Now Up For Grabs","This Black Music Month, we’re taking a look inside the home of Quincy Jones, which you can own for $34.8 million! Come with us to check out this massive mansion.",theroot.com,2026-06-23,Entertainment,Shanelle Genai,https://www.theroot.com/inside-quincy-jones-massive-bel-air-mansion-now-up-for-2000112514
Karmelo Anthony Adds New Legal Team Ahead of His High-Stakes Fight for Appeal,A high-profile group of attorneys has joined Karmelo Anthony’s defense team as he signals an appeal of his 35-year sentence.,theroot.com,2026-06-23,Criminal Justice,Phenix S Halley,https://www.theroot.com/karmelo-anthony-adds-new-legal-team-ahead-of-his-high-s-2000112539
Tay Keith and Other Black Stars We Lost in 2026,We are honoring all of the Black stars who left us in 2026.,theroot.com,2026-06-23,Entertainment,The Root Staff,https://www.theroot.com/tay-keith-and-other-black-stars-we-lost-in-2026-2000083991
Atlanta Falcons’ Xavier Watts Learned His Greatest Life Lesson From His Father’s Darkest Night,A father’s worst mistake turned into a son’s greatest motivation when Atlanta Falcons’ player Xavier Watts’ dad was shot in the spine and paralyzed.,theroot.com,2026-06-23,Culture,Angela Wilson,https://www.theroot.com/atlanta-falcons-xavier-watts-learned-his-greatest-life-2000112411
Beyond the Legend: Clive Davis’ Complicated History With Black Artists,"While Clive Davis contributed heavily to Black artists and their music, there are still parts of his legacy and relationship to those artists that deserved to be critiqued and questioned.",theroot.com,2026-06-23,Entertainment,Shanelle Genai,https://www.theroot.com/beyond-the-legend-clive-davis-complicated-history-wit-2000112552
Released But Not Free: One Black Woman Describes The Emotional Toll After Nine Months in ICE Detention,"Although this Black woman is no longer in ICE custody, she says the psychological effects have lingered, prompting her to seek professional counseling.",theroot.com,2026-06-23,Mental Health,Phenix S Halley,https://www.theroot.com/released-but-not-free-one-black-woman-describes-the-em-2000112549
Privileges and Freedoms Black Young Folks Will Never Experience,"From DEI rollbacks to the disappearance of classic Black coming-of-age stories, the American dream looks different for Black Gen Z and Gen Alpha.",theroot.com,2026-06-23,Culture,Angela Wilson,https://www.theroot.com/privileges-and-freedoms-black-young-folks-will-never-ex-2000112557
"After Serving Out His Long Prison Sentence, One Alabama Man Is Finally Found Innocent","Ervin Harris always maintained his innocence, even after serving 42 years inside an Alabama prison. Now, he has finally cleared his name.",theroot.com,2026-06-23,Criminal Justice,Phenix S Halley,https://www.theroot.com/after-serving-out-his-long-prison-sentence-one-alabama-2000112567
Why the Internet Is Dragging Oprah Winfrey Over Her Crass Story About Whitney Houston,"Oprah Winfrey is detailing a little-known story about the late Whitney Houston, but it’s not sitting right with folks online. And now, they’re speaking up!",theroot.com,2026-06-23,Entertainment,Shanelle Genai,https://www.theroot.com/why-the-internet-is-dragging-oprah-winfrey-over-her-cra-2000112591
Julio Foolio’s Convicted Killers Offer Blunt Advice To Troubled Black Men,"Sentenced for the murder of Julio Foolio, the convicted men share eerie lessons and a stark reality check for the next generation.",theroot.com,2026-06-23,Criminal Justice,Phenix S Halley,https://www.theroot.com/julio-foolios-convicted-killers-offer-blunt-advice-to-t-2000112615
Knicks Parade Viral ‘Traffic Light Climber’ Gives Her Side of the Story After Fight,"After going viral for flinging a woman to the ground and twerking in her face at the Knicks Parade, content creator Reds Punch gives her side of the story.",theroot.com,2026-06-22,Entertainment,Mahalia Otshudy,https://www.theroot.com/knicks-parade-viral-traffic-light-climber-gives-her-sid-2000112310
130 ‘Election Deniers’ Are Running For Office To Control How the South Votes From Now On,"From Georgia to Texas, Republican candidates who have questioned election results in 2020, promoted fraud claims or pushed for stricter voting rules are running for office.",theroot.com,2026-06-22,News,Phenix S Halley,https://www.theroot.com/130-election-deniers-are-running-for-office-to-control-2000112328
Exclusive: NYC Mayor on Rolling Out His Free 2-K Childcare Program to Help Ease the Burden on Black Families,The Root spoke with New York City Mayor Zohran Mamdani about his plan to help Black New Yorkers who are trying to raise families in the most expensive city in the country.,theroot.com,2026-06-22,News,Angela Johnson,https://www.theroot.com/exclusive-nyc-mayor-on-rolling-out-his-free-2-k-childc-2000112367
Why Asian-Owned Stores Are Losing Their Customers To Black Businesses,A Black-owned nail salon in Atlanta was filled with customers after calls to boycott Asian businesses gained traction—with no signs of slowing down.,theroot.com,2026-06-22,Culture,Angela Wilson,https://www.theroot.com/why-asian-owned-stores-are-losing-their-customers-to-bl-2000112333
The Truth About Jay-Z’s Afro Finally Revealed!,"For all the skeptics still questioning whether Jay-Z’s afro is really his, we finally have the proof we need, thanks to a new viral video!",theroot.com,2026-06-22,Beauty + Style,Shanelle Genai,https://www.theroot.com/the-truth-about-jay-zs-afro-finally-revealed-2000112326
Mother Sues School District After Sons Targeted by Racist Harassment,The mother of two Black elementary students has filed a lawsuit after her sons were left with PTSD following months of racist bullying.,theroot.com,2026-06-22,Culture,Phenix S Halley,https://www.theroot.com/mother-sues-school-district-after-sons-targeted-by-raci-2000112339
BET Awards Red Carpet Train Wrecks We Will Never Forget,"Before we see all the fly fits at this year’s BET Awards 2026, let’s take a look back at some of the most chaotic red carpet ensembles of all time!",theroot.com,2026-06-22,Beauty + Style,Shanelle Genai,https://www.theroot.com/bet-awards-red-carpet-train-wrecks-we-will-never-forget-2000112401
Social Media Erupts Over Controversial Way a Former NFL Player Chose to Discipline His Son,"A former NFL star’s video of his son running at 2 a.m. as punishment sparks a heated debate over discipline, parenting and public shaming.",theroot.com,2026-06-22,Culture,Phenix S Halley,https://www.theroot.com/social-media-erupts-over-controversial-way-a-former-nfl-2000112443
WATCH: Men of All Races Rally in Support of Michelle Obama After UFC Fighter’s Offensive Comment,"All across the internet, men are condemning UFC fighter Josh Hokit’s insult of former first lady Michelle Obama.",theroot.com,2026-06-22,Culture,Shanelle Genai,https://www.theroot.com/watch-men-of-all-races-rally-in-support-of-michelle-ob-2000112345
NeNe Leakes Forced to Make a Tough Choice As Her Son Faces New Legal Troubles,The latest news about NeNe Leakes’ son is sadly one that many parents in the U.S. can relate to when it comes to dealing with kids with drug addictions.,theroot.com,2026-06-22,Entertainment,Shanelle Genai,https://www.theroot.com/nene-leakes-forced-to-make-a-tough-choice-as-her-son-fa-2000112486
Summer’s Hottest Netflix TV Shows and Movies You Need to Watch Right Now,"From cozy comedies to shocking documentaries, we’ve rounded up some of the hottest Netflix movies and shows you need to watch ASAP!",theroot.com,2026-06-22,Entertainment,Shanelle Genai,https://www.theroot.com/summers-hottest-netflix-tv-shows-and-movies-you-need-to-2000112085
Lessons Black Men Need to Unlearn About Fatherhood,"Many Black fathers are deeply engaged in their children’s lives. But some of the lessons passed down about women, emotions, and authority are long overdue for retirement.",theroot.com,2026-06-21,Opinion,Lawrence Ware,https://www.theroot.com/lessons-black-men-need-to-unlearn-about-fatherhood-2000112238
"My Father Taught Me How to Survive. Now, We Must Learn How to Fight","This Father’s Day, I’m remembering the words of my late father: “Keep fighting, son. Don’t you ever stop fighting.”",theroot.com,2026-06-21,Opinion,Antjuan Seawright,https://www.theroot.com/my-father-taught-me-how-to-survive-now-we-must-learn-2000111950
The True Story of Fatherhood: Joshua DuBois on the Launch of ‘The Dad 100’,The Dad Games recognizes 100 fathers and father figures whose impact strengthens families and communities,theroot.com,2026-06-21,Opinion,Joshua DuBois,https://www.theroot.com/the-true-story-of-fatherhood-joshua-dubois-on-the-laun-2000112304
Where Did the Money Go? The Secrets Behind Black Celebrity Estates,"After their deaths, the estates of these Black musicians faced unexpected challenges, legal battles and complex decisions over preserving their legacies.",theroot.com,2026-06-20,Black Music Month,Phenix S Halley,https://www.theroot.com/where-did-the-money-go-the-secrets-behind-black-celebr-2000112153
"New Video Captures Distraught Karmelo Anthony Weeping, Claiming Self-Defense After Fatal Stabbing",The 19-year old is seen sobbing in the back of a police cruiser moments after the fatal incident took place.,theroot.com,2026-06-20,News,Rashad Grove,https://www.theroot.com/new-video-captures-distraught-karmelo-anthony-weeping-2000112282
Lil Jon Turns His Personal Grief Into Purpose Through New Memoir,Lil Jon is taking the pain from the loss of his son and turning it into something positive for himself and others.,theroot.com,2026-06-20,Entertainment,Shanelle Genai,https://www.theroot.com/lil-jon-turns-his-personal-grief-into-purpose-through-n-2000112115
Take a Look at Tracy Morgan’s Knicks-Inspired Estate,"As Tracy Morgan continues to celebrate the Knicks’ championship, we’re taking a peek inside his New Jersey home, which is inspired by the city that raised him, New York City.",theroot.com,2026-06-20,Culture,Phenix S Halley,https://www.theroot.com/take-a-look-at-tracy-morgans-knicks-inspired-estate-2000112014
How To Keep Your Sons Away From the Black Manosphere,The Black Manosphere has mutated into a dangerous digital subculture where Black women routinely bear the brunt of the community’s rage.,theroot.com,2026-06-20,News,William Ketchum,https://www.theroot.com/how-to-keep-your-sons-away-from-the-black-manosphere-how-to-keep-your-sons-away-from-the-black-manosphere
You’ll Never Guess the Price of These Celebrity Homes,"From Oprah Winfrey to Eddie Murphy, these Black celebs paid millions to live larger than life.",theroot.com,2026-06-20,Black Excellence,Phenix S Halley,https://www.theroot.com/youll-never-guess-the-price-of-these-celebrity-homes-2000112128
"Serving Looks: Malia and Sasha Obama’s Best Fashion Moments, Ever",Sasha and Malia Obama pulled up to the Barack Obama Presidential Center opening and absolutely cleared the room. Here are the Obama women’s best fashion looks.,theroot.com,2026-06-20,Beauty + Style,Mahalia Otshudy,https://www.theroot.com/serving-looks-malia-and-sasha-obama-s-best-fashion-mom-2000112214
Exclusive: NYC Mayor Zohran Mamdani Shares Juneteenth Message,The Root spoke exclusively with New York City’s mayor about his commitment to improving the quality of life for the city’s Black residents.,theroot.com,2026-06-19,Culture,Angela Johnson,https://www.theroot.com/exclusive-nyc-mayor-zohran-mamdani-shares-juneteenth-m-2000112108
Do You Know the History Behind the Official Juneteenth Flag?,"Many Black folks mistake the Juneteenth flag for the Pan-African flag… and now, it’s time we break down the proper difference.",theroot.com,2026-06-19,Culture,Phenix S Halley,https://www.theroot.com/do-you-know-the-history-behind-the-official-juneteenth-2000112147
Why Obama’s Love For Michelle’s Mother Brought Him to Tears,"Barack and Michelle Obama shared a deeply emotional moment, and the reason why will melt your heart, too!",theroot.com,2026-06-19,Beauty + Style,Shanelle Genai,https://www.theroot.com/why-obamas-love-for-michelles-mother-brought-him-to-tea-2000111983
The Only Reading List You Need This Juneteenth,"To celebrate the enduring spirit of the holiday, we’ve curated a must-read book list for the whole family and with stories to inspire the next generation.",theroot.com,2026-06-19,Culture,Mahalia Otshudy,https://www.theroot.com/the-only-reading-list-you-need-this-juneteenth-2000112161
A Rare Look at the Day the Obama Era Flooded Back to Chicago,"The Root was right there on the ground in Chicago, catching up with members of the Obama era team to find out how we use the blueprint of that era to fight through today’s hard times.",theroot.com,2026-06-19,Culture,Amber Ferguson,https://www.theroot.com/a-rare-look-at-the-day-the-obama-era-flooded-back-to-ch-2000112104
You Need These 15 Black Songs on Your Juneteenth Playlist,"From Angie Stone and Tupac to Monaleo and Public Enemy, here are 15 songs you need to keep on your Juneteenth music playlists.",theroot.com,2026-06-19,Black Music Month,Phenix S Halley,https://www.theroot.com/you-need-these-15-black-songs-on-your-juneteenth-playli-2000112099
Professor: Stop Casting Black Brits Who Disrespect Black Americans,"From Harriet Tubman to Martin Luther King Jr., iconic Black American figures are increasingly portrayed by actors who sometimes seem to misunderstand the culture that produced them.",theroot.com,2026-06-18,Opinion,Lawrence Ware,https://www.theroot.com/professor-stop-casting-black-brits-who-disrespect-blac-2000111440
World Cup Crushes: The Finest Black Soccer Players You Need to Watch in 2026,The World Cup is fun to watch for more than just the matches. We’ve got a list of the finest Black soccer players in the tournament.,theroot.com,2026-06-18,Culture,Mahalia Otshudy,https://www.theroot.com/world-cup-crushes-the-finest-black-soccer-players-you-2000111894
Ex-MAGA Influencer Spilling Tea About Elon Musk,Former MAGA influencer Ashley St. Clair drops bombs about Elon Musk in a new interview with Don Lemon.,theroot.com,2026-06-18,News,Mahalia Otshudy,https://www.theroot.com/ex-maga-influencer-spilling-tea-about-elon-musk-2000111800
Lip Reader Reveals What Was Really Said Between Knicks Star Jalen Brunson and Police After Historic Win,"Just moments after winning the NBA Finals, New York Knicks star Jalen Brunson and local police got into a somewhat tense exchange. Let’s break down what happened!",theroot.com,2026-06-18,Entertainment,Shanelle Genai,https://www.theroot.com/lip-reader-reveals-what-was-really-said-between-knicks-2000111937
Lil Nas X Reveals How He Found His Way Back After Legal Drama,"In a tearjerking Instagram post, Lil Nas X gave his fans an update on where he’s been and what he’s been doing since his arrest last August.",theroot.com,2026-06-18,Health,Mahalia Otshudy,https://www.theroot.com/lil-nas-x-reveals-how-he-found-his-way-back-after-legal-2000111958
Photos: All the Stars and Super Fans at the New York Knicks Championship Parade,The New York Knicks are finally back at home to celebrate their historic NBA Championship win with a giant parade. Let’s take a look!,theroot.com,2026-06-18,Culture,Shanelle Genai,https://www.theroot.com/photos-all-the-stars-and-super-fans-at-the-new-york-kn-2000111957
These Cities Are On The Verge of Reparation Success,"From Chicago to Decatur, Ga., these American cities have made strides to ensure descendants of the enslaved get reparations.",theroot.com,2026-06-18,Culture,Phenix S Halley,https://www.theroot.com/these-cities-are-on-the-verge-of-reparation-success-2000111956
Why Michelle Obama’s Tribute to Her Husband Left America in Tears,There wasn’t a dry eye in the house when Former First Lady Michelle Obama delivered a speech that celebrated her husband’s grace and class as President.,theroot.com,2026-06-18,News,Angela Johnson,https://www.theroot.com/why-michelle-obama-s-tribute-to-her-husband-left-americ-2000112039
Karl-Anthony Towns Breaks Down the Knicks’ Historic Championship Run,EXCLUSIVE: The All-Star center opens up about the culture shift that brought an NBA title back to Madison Square Garden.,theroot.com,2026-06-17,Sports,Rashad Grove,https://www.theroot.com/karl-anthony-towns-breaks-down-the-knicks-historic-cha-2000111716
The Kardashian Sisters’ NBA Men: The Ones They Loved and Let Go,"From Tristan Thompson to New York Knicks player Jordan Clarkson, let’s take a look at the NBA stars who have been romantically linked to the Kardashians.",theroot.com,2026-06-17,Entertainment,Shanelle Genai,https://www.theroot.com/the-kardashian-sisters-nba-men-the-ones-they-loved-an-2000111724
Hidden Life Cheat Codes White Folks Have Mastered—and Black Folks Should Know Now!,The unspoken career and wealth strategies White Americans use to get ahead—and why Black professionals need to start using them.,theroot.com,2026-06-17,Culture,Asheea Smith,https://www.theroot.com/hidden-life-cheat-codes-white-folks-have-mastered-and-b-2000111746
"A Miss. Mother Told Cops Her 1-Year-Old Was in the Car. They Fired Anyway, Killing Him","A community is shattered and a mother is grieving after Kohen Kartier Wiley, 1, was fatally shot while in a vehicle by Mississippi police on June 14.",theroot.com,2026-06-17,News,Angela Wilson,https://www.theroot.com/a-miss-mother-told-cops-her-1-year-old-was-in-the-car-2000111771
Serena Williams Fans Are Dragging Her Husband for Attending That White House UFC Gathering,"Black folks aren’t impressed by Serena Williams’ tech-entrepreneur husband, especially after he was spotted at the controversial White House UFC event.",theroot.com,2026-06-17,Culture,Phenix S Halley,https://www.theroot.com/serena-williams-fans-are-dragging-her-husband-for-atten-2000111757
A Sneak Peek Inside The Brand New Obama Presidential Center,"As The Obama Presidential Center prepares to open its doors to the public, we’re taking a look at the stunning tribute to the legacy of our Forever President.",theroot.com,2026-06-17,News,Angela Johnson,https://www.theroot.com/a-sneak-peek-inside-the-brand-new-obama-presidential-ce-2000111554
This Is What Happened When JD Vance Met His Toughest Critics on Daytime TV,Vice President JD Vance showed up to “The View” to talk about his new book. But it took only five minutes for the conversation to take a deep political shift.,theroot.com,2026-06-17,News,Phenix S Halley,https://www.theroot.com/this-is-what-happened-when-jd-vance-met-his-toughest-cr-2000111792
New Ruling Calls Death of Haitian Woman in ICE Custody a Homicide,"Months after a Haitian woman was found dead at a bus stop after leaving an ICE facility, a medical examiner has released the cause of death.",theroot.com,2026-06-17,Politics,Phenix S Halley,https://www.theroot.com/new-ruling-calls-death-of-haitian-woman-in-ice-custody-2000111863
What Netflix’s New Film ‘Color Book’ Gets Right About Black Fathers,"Just in time for Father’s Day comes a new film on Netflix, ‘Color Book,’ that’s sure to tug on heartstrings and make you appreciate the Black dads in your life and all they go through!",theroot.com,2026-06-17,Entertainment,Shanelle Genai,https://www.theroot.com/what-netflixs-new-film-color-book-gets-right-about-blac-2000111854
J.R. Smith: ‘I Played 70% of NBA Career Depressed’,Former NBA star J.R. Smith is getting candid about his mental health journey and what he has to say just might be too heartbreaking for his fans to hear.,theroot.com,2026-06-17,Entertainment,Shanelle Genai,https://www.theroot.com/j-r-smith-i-played-70-of-nba-career-depressed-2000111874
"Inside the Ugly, Raw Fallout of The Karmelo Anthony Case","Two kids, gone. One to a grave, one to a 35-year cell block. The courtroom dust has settled, but the raw trauma and vitriol has left both families completely ruined.",theroot.com,2026-06-16,Culture,Angela Wilson,https://www.theroot.com/inside-the-ugly-raw-fallout-of-the-karmelo-anthony-cas-karmelo-anthony-sentence-inside-the-ugly-raw-fallout
A White Florida Couple Reaches a Custody Agreement for Their Black Daughter After IVF Mix-Up,A White couple in Florida has finally reached a custody agreement for their Black daughter after they were implanted with the wrong embryo during IVF treatment.,theroot.com,2026-06-16,News,Mahalia Otshudy,https://www.theroot.com/a-white-florida-couple-reaches-a-custody-agreement-for-2000111529
A Look at Madam C.J. Walker’s Stunning New York Estate,"We’re looking at Madam C.J. Walker’s stunning 20,000-square-foot estate located just north of New York City.",theroot.com,2026-06-16,Culture,Angela Johnson,https://www.theroot.com/a-look-at-madam-c-j-walkers-stunning-new-york-estate-2000110795
David Oyelowo Addresses the Outrage Over His Comments About Black Southern Accents,"After David Oyelowo’s recent comments about Black Brits and Black Southerners went viral for all the wrong reasons, now he’s speaking out!",theroot.com,2026-06-16,Entertainment,Shanelle Genai,https://www.theroot.com/david-oyelowo-addresses-the-outrage-over-his-comments-a-2000111546
A New Wave of Black Gay Candidates Could Make History in Congress,"Elijah Manley, Florida State Sen. Shevrin Jones, and U.S. Rep. Ritchie Torres are Black openly gay candidates who could make history if elected to Congress in 2027.",theroot.com,2026-06-16,Lgbtq,Asheea Smith,https://www.theroot.com/a-new-wave-of-black-gay-candidates-could-make-history-i-2000111593
"After Being ‘Dead’ For Three Days, Billy Porter Shares Update on His Health","After a routine check-up turned into a scary sepsis diagnosis, which led to him being dead for three days, Billy Porter is finally sharing some good news with his fans!",theroot.com,2026-06-16,Entertainment,Shanelle Genai,https://www.theroot.com/after-being-dead-for-three-days-billy-porter-shares-up-2000111523
Which One of These Celebs Will Perform Their NYC Anthem at the Knicks’ Parade? We Have An Idea,"As the New York Knicks get ready to celebrate their NBA Championship win, we’re dropping a list of artists who could be popping out to perform for the festivities!",theroot.com,2026-06-16,Entertainment,Shanelle Genai,https://www.theroot.com/which-one-of-these-celebs-will-perform-their-nyc-anthem-2000111596
Why Black America Isn’t Taking MAGA’s Bait Over These Lies,"From tired myths about Michelle Obama to the truth about who actually benefits from DEI, we’re debunking 13 of MAGA’s played-out rage-baiting lies.",theroot.com,2026-06-16,News,Mahalia Otshudy,https://www.theroot.com/why-black-america-isnt-taking-magas-bait-over-these-lie-2000111543
Akon Reveals How His Brothers Secretly Posed As Him to Help Make Money,"Akon may be known for his millions now, but there was a point in time when he was leaving money behind. You’ll never believe how his family helped him out!",theroot.com,2026-06-16,Entertainment,Shanelle Genai,https://www.theroot.com/akon-reveals-how-his-brothers-secretly-posed-as-him-to-2000111666
"Photos: The Best, Outrageous Outfits From Black New York Knicks Fans","In preparation for Knicks fans to take over Manhattan during their parade on June 18, we’re looking at the best Knicks fashion we’ve seen on the streets of New York.",theroot.com,2026-06-16,Beauty + Style,Mahalia Otshudy,https://www.theroot.com/photos-the-best-outrageous-outfits-from-black-new-yor-2000111497
"Fans Are Celebrating the ‘Michael’ Biopic, But a New Legal Battle is Already on the Horizon","Just when Michael Jackson fans were in high spirits over a new feat he made, their day just got a bit darker thanks to a new trial.",theroot.com,2026-06-15,Entertainment,Shanelle Genai,https://www.theroot.com/fans-are-celebrating-the-michael-biopic-but-a-new-lega-2000111458
"In These White Towns, Allegiance to Trump Has Backfired",Some of the poorest white communities across the nation vote for Trump against their best interests. Here are a few.,theroot.com,2026-06-15,Politics,Phenix S Halley,https://www.theroot.com/in-these-white-towns-allegiance-to-trump-has-backfired-2000111416
Laz Alonzo Questions Why The Civil Rights Movement is Missing From the U.S. Citizenship Test,Actor Laz Alonso says the U.S. citizenship exam completely erases the sacrifices Black Americans made for the rights immigrants enjoy.,theroot.com,2026-06-15,News,Angela Wilson,https://www.theroot.com/laz-alonzo-questions-why-the-civil-rights-movement-is-m-2000111396
"Ladies, Get in Formation: A Celebration of Black Women and Girls is Coming to a Southern City Near You","Beginning June 18, the Southern Black Girls and Women’s Consortium is hitting the road on a tour of the South to remind Black women and girls why they matter.",theroot.com,2026-06-15,Opinion,LaTosha Brown,https://www.theroot.com/ladies-get-in-formation-a-celebration-of-black-women-2000111403
The Internet is Calling Out the Irony of Tyra Banks’ New Netflix Lawsuit,"Tyra Banks isn’t feeling Netflix’s documentary about ‘America’s Next Top Model,’ but her latest move has fans calling her to the carpet, and rightfully so!",theroot.com,2026-06-15,Entertainment,Shanelle Genai,https://www.theroot.com/the-internet-is-calling-out-the-irony-of-tyra-banks-new-2000111386
"With a Black Woman Leading the D.C. Mayoral Race, Trump Talks Federal Takeover","DC Mayoral candidate Janeese Lewis George is emerging as a threat to President Donald Trump. Now, he’s threatened to take over the nation’s capital.",theroot.com,2026-06-15,News,Phenix S Halley,https://www.theroot.com/with-a-black-woman-leading-the-d-c-mayoral-race-trump-2000111381
White Icons Who Inspired The Greatest Dance Moves of Michael Jackson and Other Black Legends,"From Gene Kelly to Gwen Verdon, these legendary White entertainers helped shape the movement, style, and stagecraft of Beyoncé, Michael Jackson, Prince, and more of our most iconic celebs.",theroot.com,2026-06-15,Entertainment,Asheea Smith,https://www.theroot.com/white-icons-who-inspired-the-greatest-dance-moves-of-mi-2000110451
The Story Behind Why a Black Mother Named Her Kids After U.S. States Will Impress You,"Black Americans are known for giving their kids unique names. Now, one Virginia mother is catching attention for the meaning behind her six children.",theroot.com,2026-06-15,Black Excellence,Phenix S Halley,https://www.theroot.com/the-story-behind-why-a-black-mother-named-her-kids-afte-2000111368
"Cardi B Placed an Order at a Local NJ Food Truck, and the Owner’s Reaction is Priceless!",A food truck owner goes viral on TikTok after taking Cardi B’s wing order.,theroot.com,2026-06-15,Entertainment,Mahalia Otshudy,https://www.theroot.com/cardi-b-placed-an-order-at-a-local-nj-food-truck-and-t-2000111344
New Testosterone Study Offers Hope for Prostate Cancer Survivors,"For decades, testosterone therapy was largely considered dangerous for men with a history of prostate cancer. Now, researchers have found evidence that may improve quality of life for some survivors.",theroot.com,2026-06-15,Health,Shellie M. Scott,https://www.theroot.com/new-testosterone-study-offers-hope-for-prostate-cancer-2000110878
The Tragedy of Florence Ballard: How the Founder of Motown’s Greatest Girl Group Was Left Behind,"This Black Music Month, we’re looking at the tragic story of Florence Ballard – one of the founding members of The Supremes.",theroot.com,2026-06-14,Black Music Month,Angela Johnson,https://www.theroot.com/the-tragedy-of-florence-ballard-how-the-founder-of-mot-2000111049
Even More Black Films To Look Forward to in 2026,"From RuPaul to Colman Domingo in ‘Disclosure Day,’ Black stars are coming in hot with new movies in 2026. Let’s take a look!",theroot.com,2026-06-14,Entertainment,Shanelle Genai,https://www.theroot.com/even-more-black-films-to-look-forward-to-in-2026-2000079848
Was Jordyn Woods’ Orange Bag the Key to the Knicks’ Championship Win?,Knicks fans are convinced that Jordyn Woods’ “lucky” Finals bag is why they keep winning. But here’s why the clutch is more than a simple fashion statement.,theroot.com,2026-06-14,Beauty + Style,Phenix S Halley,https://www.theroot.com/was-jordyn-woods-orange-bag-the-key-to-the-knicks-champ-2000111311
Karmelo Anthony: TMZ Video of Victim’s Dad Sparks Debate,"After the 35-year verdict, the victim’s father breaks his silence on the national outcry and racial tensions surrounding the case.",theroot.com,2026-06-14,News,Rashad Grove,https://www.theroot.com/karmelo-anthony-tmz-video-of-victim-s-dad-sparks-deba-2000111337
Beloved Black Actors Who Can Play An Evil Villain,"Deliciously Evil: How Colman Domingo, Denzel, Sterling K. Brown and other beloved actors perfected the villain arc",theroot.com,2026-06-13,Entertainment,Shanelle Genai,https://www.theroot.com/beloved-black-actors-who-can-play-an-evil-villain-2000111202
The Best World Cup Team Fits You Can’t Afford to Miss,Team USA isn’t the only one showing up in style for the 2026 World Cup. Check out these other teams that are already getting folks buzzing before the games begin!,theroot.com,2026-06-13,Beauty + Style,Shanelle Genai,https://www.theroot.com/the-best-world-cup-team-fits-you-cant-afford-to-miss-2000111306
EXCLUSIVE: Shaquille O’Neal Details How He Won His Secret Battle Against Sleep Apnea,"In an exclusive interview, Shaquille O’Neal explains how he treated his sleep apnea and encourages other Black men to take their health seriously.",theroot.com,2026-06-12,News,Rashad Grove,https://www.theroot.com/exclusive-shaquille-oneal-details-how-he-won-his-secre-2000111011
Inside NBA Legend Charles Oakley’s Massive Atlanta Home,"For former NBA star Charles Oakley and his entrepreneur wife, RHOA star Angela Oakley, their Atlanta estate beautifully blends his basketball roots with the luxury of retired living.",theroot.com,2026-06-12,Culture,Phenix S Halley,https://www.theroot.com/inside-nba-legend-charles-oakleys-massive-atlanta-home-2000110654
Black America Listen Up: Neurologist Uses the Knicks’ Finals to Explain How to Rewire Your Brain for a Comeback,Doctor explains how the Knicks’ legendary comeback in the NBA Finals is an important neuroscience lesson for your own success.,theroot.com,2026-06-12,Culture,Mahalia Otshudy,https://www.theroot.com/black-america-listen-up-neurologist-uses-the-knicks-fi-2000111143
Wendy Williams Speaks Out on Life Inside Living Facility,"We haven’t heard much from Wendy Williams since she allegedly failed her medical evaluations in 2025. Now, she’s letting fans in on how she’s living!",theroot.com,2026-06-12,Entertainment,Shanelle Genai,https://www.theroot.com/wendy-williams-speaks-out-on-life-inside-living-facilit-2000111188
"Expert: Urgent Stories, Threats to Our Rights Buried by the Knicks Win and Other Distractions",A Black political strategist breaks down the eight critical stories being ignored during the NBA Finals celebration.,theroot.com,2026-06-12,News,Antjuan Seawright,https://www.theroot.com/expert-urgent-stories-threats-to-our-rights-buried-by-2000111139
Beyond ‘Disclosure Day’: The Best Apocalyptic Movies and TV Shows,"As we wait to see Colman Domingo face the unknown in Steven Spielberg’s upcoming sci-fi epic, we’ve rounded up the best alien and apocalyptic watchlists featuring Black excellence.",theroot.com,2026-06-12,Entertainment,Shanelle Genai,https://www.theroot.com/beyond-disclosure-day-the-best-apocalyptic-movies-and-2000111027
Rick Ross Breaks Silence After Being Spotted Traveling Commercial,Rapper Rick Ross is responding to all the online chatter after being spotted flying a commercial flight instead of his private jet. Let’s see what he had to say!,theroot.com,2026-06-12,Entertainment,Shanelle Genai,https://www.theroot.com/rick-ross-breaks-silence-after-being-spotted-traveling-2000111132
A Massive Sentencing Gap: Karmelo Anthony vs These Non-Black Defendants,"According to studies, Black defendants are more likely to receive harsher sentences compared to other groups when arguing self-defense.",theroot.com,2026-06-12,Crime,Phenix S Halley,https://www.theroot.com/a-massive-sentencing-gap-karmelo-anthony-vs-these-non-2000111187
The Shocking Reasons Why Texas Sentenced Man to 45 Years in Prison Over LEGOs,One Texas man was just handed a decades-long sentence after he was accused of stealing LEGO sets.,theroot.com,2026-06-12,Crime,Phenix S Halley,https://www.theroot.com/the-shocking-reasons-why-texas-sentenced-man-to-45-year-2000111231
Should O.J. Simpson’s No. 32 Be Retired? Nicole Brown Simpson’s Sister Thinks So,"On the 32nd anniversary of the murders of Nicole Brown Simpson and Ron Goldman, the victim’s sister is calling on the NFL to retire O.J. Simpson’s legendary No. 32.",theroot.com,2026-06-12,Culture,Phenix S Halley,https://www.theroot.com/should-o-j-simpsons-no-32-be-retired-nicole-brown-si-2000109829
Here’s What a Complete Return to Jim Crow Could Look Like,"From voting restrictions and economic exclusion to segregated schools, housing and public life, here are signs that Jim Crow can actually return in 2026.",theroot.com,2026-06-12,Culture,Phenix S Halley,https://www.theroot.com/heres-what-a-complete-return-to-jim-crow-could-look-lik-2000106122
How One Atlanta Student Earned $17 Million in Scholarship Offers,"Inspired to maximize his opportunities, Georgia senior Patrick Pruitt turned a college search into a record-setting achievement with hundreds of admissions offers.",theroot.com,2026-06-12,Black Excellence,Phenix S Halley,https://www.theroot.com/how-one-atlanta-student-earned-17-million-in-scholarsh-2000111177
"All About Alice Walker, Tracy Chapman’s Messy Love Affair","PRIDE MONTH: While many know Alice Walker for her literary talents and Tracy Chapman for her singing talents, not many know the romantic link between the two! Let’s talk about it.",theroot.com,2026-06-11,Entertainment,Shanelle Genai,https://www.theroot.com/all-about-alice-walker-tracy-chapmans-messy-love-affai-2000110761
This ATL Handyman Souped Up a Toy Barbie Camper to Save a Fortune on Gas—And It Worked!,"Malli Hightower has found a unique way to save some dollars at the gas pump! And while it may be unorthodox, it’s clearly paying off in his pockets! Let’s get into it.",theroot.com,2026-06-11,Culture,Shanelle Genai,https://www.theroot.com/this-atl-handyman-souped-up-a-toy-barbie-camper-to-save-2000111056
Karmelo Anthony’s Family Reacts to Verdict and 35-year Prison Sentence,The parents of the Black teen who was convicted of murder and sentenced to 35 years in prison are speaking out about the devastating decision.,theroot.com,2026-06-11,Culture,Angela Johnson,https://www.theroot.com/karmelo-anthonys-family-reacts-to-verdict-and-35-year-p-2000111120
NYT Talked to the Clerks of Federal Judge Who Was Having Sex in The Chambers,The New York Times just uncovered new details about Judge Eleanor Ross’s work conduct during her two-year long extramarital affair.,theroot.com,2026-06-11,News,Angela Wilson,https://www.theroot.com/nyt-talked-to-the-clerks-of-federal-judge-who-was-havin-2000110995
Jeezy Gives Surprising Love Life Update After Messy Divorce From Jeannie Mai,Rapper Jeezy is steering his love life in a whole new direction and hopping on a pretty popular social media trend! Let’s get into it.,theroot.com,2026-06-11,Entertainment,Shanelle Genai,https://www.theroot.com/jeezy-gives-surprising-love-life-update-after-messy-div-2000111013
Michelle Williams Sets the Record Straight on Destiny’s Child Being High in a Viral 2001 Interview,"In 2001, Destiny’s Child gave a hilarious interview that their fans won’t let them live down. Now, Michelle Williams is revealing what really happened!",theroot.com,2026-06-11,Entertainment,Shanelle Genai,https://www.theroot.com/michelle-williams-sets-the-record-straight-on-destinys-2000110850
Cardi B ‘Gags’ Over First Trip to Five Below with Her Daughter Kulture and It’s Hilarious,"Cardi B just took fans on a hilarious shopping trip to Five Below with her daughter, Kulture.",theroot.com,2026-06-11,Entertainment,Angela Johnson,https://www.theroot.com/cardi-b-gags-over-first-trip-to-five-below-with-her-2000111021
Inside NBA Star Jaylen Brown’s $5 Million Boston Seaport For Sale,NBA star Jaylen Brown’s penthouse in Boston is back on the market. Let’s see what goodness lies behind its doors!,theroot.com,2026-06-11,Entertainment,Shanelle Genai,https://www.theroot.com/inside-nba-star-jaylen-browns-5-million-boston-seaport-2000110914
A Sneak Peek at Rick Ross’s 2026 Car Show and His Luxury Lavish Car Collection,"On Saturday, June 13, Rick Ross is turning his massive 235-acre Georgia estate into the South’s flashiest automotive spectacle. Let’s take a look at some of the cars expected to be there!",theroot.com,2026-06-11,Black Music Month,Shanelle Genai,https://www.theroot.com/a-sneak-peek-at-rick-rosss-2026-car-show-and-his-luxury-2000110656
Best Black Celeb Fashion Moments Of 2026 So Far,"We’re only halfway through the year, but you already know The Root is keeping score. Here are the culture-shifting fashion moments dominating 2026 so far.",theroot.com,2026-06-11,Beauty + Style,Mahalia Otshudy,https://www.theroot.com/best-black-celeb-fashion-moments-of-2026-so-far-2000110939
Medical Expert: What Black Men Need to Know About the Dangers of Sleep Apnea,"Often undiagnosed in Black men, sleep apnea is linked to serious health problems that affect them at disproportionately high rates.",theroot.com,2026-06-11,Health,Shellie M. Scott,https://www.theroot.com/medical-expert-what-black-men-need-to-know-about-the-d-2000110586
How Howard University Became the Ultimate Safe Space for Black Nerds (Blerds),"Howard University has become “Blerd central,” fostering creative spaces where Black nerd culture thrives.",theroot.com,2026-06-10,Education,Mahalia Otshudy,https://www.theroot.com/how-howard-university-became-the-ultimate-safe-space-fo-2000110720
"After the Karmelo Anthony Verdict, Black Parents Are Having Conversations They Never Wanted To Have","It’s the conversation no parent wants to have, but every Black parent must after Karmelo Anthony was found guilty of murdering Austin Metcalf.",theroot.com,2026-06-10,Culture,Angela Wilson,https://www.theroot.com/after-the-karmelo-anthony-verdict-black-parents-are-ha-2000110723
The Tragic Story of Legendary R&B Diva Phyllis Hyman,"his Black Music Month, we’re celebrating the life of R&B songstress Phyllis Hyman, a talented star who left us way too soon. Ahead of what would have been her 77th birthday on July 6, we remember her incredible legacy and that unforgettable, velvety contralto voice.",theroot.com,2026-06-10,Black Music Month,Angela Johnson,https://www.theroot.com/the-tragic-story-of-legendary-r-b-diva-phyllis-hyman-2000110721
Too Tall to Grow Old? Why NBA Centers Are Fighting the Clock to Make It Past 60,"According to researchers, the NBA’s tallest players face significant health risks after retirement.",theroot.com,2026-06-10,Sports,Rashad Grove,https://www.theroot.com/too-tall-to-grow-old-why-nba-centers-are-fighting-the-2000110788
Fans Want in On Victor Wembanayama’s Book Club,Wemby and Spurs forward Harrison Barnes have joined forces off the court to start a book club.,theroot.com,2026-06-10,Culture,Angela Johnson,https://www.theroot.com/fans-want-in-on-victor-wembanayamas-book-club-2000110872
Expert to Black America: You Can ‘Future-Proof’ Your Job As AI Threatens the Market,"Employment law expert Chiquita Hall-Jackson notes that as AI transforms every industry, it opens a powerful window for Black professionals to proactively secure and lead the future of work.",theroot.com,2026-06-10,Culture,Phenix S Halley,https://www.theroot.com/expert-to-black-america-you-can-future-proof-your-job-2000110541
"In Rare TikTok, Idris Elba’s Wife Speaks Out On Racism She Recently Experienced","In a rare Tiktok, Elba spoke to her followers about a racist encounter she had with a woman after her car was rear-ended.",theroot.com,2026-06-10,Entertainment,Mahalia Otshudy,https://www.theroot.com/in-rare-tiktok-idris-elbas-wife-speaks-out-on-racism-s-2000110701
Did You Know These Mainstream Stars Were Once Gangsta Rappers?,"BLACK MUSIC MONTH: From Ice Cube, Jay-Z, Pusha T and Snoop Dogg—let’s take a look at the gangsta rap pioneers who made it big in the mainstream!",theroot.com,2026-06-10,Black Music Month,Shanelle Genai,https://www.theroot.com/did-you-know-these-mainstream-stars-were-once-gangsta-r-2000110516
The Secrets Uncovered Inside Michael Jackson’s Neverland Ranch,Court records and search inventories from the Neverland raids continue to fuel public speculation over Michael Jackson’s controversial estate.,theroot.com,2026-06-09,Criminal Justice,Phenix S Halley,https://www.theroot.com/the-secrets-uncovered-inside-michael-jacksons-neverland-2000110500
Why Black Women Love Hailey Bieber’s Beauty Brand,Black women on TikTok are loving Hailey Bieber’s beauty brand Rhode for its inclusivity.,theroot.com,2026-06-09,Beauty,Mahalia Otshudy,https://www.theroot.com/why-black-women-love-hailey-biebers-beauty-brand-2000110395
Why White South Africans Are Now One of America’s Fastest-Growing Refugee Groups,New data shows Trump has only accepted white refugees into America… And they are mostly coming from one African country.,theroot.com,2026-06-09,Politics,Phenix S Halley,https://www.theroot.com/why-white-south-africans-are-now-one-of-americas-fastes-2000110401
Ingenious Stories of Daring Slave Escapes That Will Make You Proud to Be Black,"From swamp-hiding to high-society drag, these 13 brilliant self-emancipation stories will fuel your Juneteenth energy and Black pride",theroot.com,2026-06-09,Culture,Mahalia Otshudy,https://www.theroot.com/ingenious-stories-of-daring-slave-escapes-that-will-mak-2000110360
Laverne Cox Explains What Caused Her Split With MAGA Cop Boyfriend,Laverne Cox is getting real about what it was like dealing with her pro-Trump ex-boyfriend and what eventually led to their breakup.,theroot.com,2026-06-09,Entertainment,Shanelle Genai,https://www.theroot.com/laverne-cox-explains-what-caused-her-split-with-maga-co-2000110357
Scientist Neil deGrasse Tyson On Why White People Refuse to Admit They’re Actually Black,"Shannon Sharpe asked Neil deGrasse Tyson to explain the difference between Black, white and Asians, and his reply completely shatters how we view human history!",theroot.com,2026-06-09,News,Angela Wilson,https://www.theroot.com/scientist-neil-degrasse-tyson-on-why-white-people-refus-2000110418
Internet Reacts After Teen Karmelo Anthony Is Convicted of Murdering White Athlete in Texas,Black Americans are mixed following a devastating verdict in the high-profile murder case involving Karmelo Anthony.,theroot.com,2026-06-09,Crime,Phenix S Halley,https://www.theroot.com/internet-reacts-after-teen-karmelo-anthony-is-convicted-2000110615
Inside the Incident That Changed Jodeci’s DeVanté Swing’s Life Forever,BLACK MUSIC MONTH: Remember Jodeci’s DeVanté Swing? Let’s take a look back on the event that changed his life and career trajectory forever.,theroot.com,2026-06-09,Black Music Month,Shanelle Genai,https://www.theroot.com/inside-the-incident-that-changed-jodecis-devant-swings-2000110515
15 Songs by White Artists We Thought Black People Sang,"Black Music Month: From Teena Marie and Envyi to JMSN and Jon B., here are 15 songs by white singers that we could’ve sworn were actually Black!",theroot.com,2026-06-09,Entertainment,Phenix S Halley,https://www.theroot.com/15-songs-by-white-artists-we-thought-black-people-sang-2000110511
"Florida Police Used AI to Jail A Black Man. Turns out, He was 400 Miles Away!","AI identified Jalil Richardson as a suspect in a Florida theft. Turns out, he was working 400 miles away, but charges were filed against him anyway.",theroot.com,2026-06-09,News,Angela Wilson,https://www.theroot.com/florida-police-used-ai-to-jail-a-black-man-turns-out-2000110518
Kirk Franklin Has Surprising Message for Druski and His Jokes,Gospel singer Kirk Franklin has something to say about Druski and his oft-controversial style of comedy. But what he had to say may surprise you!,theroot.com,2026-06-09,Entertainment,Shanelle Genai,https://www.theroot.com/kirk-franklin-has-surprising-message-for-druski-and-his-2000110421
"See the Rare, Secret TikTok of Idris Elba’s Royal Knighthood","While Idris Elba was being knighted by King Charles III, his daughter secretly vlogged the whole thing.",theroot.com,2026-06-08,Culture,Mahalia Otshudy,https://www.theroot.com/see-the-rare-secret-tiktok-of-idris-elba-s-royal-knigh-2000110109
These Black Twins Are Leading One of Richmond’s Busiest ERs,Identical twin physicians Dr. Travan Jasper and Dr. Travis Jasper have returned to their hometown to lead one of Richmond’s busiest hospitals.,theroot.com,2026-06-08,Black Excellence,Phenix S Halley,https://www.theroot.com/these-black-twins-are-leading-one-of-richmonds-busiest-2000110282
How Megan Thee Stallion Makes Her Money,Megan Thee Stallion is taking over from Broadway to fashion to so much more. But how much is she really bringing in? Let’s break it down!,theroot.com,2026-06-08,Entertainment,Shanelle Genai,https://www.theroot.com/how-megan-thee-stallion-makes-her-money-2000110285
New Stanford Study: How AI Is Shutting Black Applicants Out of Entire Industries,"A Stanford study of more than 4 million job applications found that AI hiring tools may disproportionately screen out Black candidates, not just from individual jobs but from entire industries.",theroot.com,2026-06-08,News,Shellie M. Scott,https://www.theroot.com/new-stanford-study-how-ai-is-shutting-black-applicants-2000110316
Why Some Immigrant Store Owners Are Facing a Modern Civil Rights Boycott,"After Rick Chow was acquitted of murder charges related to the fatal shooting of a Black teen, Black communities are calling for boycotts of immigrant-owned stores.",theroot.com,2026-06-08,News,Angela Wilson,https://www.theroot.com/why-some-immigrant-store-owners-are-facing-a-modern-civ-2000110235
The Ugly Truth Why Knicks Icon Charles Oakley Is Still Locked Out of the Garden,"With a championship in reach, Oakley remains on the outside looking in during the team’s historic playoff run.",theroot.com,2026-06-08,Sports,Rashad Grove,https://www.theroot.com/the-ugly-truth-why-knicks-icon-charles-oakley-is-still-2000110251
"Black Faith Leaders Challenge Kiggans on Race, Medicaid and ‘Cotton Pickin’ Comment To Hakeem Jeffries","EXCLUSIVE to The Root, clergy members are set to gather in direct response to racist remarks made about Hakeem Jeffries and cosigned by a white Virginia Republican.",theroot.com,2026-06-08,News,Phenix S Halley,https://www.theroot.com/black-faith-leaders-challenge-kiggans-on-race-medicaid-2000110240
Why Kelly Price’s Latest Bizarre Behavior Has Her Fans Weirded Out,Kelly Price is once again in the news with a new video that has many of her fans and followers scratching their heads. We’re breaking down what’s allegedly going on.,theroot.com,2026-06-08,Entertainment,Shanelle Genai,https://www.theroot.com/why-kelly-prices-latest-bizarre-behavior-has-her-fans-w-2000110188
Black Knicks Fans Want Trump to Watch the Game From the White House,Many Knicks fans said they will blame the president if they lose with him watching at Madison Square Garden.,theroot.com,2026-06-08,News,Rashad Grove,https://www.theroot.com/black-knicks-fans-want-trump-to-watch-the-game-from-the-2000110234
"We Know How to Save Black Women, But Why Are They Still Being Murdered?","13% of the Population, 30% of the Murders: We Know How to Save Black Women, So Why the Silence?",theroot.com,2026-06-08,Health,Shellie M. Scott,https://www.theroot.com/we-know-how-to-save-black-women-but-why-are-they-still-2000110225
Did You Know That These Black Celebrities Were BFFs?,"In honor of National Best Friends Day, we’re looking at some of our favorite Black celebrity besties.",theroot.com,2026-06-08,Entertainment,Angela Johnson,https://www.theroot.com/did-you-know-that-these-black-celebrities-were-bffs-2000110195
"A Look Inside Carmelo Anthony’s Lavish, Artsy New York Mansion","The NBA superstar may be retired, but he’s still living large and in charge in New York. Let’s take a peek inside his beautifully decorated place!",theroot.com,2026-06-08,Entertainment,Shanelle Genai,https://www.theroot.com/a-look-inside-carmelo-anthonys-lavish-artsy-new-york-m-2000110160
Brianna Turner Just Exposed the Deep Hypocrisy Behind the WNBA’s New ‘USA 250’ All-Star Patches,"Las Vegas Aces’ Brianna Turner pointed to historical disenfranchisement, noting how many WNBA players “wouldn’t even have their freedom 100 years ago.”",theroot.com,2026-06-08,Sports,Rashad Grove,https://www.theroot.com/brianna-turner-just-exposed-the-deep-hypocrisy-behind-t-2000110137
‘Love Island’ Proves Blonde is No Longer the Prize,"A cultural reckoning is unfolding on “Love Island,” as blonde hair and blue eyes are no longer the beauty standard—and a certain demographic can’t handle it.",theroot.com,2026-06-08,Culture,Angela Wilson,https://www.theroot.com/love-island-proves-blonde-is-no-longer-the-prize-2000110096
"The Devastating New Update in the Elijah McClain Case That Has His Family Fighting for Justice, Again",Old wounds have been reopened for the family of Elijah McClain after a Denver appeals court overturned the convictions of the paramedics responsible for his death.,theroot.com,2026-06-08,Crime,Phenix S Halley,https://www.theroot.com/the-devastating-new-update-in-the-elijah-mcclain-case-t-2000110113
Everything We Know About Simone Biles’ Terrifying Health Scare,"In a recent social media post, gymnast Simone Biles shared that she’s been on bed rest after a health issue she called “the scariest experience of my life.”",theroot.com,2026-06-08,Entertainment,Shanelle Genai,https://www.theroot.com/everything-we-know-about-simone-biles-terrifying-health-2000110121
Exclusive: How the NAACP’s New ‘Out of Bounds’ Campaign is Changing the Recruiting Game for Black Athletes,The NAACP’s ‘Out of Bounds” campaign is out to encourage elite athletes to reconsider southern universities in light of efforts to weaken Black voting power.,theroot.com,2026-06-08,Politics,Cody D.,https://www.theroot.com/exclusive-how-the-naacp-s-new-out-of-bounds-campaign-2000110014
Best Black Fashion At The 2026 Tony Awards,Here are the best Black fashion looks we noticed at the 2026 Tony Awards.,theroot.com,2026-06-08,Beauty + Style,Mahalia Otshudy,https://www.theroot.com/best-black-fashion-at-the-2026-tony-awards-2000110063
Steph and Ayesha Curry’s Brilliant Business Portfolio,"With lucrative media partnerships and equity deals, the NBA megastar and culinary entrepreneur have built a massive business empire.",theroot.com,2026-06-07,Black Business,Rashad Grove,https://www.theroot.com/steph-and-ayesha-currys-brilliant-business-portfolio-2000110013
"How The World Loved Sylvester’s Voice, But Weaponized His Identity","For Black Music Month and Pride Month, we’re sharing the tragic story of Sylvester, one of disco’s brightest stars.",theroot.com,2026-06-07,Black Music Month,Mahalia Otshudy,https://www.theroot.com/how-the-world-loved-sylvester-s-voice-but-weaponized-h-2000109983
"Written Off, and Now Unstoppable: The Resilience of Knicks’ Coach Mike Brown",The veteran head coach overcame unsuccessful coaching tenures to lead the New York Knicks to the NBA Finals.,theroot.com,2026-06-07,News,Rashad Grove,https://www.theroot.com/written-off-and-now-unstoppable-the-resilience-of-kni-2000110039
Legendary Black Church Choirs You Need to Know,"This Black Music Month, we’re honoring the Black church choirs whose voices have helped define gospel music for generations.",theroot.com,2026-06-07,Culture,Asheea Smith,https://www.theroot.com/legendary-black-church-choirs-you-need-to-know-2000109694
"The Beautiful, Messy Legacy of Maurice White","BLACK MUSIC MONTH: Earth, Wind & Fire’s lead singer Maurice White’s life is getting renewed interest thanks to a new documentary. Let’s take a look at his impressive yet complicated life.",theroot.com,2026-06-07,Black Music Month,Shanelle Genai,https://www.theroot.com/the-beautiful-messy-legacy-of-maurice-white-2000109934
Black Women Pay a High Cost for Medical Misdiagnosis,A new report exposes the hidden costs Black women bear while seeking equitable healthcare.,theroot.com,2026-06-06,Health,Shellie M. Scott,https://www.theroot.com/black-women-pay-a-high-cost-for-medical-misdiagnosis-2000109885
"Cast of Scary Movie, Then and Now","To celebrate the reunion of the Wayans creative team in the New Scary Movie 6, we’re looking back at the original 2000 cast to see exactly where are they now.",theroot.com,2026-06-06,Entertainment,Cedric BIG CED Thornton,https://www.theroot.com/cast-of-scary-movie-then-and-now-2000109646
The Black Reading List You Need This Summer,These are the books by Black authors you need on your summer reading list.,theroot.com,2026-06-06,Entertainment,Mahalia Otshudy,https://www.theroot.com/the-black-reading-list-you-need-this-summer-2000109581
TMI! Stephen A. Smith Goes Shirtless On ‘First Take’,The ESPN host left his co-stars speechless and viewers reaching for the remote after flaunting his body live on air.,theroot.com,2026-06-06,News,Rashad Grove,https://www.theroot.com/tmi-stephen-a-smith-goes-shirtless-on-first-take-2000109964
From Luxury Honeymoon to Prison Cell: Inside the Downfall of LisaRaye’s Ex Michael Misick,"Michael Misick, the former Premier of Turks and Caicos and ex-husband to LisaRaye McCoy is back making headlines. Let’s taka look at his unfortunate rise and fall.",theroot.com,2026-06-06,Entertainment,Shanelle Genai,https://www.theroot.com/from-luxury-honeymoon-to-prison-cell-inside-the-downfa-2000109823
Black Actresses Over 40 Who Prove Black Never Cracks!,"From Issa Rae to Gabrielle Union and more, let’s take a look at our Hollywood faves that truly age backwards!",theroot.com,2026-06-06,Entertainment,Shanelle Genai,https://www.theroot.com/black-actresses-over-40-who-prove-black-never-cracks
An NBA Legend Was About to Accept Alabama’s Highest Honor. Then He Saw Their Voting Map,"Taking to his social media, Coleman formally announced that he is turning down his induction into the Mobile Sports Hall of Fame, noting that he could not celebrate the prestigious athletic milestone “while remaining indifferent to the collective struggle that made that achievement possible.”",theroot.com,2026-06-05,News,Rashad Grove,https://www.theroot.com/an-nba-legend-was-about-to-accept-alabama-s-highest-hon-2000109834
13 Organized Plots Against Black America That Are Working as Planned,Black communities’ biggest setbacks aren’t random; they are the result of highly organized traps plotted out years in advance—that are still at play today.,theroot.com,2026-06-05,News,Angela Wilson,https://www.theroot.com/13-organized-plots-against-black-america-that-are-worki-2000109731
A Look Inside Michael B. Jordan’s $10.5M LA Mansion,"If you want to live like Oscar-winner Michawl B. Jordan, you now have a chance as his stylish LA mansion is now on the market. Let’s take a look inside!",theroot.com,2026-06-05,Entertainment,Shanelle Genai,https://www.theroot.com/a-look-inside-michael-b-jordans-10-5m-la-mansion-2000103899
Yahya Abdul-Mateen II Calls Out ‘Weaponization of Religion’ in a Powerful New Interview,Yahya Abdul-Mateen II is getting all the way real about this country’s negative view of Muslims and the way of using religion to stoke division!,theroot.com,2026-06-05,Entertainment,Shanelle Genai,https://www.theroot.com/yahya-abdul-mateen-ii-calls-out-weaponization-of-religi-2000109718
TV Bailiff Breaks Silence on Wife’s Shooting Death: ‘I Treated Her Like My Queen’,"Years after being acquitted of his wife’s murder, Renard Spivey is finally defending his innocence.",theroot.com,2026-06-05,Crime,Phenix S Halley,https://www.theroot.com/tv-bailiff-breaks-silence-on-wife-s-shooting-death-i-2000109754
"The Heartbreaking True Story Behind ‘Young Hearts Run Free,’ The Disco Classic Now Viral on TikTok","BLACK MUSIC MONTH: While Candi Staton’s 1976 hit, ‘Young Hearts Run Free’ may be taking over our timelines in a positive way, the inspiration behind the song is anything but that!",theroot.com,2026-06-05,Black Music Month,Shanelle Genai,https://www.theroot.com/the-heartbreaking-true-story-behind-young-hearts-run-fr-2000109760
Heartbreaking Victory: Star Trek’s Lt. Uhura’s Family Wins $13M Verdict,The verdict follows a lawsuit claiming the facility failed to secure a proper hospital bed or arrange a medical transfer for the “Star Trek” star.,theroot.com,2026-06-05,Entertainment,Rashad Grove,https://www.theroot.com/heartbreaking-victory-star-treks-lt-uhura-s-family-wi-2000109708
"Trump Pardoned Them for Jan. 6 Insurrection, 97 Committed New Crimes","Pardoned. Rinsed. Repeat. After President Trump issued get-out-of-jail passes to 97 Jan. 6 rioters, they didn’t suddenly turn into model citizens.",theroot.com,2026-06-05,News,Angela Wilson,https://www.theroot.com/trump-pardoned-them-for-jan-6-insurrection-97-committ-2000109663
"Lauryn Hill Finally Reveals the Real, Detailed Reason Why She’s Always Late to Her Shows","Lauryn Hill’s tardiness dates back to before 2016. But shockingly, the singer hasn’t changed her ways for this one reason, she says.",theroot.com,2026-06-05,Entertainment,Phenix S Halley,https://www.theroot.com/lauryn-hill-finally-reveals-the-real-i-detailed-i-r-2000049917
Teen Wins Google’s National Art Contest With a Powerful Tribute to Black Hair,"A Washington high school senior’s tribute to Black hair won Google’s national Doodle contest, turning a celebration of culture and self-love into a nationally recognized work of art.",theroot.com,2026-06-05,Beauty + Style,Shellie M. Scott,https://www.theroot.com/teen-wins-googles-national-art-contest-with-a-powerful-2000109682
"At the Good Trouble Gala, Leaders Warn of ‘Jim Crow’ Regressions","The Root spoke with lawmakers and advocates at the Good Trouble gala in Washington, D.C., to find out how people can honor Rep. John Lewis’ legacy today.",theroot.com,2026-06-05,Politics,Amber Ferguson,https://www.theroot.com/at-the-good-trouble-gala-leaders-warn-of-jim-crow-re-2000109775
White Mega-Hit Songs You Didn’t Know Were Written By Black People,"Black Music Month: From old hits by Elvis Presley to new bops by Justin Bieber, Black writers have penned more than a handful of mainstream hit songs. Let’s take a look!",theroot.com,2026-06-05,Black History Month,Shanelle Genai,https://www.theroot.com/white-mega-hit-songs-you-didnt-know-were-written-by-bla-2000091628
Heard of The Sylvers? One of The Most Talented Black Singing Families That Were Not The Jacksons,"BLACK MUSIC MONTH: To launch this month’s celebration, we’re looking back at the incredible, untold story of an iconic family group: The Sylvers!",theroot.com,2026-06-05,Entertainment,Angela Johnson,https://www.theroot.com/heard-of-the-sylvers-one-of-the-most-talented-black-si-1851726061
Angel Reese Is Living Her Best Life—and Dominating—in Atlanta,"The two-time All-Star has found her perfect match in the ATL, anchoring the Dream’s frontcourt while embracing the city’s vibrant energy.",theroot.com,2026-06-05,Sports,Rashad Grove,https://www.theroot.com/angel-reese-is-living-her-best-life-and-dominating-in-a-2000107909
Why Cuban Americans Who Once Loved Trump Are Finally Fed Up,"When Trump launched a mass deportation campaign, many white Cuban Americans believed they’d be protected. Now, a harsh reality has set in",theroot.com,2026-06-05,News,Phenix S Halley,https://www.theroot.com/why-cuban-americans-who-once-loved-trump-are-finally-fe-2000109660
Michelle Obama Reflects on Her Late Mother’s Death,The former First Lady shared an emotional story about her late mother’s candid views on death during a live podcast taping.,theroot.com,2026-06-05,Entertainment,Ty Cole,https://www.theroot.com/michelle-obama-reflects-on-her-late-mothers-death-michelle-obama-reflects-on-her-late-mothers-death
13 Black Icons Who Outsmarted the Music Industry,"From Rihanna and Michael Jackson to Lil Bibby and Kendrick Lamar, these 13 musicians took back control of their careers in magnificent ways.",theroot.com,2026-06-05,Black Music Month,Phenix S Halley,https://www.theroot.com/13-black-icons-who-outsmarted-the-music-industry-2000108521
"Blackanomics: For Black Families, The Affordability Crisis is a Battle For Survival","Opinion: America’s economic crisis hurts everyone, but when the Black community was already so underserved, underpaid and downright ignored, it hurts even more.",theroot.com,2026-06-05,Opinion,Antjuan Seawright,https://www.theroot.com/blackanomics-for-black-families-the-affordability-cri-2000109655
"Karamo Brown Wanted a Slimmer Face. Instead, a Trendy Surgery Changed His Life Forever","Karamo Brown says a buccal fat removal procedure left him battling years of hidden, debilitating complications that he’s finally opening up about.",theroot.com,2026-06-04,Entertainment,Ty Cole,https://www.theroot.com/karamo-brown-wanted-a-slimmer-face-instead-a-trendy-s-2000109478
Why Young Money Records Had the Biggest Fall-Off in Hip-Hop History,"Ten years ago, no one could have predicted Young Money Records would have a downfall like this…",theroot.com,2026-06-04,Entertainment,Phenix S Halley,https://www.theroot.com/why-young-money-records-had-the-biggest-fall-off-in-hip-2000088099
The Most Unforgettable Graduation Ceremony Antics of 2026,"Graduation is no longer just a ceremony — it’s a moment, a statement, and sometimes a spectacle. Here are some of our favorite viral graduation moments from 2026 so far.",theroot.com,2026-06-04,News,Asheea Smith,https://www.theroot.com/the-most-unforgettable-graduation-ceremony-antics-of-20-2000109372
Heard of the DeBarges? This Talented Musical Family Suffered a Series of Tragedies,"The singing siblings had good looks, great voices and a promising career – until their demons got the best of them.",theroot.com,2026-06-04,Entertainment,Angela Johnson,https://www.theroot.com/heard-of-the-debarges-this-talented-musical-family-suf-1851728807
Martin Bashir Speaks Out About Michael Jackson Years After Infamous Documentary,Martin Bashir is looking back at his controversial 2003 documentary about Michael Jackson for the first time in years. Here’s what he had to say!,theroot.com,2026-06-04,Entertainment,Shanelle Genai,https://www.theroot.com/martin-bashir-speaks-out-about-michael-jackson-years-af-2000109547
A New Look at the S.C. Store Owner Involved In Fatal Shooting of Teen,"Before the fatal shooting that sparked national attention, the South Carolina convenience store owner had a history of shooting at people accused of stealing.",theroot.com,2026-06-04,Criminal Justice,Phenix S Halley,https://www.theroot.com/a-new-look-at-the-s-c-store-owner-involved-in-fatal-sh-2000109545
Why Democrats’ New Strategy to Win the House Could Leave Black Voters Behind,Court-ordered redistricting is forcing a massive Democratic divide. The impossible choice? Protect Black representation or win back the House.,theroot.com,2026-06-04,Politics,Phenix S Halley,https://www.theroot.com/why-democrats-new-strategy-to-win-the-house-could-leav-2000109433
Where the Truth Lives for Black America When the Mainstream Media Stays Silent,"We are not asking for a seat at anyone’s table anymore. We are building the table, setting it, and saving room for the next generation.",theroot.com,2026-06-04,Opinion,LaTosha Brown,https://www.theroot.com/where-the-truth-lives-for-black-america-when-the-mainst-2000109403
"Earth, Wind & Fire Say ‘Reasons’ Is Not a Love Song—and the Real Meaning Is Messy","BLACK MUSIC MONTH: Earth, Wind & Fire’s new documentary is shining a light on the little-known backstory of one of the group’s most famous songs!",theroot.com,2026-06-04,Black Music Month,Shanelle Genai,https://www.theroot.com/earth-wind-fire-say-reasons-is-not-a-love-song-and-2000109388
One TikToker’s Bouncy Church Dresses Are Going Viral—and Giving the Met Gala a Run for Its Money,"Kimberly Davis has TikTok in a chokehold with her impeccable taste in fashion, iconic church fits and viral bouncy dresses!",theroot.com,2026-06-04,Beauty + Style,Mahalia Otshudy,https://www.theroot.com/one-tiktoker-s-bouncy-church-dresses-are-going-viral-an-2000109392
"Y’all Wanted to Know How Jay-Z Combed Out His Dreds, Beyoncé is About to Tell You","While folks continue to be confused about how Jay-Z traded his locs for an afro, Cécred is going live to teach fans how to properly comb out locs.",theroot.com,2026-06-04,Beauty + Style,Mahalia Otshudy,https://www.theroot.com/yall-wanted-to-know-how-jay-z-combed-out-his-dreds-bey-2000109415
Now They’re Trying to Shut Down a Slavery Exhibit in Philadelphia,"The city of Philadelphia is being forced to confront the dark legacy of slavery… especially as it pertains to the first American president, George Washington.",theroot.com,2026-06-04,Legal,Phenix S Halley,https://www.theroot.com/now-theyre-trying-to-shut-down-a-slavery-exhibit-in-phi-2000109510
Black Internet to Jennifer Aniston: What You Won’t Do is Steal ‘Girlfriends’,The internet quickly reminded the former ‘Friends’ star that ‘Girlfriends’ already exists.,theroot.com,2026-06-04,Entertainment,Ty Cole,https://www.theroot.com/black-internet-to-jennifer-aniston-what-you-wont-do-is-2000109485
Big New Development in Influencer Ashlee Jenae’s Suspicious Death,"Authorities have revealed the cause of death for influencer Ashlee Jenae, whose sudden death during a trip to Tanzania prompted an international investigation and public scrutiny.",theroot.com,2026-06-04,Criminal Justice,Phenix S Halley,https://www.theroot.com/big-new-development-in-influencer-ashlee-jenaes-suspici-2000109572
Meghan Markle Claps Back at Critics Over Posting Her Kids Online,Meghan Markle is facing some heat over recent online pictures of her kids. But she’s making it clear that she’s not with any of the negativity!,theroot.com,2026-06-04,Entertainment,Shanelle Genai,https://www.theroot.com/meghan-markle-claps-back-at-critics-over-posting-her-ki-2000109611
Take a Look Inside Prince’s Massive Paisley Park Estate,"In celebration of Prince’s June 7 birthday and his new posthumous album, we’re taking you on an exclusive tour inside his legendary Paisley Park estate",theroot.com,2026-06-04,Entertainment,Angela Johnson,https://www.theroot.com/take-a-look-inside-prince-s-massive-paisley-park-estate-2000051366
"50 Cent Explains Why He Made the Diddy Doc, And It’s Not What You Think","50 Cent’s documentary about Sean ‘Diddy’ Combs may have been eye-opening and petty, but that’s not the reason why he did it! Let’s talk about it.",theroot.com,2026-06-04,Entertainment,Shanelle Genai,https://www.theroot.com/50-cent-explains-why-he-made-the-diddy-doc-and-its-not-2000109361
"All the Surprising Things You Never Knew About Earth, Wind & Fire","BLACK MUSIC MONTH: Earth, Wind & Fire’s brand-new documentary is shedding new light on the group and its late leader, Maurice White. Here are some of the biggest reveals!",theroot.com,2026-06-04,Black Music Month,Shanelle Genai,https://www.theroot.com/all-the-surprising-things-you-never-knew-about-earth-w-2000109462
What Black America Thinks About Serena Williams’ Tennis Return Will Surprise,Serena Williams’ return to tennis in next week’s HSBC Championships has sparked a wide array of reactions.,theroot.com,2026-06-04,News,William Ketchum,https://www.theroot.com/what-black-america-thinks-about-serena-williams-tennis-what-black-america-thinks-of-serena-williams-tennis-return
All Aboard! Famed ‘Soul Train’ Dancers Discuss Their Time On the Popular Series,"This Black Music Month, we’re looking back at the ‘Soul Train’ dancers who had the flyest fashion and the hottest dance moves.",theroot.com,2026-06-03,Black Music Month,Angela Johnson,https://www.theroot.com/all-aboard-famed-soul-train-dancers-discuss-their-time-1851752904
Breaking Down the Karmelo Anthony Case as Jury Selection Begins,"We’re breaking down the murder trial of Karmelo Anthony, accused of killing Austin Metcalf amid rising racial tensions and a jury selection now underway.",theroot.com,2026-06-03,Crime,Angela Wilson,https://www.theroot.com/breaking-down-the-karmelo-anthony-case-as-jury-selectio-2000109239
Lena Waithe Finally Shares What Really Happened in Marriage to Alana Mayo,"‘The Chi’ creator is speaking about what led to the end of her relationship with her ex-wife, Alana Mayo.",theroot.com,2026-06-03,Entertainment,Shanelle Genai,https://www.theroot.com/lena-waithe-finally-shares-what-really-happened-in-marr-2000109283
These Black Celebrities Are New York Knicks Superfans,"From Spike Lee and Jay-Z to Larry Johnson and Lenny Kravitz, these Black celebs have been pictured court side as the New York Knicks continue to make franchise history.",theroot.com,2026-06-03,Culture,Phenix S Halley,https://www.theroot.com/these-black-celebrities-are-new-york-knicks-superfans-2000109213
"A Black Man Thought He Was a High School Dropout, But the Records Told a Different Story","When Shawn Hughes decided to go back and finally earn his high school diploma 40 years later, he was met with the shock of a lifetime.",theroot.com,2026-06-03,Black Excellence,Phenix S Halley,https://www.theroot.com/a-black-man-thought-he-was-a-high-school-dropout-but-t-2000109360
Marlon Wayans Explains the Real Reason You Rarely See His Brother Shawn,"Shawn Wayans hasn’t been spotted outside this much since the early 2000s. According to his little brother Marlon, there’s a good reason for that!",theroot.com,2026-06-03,Entertainment,Shanelle Genai,https://www.theroot.com/marlon-wayans-explains-the-real-reason-you-rarely-see-h-2000109099
Behind Beyoncé’s New Billionaire Status,Forbes has officially confirmed that Beyoncé is now rich-rich! But how has she amassed so much money? Let’s break it down by the numbers!,theroot.com,2026-06-03,Entertainment,Shanelle Genai,https://www.theroot.com/behind-beyonc-s-new-billionaire-status-2000081405
"From Marvin Gaye to Nicki Minaj, These 15 Black Songs Predicted the Future With Spooky Accuracy",Black Music Month: These Black artists predicted everything from beating a murder case to the issues of climate change way before it even happened.,theroot.com,2026-06-03,Black Music Month,Phenix S Halley,https://www.theroot.com/from-marvin-gaye-to-nicki-minaj-these-15-black-songs-p-1851781024
Exclusive: Dionne Warwick Opens Up About Her Final Album and Her Iconic Career,The legendary singer reflects on her star-studded new project and Teyana Taylor’s portrayal of her in an upcoming biopic.,theroot.com,2026-06-03,Black Music Month,Rashad Grove,https://www.theroot.com/exclusive-dionne-warwick-opens-up-about-her-final-albu-2000109049
Inside Jay-Z’s Iconic Hair Evolution and the Start of a New Era,"After debuting a new fro look at the Roots Picnic, we’re looking into the evolutions of Jay-Z’s hair from a money cut to freeform locs.",theroot.com,2026-06-03,Beauty + Style,Mahalia Otshudy,https://www.theroot.com/inside-jay-z-s-iconic-hair-evolution-and-the-start-of-a-2000109102
Michelle Obama Explains Why Black People Shouldn’t Have Imposter Syndrome,Former First Lady Michelle Obama is getting all the way real on imposter syndrome and why Black folks should kick it to the curb!,theroot.com,2026-06-03,Entertainment,Shanelle Genai,https://www.theroot.com/michelle-obama-explains-why-black-people-shouldnt-have-2000109214
They’re Dismantling Democracy. We Don’t Have Time to Be Weary.,"As America approaches its 250th birthday, we’re reminded that our hard-won gains toward equity and justice can be undone overnight.",theroot.com,2026-06-03,Opinion,Anthony Robinson,https://www.theroot.com/theyre-dismantling-democracy-we-dont-have-time-to-be-w-2000109020
"A Black Teen Was Falsely Accused of Stealing, Now a South Carolina Jury Just Let His Killer Go","Rick Chow was charged for murdering a Black teen after he chased him down, and shot him in the back. On Monday, a South Carolina jury acquitted him.",theroot.com,2026-06-03,Crime,Angela Wilson,https://www.theroot.com/a-black-teen-was-falsely-accused-of-stealing-now-a-sou-2000109138
The Supreme Court’s Latest Ruling Is a Playbook on How to Erase Black Voters Before 2026,"Overruling a lower federal court panel, the Supreme Court’s 6-3 conservative majority cleared the way for Alabama to use a gerrymandered map that actively strips away half of the state’s Black congressional representation.",theroot.com,2026-06-03,News,Phenix S Halley,https://www.theroot.com/the-supreme-court-s-latest-ruling-is-a-playbook-on-how-2000109141
No One Prepares You for the Last Breath: A Grief Expert’s Advice for Healing,Witnessing a loved one’s final breath can be one of life’s most profound and unsettling experiences. A grief expert shares what to expect and how to support yourself and others.,theroot.com,2026-06-03,Health,Shellie M. Scott,https://www.theroot.com/no-one-prepares-you-for-the-last-breath-a-grief-expert-2000109269
What Happened To the Black Church Choirs? The Answer: Praise Teams,"Black church choirs are dwindling as praise teams rise across many congregations, a shift shaped by COVID-19, changing church culture, and the growth of contemporary worship.",theroot.com,2026-06-03,Culture,Asheea Smith,https://www.theroot.com/what-happened-to-the-black-church-choirs-the-answer-2000109295
Scottie Pippen’s Son Reveals How His Parent’s Divorce Led to Bullying From Friends,Scottie and Larsa Pippen’s son is opening up in a rare instance about how his parent’s splitting up had a negative effect on his life and friendships.,theroot.com,2026-06-02,Entertainment,Shanelle Genai,https://www.theroot.com/scottie-pippens-son-reveals-how-his-parents-divorce-led-2000109045
Why Folks Can’t Stop Talking About Chiwetel Ejiofor in ‘Backrooms’,"Young audiences can’t stop talking about and showing up to see the new film, ‘Backrooms,’ and there’s one major face responsible for the positive praise: Chiwetel Ejiofor.",theroot.com,2026-06-02,Entertainment,Shanelle Genai,https://www.theroot.com/why-folks-cant-stop-talking-about-chiwetel-ejiofor-in-b-2000108946
They Gave the Wrong Kid a Microphone: How a White Middle Schooler’s ‘Truth Be Told’ Graduation Speech Went Viral,What began as a school graduation speech turned viral moment after an eighth grader called out homophobia and racism.,theroot.com,2026-06-02,News,Phenix S Halley,https://www.theroot.com/they-gave-the-wrong-kid-a-microphone-how-a-white-middl-2000109044
New Data Shows Why Wealth Feels Different for Black Americans,Building wealth isn’t one-size-fits-all. New data from Pew explains the barriers that make the American dream feel vastly different for Black families.,theroot.com,2026-06-02,Finance,Shellie M. Scott,https://www.theroot.com/new-data-shows-why-wealth-feels-different-for-black-ame-2000109014
"Minnesota GOP Just Paid Tribute to Derek Chauvin, Days After the Sixth Anniversary of George Floyd’s Death","Minnesota GOP leaders held a moment of silence for Derek Chauvin, just days after the six-year anniversary of George Floyd’s death.",theroot.com,2026-06-02,Politics,Phenix S Halley,https://www.theroot.com/minnesota-gop-just-paid-tribute-to-derek-chauvin-days-2000108984
Karamo Brown Reveals His Mother Was Hurt By His ‘Queer Eye’ Co-Stars,"The television personality says a set visit from his mother last year changed how he viewed his relationships behind the scenes, revealing the moment he realized he could no longer stay silent.",theroot.com,2026-06-02,Entertainment,Ty Cole,https://www.theroot.com/karamo-brown-reveals-his-mother-was-hurt-by-his-queer-2000108942
Why 7-Foot Wemby is a Cheat Code the NBA Has Never Seen,"Before the Spurs face the Knicks in the NBA Finals, we’re breaking down why Victor Wembanyama is different from every big man who came before him.",theroot.com,2026-06-02,Opinion,Lawrence Ware,https://www.theroot.com/why-7-foot-wemby-is-a-cheat-code-the-nba-has-never-seen-2000108986
These Black Families Are Worth Billions,"From chart-topping icons to secret corporate titans, we’ve gathered 13 Black families who have officially reached billionaire status!",theroot.com,2026-06-02,Culture,Angela Wilson,https://www.theroot.com/these-black-families-are-worth-billions-2000108837
Why Vivek Ramaswamy’s Latest Soundbite About Black Babies Doesn’t Add Up,Vivek Ramaswamy is facing backlash after claiming Black babies are “probably safer in the inner streets of Chicago than in the womb of his own Black mother.”,theroot.com,2026-06-02,News,Phenix S Halley,https://www.theroot.com/why-vivek-ramaswamys-latest-soundbite-about-black-babie-2000108871
Serena Williams’ Best Fashion Moments on the Tennis Court,"With Serena Williams set to make her grand return to tennis soon, let’s take a look back at some of her most memorable looks on the court!",theroot.com,2026-06-02,Beauty + Style,Shanelle Genai,https://www.theroot.com/serena-williams-best-fashion-moments-on-the-tennis-cour-2000108797
"How to Get the Perfect Bronzed Summer Glow, According to Black Beauty TikTok",Black women on TikTok are recommending their favorite self-tanners for a perfectly bronzed summer look.,theroot.com,2026-06-02,Beauty,Mahalia Otshudy,https://www.theroot.com/how-to-get-the-perfect-bronzed-summer-glow-according-t-2000108820
EXCLUSIVE: Jimmy Jam On Using Artificial Intelligence in Music,"BLACK MUSIC MONTH: In an exclusive discussion with The Root, Grammy Award-winning producer Jimmy Jam gives his thoughts on the use of artificial intelligence in music",theroot.com,2026-06-02,Black Music Month,Cedric BIG CED Thornton,https://www.theroot.com/exclusive-jimmy-jam-on-using-artificial-intelligence-i-2000108824
How Colman Domingo Met His Husband Will Make You Smile,Happy Pride Month! Colman and Raul Domingo are proof that “love at first sight” might actually have some truth to it!,theroot.com,2026-06-02,Culture,Phenix S Halley,https://www.theroot.com/wait-what-colman-domingo-has-a-white-husband-heres-1851767441
Jay-Z’s Hairstylist Reveals the Scalp TLC and Secret Braid Out Behind His Surprising New Festival Look,Jay-Z’s hairstylist reveals the six-day process to undoing his locs.,theroot.com,2026-06-02,Beauty + Style,Mahalia Otshudy,https://www.theroot.com/jay-z-s-hairstylist-reveals-the-scalp-tlc-and-secret-br-2000108831
Bakari Sellers: Why Congress Must Stop Trump From Cashing in on Crypto,The landmark crypto bill is a gift to just one man and his family – Donald Trump.,theroot.com,2026-06-02,Opinion,Bakari Sellers,https://www.theroot.com/bakari-sellers-why-congress-must-stop-trump-from-cashi-2000108813
Why South Carolina’s ‘Trump in High Heels’ Gov. Candidate Has Voting Rights Advocates Concerned,Critics raised alarms after the candidate Trump endorsed for SC governor announced her plans for “election integrity.”,theroot.com,2026-06-02,News,Phenix S Halley,https://www.theroot.com/why-south-carolinas-trump-in-high-heels-gov-candidate-2000108835
Zaya Wade Talks About Adjusting to College Life and Being Away From Her Famous Parents,Zaya Wade is reflecting on her first year in college and how she’s adjusting to living away from Dwyane Wade and Gabrielle Union,theroot.com,2026-06-02,Entertainment,Shanelle Genai,https://www.theroot.com/zaya-wade-talks-about-adjusting-to-college-life-and-bei-2000108848
Tina Knowles Says ‘Euphoria’ Finale Brought Back a Painful Memory,Tina Knowles is opening up and sharing a truly sad memory about her late nephew that was triggered after watching ‘Euphoria’s’ series finale.,theroot.com,2026-06-01,Entertainment,Shanelle Genai,https://www.theroot.com/tina-knowles-says-euphoria-finale-brought-back-a-painfu-2000108773
"Barack Obama Is Running for CA Governor, But It’s Not What You Think","Barack Obama is on the ballot for California governor, but it doesn’t mean the nation’s first Black president is launching a political campaign. We’ll explain.",theroot.com,2026-06-01,Politics,Phenix S Halley,https://www.theroot.com/barack-obama-is-running-for-ca-governor-but-its-not-wh-2000108706
"30 Years After ‘Reasonable Doubt,’ Is Jay-Z Still One of the GOATS?","Performing at the Roots Picnic for his first solo show in six years, Hov is seeking to reclaim his crown. But does he still have it after 30 years?",theroot.com,2026-06-01,News,Rashad Grove,https://www.theroot.com/30-years-after-reasonable-doubt-is-jay-z-still-one-of-2000108509
What We Know About Singing Legend Peabo Bryson’s Latest Health Scare,Legendary singer Peabo Bryson is receiving medical care after suffering a stroke. Let’s break down what we know.,theroot.com,2026-06-01,Entertainment,Shanelle Genai,https://www.theroot.com/what-we-know-about-singing-legend-peabo-brysons-latest-2000108503
Can Victor Wembanyama Spark a Spurs Dynasty by Beating the New York Knicks?,"If the Victor Wembanyama-led Spurs beat the New York Knicks in the NBA Finals, they could be launching the league’s next terrifying dynasty.",theroot.com,2026-06-01,Sports,Cedric BIG CED Thornton,https://www.theroot.com/can-victor-wembanyama-spark-a-spurs-dynasty-by-beating-2000108624
A Peek Inside Keke Palmer’s Cozy Hollywood Home,Keke Palmer is giving her fans an inside look into her home in Hollywood! Let’s go inside.,theroot.com,2026-06-01,Beauty + Style,Shanelle Genai,https://www.theroot.com/a-peek-inside-keke-palmers-cozy-hollywood-home-2000108558
15 Amazing LGBTQ People Whose Groundbreaking Lives Helped Shape Black History,"This Pride Month, we’re looking at iconic LGBTQ writers, singers, dancers and activists who have had an indelible impact on Black culture and the world as we know it.",theroot.com,2026-06-01,Culture,Emell Adolphus,https://www.theroot.com/15-amazing-lgbtq-people-whose-groundbreaking-lives-help-1851208894
Why Ciara Miller’s Post-‘Summer House’ Glow-Up is the Ultimate Last Laugh After Brutal Double Betrayal,"Despite a devastating double betrayal from her best friend and ex boyfriend, “Summer House” star Ciara Miller’s victory lap is a sight to behold!",theroot.com,2026-06-01,Entertainment,B.Kadijat Towolawi,https://www.theroot.com/why-ciara-miller-s-post-summer-house-glow-up-is-the-u-2000108290
Who Was Foster Sylvers? The Ultimate ’70s Teen Heartthrob Who Rivaled Michael Jackson,"In 1973, 11-year-old Foster Sylvers had girls screaming just as loud for the Jackson 5. Following his death, we’re looking back at the child star who rivaled MJ and stole a generation’s heart.",theroot.com,2026-06-01,Music,Angela Wilson,https://www.theroot.com/who-was-foster-sylvers-the-ultimate-70s-teen-heartthro-2000108516
Black Creators Speak Out on Controversial Euphoria Finale,Here’s why the shocking ‘Euphoria’ finale has some Black fans upset.,theroot.com,2026-06-01,Entertainment,Mahalia Otshudy,https://www.theroot.com/black-creators-speak-out-on-controversial-euphoria-fina-2000108499
The Incredibly Surprising Story of How Jay-Z Became Worth $2.8 Billion,"From rapper to billionaire, Hov has his hands in several industries which keep him on top.",theroot.com,2026-06-01,Culture,Phenix S Halley,https://www.theroot.com/the-very-surprising-story-of-how-jay-z-became-worth-2-1851675383
Is Low Testosterone the Real Problem? Expert Weighs In on Why Black Men Need to Look Deeper,"Is it low testosterone or something deeper? A Johns Hopkins expert breaks down why Black men may be blaming hidden health issues on low testosterone, while misuse can threaten fertility in younger men.",theroot.com,2026-06-01,Health,Shellie M. Scott,https://www.theroot.com/is-low-testosterone-the-real-problem-expert-weighs-in-2000107665
"Ex-Iowa School Chief’s Inspirational Career Ends in Prison, Possible Deportation","For years, Ian Roberts was known in his school district as an inspiring educator and passionate leader, until he was arrested by immigration enforcement last year.",theroot.com,2026-06-01,Crime,Phenix S Halley,https://www.theroot.com/ex-iowa-school-chiefs-inspirational-career-ends-in-pris-2000108501
The Best Black Moments From The Roots Picnic,"As we kick off Black Music Month, we’re looking at the best Black music moments from this year’s Roots Picnic.",theroot.com,2026-06-01,Entertainment,Mahalia Otshudy,https://www.theroot.com/the-best-black-moments-from-the-roots-picnic-2000108405
How Podcasts Are Changing the Way Black Men View Healthy Relationships,"As podcast culture grows, competing messages about masculinity, power and emotional wellness are influencing how Black men define healthy relationships.",theroot.com,2026-05-31,Culture,Shellie M. Scott,https://www.theroot.com/how-podcasts-are-changing-the-way-black-men-view-health-2000108182
Gary Coleman’s Family Still Has Questions Surrounding His Death,"While reflecting on her son’s life in a new interview, Gary Coleman’s mother joins close friends in revisiting lingering questions tied to the actor’s 2010 death.",theroot.com,2026-05-31,Entertainment,Ty Cole,https://www.theroot.com/gary-coleman-s-family-still-has-questions-surrounding-h-2000107857
Jay-Z Stuns Fans With Unexpected New Look At Roots Picnic,"Debuting at The Roots Picnic, Hov broke the internet with a shocking new hairstyle.",theroot.com,2026-05-31,Entertainment,B.Kadijat Towolawi,https://www.theroot.com/jay-z-stuns-fans-with-unexpected-new-look-at-roots-picn-2000108400
The Best Red Carpet Looks From Zendaya and Law Roach,"Here are some of our favorite looks from fashion power couple, Zendaya and Law Roach.",theroot.com,2026-05-31,Beauty + Style,Mahalia Otshudy,https://www.theroot.com/the-best-red-carpet-looks-from-zendaya-and-law-roach-2000108153
