title,description,source,date_of_publication,category,author,link
"Foster Sylvers, singer behind ‘Misdemeanor’ and member of The Sylvers, dead at 64","Foster Sylvers, the singer known for “Misdemeanor” and his work with The Sylvers, has died at age 64 following a reported cancer battle.",thegrio.com,2026-05-31,Music,Janeé Bolden,https://thegrio.com/2026/05/31/foster-sylvers-dead-misdemeanor-the-sylvers/
"Jay-Z uses Roots Picnic freestyle to address Drake Kanye West, Nicki Minaj and more","During a nearly four-minute freestyle at Roots Picnic, Jay-Z addressed Drake, Kanye West, Nicki Minaj and several longtime detractors.",thegrio.com,2026-05-31,Music,Jahaura Michelle,https://thegrio.com/2026/05/31/jay-z-roots-picnic-freestyle-drake-kanye-west-nicki-minaj-and-more/
Victor Wembanyama breaks down in tears after leading Spurs to first NBA Finals since 2014,Victor Wembanyama became emotional after leading the Spurs past the Thunder in Game 7 and into the franchise’s first NBA Finals since 2014.,thegrio.com,2026-05-31,Sports,Janeé Bolden,https://thegrio.com/2026/05/31/victor-wembanyama-tears-spurs-nba-finals-game-7-thunder/
"For the third time in two Seasons, ‘Love Island USA’ faces a racial slur controversy",‘Love Island USA’ removed contestant Vasana Montgomery ahead of Season 8 after alleged N-word videos resurfaced online,thegrio.com,2026-05-31,Television,Janeé Bolden,https://thegrio.com/2026/05/31/love-island-usa-vasana-montgomery-removed-racial-slur-videos/
Italy cancels Ye and Travis Scott concerts over security concerns and protest fears,"Italian officials canceled planned concerts by Ye and Travis Scott, citing public safety concerns, crowd control issues and fears of protests.",thegrio.com,2026-05-30,Entertainment,Bobby Pen,https://thegrio.com/2026/05/30/italy-cancels-ye-travis-scott-concerts/
Megan Thee Stallion reminds everyone summer is her season with sizzling Miami Swim Week looks,Megan Thee Stallion absolutely stunned at the Hot Girl Swim 2 launch of her Hot Girl Summer swim line in Miami earlier this week.,thegrio.com,2026-05-30,Entertainment,Brandon Caldwell,https://thegrio.com/2026/05/30/megan-thee-stallion-hot-girl-summer-swim-launch-miami/
Mamdani names NYPD whistleblower Edwin Raymond as NYC’s new sheriff after firing controversial former sheriff,"After firing one controversial sheriff, NYC Mayor Zohran Mamdani has appointed activist and former NYPD officer Edwin Raymond to the role.",thegrio.com,2026-05-30,News,Brandon Caldwell,https://thegrio.com/2026/05/30/edwin-raymond-named-nyc-sheriff-zohran-mamdani/
Roy Wood Jr. gets candid about taking leaps of faith and why he’s hesitant to go into ‘serious’ journalism,"Roy Wood Jr. opens up to Jericka Duncan on his thoughts regarding modern journalism and why he'd never consider himself ""serious"" at the craft.",thegrio.com,2026-05-30,Entertainment,Brandon Caldwell,https://thegrio.com/2026/05/30/roy-wood-jr-jericka-duncan-journalism-interview/
"With her uncle Blacc Sam by her side, Nipsey Hussle’s daughter Emani graduates from high school","Nipsey Hussle's oldest child Emani just crossed a major milestone as the 17-year-old graduated high school, with her mom and uncle by her side.",thegrio.com,2026-05-30,Lifestyle,Brandon Caldwell,https://thegrio.com/2026/05/30/nipsey-hussle-daughter-emani-asghedom-graduates-high-school/
Ciara Miller trades the Hamptons for the Wild West as Shaboozey’s latest leading lady,"""Summer House"" star Ciara Miller is earning praise from fans after appearing as the leading lady in Shaboozey's new ""Cowgirl"" music video, marking another major win in her breakout year.",thegrio.com,2026-05-30,Entertainment,Bobby Pen,https://thegrio.com/2026/05/30/ciara-miller-shaboozey-cowgirl-music-video/
Meet the Black contestants entering the ‘Love Island USA’ villa…and the discourse,"Love Island USA season 8 has not even started yet, and social media is already buzzing about the islanders stepping into the villa.",thegrio.com,2026-05-29,Entertainment,Haniyah P.,https://thegrio.com/2026/05/29/meet-the-black-contestants-entering-the-love-island-usa-villaand-the-discourse/
‘Bigger than football’: NFL star Abdul Carter explains why he called out teammate over appearance at Trump rally,Giants defensive end Abdul Carter stood by his comments calling out teammate Jaxson Dart for appearing at a Trump rally earlier this month.,thegrio.com,2026-05-29,Politics,Brandon Caldwell,https://thegrio.com/2026/05/29/abdul-carter-jaxson-dart-donald-trump-rally/
"‘I crashed’: Latto gets real on postpartum depression after having her daughter, and why she’s walking back retirement talk","As Latto glows with her baby girl, the Atlanta rapper is getting candid on postpartum depression and how it affected one of her more shocking tweets.",thegrio.com,2026-05-29,Entertainment,Brandon Caldwell,https://thegrio.com/2026/05/29/latto-postpartum-depression-retirement-interview/
Ex-superindentent of Iowa school district sentenced to two years in prison for falsely claiming to be US citizen,"Ian Roberts, the former superintendent for Iowa's largest school district, was sentenced to two years in jail and faces deportation.",thegrio.com,2026-05-29,News,Brandon Caldwell,https://thegrio.com/2026/05/29/ian-roberts-ex-superintendent-iowa-school-district-sentenced/
Trump’s war in Iran is crushing Black Americans. Can he finally end it?,Experts tell theGrio Trump's ambitious goals to finally end the Iran war are unrealistic and far more complex than he may publicly admit.,thegrio.com,2026-05-29,Politics,Gerren Keith Gaynor,https://thegrio.com/2026/05/29/trumps-war-iran-crushing-black-americans/
Byron Allen recognized among the most influential media executives on ‘The Trade Power 30: The Titans’ list,"Byron Allen joins Oprah Winfrey, Charlamagne Tha God, and others for his decades-long impact on entertainment, news, and digital publishing.",thegrio.com,2026-05-29,Entertainment,Bolarinwa Oladeji,https://thegrio.com/2026/05/29/byron-allen-the-titans-media-power-list/
Patti LaBelle says she didn’t realize what ‘Lady Marmalade’ was about until after its release,"During a recent podcast appearance, Patti LaBelle said she only learned the now‑classic song’s meaning after it became a hit.",thegrio.com,2026-05-29,Entertainment,Bolarinwa Oladeji,https://thegrio.com/2026/05/29/patti-labelle-lady-marmalade-meaning-reaction/
Trump’s face could end up on a $250 bill if Congress changes a law that’s stood since 1866,The Treasury Department has already drafted a Trump $250 bill design as the country prepares for its 250th anniversary.,thegrio.com,2026-05-29,News,Odafe Oghen,https://thegrio.com/2026/05/29/trump-250-bill-treasury-design-congress/
Time to re-enroll: Netflix’s ‘A Different World’ spinoff gets debut trailer and a sentimental premiere date,"Netflix is moving with intention surrouding its 'A Different World' spinoff, revealing its teaser trailer and a historic launch date.",thegrio.com,2026-05-29,Entertainment,Brandon Caldwell,https://thegrio.com/2026/05/29/netflix-a-different-world-trailer-premiere-date/
Laverne Cox opens up about childhood trauma and suicide attempt in new memoir,"Laverne Cox in childhood trauma memoir discusses sexual assault, shame, and a suicide attempt, set for release on June 9.",thegrio.com,2026-05-29,Entertainment,Peter Kerich,https://thegrio.com/2026/05/29/laverne-cox-childhood-trauma-memoir/
Who is actually performing at the Freedom 250’s Great American State Fair?,"Since announcing the concert lineup, a growing number of the scheduled artists have withdrawn from the Freedom 250 celebration.",thegrio.com,2026-05-29,Entertainment,Haniyah P.,https://thegrio.com/2026/05/29/who-is-performing-at-freedom-250s-great-american-state-fair/
"Judge blocks Trump’s $1.7B ‘slush fund,’ but for Black reparations the ‘narrative damage is already done’","""We'll keep fighting...to make sure the public channels their righteous anger where it belongs: into reparations for Black Americans.""",thegrio.com,2026-05-29,Politics,Gerren Keith Gaynor,https://thegrio.com/2026/05/29/judge-blocks-trump-1-7b-slush-fund/
Byron Allen’s ‘Comics Unleashed’ will result in a $55M swing for CBS late night,CBS says the Byron Allen time buy model flipped a money-losing late night slot into a $55 million swing in the network’s favor.,thegrio.com,2026-05-29,Business,Odafe Oghen,https://thegrio.com/2026/05/29/byron-allen-time-buy-cbs-late-night-profit/
"In ‘Score,’ Kennedy Ryan writes a world where Black women’s mental health is taken seriously","""Score"" highlights the importance of culturally competent mental health care for Black women while telling a story full of love, complexity.",thegrio.com,2026-05-29,Featured,Panama Jackson,https://thegrio.com/2026/05/29/in-score-kennedy-ryan-writes-a-world-where-black-womens-mental-health-is-taken-seriously/
"Atlanta nightlife mourns Sharell Canty, co‑owner of popular Opium nightclub, after fatal shooting",Friends remember Canty for her presence and business acumen after the Atlanta nightlife figure was killed in a domestic‑related shooting.,thegrio.com,2026-05-29,News,Odafe Oghen,https://thegrio.com/2026/05/29/sharell-canty-opium-nightclub-atlanta-murder/
"Inflation and mortgage rates rise, further squeezing Black households under Trump’s economy","""Higher mortgage rates and rising inflation are a one-two punch for Black households,"" Cantrell Dumas of The Joint Center told theGrio.",thegrio.com,2026-05-28,Politics,Gerren Keith Gaynor,https://thegrio.com/2026/05/28/inflation-mortgage-rates-rise-black-households-under-trump-economy/
Cynthia Erivo opens up about the backlash that made her step back from Oscar campaigning for ‘Wicked: For Good’,Erivo said commentary targeting her appearance after she shielded Grande from a fan affected her decision to step back from campaigning.,thegrio.com,2026-05-28,Entertainment,Odafe Oghen,https://thegrio.com/2026/05/28/cynthia-erivo-singapore-attack-backlash-oscar-campaign-wicked/
Bronx Muslim children reflect on praying with Mayor Zohran Mamdani during Eid al-Adha,"During Eid al-Adha celebrations, several children spoke candidly about identity and what it means to see a Muslim mayor lead NYC.",thegrio.com,2026-05-28,Featured,Odafe Oghen,https://thegrio.com/2026/05/28/zohran-mamdani-muslim-mayor-nyc-community-reaction-meta/
"Ben Crump, families of two Black infants allege decades-old government-backed vaccine testing without consent","According to the complaint, the infants were selected for experimental testing tied to RSV vaccine development later used in vaccines.",thegrio.com,2026-05-28,Health,TheGrio Staff,https://thegrio.com/2026/05/28/ben-crump-families-of-two-black-infants-allege-decades-old-government-backed-vaccine-testing-without-consent/
Tia Mowry gives fans a glimpse at her new romance after divorce from Cory Hardrict,"Mowry’s vacation carousel featured beachside moments, luxury resort views and candid snapshots with her mystery partner.",thegrio.com,2026-05-28,Featured,Bolarinwa Oladeji,https://thegrio.com/2026/05/28/tia-mowry-new-boyfriend-cabo-getaway/
8 Black political content creators you should be following,The Black political content creators are making sure you stay informed on current events as you doomscroll social media timelines.,thegrio.com,2026-05-28,Politics,Haniyah P.,https://thegrio.com/2026/05/28/8-black-political-content-creators-you-should-be-following/
Gayle King opens up about how Oprah rumors affected her personal life and public image,Gayle King discussed long-running rumors about her friendship with Oprah Winfrey and said the speculation once affected her personally.,thegrio.com,2026-05-28,Featured,Peter Kerich,https://thegrio.com/2026/05/28/gayle-king-oprah-rumors/
Machel Montano has been doing soca ‘Like Ah Boss’ since age 7. His new documentary proves it,"Machel Montano reflects on music, inspiration and four decades of shaping Caribbean culture through soca in new 'Like ah Boss' documentary.",thegrio.com,2026-05-28,Entertainment,Jahaura Michelle,https://thegrio.com/2026/05/28/machel-montano-has-been-doing-soca-like-ah-boss-since-age-7-his-new-documentary-proves-it/
Gayle King’s ex-husband apologizes again after she revisits affair during ‘Call Her Daddy’ interview,Gayle King’s ex-husband apology delivered publicly after the journalist discussed his past infidelity on a recent podcast interview.,thegrio.com,2026-05-28,Featured,Peter Kerich,https://thegrio.com/2026/05/28/gayle-king-ex-husband-apology/
UK Woman convicted in 1978 death of her 5-year-old stepdaughter after cold case reopened,A woman was convicted in a 1978 child death cold case after new testimony on the death of her 5-year-old stepdaughter.,thegrio.com,2026-05-28,News,Peter Kerich,https://thegrio.com/2026/05/28/uk-woman-convicted-in-1978-death-of-her-5-year-old-stepdaughter-after-cold-case-reopened/
ABA faces pressure to roll back DEI standards as Black lawyers remain underrepresented,The ABA s weighing a rollback of its DEI accreditation standards amid pressure from Trump allies and conservatives.,thegrio.com,2026-05-28,News,Bolarinwa Oladeji,https://thegrio.com/2026/05/28/aba-dei-rollback-black-lawyers-underrepresented/
Supreme Court sides with Black Mississippi death row inmate in racial bias case,"In a 5-4 decision, SCOTUS ruled that lower courts failed to properly evaluate claims that Black jurors were improperly removed.",thegrio.com,2026-05-28,News,Bolarinwa Oladeji,https://thegrio.com/2026/05/28/supreme-court-mississippi-death-row-jury-bias/
Laverne Cox retells harrowing story of being left in an orphanage in upcoming memoir,Laverne Cox revealed ahead of the release of her new memoir that she was abandoned by her parents at one point in her childhood.,thegrio.com,2026-05-28,Books,Nhari Djan,https://thegrio.com/2026/05/28/laverne-cox-retells-harrowing-story-of-being-left-in-an-orphanage-in-upcoming-memoir/
Tennessee school district reverses ban on Alex Haley ‘Roots’ novel,"A school district in Eastern Tennessee has reversed its decision to ban the novel ""Roots"" by famed author Alex Haley.",thegrio.com,2026-05-28,News,Nhari Djan,https://thegrio.com/2026/05/28/tennessee-school-district-reverses-ban-on-alex-haley-roots-novel/
Idris Elba is ‘not in the race’ to play James Bond,"Idris Elba says he is not in the running to play James Bond, and that the next actor to play the role will be younger.",thegrio.com,2026-05-28,Entertainment,Nhari Djan,https://thegrio.com/2026/05/28/idris-elba-is-not-in-the-race-to-play-james-bond/
Why are Black Women’s friendships the Internet’s favorite target?,"From Cynthia Erivo and Ariana Grande to Oprah and Gayle, social media has made a trend of turning Black women's bonds into punchlines.",thegrio.com,2026-05-28,Lifestyle,Haniyah P.,https://thegrio.com/2026/05/28/why-are-black-womens-friendships-the-internets-favorite-target/
‘A miracle’: Women’s college basketball coach rescued after nearly drowning while saving her nephew,UNC-Wilmington women's head basketball coach Nicole Woods is a hero and a survivor after she nearly drowned rescuing her nephew.,thegrio.com,2026-05-27,Sports,Brandon Caldwell,https://thegrio.com/2026/05/27/unc-wilmington-coach-nearly-drowns-rescuing-nephew-ocean/
"Byron Allen closes majority investment deal for Buzzfeed, officially takes over as CEO","Byron Allen's Allen Family Digital has official closed its deal to acquire BuzzFeed, giving Allen the title of CEO and chairman.",thegrio.com,2026-05-27,Business,Brandon Caldwell,https://thegrio.com/2026/05/27/byron-allen-closes-buzzfeed-deal/
"Gayle King recalls the pain of her husband cheating on her with her close friend, and how Oprah lifted her up","Gayle King and her ex-husband, William Bumpus, were married from 1982 to 1993. For the first time, she's opening up in detail about his cheating.",thegrio.com,2026-05-27,Lifestyle,Brandon Caldwell,https://thegrio.com/2026/05/27/gayle-king-husband-infidelity-call-her-daddy-podcast/
Jasmine Crockett’s proxy win over Talarico in House race shines spotlight on Texas rivalry,"Talarico and Crockett have yet to publicly resolve their differences, despite Talarico's efforts to win over Crockett's base of Black voters.",thegrio.com,2026-05-27,Politics,Gerren Keith Gaynor,https://thegrio.com/2026/05/27/jasmine-crockett-talarico-unresolved-bitter-texas-rivalry/
Jasmine Crockett says she did not endorse Wesley Bell. So why does the internet think she did?,"Between photo, a video, and rumored endorsements, here's what's going on with Jasmine Crockett, Wesley Bell and Cori Bush.",thegrio.com,2026-05-27,Politics,Haniyah P.,https://thegrio.com/2026/05/27/jasmine-crockett-says-she-did-not-endorse-wesley-bell-so-why-does-the-internet-think-she-did/
"Trump says he’ll attend NBA finals to watch the Knicks, but could face something familiar: Boos and protests",“I think Trump sees this as both an opportunity to be first and attach his name and likeness to something,thegrio.com,2026-05-27,Politics,Gerren Keith Gaynor,https://thegrio.com/2026/05/27/trump-says-hell-attend-nba-finals-to-watch-the-knicks-but-could-face-something-familiar-boos-and-protests/
She said ‘I Do!’: ‘Love Is Blind’ star Marissa George weds former flame 13 years after they first met,"Congrats to Marissa George! The 'Love Is Blind' star is officially married, but not to her 'Perfect Match' partner but a man she met in 2013.",thegrio.com,2026-05-27,Entertainment,Brandon Caldwell,https://thegrio.com/2026/05/27/marissa-george-love-is-blind-star-married/
Monica mourns death of her father in emotional tribute: ‘I’m happy you are free’,"Monica shared an emotional tribute announcing the death of her father, thanking supporters for their prayers and condolences.",thegrio.com,2026-05-27,Featured,Peter Kerich,https://thegrio.com/2026/05/27/monica-father-tribute/
Viral debate: Should the neighborhood kid asking for BBQ get a plate?,"What started as a simple neighborhood interaction has sparked a larger conversation about hospitality, culture and feeding the kids.",thegrio.com,2026-05-27,Featured,Odafe Oghen,https://thegrio.com/2026/05/27/viral-bbq-debate-neighborhood-kid-jacquez-cheetos-instagram/
Christian Menefee defeats longtime Rep. Al Green in high-profile Texas primary runoff,The Houston-area contest marks a generational shift after redistricting forced two Democratic incumbents into the same district.,thegrio.com,2026-05-27,Politics,Peter Kerich,https://thegrio.com/2026/05/27/christian-menefee-defeats-al-green/
Is Keke Palmer and Sean Evans’ chemistry the real ‘Hot One’? The internet thinks so,"After a flirty, fun podcast reunion, social media is fully convinced Keke Palmer and Sean Evans need to make it official.",thegrio.com,2026-05-27,Featured,Haniyah P.,https://thegrio.com/2026/05/27/is-keke-palmer-and-sean-evans-chemistry-the-real-hot-one-the-internet-thinks-so/
Investigation launched after video of California officer striking Black student sparks outrage,The Fairfield officer has been reassigned as the teen’s family calls for accountability and answers.,thegrio.com,2026-05-27,News,Odafe Oghen,https://thegrio.com/2026/05/27/maurice-williams-fairfield-officer-punches-teen-viral-video/
Sheinelle Jones says Anderson Cooper became ‘the soundtrack to my healing’ after husband’s death,"The “Today” co-host opened up about grief, parenting through loss and the support she found through Cooper’s conversations on loss.",thegrio.com,2026-05-27,News,Bolarinwa Oladeji,https://thegrio.com/2026/05/27/sheinelle-jones-anderson-cooper-grief-husband-death/
Vivica A. Fox challenges society’s double standard on women and aging,"The actress opened up about changing beauty standards, public scrutiny and why women, especially in entertainment.",thegrio.com,2026-05-27,Featured,Jahaura Michelle,https://thegrio.com/2026/05/27/vivica-a-fox-challenges-societys-double-standard-on-women-and-aging/
D.L. Hughley responds to Kevin Hart’s ‘Breakfast Club’ interview on Netflix roast controversy,"Hughley said Hart bears no responsibility for a joke he did not write, but raised pointed questions about editorial decisions.",thegrio.com,2026-05-27,Entertainment,Bolarinwa Oladeji,https://thegrio.com/2026/05/27/dl-hughley-kevin-hart-george-floyd-joke-response/
"Civil rights attorney Ben Crump, LL COOL J team up to close wealth gap through financial platform DreamFi",LL COOL J partners with Ben Crump’s DreamFi to expand financial access and address the wealth gap for unbanked and underbanked Americans.,thegrio.com,2026-05-26,Business,Jahaura Michelle,https://thegrio.com/2026/05/26/civil-rights-attorney-ben-crump-ll-cool-j-team-up-to-close-wealth-gap-through-financial-platform-dreamfi/
SC Republicans defy Trump by rejecting map that could eliminate state’s lone Black Congressman Jim Clyburn,"""It's just a friendly reminder that there are still some people of goodwill that exist,"" Dem strategist Antjuan Seawright tells theGrio.",thegrio.com,2026-05-26,Politics,Gerren Keith Gaynor,https://thegrio.com/2026/05/26/south-carolina-republicans-defy-trump-map-lone-black-congressman-jim-clyburn/
"‘Stood at the center of history’: Clarence B. Jones, civil rights lawyer and key adviser to Martin Luther King Jr., dies at 95","Clarence B. Jones, the civil rights lawyer considered Martin Luther King's closest advisor, has died. He was 95.",thegrio.com,2026-05-26,News,Brandon Caldwell,https://thegrio.com/2026/05/26/clarence-b-jones-civil-rights-lawyer-mlk-speechwriter-dead-at-95/
Lanny Smith can’t believe how quickly Actively Black has grown either,The founder of Actively Black sits down with theGrio and opens up about the brands booming success and how they pour into Black culture.,thegrio.com,2026-05-26,Style,Kay Wicker,https://thegrio.com/2026/05/26/lanny-smith-cant-believe-how-quickly-actively-black-has-grown-either/
‘What you will not do is belittle my influence:’ Why the Patrick Ta & Painted by Esther drama resonated with Black women,The drama reflects a frustration many Black creatives know well: watching their influence go mainstream without proper acknowledgment.,thegrio.com,2026-05-26,Lifestyle,Haniyah P.,https://thegrio.com/2026/05/26/what-you-will-not-belittle-is-my-influence-why-the-patrick-ta-painted-by-esther-drama-resonated-with-black-women/
Congressional Black Caucus shuts down bill affecting Black student athletes as calls for boycotts regarding GOP gerrymandering expand,"The Congressoinal Black Caucus is putting its influence to use, torpedoing a major bill affecting Black student athletes and more.",thegrio.com,2026-05-26,Politics,Brandon Caldwell,https://thegrio.com/2026/05/26/congressional-black-caucus-score-act-gop-redistricting/
‘Overjoyed’: Kenny Lattimore and wife Judge Faith Jenkins welcome baby boy after Mother’s Day pregnancy announcement,It's baby No. 2 for Kenny Lattimore and Judge Faith Jenkins. The couple welcomed Roman Robert Lattimore over Memorial Day Weekend.,thegrio.com,2026-05-26,Entertainment,Brandon Caldwell,https://thegrio.com/2026/05/26/kenny-lattimore-faith-jenkins-welcome-baby-boy/
"‘Toy Story 5’ introduces Blaze, a horse-loving Black and Armenian character, as Jessie takes center stage","Pixar’s Toy Story 5 introduces Blaze, a Black and Armenian character, while Jessie leads a story about friendship in the tablet era.",thegrio.com,2026-05-26,Entertainment,Janeé Bolden,https://thegrio.com/2026/05/26/toy-story-5-blaze-black-armenian-character-jessie-bonnie/
How Ona Judge Staines’ legacy tests how America remembers history,"Ona Judge, the formerly enslaved woman who ran away from George Washington, is immortalized on the 230-year anniversary of her escape.",thegrio.com,2026-05-26,Lifestyle,Kay Wicker,https://thegrio.com/2026/05/26/how-ona-judge-staines-legacy-tests-how-america-remembers-history/
Kevin Hart addresses layoffs and restructuring at HartBeat production company,The comedian defended layoffs and restructuring at his media company during a candid appearance on The Breakfast Club.,thegrio.com,2026-05-26,Entertainment,Bolarinwa Oladeji,https://thegrio.com/2026/05/26/kevin-hart-addresses-hartbeat-layoffs-restructuring/
Morgan State nursing graduates hit 100% NCLEX pass rate right when America needs Black nurses most,"Amid growing nursing shortage and attacks on DEI, Morgan State's perfect NCLEX pass rate is more than just a moment of Black excellence.",thegrio.com,2026-05-26,Featured,Haniyah P.,https://thegrio.com/2026/05/26/morgan-state-nursing-graduates-hit-100-nclex-pass-rate/
Federal court blocks Alabama’s map eliminating majority-Black district in win for Black voters,The deliberate targeting of districts where Black voters determine the outcome of elections in the South has been vehemently condemned.,thegrio.com,2026-05-26,Politics,Gerren Keith Gaynor,https://thegrio.com/2026/05/26/federal-court-blocks-alabama-map-eliminating-majority-black-district/
Kevin Hart addresses criticism over George Floyd roast joke: ‘Remove me from it. I didn’t say it’,The comedian addressed backlash tied to Tony Hinchcliffe’s George Floyd joke and rejected calls that he should have intervened.,thegrio.com,2026-05-26,Entertainment,Odafe Oghen,https://thegrio.com/2026/05/26/kevin-hart-george-floyd-breakfast-club-tony-hinchcliffe-roast/
How the Black and Missing Foundation founders are changing the way missing persons cases are covered,Natalie and Derrica Wilson built the Black and Missing Foundation to fight for missing people of color the media and law enforcement ignores.,thegrio.com,2026-05-26,Featured,Jahaura Michelle,https://thegrio.com/2026/05/26/how-the-black-and-missing-foundation-founders-are-changing-the-way-missing-persons-cases-are-covered/
"George Clinton sues UMG, alleges more than $1 million in royalties were wrongly withheld",The P-Funk founder claims the label froze royalty payments for years over a separate legal dispute tied to Bernie Worrell’s estate.,thegrio.com,2026-05-26,Entertainment,Bolarinwa Oladeji,https://thegrio.com/2026/05/26/george-clinton-sues-umg-unpaid-royalties/
‘We were paying guests’: Family speaks out after Black woman tackled at Atlantic City Hard Rock hotel,The woman’s daughter says they returned to retrieve belongings when the encounter with security turned physical.,thegrio.com,2026-05-26,News,Odafe Oghen,https://thegrio.com/2026/05/26/camillia-williams-hard-rock-atlantic-city-security-assault-viral/
Mayor Mamdani unveils plan to tackle racial disparities in New York City housing,"EXCLUSIVE: TheGrio previews Mamdani's ""Block by Block"" plan, which seeks to redress racial imbalance in housing access and quality.",thegrio.com,2026-05-26,Politics,Gerren Keith Gaynor,https://thegrio.com/2026/05/26/mayor-zohran-mamdani-housing-plan-racial-disparities-new-york-city/
"‘Saxophone Colossus’ Sonny Rollins, one of jazz’s last bebop giants, dies at 95","The Harlem-born tenor saxophonist helped define bebop, shaped generations of music and remained one of jazz’s most influential voices.",thegrio.com,2026-05-26,Entertainment,Odafe Oghen,https://thegrio.com/2026/05/26/sonny-rollins-dies-95-saxophone-colossus-jazz/
Naomi Osaka isn’t apologizing for celebrating Black tennis players,Naomi Osaka and Taylor Townsend hosted their fellow Black professional tennis players at SoHo House Paris on the eve of the French Open.,thegrio.com,2026-05-26,Lifestyle,Kay Wicker,https://thegrio.com/2026/05/26/naomi-osaka-isnt-apologizing-for-celebrating-black-tennis-players/
Ray J hospitalized after brutal MMA knockout during Memorial Day Weekend,"Ray J voluntarily checked himself into a Las Vegas hospital on Saturday, hours after his brutal KO loss in an MMA event.",thegrio.com,2026-05-26,Entertainment,Brandon Caldwell,https://thegrio.com/2026/05/26/ray-j-hospitalized-mma-fight-supa-hot-fire/
Drake makes history after triple album release earns top three chart spots,"Drake's three albums ""Iceman,"" ""Habibti,"" and ""Maid of Honour,"" have made chart history, entering top three spots on the Billboard 200.",thegrio.com,2026-05-25,Entertainment,Nhari Djan,https://thegrio.com/2026/05/25/drake-makes-history-after-triple-album-release-earns-top-three-chart-spots/
New filing shows Slutty Vegan founder Pinky Cole is $4 million in debt,"A new filing from Slutty Vegan founder Pinky Cole reported she owes $4 million in debt, rather than the $1.4 million she initially claimed.",thegrio.com,2026-05-25,Business,Nhari Djan,https://thegrio.com/2026/05/25/new-filing-shows-slutty-vegan-founder-pinky-cole-is-4-million-in-debt/
“Softy?”: Cheyenne Bryant faces new backlash after resurfaced Touré clip sparks criticism over masculinity remarks,Cheyenne Bryant is facing renewed backlash after a resurfaced Fox Soul clip with Touré sparked criticism over masculinity remarks amid questions about her credentials.,thegrio.com,2026-05-25,Featured,Bobby Pen,https://thegrio.com/2026/05/25/cheyenne-bryant-toure-resurfaced-clip-backlash/
Pope Leo XIV apologizes for Catholic Church’s role in legitimizing slavery,"Pope Leo XIV apologized for the Vatican’s role in legitimizing slavery, acknowledging past popes’ role in authorizing colonial subjugation.",thegrio.com,2026-05-25,News,Bobby Pen,https://thegrio.com/2026/05/25/pope-leo-xiv-vatican-slavery-apology/
Alfred Street Baptist Church steps in after Mizzou cuts Black student government funding,Alfred Street Baptist Church announced it will fund Mizzou’s Legion of Black Collegians after the university moved to cut DEI-tied support.,thegrio.com,2026-05-25,News,Bobby Pen,https://thegrio.com/2026/05/25/virginia-church-mizzou-black-student-government-dei-cuts/
"Grind Pretty Fest returns to Atlanta as women entrepreneurs look for funding, community and career pivots","Grind Pretty Fest returns to Atlanta on June 6 with panels, wellness programming, $3,000 in business grants and a Y2K-inspired performance from Nivea.",thegrio.com,2026-05-25,Events,Bobby Pen,https://thegrio.com/2026/05/25/grind-pretty-fest-atlanta-business-grants-nivea/
Black Bike Week festivities interrupted after crowd panic leaves 19 injured in South Carolina,"Nineteen people were injured after panic spread through a crowd during Black Bike Week festivities in Atlantic Beach, South Carolina over Memorial Day weekend.",thegrio.com,2026-05-25,News,Bobby Pen,https://thegrio.com/2026/05/25/black-bike-week-stampede-south-carolina/
White House shooting suspect Nasire Best had multiple past encounters with Secret Service,"The suspected White House shooter, 21-year-old Nasire Best, had been flagged by the Secret Service previously and held involuntarily once.",thegrio.com,2026-05-24,News,Nhari Djan,https://thegrio.com/2026/05/24/white-house-shooting-suspect-nasire-best-had-multiple-past-encounters-with-secret-service/
Stephen Colbert broadcasts friendly video call with late night successor Byron Allen,"Stephen Colbert called his late night successor, Byron Allen, while hosting a slot on a local Michigan broadcast.",thegrio.com,2026-05-24,Entertainment,Nhari Djan,https://thegrio.com/2026/05/24/stephen-colbert-broadcasts-friendly-video-call-with-late-night-successor-bryon-allen/
Michelle Obama hasn’t watched Viola Davis in ‘The First Lady’: ‘That’s the one thing I can’t do’,"Michelle Obama said she has not watched Viola Davis' portrayal of her in the Showtime series, ""The First Lady.""",thegrio.com,2026-05-24,Entertainment,Nhari Djan,https://thegrio.com/2026/05/24/michelle-obama-hasnt-watched-viola-davis-in-the-first-lady-thats-the-one-thing-i-cant-do/
Georgia man turns pink Barbie camper into a gas-saving ride as prices at the pump climb,Georgia handyman Mali Hightower turned a broken Barbie Dream Camper into a gas-powered mini vehicle to save money as gas prices rise.,thegrio.com,2026-05-23,Technology,Bobby Pen,https://thegrio.com/2026/05/23/georgia-man-barbie-camper-gas-prices/
‘I did partake in the inhumanity’: Candace Owens apologizes to Hunter Biden for past comments about addiction,Candace Owens apologized to Hunter Biden for her comments about his addiction during a sit-down on her YouTube show.,thegrio.com,2026-05-23,Featured,Nhari Djan,https://thegrio.com/2026/05/23/i-did-partake-in-the-inhumanity-candace-owens-apologizes-to-hunter-biden-for-past-comments-about-addiction/
‘It’s a bittersweet end’: Sherri Shepherd shares emotional goodbye to daytime talk show,"Sherri Shepherd said her final goodbye after her daytime talk show, ""Sherri"" aired its last episode this week.",thegrio.com,2026-05-23,Entertainment,Nhari Djan,https://thegrio.com/2026/05/23/its-a-bittersweet-end-sherri-shepherd-shares-emotional-goodbye-to-daytime-talk-show/
Family demands answers after eldery woman dies following altercation at Tim Hortons,Tawnda Grayson accused Fort Wayne police of tampering with surveillance footage tied to her mother’s death at a Tim Hortons restaurant.,thegrio.com,2026-05-23,News,Jahaura Michelle,https://thegrio.com/2026/05/23/family-demands-answers-after-eldery-woman-dies-following-altercation-at-tim-hortons/
MacKenzie Scott gave more than $1 billion to HBCUs. So why was she left off a top philanthropy list?,"MacKenzie Scott has given more than $1 billion to HBCUs, but her quiet giving model reportedly kept her off a major philanthropy ranking.",thegrio.com,2026-05-23,Opinion,Bobby Pen,https://thegrio.com/2026/05/23/mackenzie-scott-hbcu-donations-philanthropy-list/
"Trump brought 6,000 white South Africans to US through refugee program, plans for 10,000 more",The president has been executing the program for white South Africans while canceling refugee programs for other groups. President Donald,thegrio.com,2026-05-23,News,Nhari Djan,https://thegrio.com/2026/05/23/trump-has-brought-6000-white-south-africans-to-us-through-refugee-program-planning-10000-more/
‘It Takes Two’ rapper Rob Base Dies at 59 after battle with cancer,"Rob Base, the rapper known for the 1988 hit song ""It Takes Two"" with DJ E-Z Rock, died Friday after a private battle with cancer.",thegrio.com,2026-05-22,Featured,Jahaura Michelle,https://thegrio.com/2026/05/22/it-takes-two-rapper-rob-base-dies-at-59-after-battle-with-cancer/
‘You can’t perform beauty’: Lupita Nyong’o addresses criticism over playing Helen of Troy,Nyong’o says she isn’t focused on defending her casting in Christopher Nolan’s “The Odyssey” and instead centered the work itself.,thegrio.com,2026-05-22,Entertainment,Odafe Oghen,https://thegrio.com/2026/05/22/lupita-nyongo-odyssey-casting-elon-musk-helen-of-troy-response/
Ryan Coogler’s ‘Sinners’ is coming to Universal Studios’ Halloween Horror Nights,“Sinners” is being transformed into a haunted house experience at Universal’s Halloween Horror Nights in Orlando and Hollywood.,thegrio.com,2026-05-22,Entertainment,Peter Kerich,https://thegrio.com/2026/05/22/sinners-halloween-horror-nights/
"1 in 4 young Black men in key states are not committed to voting in 2026 elections, new poll finds","""If you want Black men to vote, that means investing time over years and engaging with them in a meaningful way,"" says Michael Hardaway.",thegrio.com,2026-05-22,Politics,Gerren Keith Gaynor,https://thegrio.com/2026/05/22/1-in-4-young-black-men-in-key-states-are-not-committed-to-voting-in-2026-elections-new-poll-finds/
"DNC autopsy report vindicates Kamala Harris, exposes party’s ‘Black infrastructure’ problem, critics say",Black Democratic strategists say that the DNC report exposes a party sin by not investing in a Black infrastructure to win elections.,thegrio.com,2026-05-22,Politics,Gerren Keith Gaynor,https://thegrio.com/2026/05/22/dnc-autopsy-report-vindicates-kamala-harris-exposes-partys-black-infrastructure-problem-critics-say/
Was Betty Boop based on a Black jazz singer? The answer is complicated,Quinta Brunson is gearing up to play Betty Boop in an upcoming live-action adaptation of the famous cartoon flapper.,thegrio.com,2026-05-22,Entertainment,Kay Wicker,https://thegrio.com/2026/05/22/was-betty-boop-based-on-a-black-jazz-singer-the-answer-is-complicated/
How community showed up for ‘Pretty Girl County’ author Lakita Wilson after she was nearly removed from a book festival,Author Lakita Wilson opens up about her viral moment during the Gaithersburg Book Festival and how community is keeping her going.,thegrio.com,2026-05-22,Books,Kay Wicker,https://thegrio.com/2026/05/22/how-community-showed-up-for-pretty-girl-county-author-lakita-wilson-after-she-was-nearly-removed-from-a-book-festival/
Wendy and Eddie Osefo to face trial in 2027 in insurance fraud case,Prosecutors allege the couple filed claims for luxury items later found to have been returned before the reported burglary.,thegrio.com,2026-05-22,Featured,Peter Kerich,https://thegrio.com/2026/05/22/wendy-and-eddie-osefo-insurance-fraud-trial/
‘You people’: Viral confrontation with Black woman leads to bias intimidation charge in New Jersey,Investigators say the accused later clarified the phrase was directed at Black people during the heated encounter.,thegrio.com,2026-05-22,News,Bolarinwa Oladeji,https://thegrio.com/2026/05/22/new-jersey-man-charged-viral-tiktok-confrontation/
Queen Latifah explains why she chose her BET Awards speech to publicly come out,Latifah said receiving one of the biggest honors of her career felt like the right moment to acknowledge partner Eboni Nichols publicly.,thegrio.com,2026-05-22,Featured,Odafe Oghen,https://thegrio.com/2026/05/22/queen-latifah-coming-out-explains/
Death of Congolese man in Ireland sparks protests and comparisons to George Floyd,Demonstrators gathered outside Ireland’s parliament after video of Sakila’s final moments circulated online amid calls for accountability.,thegrio.com,2026-05-22,News,Bolarinwa Oladeji,https://thegrio.com/2026/05/22/reland-protests-yves-sakila-death-dublin-store/
NFL cooperating with Florida investigation targeting Rooney Rule and diversity hiring policies,Roger Goodell defended the league’s diversity hiring efforts and said the NFL believes its programs comply with the law.,thegrio.com,2026-05-21,Sports,Odafe Oghen,https://thegrio.com/2026/05/21/nfl-rooney-rule-investigation-goodell-florida-attorney-general/
Former Lakers star Rick Fox tapped for opposition leadership role in the Bahamas,The three-time NBA champion was appointed by the opposition Free National Movement after losing his House of Assembly race last week.,thegrio.com,2026-05-21,Politics,TheGrio Staff,https://thegrio.com/2026/05/21/former-lakers-star-rick-fox-tapped-for-opposition-leadership-role-in-the-bahamas/
Leon Thomas earns major music honor as ASCAP celebrates his influence on R&B,Grammy-winning singer and producer Leon Thomas will receive the ASCAP Vanguard Award for his impact on modern R&B and songwriting.,thegrio.com,2026-05-21,Entertainment,Bolarinwa Oladeji,https://thegrio.com/2026/05/21/leon-thomas-ascap-vanguard-award-2026/
"San Diego mosque shooting suspects’ writings reveal white supremacist and neo-Nazi ideology, investigators say","The suspects, identified by authorities as teenagers Caleb Vazquez and Cain Clark, died by suicide after the shooting.",thegrio.com,2026-05-21,News,Bolarinwa Oladeji,https://thegrio.com/2026/05/21/san-diego-mosque-shooting-white-supremacist-writings/
Khadijah Sharif-Drinkard says Black women need to reclaim their power in her book ‘Power Reminagined’,The Entertainment industry executive Khadijah Sharif-Drinkard opens up about her new book “Power Reimagined.”,thegrio.com,2026-05-21,Books,Kay Wicker,https://thegrio.com/2026/05/21/khadijah-sharif-drinkard-says-black-women-need-to-reclaim-their-power-in-her-book-power-reminagined/
"After years of criminal justice reform wins, Trump-era federal rollbacks are putting communities at risk",The Trump administration’s erasure of police accountability is an active threat to Black and Brown lives that we must fight against.,thegrio.com,2026-05-21,Lifestyle,Panama Jackson,https://thegrio.com/2026/05/21/after-years-of-criminal-justice-reform-wins-trump-era-federal-rollbacks-are-putting-communities-at-risk/
A white Long Island woman and family members indicted with abuse and murder of 7-year-old Black girl,Three generations of a family in Long Island have been indicted for torturing and murdering 7-year-old Jor'Dynn Duncan.,thegrio.com,2026-05-21,News,Nhari Djan,https://thegrio.com/2026/05/21/a-white-long-island-woman-and-family-members-indicted-with-murder-of-7-year-old-black-girl/
"Phila. Eagles’ Nolan Smith Jr. arrested, accused of driving 135 mph in 70 mph zone",Nolan Smith Jr. of the Philadephia Eagles was arrested last Friday (May 15) and charged with reckless driving and speeding.,thegrio.com,2026-05-21,Entertainment,Nhari Djan,https://thegrio.com/2026/05/21/phila-eagles-nolan-smith-jr-arrested-accused-of-driving-135-mph-in-70-mph-zone/
25 Black-owned wedding vendors to help add a little something Black to your big day,We round up 25 Black-owned wedding vendors that can help you add a little something Black to your big day.,thegrio.com,2026-05-21,Lifestyle,Kay Wicker,https://thegrio.com/2026/05/21/25-black-owned-wedding-vendors-to-help-add-a-little-something-black-to-your-big-day/
"Courtney A. Kemp, creator of ‘Power’ and ‘Nemesis’ signs multiyear deal with Apple TV+",Courtney A. Kemp’s Apple TV+ deal brings the ‘Power’ and ‘Nemesis’ creator to the streamer as her Netflix show sits at No. 1 in 16 countries.,thegrio.com,2026-05-21,Entertainment,Odafe Oghen,https://thegrio.com/2026/05/21/courtney-a-kemp-apple-tv-deal-power-nemesis-creator/
21 Savage and Latto hint at birth of newborn and possible music collab,A new post from 21 Savage on social media may reveal that he and Latto have recently welcomed their newborn.,thegrio.com,2026-05-21,Entertainment,Nhari Djan,https://thegrio.com/2026/05/21/21-savage-and-latto-hint-at-birth-of-newborn-and-possible-music-collab/
‘It’s in poor taste’: Sheryl Underwood responds to jokes about late husband made at Kevin Hart roast,Sheryl Underwood responded to the jokes made by comedians Shane Gillis and Tony Hinchcliffe about her husband's suicide.,thegrio.com,2026-05-21,Entertainment,Nhari Djan,https://thegrio.com/2026/05/21/its-in-poor-taste-sheryl-underwood-responds-to-jokes-about-late-husband-made-at-kevin-hart-roast/
"‘Give a damn!’ Rep. Ayanna Pressley, advocates call out Trump’s attacks on the Black economy","Racial justice advocates descended on Capitol Hill to slam Trump's policies that are an ""attack on the Black economy.""",thegrio.com,2026-05-21,Politics,Gerren Keith Gaynor,https://thegrio.com/2026/05/21/rep-ayanna-pressley-advocates-call-out-attacks-on-the-black-economy/
10 Black women public figures who have been candid about lupus,"Toni Braxton, Muni Long, and Shannon Box are all Black women who have something in common: They're living with lupus.",thegrio.com,2026-05-21,Health,Jahaura Michelle,https://thegrio.com/2026/05/21/10-black-women-public-figures-who-have-been-candid-about-lupus/
‘The Breakfast Club’ is going live on Netflix starting June 1 in the streamer’s first daily show,"The Breakfast Club Netflix live show launches June 1, making it the streamer’s first daily program with exclusive bonus content filling commercial breaks.",thegrio.com,2026-05-21,Entertainment,Odafe Oghen,https://thegrio.com/2026/05/21/breakfast-club-netflix-live-daily-show-charlamagne-june-2026/
Virginia judge dismisses felony charges against school official in Richneck Elementary shooting case,A Virginia judge dismissed felony child abuse charges against former assistant principal Ebony Parker in the 2023 Richneck Elementary,thegrio.com,2026-05-21,News,Bolarinwa Oladeji,https://thegrio.com/2026/05/21/virginia-judge-dismisses-ebony-parker-charges-richneck-shooting/
"Jasmine Crockett blasts Republicans over Jan. 6 fund, says white supremacy is being ‘rewarded’",Crockett unleashed on Republicans and President Trump for the hypocrisy over a $1.7 billion fund for groups like the Proud Boys.,thegrio.com,2026-05-21,Politics,Gerren Keith Gaynor,https://thegrio.com/2026/05/21/jasmine-crockett-lesson-on-white-supremacists-given-checks-by-trump/
Judge pauses case against woman accused of shooting at Rihanna’s home over competency concerns,An LA judge ordered a mental health evaluation for the woman facing attempted murder and other felony charges against Rihanna.,thegrio.com,2026-05-20,News,Peter Kerich,https://thegrio.com/2026/05/20/rihanna-attempted-murder-mental-health-review/
Quinta Brunson to develop and star in new ‘Betty Boop’ movie,"Quinta Brunson is set to develop and star in a new Betty Boop movie exploring the iconic character’s origins, evolution and cultural impact.",thegrio.com,2026-05-20,Entertainment,Janeé Bolden,https://thegrio.com/2026/05/20/quinta-brunson-betty-boop-movie/
Keisha Lance Bottoms wins primary election in path to become Georgia’s first Black woman governor,Bottoms avoided a runoff and became only the second African-American woman to win a major party nomination for governor in U.S. history.,thegrio.com,2026-05-20,Politics,Gerren Keith Gaynor,https://thegrio.com/2026/05/20/keisha-lance-bottoms-wins-primary-election-georgia-first-black-woman-governor/
Elderly woman dies after altercation with worker at Indiana Tim Hortons,Police say surveillance footage captured a confrontation between a customer and employees before the woman was hospitalized and later died.,thegrio.com,2026-05-20,News,Bolarinwa Oladeji,https://thegrio.com/2026/05/20/elderly-woman-dies-after-altercation-fort-wayne-tim-hortons/
White Texas lawyer ordered to apologize to Black attorney after contempt ruling over racial slur in court,The judge suspended jail time and a fine on the condition that apologies are submitted to the court and opposing counsel.,thegrio.com,2026-05-20,News,Odafe Oghen,https://thegrio.com/2026/05/20/michael-phillips-racial-slur-contempt-texas-attorney-brenda-derouen/
‘The Browns’: ‘Love Island USA’ alum Jalen Brown reveals surprise wedding to girlfriend Joiya,The newlyweds celebrated their courthouse ceremony with a social media reveal that quickly drew reactions from fans and castmates.,thegrio.com,2026-05-20,Entertainment,Bolarinwa Oladeji,https://thegrio.com/2026/05/20/love-island-usa-jalen-brown-marries-joiya/
"Trump’s highest disapproval rating is with Black Americans, new poll shows. This is probably why",Black Americans to disapprove of Trump's job performance and say the country is heading in the wrong direction.,thegrio.com,2026-05-20,Politics,Gerren Keith Gaynor,https://thegrio.com/2026/05/20/trump-highest-disapproval-rating-black-americans-new-poll/
Victor Wembanyama credits Shaolin monk training for sharpening his NBA game,Victor Wembanyama says training with Shaolin monks in China and working with Hakeem Olajuwon helped transform his body and mindset.,thegrio.com,2026-05-20,Sports,Janeé Bolden,https://thegrio.com/2026/05/20/victor-wembanyama-shaolin-monks-nba-playoffs/
Trump’s $1.7B fund for J6 ‘white supremacists’ slammed as insult to Black people and reparations movement,"""That tells Black America exactly whose pain the government is willing to recognize, how and why,"" Dr. Marcus Anthony Hunter tells theGrio.",thegrio.com,2026-05-20,Politics,Gerren Keith Gaynor,https://thegrio.com/2026/05/20/trumps-1-7-billion-fund-j6-insult-to-black-people-reparations-movement/
Chloë Bailey ‘Strung’ trailer has fans ready for her scream queen era,Chloë Bailey stars in the new psychological thriller “Strung.” Watch the tense first trailer for the Peacock film directed by Malcolm D. Lee.,thegrio.com,2026-05-20,Television,Janeé Bolden,https://thegrio.com/2026/05/20/chloe-bailey-strung-trailer-peacock/
Three sisters found dead near Brighton Beach identified as grieving father shares emotional tribute,Three sisters found dead near Brighton Beach in England have been identified as their father shares a tribute amid ongoing investigation.,thegrio.com,2026-05-20,News,Janeé Bolden,https://thegrio.com/2026/05/20/three-sisters-found-dead-brighton-beach-identified/
Lizzo’s cover of classic UCB go-go song ‘Sexy Lady’ has the DMV divided,"As go-go music celebrates its 50th anniversary, Lizzo teases her version of the UCB classic anthem “Sexy Lady.”",thegrio.com,2026-05-20,Entertainment,Kay Wicker,https://thegrio.com/2026/05/20/lizzos-cover-of-classic-ucb-go-go-song-sexy-lady-has-the-dmv-divided/
‘They would have had him in chains before sundown’: Don Lemon blasts alleged double standard in Trump IRS case,Lemon pointed to Trump’s legal settlement and argued the reaction would have been far more severe if Obama had been involved.,thegrio.com,2026-05-20,News,Bolarinwa Oladeji,https://thegrio.com/2026/05/20/don-lemon-criticizes-trump-irs-settlement-weaponization-fund/
A Harvard professor built a public policy course around Beyoncé’s ‘Cowboy Carter’,"The ""Cowboy Carter"" course draws parallels between the album’s themes of erasure and gaps in the government safety net.",thegrio.com,2026-05-20,Featured,Odafe Oghen,https://thegrio.com/2026/05/20/beyonce-harvard-public-policy-cowboy-carter-course-ayushi-roy/
Security guard Amin Abdullah hailed as hero after stopping gunmen from reaching children at San Diego mosque,"The father of eight and longtime mosque security guard, is being credited with preventing even greater loss of life during the deadly attack.",thegrio.com,2026-05-19,News,Odafe Oghen,https://thegrio.com/2026/05/19/san-diego-mosque-shooting-amin-abdullah-hero-hate-crime/
"Barack Obama reflects on hip-hop, gospel, and protest songs in sweeping essay about America","Former President Barack Obama reflects on gospel, protest music, and hip-hop in a 'Rolling Stone' essay about music in America.",thegrio.com,2026-05-19,Music,Janeé Bolden,https://thegrio.com/2026/05/19/barack-obama-music-essay-hip-hop-journalism/
"In ‘Call and Response,’ L. Michelle Smith explores how the Black church helped shape generations of Black leaders","“Call and Response: 10 Leadership Lessons from the Black Church,” by L. Michelle Smith, arrives as a call to action and a beacon of hope.",thegrio.com,2026-05-19,Books,Kay Wicker,https://thegrio.com/2026/05/19/call-and-response-l-michelle-smith/
Danielle Brooks lands leading role in Apple TV+ series inspired by Harlem soul food staple Melba’s,"With Kenya Barris writing and Oprah Winfrey executive producing, the project brings major names behind a story rooted in community.",thegrio.com,2026-05-19,Entertainment,Odafe Oghen,https://thegrio.com/2026/05/19/danielle-brooks-apple-tv-american-comfort-oprah-kenya-barris/
Killer Mike launches new rent-to-own housing initiative aimed at helping Atlanta families build wealth,Killer Mike launches rent-to-own housing initiative in Atlanta aimed at helping families build wealth and transition into homeownership.,thegrio.com,2026-05-19,Business,Janeé Bolden,https://thegrio.com/2026/05/19/killer-mike-rent-to-own-housing-atlanta/
The Momnibus Act dropped the word ‘Black’ from its title — but it could still help the Black maternal health crisis,"The Black Maternal Health Momnibus Act was recently reintroduced as the Momnibus Act, causing alarm among advocates.",thegrio.com,2026-05-19,Featured,Kay Wicker,https://thegrio.com/2026/05/19/the-momnibus-act-dropped-the-word-black-from-its-title-but-it-could-still-help-the-black-maternal-health-crisis/
Byron Allen reveals he asked Jeff Bezos to sell him the Washington Post during address at Buzzfeed,The media mogul shared details of a conversation with Jeff Bezos while outlining his larger vision for BuzzFeed and HuffPost employees.,thegrio.com,2026-05-19,Business,TheGrio Staff,https://thegrio.com/2026/05/19/byron-allen-reveals-he-asked-jeff-bezos-to-sell-him-the-washington-post-during-address-at-buzzfeed/
Justice Ketanji Brown Jackson raises concerns over public trust in Supreme Court following VRA decision,The justice’s comments follow a recent ruling that weakened portions of the VRA and allowed La. to move forward with new congressional maps.,thegrio.com,2026-05-19,Politics,Peter Kerich,https://thegrio.com/2026/05/19/ketanji-brown-jackson-supreme-court-political-perception/
Byron Allen says he wants BuzzFeed and HuffPost journalists to remain fearless and independent,"During a May 19 visit, Allen told employees he wants HuffPost journalists to remain fearless, outspoken and committed to the truth.",thegrio.com,2026-05-19,Business,TheGrio Staff,https://thegrio.com/2026/05/19/byron-allen-says-he-wants-buzzfeed-and-huffpost-journalists-to-remain-fearless-and-independent/
‘Grey’s Anatomy’ is getting a Texas-set spinoff from Shonda Rhimes and Ellen Pompeo,"ABC has ordered a Texas-set ‘Grey’s Anatomy’ spinoff from Shonda Rhimes, Meg Marinis and Ellen Pompeo, expanding the medical drama franchise.",thegrio.com,2026-05-19,Television,Janeé Bolden,https://thegrio.com/2026/05/19/greys-anatomy-texas-spinoff-shonda-rhimes/
CBC backs NAACP college sports boycott over Black voting rights rollbacks: ‘Silence is complicity’,The “Out of Bounds” campaign calls for athletic and financial boycott of public universities silent on Black voters losing political power.,thegrio.com,2026-05-19,Politics,Gerren Keith Gaynor,https://thegrio.com/2026/05/19/cbc-naacp-college-sports-boycott-black-voting-rights/
"Did social media kill the reality TV star, or did it amplify them?","In an era when content creators are striking it big on platforms with their high personal content, where does that leave the reality TV star?",thegrio.com,2026-05-19,Entertainment,Kay Wicker,https://thegrio.com/2026/05/19/did-social-media-kill-the-reality-tv-star-or-did-it-amplify-them/
AI is expanding opportunity—but Black entrepreneurs still face a structural gap,"As AI continues to develop, Black entreprenuers can see the benefits, but sustained growth remains a question in the current structure.",thegrio.com,2026-05-19,Business,Brandon Caldwell,https://thegrio.com/2026/05/19/ai-expanding-opportunity-black-entreprenuers-structual-gap/
Michael B. Jordan’s ‘Creed’ Spinoff ‘Delphi’ Reveals Star-Studded Cast For Prime Video,"Michael B. Jordan’s upcoming ‘Creed’ spinoff series ‘Delphi’ reveals its cast, including Wood Harris, André Holland and Andre Royo.",thegrio.com,2026-05-19,Entertainment,Janeé Bolden,https://thegrio.com/2026/05/19/michael-b-jordan-delphi-cast-prime-video-creed-spinoff/
Chris Rock and ex-wife Malaak Compton-Rock share proud parent moment at daughter’s graduation,The reunited family celebrated Zahra’s college graduation with photos and heartfelt reflections from her mother.,thegrio.com,2026-05-19,News,Bolarinwa Oladeji,https://thegrio.com/2026/05/19/chris-rock-malaak-compton-rock-daughter-zahra-usc-graduation/
WHO chief raises alarm as Ebola outbreak deaths climb in Dem. Republic of Congo and Uganda,Health officials say the growing outbreak has crossed borders and sparked concern over its pace and scale.,thegrio.com,2026-05-19,Health,Bolarinwa Oladeji,https://thegrio.com/2026/05/19/who-chief-raises-alarm-ebola-outbreak-congo-uganda/
Claressa Shields banned from MVP events after altercation with Alycia Baumgardner at MMA event,The promotion announced an immediate ban after video showed an exchange between the two champions inside a VIP area.,thegrio.com,2026-05-19,Sports,Odafe Oghen,https://thegrio.com/2026/05/19/claressa-shields-mvp-ban-baumgardner-altercation/
Shaquille O’Neal graduates from LSU with master’s degree,The NBA icon reflected on perseverance as he addressed graduates at the same arena where he once became a college basketball legend.,thegrio.com,2026-05-18,News,Bolarinwa Oladeji,https://thegrio.com/2026/05/18/shaquille-oneal-earns-masters-degree-lsu-2026/
How Tracee Ellis Ross’ Broadway debut will shine a light on depression in Black women,"Tracee Ellis Ross is gearing up to make her Broadway debut in “Every Brilliant Thing,” a one-person show that delves into depression.",thegrio.com,2026-05-18,Entertainment,Kay Wicker,https://thegrio.com/2026/05/18/how-tracee-ellis-ross-broadway-debut-will-shine-a-light-on-depression-in-black-women/
"Donovan Mitchell explains postgame interview delay after Cavs’ game 7 win, says he was hugging fiancée Coco Jones",The singer and actress joined Mitchell courtside as the Cavaliers secured a blowout win to advance in the NBA playoffs.,thegrio.com,2026-05-18,Sports,Odafe Oghen,https://thegrio.com/2026/05/18/coco-jones-donovan-mitchell-game-7-celebration-cavaliers/
Steph Curry’s animated hit ‘GOAT’ lands on Netflix after nearly $200 million box office success,"The animated comedy, produced by Curry’s Unanimous Media, became one of 2026’s highest-grossing animated films.",thegrio.com,2026-05-18,Entertainment,Odafe Oghen,https://thegrio.com/2026/05/18/goat-netflix-steph-curry-streaming-caleb-mclaughlin/
Alec Baldwin praises Lupita Nyong’o amid criticism of her ‘Odyssey’ casting: ‘she IS the most beautiful woman in the world’,Debate over Christopher Nolan’s “The Odyssey” casting continues to fuel online conversations about diversity in Hollywood.,thegrio.com,2026-05-18,Entertainment,Bolarinwa Oladeji,https://thegrio.com/2026/05/18/alec-baldwin-defends-lupita-nyongo-elon-musk-odyssey-casting/
"Why Haitian Flag Day feels like home, even thousands of miles from Haiti","In a world that often sees Haiti as just a place of struggle, the holiday provides an opportunity for Haitians to celebrate their culture.",thegrio.com,2026-05-18,Featured,Haniyah P.,https://thegrio.com/2026/05/18/why-haitian-flag-day-feels-like-home-even-thousands-of-miles-from-haiti/
HBCU graduates cheer for Wes Moore to run for president. Here’s what he has to say about 2028,"Moore hints at the kind of leadership the nation needs and says calls for him to pursue the White House in 2028 are ""humbling.""",thegrio.com,2026-05-18,Politics,Gerren Keith Gaynor,https://thegrio.com/2026/05/18/wes-moore-run-for-president-johnson-c-smith/
"‘They gotta pay’: Mother of slain Alabama teen wants answers after 18-year-old’s body found dismembered, set on fire in woods","The remains of 18-year-old Markavious Rumph were found burned, shot and dismembered in Alabama earlier this month.",thegrio.com,2026-05-18,News,Brandon Caldwell,https://thegrio.com/2026/05/18/markavious-rumph-dies-mother-of-slain-teen-demands-justice/
‘He was so excited’: Memphis mother collects her son’s high school diploma as he recovers from mass shooting,"As Memphis teen Jakaylan Summers recovers from injuries suffered during a mass shooting, the teen's mother walked for him at his graduation.",thegrio.com,2026-05-18,News,Brandon Caldwell,https://thegrio.com/2026/05/18/jakaylan-summers-mom-high-school-diploma-mass-shooting/
Gov. Wes Moore vows to continue push to redraw Maryland’s voting map: ‘I’m not backing down’,"After the fall of the Voting Rights Act and Republican maps targeting Black voters, Moore decries ""the greatest assault on civil rights.""",thegrio.com,2026-05-18,Politics,Gerren Keith Gaynor,https://thegrio.com/2026/05/18/gov-wes-moore-maryland-voting-map-im-not-backing-down/
‘I’m so ready’: Latto teases birth of her baby in emotional Instagram video,"During a lengthy video documenting her pregnancy journey, Latto might have let it be revealed she's officially a mother.",thegrio.com,2026-05-18,Entertainment,Brandon Caldwell,https://thegrio.com/2026/05/18/latto-teases-birth-of-baby-instagram-video/
Alabama high school senior set to graduate with $2 million in scholarship offers,"Zyreuna Cousette, an Alabama teen headed to Howard, was awarded more than $2 million in scholarships as she prepares to graduate high school.",thegrio.com,2026-05-18,Lifestyle,Brandon Caldwell,https://thegrio.com/2026/05/18/zyreuna-cousette-alabama-senior-2-million-scholarships/
Trump administration announces $1.7 billion fund tied to settlement over IRS tax return leak,The Trump administration announced a $1.7 billion compensation fund tied to a settlement over leaked IRS tax returns.,thegrio.com,2026-05-18,Politics,Peter Kerich,https://thegrio.com/2026/05/18/trump-administration-1-7b-compensation-fund-irs-lawsuit/
Abby Phillip reveals she’s expecting 2nd child after IVF journey,CNN anchor Abby Phillip is expecting her second child with husband Marcus Richardson. The journalist shared her IVF journey and revealed,thegrio.com,2026-05-18,News,Bolarinwa Oladeji,https://thegrio.com/2026/05/18/abby-phillip-pregnant-second-child-ivf/
"In new PBS documentary, the complexities and legend of W.E.B. Du Bois come to life","In her new documentary, Rita Coburn dives deep into the legacy of one of the most significant Black voices of the 20th century.",thegrio.com,2026-05-18,Entertainment,Brandon Caldwell,https://thegrio.com/2026/05/18/w-e-b-du-bois-pbs-documentary-rita-coburn-interview/
Lauryn Hill explains why she never released another album after ‘Miseducation’,The music icon says exhaustion and the fight to protect her creativity shaped her decision after the success of her groundbreaking debut.,thegrio.com,2026-05-18,Entertainment,Peter Kerich,https://thegrio.com/2026/05/18/lauryn-hill-why-no-second-album/
Michelle Obama opens up about her first impressions of Barack Obama and the call that changed them,A dweeb? A nerdy conservative? Michelle Obama shares her initial thoughts on her husband before the two ever actually met in a new interview.,thegrio.com,2026-05-18,Lifestyle,Brandon Caldwell,https://thegrio.com/2026/05/18/michelle-obama-first-impressions/
‘I want you to be quiet’: Celtics star Jaylen Brown calls out Stephen A. Smith over ‘clickbait media’,"Jaylen Brown blasted Stephen A. Smith on Twitch, calling the ESPN personality “the face of clickbait media” as their feud escalates.",thegrio.com,2026-05-18,Entertainment,Bobby Pen,https://thegrio.com/2026/05/18/jaylen-brown-stephen-a-smith-clickbait-media/
‘I still want to be your wife’: Erica Tazel stands beside fiancé Russell Andrews through ALS battle,"“Better Call Saul” actor Russell Andrews revealed his ALS diagnosis alongside fiancée Erica Tazel, who says she remains committed as his caregiver and future wife.",thegrio.com,2026-05-18,Entertainment,Bobby Pen,https://thegrio.com/2026/05/18/russell-andrews-als-diagnosis-erica-tazel/
"‘Is God Is’ sparks social media discourse about Black women’s rage, trauma and who gets empathy","Aleasha Harris’ movie “Is God Is” has sparked debate online about Black rage, representation, and accountability.",thegrio.com,2026-05-18,Entertainment,Haniyah P.,https://thegrio.com/2026/05/18/is-god-is-discourse-black-women/
Bronx Healthy Start Partnership launches preeclampsia prevention campaign using city buses,A campaign using buses The Bronx to spread awareness about preeclampsia and Black maternal health will launch this week.,thegrio.com,2026-05-17,Health,Nhari Djan,https://thegrio.com/2026/05/17/bronx-healthy-start-partnership-launches-preeclampsia-prevention-campaign-using-city-buses/
Man pleads guilty for shooting death of Young Dolph two years after other convicted shooter got life sentence,The second shooter accused of killing rapper Young Dolph pleaded guilty to second degree murder and will receive a 20-year prison sentence.,thegrio.com,2026-05-17,News,Nhari Djan,https://thegrio.com/2026/05/17/man-pleads-guilty-for-shooting-death-of-young-dolph-two-years-after-other-convicted-shooter-got-life-sentence/
Georgia police department says it apologized to disabled couple that was left stranded on side of road after traffic stop,"The Hinesville Police Department said it ""fell short"" when one of their officers left a disabled couple stranded after a traffic stop.",thegrio.com,2026-05-17,News,Nhari Djan,https://thegrio.com/2026/05/17/georgia-police-department-says-it-apologized-to-disabled-couple-that-was-left-stranded-on-side-of-road-after-traffic-stop/
Black residents outraged in Florida as beloved cemetery vandalized with ‘Trump’ and ‘DeSantis’ graffiti,"A historically Black cemetery in Florida was vandalized earlier this week, with some gravestones missing and 'Trump' and 'DeSantis' spray-painted on tombs.",thegrio.com,2026-05-16,News,Brandon Caldwell,https://thegrio.com/2026/05/16/florida-black-cemetery-vandalized-trump-desantis/
"A Louisville mother hid a camera in her son’s locs. Now, she’s fighting for answers",A Louisville mother says she hid a camera in her nonverbal autistic son’s hair after growing concerned about his treatment at school.,thegrio.com,2026-05-16,News,Bobby Pen,https://thegrio.com/2026/05/16/louisville-mother-hidden-recording-school-abuse-allegations/
‘We love you’: Southern University honors late student Caleb Wilson during emotional commencement ceremony,"Late Southern University student Caleb Wilson was honored with his posthumous degree on Friday, a year after he died during a hazing incident.",thegrio.com,2026-05-16,News,Brandon Caldwell,https://thegrio.com/2026/05/16/caleb-wilson-posthumous-degree-southern-university/
Charles Barkley calls out homophobia in sports following the death of retired NBA player Jason Collins,Charles Barkley used his time to pay tribute to late NBA player Jason Collins by calling out homophobia in the sports world.,thegrio.com,2026-05-16,Sports,Brandon Caldwell,https://thegrio.com/2026/05/16/charles-barkley-jason-collins-homophobia-in-sports/
All Roads Lead To The South rally brings old and new generations together in fight for Black voting rights,Thousands descended upon Montgomery and Selma for the All Roads Lead to the South rally following challenges to the Voting Rights Act.,thegrio.com,2026-05-16,Politics,Brandon Caldwell,https://thegrio.com/2026/05/16/all-roads-lead-to-the-south-rally-voting-rights/
"Druski rounds up Cardi B, Jamie Foxx and more for BET Awards promo as Black Hollywood gets ready for culture’s biggest night","Druski appears with Cardi B, Jamie Foxx, John Legend and Martin Lawrence in a new promo ahead of hosting the 2026 BET Awards.",thegrio.com,2026-05-16,Entertainment,Bobby Pen,https://thegrio.com/2026/05/16/druski-cardi-b-jamie-foxx-2026-bet-awards-promo/
"Drake releases ‘Iceman’ and 2 surprise albums, ‘Habibti’ and ‘Maid Of Honour’",The rollout culminated during a livestream in which three hard drives were revealed before the projects became available.,thegrio.com,2026-05-15,Entertainment,Bolarinwa Oladeji,https://thegrio.com/2026/05/15/drake-iceman-habibti-maid-of-honour-albums/
New student testing data reveals widespread academic struggles across U.S. schools,Researchers found only limited improvement in reading and math scores as many districts continue facing the long-term effects.,thegrio.com,2026-05-15,News,Bolarinwa Oladeji,https://thegrio.com/2026/05/15/us-student-test-scores-learning-recession-report-2026/
"Kodak Black arrested for the second time in 8 days, attorney claims he’s being targeted","Kodak Black arrested again on charges of resisting an officer and fleeing, just days after his drug trafficking arrest on May 6 in Florida.",thegrio.com,2026-05-15,Entertainment,Odafe Oghen,https://thegrio.com/2026/05/15/kodak-black-arrested-second-time-eight-days-florida/
Keith Lee says he’s done having kids when his wife Ronnie is done — his comments sparked debate about marriage and control,Keith Lee ignites debate online around who really gets a say when it comes to how many children a couple has.,thegrio.com,2026-05-15,Lifestyle,Kay Wicker,https://thegrio.com/2026/05/15/keith-lee-says-hes-done-having-children-when-his-wife-ronnie-is-done/
Why PCOS’ new name—PMOS—could mean better care for Black women,"PCOS has officially been updated to Polyendocrine Metabolic Ovarian Syndrome (PMOS), and the change could mean better care for all.",thegrio.com,2026-05-15,Health,Kay Wicker,https://thegrio.com/2026/05/15/why-pcos-new-name-pmos-could-mean-better-care-for-black-women/
"Black Census Project seeks to poll record number of Black Americans amid civil rights rollbacks, economic crisis","This year's survey seeks to understand the vision Black communities have for themselves, even when they seem out of reach in present day.",thegrio.com,2026-05-15,Politics,Gerren Keith Gaynor,https://thegrio.com/2026/05/15/black-census-project-black-voters-civil-rights-rollbacks-economic-crisis/
New couple alert? Rising stars Chase Infiniti and Tyriq Withers are reportedly dating,"Is there a new young ""it"" couple in Hollywood? Actress Chase Infiniti and actor Tyriq Withers are reportedly dating.",thegrio.com,2026-05-15,Entertainment,Brandon Caldwell,https://thegrio.com/2026/05/15/chase-infiniti-tyriq-withers-reportedly-dating/
‘Heartbreaking’: ‘Love Is Blind’ stars Kwame Appiah and Chelsea Griffin Appiah reveal they’re divorcing after four years of marriage,"Kwame Appiah and Chelsea Griffin, who fell in love and wed during season 3 of 'Love Is Blind' announced Friday they're divorcing.",thegrio.com,2026-05-15,Lifestyle,Brandon Caldwell,https://thegrio.com/2026/05/15/love-is-blind-stars-kwame-appiah-chelsea-griffin-divorce/
"Days after Kevin Hart roast, Sheryl Underwood scores Netflix comedy special","Days after she made plenty of waves at ""The Roast of Kevin Hart,"" Netflix has tapped Sheryl Underwood for her own special to air in 2027.",thegrio.com,2026-05-15,Entertainment,Brandon Caldwell,https://thegrio.com/2026/05/15/sheryl-underwood-netflix-special-announced/
"Post-Hurricane Melissa, Jamaica’s culture and tourism stand strong","The country is quickly gaining its way back to the top in tourism, cultural impact, and hospitality after the catastrophic Category 5 storm.",thegrio.com,2026-05-15,Lifestyle,Panama Jackson,https://thegrio.com/2026/05/15/post-hurricane-melissa-jamaicas-culture-and-tourism-stand-strong/
‘Forever’ captures a truth Black parents know too well about predominantly white schools,"From personal experience and academic research, the author challenges long-held assumptions about Black public schools.",thegrio.com,2026-05-15,Featured,Panama Jackson,https://thegrio.com/2026/05/15/forever-captures-a-truth-black-parents-know-too-well-about-predominantly-white-schools/
Venus Williams set to return to French Open after five-year absence,"Venus Williams will return to the French Open in 2026, competing in women’s doubles alongside fellow American Hailey Baptiste.",thegrio.com,2026-05-15,Entertainment,Bolarinwa Oladeji,https://thegrio.com/2026/05/15/venus-williams-french-open-return-2026/
Rep. LaMonica McIver reveals she is expecting her second child,New Jersey congresswoman LaMonica McIver shares she is expecting her child as she faces 17 years behind bars.,thegrio.com,2026-05-15,Women,Kay Wicker,https://thegrio.com/2026/05/15/rep-lamonica-mciver-reveals-she-is-expecting-her-second-child/
"‘Iceman’ proves Drake will write himself as a victor, even when the world says otherwise","Drake not only returned with one album on Friday morning, but three new albums. But 'Iceman,' is where he has the most to say.",thegrio.com,2026-05-15,Music,Brandon Caldwell,https://thegrio.com/2026/05/15/drake-iceman-review/
Thousands to gather at historic site in the South for ‘call to action’ amid rollback of Black voting power,"""This is not a protest. This is a calling in. In many ways, it's like an altar call,"" said LaTosha Brown, co-founder of Black Lives Matter.",thegrio.com,2026-05-15,Politics,Gerren Keith Gaynor,https://thegrio.com/2026/05/15/thousands-to-gather-all-roads-lead-to-the-south-black-voters/
Alex Haley’s Pulitzer Prize-winning novel ‘Roots’ banned in Tennessee school district,Knox County Schools’ ‘Roots’ ban removes Alex Haley’s Pulitzer Prize-winning novel from library shelves under Tennessee’s Age-Appropriate Materials Act.,thegrio.com,2026-05-15,News,Odafe Oghen,https://thegrio.com/2026/05/15/knox-county-schools-roots-ban-alex-haley-tennessee/
Sterling K. Brown just took the darkest role of his career with and fans won’t see him the same way,Discover how Sterling K. Brown's new film ‘Is God Is’ allows him to break free from Hollywood's constraints.,thegrio.com,2026-05-15,Entertainment,Chris Witherspoon,https://thegrio.com/2026/05/15/sterling-k-brown-just-took-the-darkest-role-of-his-career-with-and-fans-wont-see-him-the-same-way/
Chris Brown’s Tarzana home targeted in alleged trespassing and attempted arson incident,Police responded to Chris Brown’s LA-area residence Wednesday evening after reports of a suspicious individual entering the gated property.,thegrio.com,2026-05-14,Entertainment,Bolarinwa Oladeji,https://thegrio.com/2026/05/14/chris-brown-trespasser-arrest-fire-attempt-home/
Gov. Andy Beshear declares ‘racism still exists in America’ as the South draws Black voters out of power,"In a conversation with theGrio, Beshear says any Democrat running for president in 2028 should take action on voting rights on day one.",thegrio.com,2026-05-14,Politics,Gerren Keith Gaynor,https://thegrio.com/2026/05/14/gov-andy-beshear-racism-still-exists-south-black-voters-redistricting/
"‘I’m not going to prove anything to anybody’: Cheyenne Bryant insists she is a doctor, but questions remain","Amid the controversy over her credentials, Cheyenne Bryant says that she has earned the right to be called a doctor.",thegrio.com,2026-05-14,Health,Nhari Djan,https://thegrio.com/2026/05/14/im-not-going-to-prove-anything-to-anybody-why-cheyenne-bryant-says-she-is-in-fact-a-doctor/
Lisa Leslie to be honored with statue outside Los Angeles arena,WNBA star Lisa Leslie will receive a statue in her honor outside of Los Angeles' Crypto.com arena in September.,thegrio.com,2026-05-14,Entertainment,Nhari Djan,https://thegrio.com/2026/05/14/lisa-leslie-to-be-honored-with-statue-outside-los-angeles-arena/
‘Patches’ and ‘Strokin” soul hitmaker Clarence Carter dies at 90,"Soul legend Clarence Carter, who was known for hits like ""Strokin',""""Patches,"" and ""Back Door Santa,"" has died at age 90.",thegrio.com,2026-05-14,Entertainment,Nhari Djan,https://thegrio.com/2026/05/14/patches-and-strokin-soul-hitmaker-clarence-carter-dies-at-90/
‘I Love Boosters’ is a Black feminist fashion fantasia at a time when we need it most,"In this exclusive, Boots Riley and the cast of “I Love Boosters” open up about the urgent message behind the campy new film.",thegrio.com,2026-05-14,Entertainment,Kay Wicker,https://thegrio.com/2026/05/14/i-love-boosters-is-a-black-feminist-fashion-fantasia-at-a-time-when-we-need-it-most/
"Nicki Minaj says Barack Obama and Jay-Z pushed her toward supporting Donald Trump, MAGA",The rapper said frustration with Obama’s comments to Black male voters and her long-running issues with Jay-Z influenced her political shift.,thegrio.com,2026-05-14,Entertainment,Odafe Oghen,https://thegrio.com/2026/05/14/nicki-minaj-obama-jay-z-maga-trump-time-magazine/
Black Republican Rep. Wesley Hunt dismisses talks of Jim Crow 2.0: ‘Racism is over’,Hunt ridiculed Democrats suggesting redrawing maps to dilute Black voters' ability to influence elections marked a new era of Jim Crow.,thegrio.com,2026-05-14,Politics,Gerren Keith Gaynor,https://thegrio.com/2026/05/14/black-republican-wesley-hunt-dismisses-jim-crow-2-0-racism-is-over/
UChicago says students from families earning under $250K can attend tuition-free,"The university will also cover housing, meals and fees for students from families earning less than $125,000 with typical assets.",thegrio.com,2026-05-14,News,Bolarinwa Oladeji,https://thegrio.com/2026/05/14/university-of-chicago-free-tuition-250000-income-plan/
"‘Back-dooring racism’: Kamala Harris joins Black women cohort in blasting Supreme Court, calls for major reforms","Harris embraced reforms like changing the Electoral College, expanding the Supreme Court, and granting D.C. and Puerto Rico statehood.",thegrio.com,2026-05-14,Politics,Gerren Keith Gaynor,https://thegrio.com/2026/05/14/kamala-harris-win-with-black-women-supreme-reforms/
"Classic recordings by Beyoncé, Chaka Khan, and others, added to National Recording Registry","The Library of Congress recognized 25 recordings for their cultural, historical and artistic impact on American sound history.",thegrio.com,2026-05-14,Entertainment,Bolarinwa Oladeji,https://thegrio.com/2026/05/14/beyonce-chaka-khan-nrr/
Is ‘soft launching’ retirement the new norm for superstar athletes?,LeBron James joins several different professional athletes in his generation tiptoeing around the topic of retirement.,thegrio.com,2026-05-14,Entertainment,Kay Wicker,https://thegrio.com/2026/05/14/is-soft-launching-retirement-the-new-norm-for-superstar-athletes/
Cardi B humorously claps back after video of her arguing with Stefon Diggs goes viral amid reconciliation buzz,The rapper responded on X after a bystander-recorded clip of her appearing to argue with Stefon Diggs spread across social media.,thegrio.com,2026-05-14,Featured,Odafe Oghen,https://thegrio.com/2026/05/14/cardi-b-stefon-diggs-argument-video-reconciliation-rumors/
"Keisha Lance Bottoms opens up about infertility, adoption and why Black boys are often ‘the last chosen’","In a recent interview, the former Atlanta mayor reflected on infertility, multiple surgeries and the adoption journey that led to",thegrio.com,2026-05-14,Lifestyle,Jahaura Michelle,https://thegrio.com/2026/05/14/keisha-lance-bottoms-opens-up-about-infertility-adoption-and-why-black-boys-are-often-the-last-chosen/
"Chris Brown fires back after harsh review of new album ‘Brown’, takes aim at Zara Larsson",The R&B singer dismissed critics in an Instagram Story after the project received a scathing 1.3 rating and sparked debate online.,thegrio.com,2026-05-13,Entertainment,Odafe Oghen,https://thegrio.com/2026/05/13/chris-brown-pitchfork-review-zara-larsson-response/
Trump says ‘I don’t think about Americans’ financial situation’ as new inflation rise hits Black households hardest,"""Every price surge lands on us harder because the ground was never level to begin with,"" Nadine Smith of Color Of Change, told theGrio.",thegrio.com,2026-05-13,Politics,Gerren Keith Gaynor,https://thegrio.com/2026/05/13/trump-i-dont-think-about-americans-financial-situation-inflation-hits-black-households/
Tiny Harris shares proud mom moment as son Major graduates from high school with honors,"Tiny praised son Major Harris after he graduated with honors from Woodward Academy, where all 288 graduates reportedly earned scholarships.",thegrio.com,2026-05-13,Featured,Odafe Oghen,https://thegrio.com/2026/05/13/tiny-harris-major-graduation-honors-woodward-academy/
Former NBA champion JR Smith pens emotional letter to his 9-year-old self after earning college degree,"The star opened up about losing his grandmother, struggling in school and learning that his story was always bigger than basketball.",thegrio.com,2026-05-13,News,Bolarinwa Oladeji,https://thegrio.com/2026/05/13/jr-smith-letter-younger-self-college-graduation/
"Jamie Foxx set to welcome third child, first with girlfriend Alyce Huckstepp","The actor, who has often spoken proudly about fatherhood, already shares two daughters from previous relationships.",thegrio.com,2026-05-13,Entertainment,Bolarinwa Oladeji,https://thegrio.com/2026/05/13/jamie-foxx-expecting-baby-with-alyce-huckstepp/
Black Georgia lawmakers claim ‘voter disenfranchisement’ after Gov. Brian Kemp signs new law making local elections nonpartisans in predominantly Black counties,"A new Georgia law making local elections nonpartisan in five major counties is drawing swift backlash from lawmakers who argue it is ""voter disenfranchisement.""",thegrio.com,2026-05-13,Politics,Brandon Caldwell,https://thegrio.com/2026/05/13/georgia-law-house-bill-369-nonpartisan-elections-backlash/
‘Cried so much’: Issa Rae recalls the final day of ‘Insecure’ as she and Prentice Penny debut new podcast about the hit show,Issa Rae is bringing back 'Insecure' ... kinda. The multi-hyphenate has a new podcast reliving the show dating back to its origins.,thegrio.com,2026-05-13,Entertainment,Brandon Caldwell,https://thegrio.com/2026/05/13/issa-rae-blocc-party-an-insecure-podcast/
"Damario Solomon-Simmons talks new book ‘Redeem a Nation’ on Tulsa reparations, and his connection to ‘cousin’ Kamala Harris",Solomon-Simmons says now is the time to know the true story of Tulsa and how it can aid the Black community in its fight for reparations.,thegrio.com,2026-05-13,Books,Gerren Keith Gaynor,https://thegrio.com/2026/05/13/damario-solomon-simmons-book-redeem-a-nation-tulsa-reparations/
‘Welcome back’: Netflix sets fall premiere date for ‘A Different World’ revival,Fans of 'A Different World' won't have to wait long for the revival. Netflix revealed on Wednesday the new series will air this fall.,thegrio.com,2026-05-13,Entertainment,Brandon Caldwell,https://thegrio.com/2026/05/13/netflix-sets-premiere-window-a-different-world-revival/
George Floyd’s brother criticizes joke made during Kevin Hart roast: ‘Tasteless’,"Terrence Floyd, the brother of George Floyd, has spoken out against a joke made during the Kevin Hart roast that referenced his late brother.",thegrio.com,2026-05-13,News,Bolarinwa Oladeji,https://thegrio.com/2026/05/13/terrence-floyd-kevin-hart-roast-george-floyd-joke/
Tenn. House speaker suspends Democrats from committees after protest over redistricting map,Spk. Sexton accused Democratic lawmakers of violating House rules during protests over a controversial congressional redistricting plan.,thegrio.com,2026-05-13,Politics,Odafe Oghen,https://thegrio.com/2026/05/13/tennessee-democrats-suspended-committees-redistricting-protest-memphis/
"‘I took it as a failure’: Michelle Obama, Serena Williams open up about motherhood journeys, how infertility creates a silent shame","Michelle Obama and Serena Williams revealed plenty in their ""IMO"" conversation, including a serious conversation about infertility.",thegrio.com,2026-05-13,Health,Brandon Caldwell,https://thegrio.com/2026/05/13/michelle-obama-serena-williams-infertility-interview/
Louisiana Republicans advances map that could wipe out a majority-Black congressional district,The new map advanced after a recent Supreme Court ruling reopened battles over redistricting and the Voting Rights Act.,thegrio.com,2026-05-13,Politics,Odafe Oghen,https://thegrio.com/2026/05/13/louisiana-redistricting-black-district-gop-map-carter-fields/
Steph Curry launches full-ride scholarship program for Bay Area students at Davidson College,Steph Curry has launched a new full-ride scholarship program at Davidson College for students from lower-income communities in California’s,thegrio.com,2026-05-13,News,Bolarinwa Oladeji,https://thegrio.com/2026/05/13/steph-curry-davidson-college-scholarship-program/
Does your favorite online wellness ‘guru’ actually know what they’re talking about?,Dr. Cheyenne Bryant’s recent comments around credentials has sparked a hot debate online around the dearth of “experts” out there.,thegrio.com,2026-05-13,Lifestyle,Kay Wicker,https://thegrio.com/2026/05/13/does-your-favorite-online-wellness-guru-actually-know-what-theyre-talking-about/
Trump insults yet another Black female reporter over cost of White House ballroom: ‘You dumb person!’,The president lost it on MS Now's Akayla Gardner when challenged on the costs of his ballroom and the reflecting pool at the National Mall.,thegrio.com,2026-05-12,Politics,Gerren Keith Gaynor,https://thegrio.com/2026/05/12/trump-insults-black-female-reporter-akayla-gardner-ballroom-dumb/
Va. GOP Rep. Jen Kiggans faces calls to resign after agreeing with racist comment targeting Hakeem Jeffries,The Jen Kiggans Hakeem Jeffries controversy draws resignation calls after the Virginia GOP rep agreed with a racist comment targeting the House minority leader.,thegrio.com,2026-05-12,Politics,Odafe Oghen,https://thegrio.com/2026/05/12/jen-kiggans-hakeem-jeffries-racist-comment-resign-calls/
‘The Rookie: North’ officially lands at ABC with Jay Ellis in starring role,The 10-episode series marks the latest expansion of ABC’s long-running “The Rookie” universe following the short-lived “The Rookie: Feds.”,thegrio.com,2026-05-12,Entertainment,Bolarinwa Oladeji,https://thegrio.com/2026/05/12/the-rookie-north-picked-up-to-series-abc/
"The ‘Spelman Seven’ reflect on sisterhood, scholarship and making history at Spelman College","The historic group of graduates earned perfect 4.0 GPAs while balancing leadership roles, rigorous academic programs and personal challenges.",thegrio.com,2026-05-12,Lifestyle,TheGrio Staff,https://thegrio.com/2026/05/12/the-spelman-seven-reflect-on-sisterhood-scholarship-and-making-history-at-spelman-college/
Sheryl Underwood responds after Tony Hinchcliffe faces backlash over jokes about Underwood’s late husband at Netflix roast,The comedian faced online backlash after referencing the suicide of Underwood’s late husband during his set at the Kia Forum in Los Angeles.,thegrio.com,2026-05-12,Entertainment,Odafe Oghen,https://thegrio.com/2026/05/12/tony-hinchcliffe-sheryl-underwood-kevin-hart-netflix-roast-backlash/
"‘Delayed, but never denied’: After 5 attempts and $25K spent, Brionna Pratt finally passed the bar exam",The first-gen college and law school graduate says stepping away from the exam to focus on her mental health ultimately changed everything.,thegrio.com,2026-05-12,News,Bolarinwa Oladeji,https://thegrio.com/2026/05/12/woman-passes-bar-exam-fifth-attempt-25000/
Emily Blunt says in 20 Years she’s never seen ‘The Devil Wears Prada 2’ co-star Stanley Tucci in his socks,"Emily Blunt and Stanley Tucci talk ‘The Devil Wears Prada 2,’ their family dynamic, and Tucci’s refusal to take off his shoes!",thegrio.com,2026-05-12,Entertainment,Janeé Bolden,https://thegrio.com/2026/05/12/emily-blunt-stanley-tucci-shoes-devil-wears-prada-2/
‘Weren’t invited’: Tiffany Haddish shades comedians who criticized jokes told at Kevin Hart roast,"Tiffany Haddish might not have heard one controversial joke at the Roast of Kevin Hart, but she did shade those comedians who had things to say online.",thegrio.com,2026-05-12,Entertainment,Brandon Caldwell,https://thegrio.com/2026/05/12/tiffany-haddish-reacts-comedians-kevin-hart-roast/
Obama uses star power to boost Talarico in Texas Senate race. But will Black voters be swayed?,James Talarico is hoping to flip the U.S. Senate seat in the Lone Star State. But winning over Black Texans will be a challenge.,thegrio.com,2026-05-12,Politics,Gerren Keith Gaynor,https://thegrio.com/2026/05/12/obama-talarico-texas-senate-black-voters/
"Jason Collins, the NBA’s first openly gay player, dies from brain cancer at age 47","Jason Collins, the NBA's first openly gay player, died from stage 4 brain cancer on Tuesday. He was 47 years old.",thegrio.com,2026-05-12,Sports,Brandon Caldwell,https://thegrio.com/2026/05/12/jason-collins-dies-brain-cancer/
‘Everything isn’t comedy’: Lil Rel Howery sounds off on Tony Hinchcliffe’s George Floyd joke during Kevin Hart roast,Lil Rel suggests he would have booed and walked out after Tony Hinchliffe used an imflammatory George Floyd joke during Kevin Hart's roast.,thegrio.com,2026-05-12,Entertainment,Brandon Caldwell,https://thegrio.com/2026/05/12/lil-rel-sounds-off-kevin-hart-roast-tony-hinchcliffe-george-floyd/
The legacy behind Tiffany Haddish’s Sports Illustrated swimsuit cover,"Tiffany Haddish graces the cover of Sports Illustrated as the first-ever comedian, celebrating the legacy of her swimsuit model grandmother.",thegrio.com,2026-05-12,Style,Kay Wicker,https://thegrio.com/2026/05/12/the-legacy-behind-tiffany-haddishs-sports-illustrated-swimsuit-cover/
‘Sad for the culture’: The family of George Floyd joins those reacting to ‘The Roast of Kevin Hart’ joke about his death,"Netflix aired “The Roast of Kevin Hart,” bringing lots of high-shock-value, offensive, and at times racist jokes that have viewers reeling.",thegrio.com,2026-05-12,Entertainment,Kay Wicker,https://thegrio.com/2026/05/12/sad-for-the-culture-the-family-of-george-floyd-joins-those-reacting-to-the-roast-of-kevin-hart-joke-about-his-death/
Black authors write bestsellers. So why aren’t they on more lists? BLK Bestsellers founder Troy Johnson has answers,AALBC founder Troy Johnson breaks down the visibility gap and why theGrio's new BLK Bestsellers List partnership helps Black authors.,thegrio.com,2026-05-12,Featured,TheGrio Staff,https://thegrio.com/2026/05/12/black-authors-write-bestsellers-so-why-arent-they-on-more-lists-blk-bestsellers-founder-troy-johnson-has-answers/
Georgia man sentenced after pleading guilty to theft tied to unreleased Beyoncé music,Authorities said jump drives containing unreleased songs and sensitive tour materials were taken during a 2025 vehicle break-in in Atlanta.,thegrio.com,2026-05-12,Entertainment,Bolarinwa Oladeji,https://thegrio.com/2026/05/12/man-pleads-guilty-theft-beyonce-unreleased-music/
"EXCLUSIVE: Twenty years later, Raheem DeVaughn is still showing R&B artists how ownership works","Raheem DeVaughn opens up about artist ownership, independent music, Black women, and the lasting impact of “The Love Experience.”",thegrio.com,2026-05-12,Business,Bobby Pen,https://thegrio.com/2026/05/12/raheem-devaughn-rb-legacy-independence-ownership/
Josephine Baker was the blueprint—her legacy still echoes through today’s biggest Black women stars,FKA Twigs is gearing up to play the iconic Josephine Baker in an upcoming American-French biopic directed by Maïmouna Doucouré.,thegrio.com,2026-05-12,Lifestyle,Kay Wicker,https://thegrio.com/2026/05/12/josephine-baker-was-the-blueprint-her-legacy-still-echoes-through-todays-biggest-black-women-stars/
NBA player Brandon Clarke dead at 29,"Brandon Clarke, a seven-year NBA veteran who spent his career with the Memphis Grizzlies, died on Monday, the team announced. He was 29.",thegrio.com,2026-05-12,Sports,Brandon Caldwell,https://thegrio.com/2026/05/12/brandon-clarke-dead-memphis-grizzlies/
Virginia veteran breaks ‘The Price Is Right’ record with $240K Mother’s Day win,"The Virginia contestant walked away with $227,500 in cash and a trip to Morocco valued at more than $12,000.",thegrio.com,2026-05-11,Entertainment,Odafe Oghen,https://thegrio.com/2026/05/11/price-is-right-record-veteran-wins-240k-drew-carey-mothers-day/
"Angel Reese makes WNBA history in Dream debut, reminding fans her impact travels with her","Angel Reese made WNBA history in her Atlanta Dream debut, becoming the fastest player to reach 50 career double-doubles.",thegrio.com,2026-05-11,Entertainment,Bobby Pen,https://thegrio.com/2026/05/11/angel-reese-wnba-history-atlanta-dream-debut/
Olandria Carthen celebrates a new chapter as a homeowner,"Olandria Carthen is celebrating becoming a homeowner, marking a major new chapter for the reality star, influencer and Tuskegee alum.",thegrio.com,2026-05-11,Television,Bobby Pen,https://thegrio.com/2026/05/11/olandria-carthen-homeowner/
"Beauty entrepreneur Mara Porter reflects on motherhood, healing and finding success after loss","Porter reflected on going viral at 45, launching iWIG and why she no longer worries about other people’s opinions.",thegrio.com,2026-05-11,Featured,Jahaura Michelle,https://thegrio.com/2026/05/11/beauty-entrepreneur-mara-porter-reflects-on-motherhood-healing-and-finding-success-after-loss/
Kevin Hart and Katt Williams appear to bury years-long feud during Netflix roast,"After years of public insults and industry accusations, Hart and Williams shared a hug and reconciliation moment during Netflix’s live event.",thegrio.com,2026-05-11,Entertainment,Bolarinwa Oladeji,https://thegrio.com/2026/05/11/kevin-hart-katt-williams-end-feud-netflix-roast/
"Muriel Bowser faces cheers, boos and ‘Free D.C.’ chants at Howard commencement",The D.C. mayor addressed boos and “Free D.C.” directly while encouraging graduates to embrace leadership despite public backlash.,thegrio.com,2026-05-11,Featured,Odafe Oghen,https://thegrio.com/2026/05/11/muriel-bowser-howard-university-commencement-boos-cheers-2026/
Washington Wizards win 2026 NBA Draft Lottery and secure No. 1 pick,The Washington Wizards won the 2026 NBA Draft Lottery and secured the No. 1 overall pick after finishing with the NBA’s worst record this,thegrio.com,2026-05-11,Entertainment,Bolarinwa Oladeji,https://thegrio.com/2026/05/11/washington-wizards-win-2026-nba-draft-lottery/
"Tamron Hall says ‘all money ain’t good money,’ reflects on walking away from $2 million ‘Today Show’ deal in 2017","""I understood that that did not define me,"" Tamron Hall reflects on leaving the Today Show, and choosing herself despite a $2 million offer.",thegrio.com,2026-05-11,Lifestyle,Haniyah P.,https://thegrio.com/2026/05/11/tamron-hall-says-all-money-aint-good-money-reflects-on-walking-away-from-2-million-today-show-deal-in-2017/
‘Bigger than one moment’: NABJ calls for Black women journalists to be respected after latest Trump tirade against Rachel Scott,The National Association of Black Journalist issued a strong stratement after Rachel Scott was again the subject of a crude comment by Donald Trump.,thegrio.com,2026-05-11,Politics,Brandon Caldwell,https://thegrio.com/2026/05/11/nabj-trump-rachel-scott-black-women-journalists/
Why ‘The Cult of NatureBoy’ feels so familiar,Hulu’s “The Cult of NatureBoy” chronicles the rise and fall of Carbon Nation and the longing for Black liberation that is often exploited.,thegrio.com,2026-05-11,Lifestyle,Kay Wicker,https://thegrio.com/2026/05/11/why-the-cult-of-natureboy-feels-so-familiar/
Byron Allen to become CEO of BuzzFeed with $120M majority investment deal through Allen Family Digital,"Media mogul Byron Allen is set to become the new CEO of Buzzfeed, the company announced on Monday after a massive investment deal.",thegrio.com,2026-05-11,Entertainment,Brandon Caldwell,https://thegrio.com/2026/05/11/byron-allen-buzzfeed-ceo-120m-investment/
White House is mute on Black maternal mortality crisis with new maternal health rollout,"""We cannot solve the crisis if we cannot say Black or direct specific spending...or interventions to target the issue,"" says Rep. Summer Lee.",thegrio.com,2026-05-11,Politics,Gerren Keith Gaynor,https://thegrio.com/2026/05/11/white-house-is-mute-on-black-maternal-mortality-crisis-with-new-maternal-health-rollout/
Kendrick Lamar’s ‘GNX’ album disappears then reappears on streaming services,"For a moment, Kendrick Lamar's vaunted ""GNX"" album wasn't on major streaming services. But there's a likely reason why.",thegrio.com,2026-05-11,Entertainment,Brandon Caldwell,https://thegrio.com/2026/05/11/kendrick-lamar-gnx-apple-music-streaming-services/
Jaafar Jackson reveals the pain he endured filming ‘Michael’ as it races towards more box-office history,"Jaafar Jackson made himself into a star portraying his uncle for ""Michael."" In a new interview, he reveals the pain it took to pull it off.",thegrio.com,2026-05-11,Entertainment,Brandon Caldwell,https://thegrio.com/2026/05/11/jaafar-jackson-numb-feet-michael/
AOC tells Black voters of voting rights rollbacks at MLK’s church: ‘No president can strip it away!’,AOC excoriated Trump and Republicans over redistricting threatening Black leadership and representation across the U.S. South.,thegrio.com,2026-05-11,Politics,Gerren Keith Gaynor,https://thegrio.com/2026/05/11/aoc-black-voting-rights-mlk-ebenezer-church/
‘There’s deals I missed out on’: Ne-Yo says he’s lost business over his polyamourous relationship,Ne-Yo revealed that his openness about being in a polyamorous relationship with three women has cost him business deals.,thegrio.com,2026-05-10,Lifestyle,Nhari Djan,https://thegrio.com/2026/05/10/theres-deals-i-missed-out-on-ne-yo-says-hes-lost-business-over-his-polyamourous-relationship/
Trial date set for man accused of stealing hard drives containing unreleased Beyoncé music,The man accused of stealing hard drives containing unreleased music by Beyoncé is set to go to trial on May 11.,thegrio.com,2026-05-10,News,Nhari Djan,https://thegrio.com/2026/05/10/trial-date-set-for-man-accused-of-stealing-hard-drives-containing-unreleased-beyonce-music/
Shreveport community holds funeral for eight children murdered in mass shooting,"The community of Shreveport, Louisiana honored the lives of the eight children who were killed in a mass shooting in April.",thegrio.com,2026-05-10,News,Nhari Djan,https://thegrio.com/2026/05/10/shreveport-community-holds-funeral-for-eight-children-murdered-in-mass-shooting/
Texas US Senate nominee James Talarico unveils plan to tackle Black maternal mortality crisis,"EXCLUSIVE: On Mother’s Day, Talarico released a comprehensive policy strategy to support pregnant and postpartum women, as Black women are",thegrio.com,2026-05-10,Politics,Gerren Keith Gaynor,https://thegrio.com/2026/05/10/texas-us-senate-nominee-james-talarico-unveils-plan-to-tackle-black-maternal-mortality-crisis/
"Nick Cannon’s business accountant accused of embezzling $2 million, reportedly leaves US",A former business accountant of Nick Cannon has been indicted on several criminal charges including embezzling $2 million from the actor.,thegrio.com,2026-05-09,Entertainment,Jahaura Michelle,https://thegrio.com/2026/05/09/nick-cannon-business-accountant-accused-of-embezzling-2-million/
Happy feelings? Stefon Diggs and Cardi B spotted together at Mother’s Day event,"Stefon Diggs and Cardi B made waves at a Mother's Day event on Saturday, sparking rumors the two might be back together.",thegrio.com,2026-05-09,Entertainment,Brandon Caldwell,https://thegrio.com/2026/05/09/stefon-diggs-cardi-b-reunite-mothers-day-event/
Should we be worried about this hantavirus? Here’s what Black health experts are saying,"As concern grows around hantavirus after it was detected on a cruise, many people, including Black health experts, have been weighing in.",thegrio.com,2026-05-09,Health,Kay Wicker,https://thegrio.com/2026/05/09/hantavirus-black-health-experts-weigh-in/
Joy Frazier built a luxury handbag line designed for the woman still finding her way,"From a boardroom to stepping out on her own, Joy Fraizer has redefined her life and her mission with her hangbag line, Keis To Joi.",thegrio.com,2026-05-09,Style,Jahaura Michelle,https://thegrio.com/2026/05/09/joy-fraizer-keis-to-joi-feature/
Usher to give back via new internship ahead of massive Chris Brown stadium tour,Usher is launching a brand new internship for teens in the Detroit and Atlanta areas to join him on the R&B: Raymond and Brown Tour,thegrio.com,2026-05-09,Entertainment,Brandon Caldwell,https://thegrio.com/2026/05/09/usher-launches-internship-raymond-and-brown-tour/
Dystany Spurlock just made NASCAR history; Black women are finally getting their moment on the track,"Dystany Spurlock made history as the first Black woman to compete in NASCAR’s national Truck Series, marking a major moment for Black women in motorsports.",thegrio.com,2026-05-09,Sports,Bobby Pen,https://thegrio.com/2026/05/09/dystany-spurlock-first-black-woman-nascar-truck-series/
Here’s how a Black woman engineer turned a childhood Double Dutch dream into a real invention,"Dr. Tahira Reid Smith is turning Black girlhood nostalgia into innovation with Jump Dreams, believed to be the world’s first automated double Dutch machine.",thegrio.com,2026-05-09,Business,Bobby Pen,https://thegrio.com/2026/05/09/black-woman-engineer-automated-double-dutch-machine/
‘He’s one of them’: Van Lathan calls out Stephen A. Smith days after ESPN commentator cited old speech calling for Black people to vote Republican for one election,Commentator Van Lathan flatly calls Stephen A. Smith a Republican and wonders about his chances running for office.,thegrio.com,2026-05-09,Politics,Brandon Caldwell,https://thegrio.com/2026/05/09/van-lathan-stephen-a-smith-republican/
Family mourning after 17-year-old son stabbed to death outside home weeks before graduation,"Amari Clarke, a 17-year-old high school senior, was stabbed to death outside of his home on Friday, weeks before graudation.",thegrio.com,2026-05-09,News,Brandon Caldwell,https://thegrio.com/2026/05/09/amari-clarke-pg-county-teen-stabbed-to-death/
"Kendrick Lamar, Dr. Dre return to alma mater in Compton for new high school groundbreaking ceremony","The event brought together community figures, including rapper and producer Will.i.am and longtime California Congresswoman Maxine Waters.",thegrio.com,2026-05-08,Entertainment,Bolarinwa Oladeji,https://thegrio.com/2026/05/08/kendrick-lamar-dr-dre-compton-high-school-groundbreaking/
"‘The Next Little Black Book of Success’ returns with new lessons on loss, leadership and resilience","""This book is a roadmap to the future,"" Rhonda Joy McLean said. ""We really try to anticipate changes in the workplace.""",thegrio.com,2026-05-08,Books,Jahaura Michelle,https://thegrio.com/2026/05/08/the-next-little-black-book-of-success-returns-with-new-lessons-on-loss-leadership-and-resilience/
Trump calls for Hakeem Jeffries to face charges over ‘maximum warfare’ remarks,Trump targeted Jeffries over his use of the phrase “maximum warfare” during discussions about congressional redistricting strategies.,thegrio.com,2026-05-08,News,Bolarinwa Oladeji,https://thegrio.com/2026/05/08/trump-hakeem-jeffries-inciting-violence-comments/
"Susan Young Browne, Delaware State University’s oldest living graduate celebrates 108th birthday surrounded by community",The former teacher who came of age during segregation built a decades-long career in education and remains active and independent today.,thegrio.com,2026-05-08,Featured,Odafe Oghen,https://thegrio.com/2026/05/08/susan-young-browne-108-delaware-state-university-oldest-alum/
NAACP seeks court order to block Tennessee redistricting overhaul,"The lawsuit was filed Thursday in Davidson County Chancery Court, just hours after Gov. Bill Lee signed the controversial map into law.",thegrio.com,2026-05-08,News,Bolarinwa Oladeji,https://thegrio.com/2026/05/08/naacp-emergency-lawsuit-tennessee-congressional-map/
"EJ Johnson calls 2026 Met Gala a ‘graveyard,’ says looks were ‘awful on awful on awful’","The media personality did not hold back while critiquing this year’s celebrity looks, calling out everyone from Beyoncé to Kim Kardashian.",thegrio.com,2026-05-08,Featured,Odafe Oghen,https://thegrio.com/2026/05/08/ej-johnson-met-gala-critique-beyonce-graveyard-2026/
"LA teen, accepted to 65 colleges, heading to Columbia U. in NYC on a full ride",Lamont Newell’s Columbia full ride caps a journey through homelessness and makes him the first male in his family to graduate high school.,thegrio.com,2026-05-08,Featured,Odafe Oghen,https://thegrio.com/2026/05/08/lamont-newell-columbia-south-la-teen-homelessness-65-acceptances/
Allyson Felix’s return in her 40s is about more than glory — it’s about longevity,Allyson Felix is preparing to return to track and field at a time when more and more athletes are aging gracefully.,thegrio.com,2026-05-08,Entertainment,Kay Wicker,https://thegrio.com/2026/05/08/allyson-felixs-return-in-her-40s-is-about-more-than-glory-its-about-longevity/
Jennifer Hudson moved to tears after son’s emotional Mother’s Day surprise: ‘I know it’s special to you’,"Jennifer Hudson got the surprise of all surprises ahead of Mother's Day, thanks to her son crafting something using a beloved family recipe.",thegrio.com,2026-05-08,Lifestyle,Brandon Caldwell,https://thegrio.com/2026/05/08/jennifer-hudson-son-surprise-mothers-day/
Rihanna’s latest ink is inspired by her children as her best Met Gala moment happened off the carpet,"The singer already has some of the most influential tattoos of all time thanks to her longtime artist, Keith McCurdy.",thegrio.com,2026-05-08,Lifestyle,Brandon Caldwell,https://thegrio.com/2026/05/08/rihanna-tattoo-sentimental-tribute-children/
Victoria Monét gets candid about dating women and why she says they’re ‘worse’ than men,"Victoria Monét is no stranger to being open about her life, explaining to Angie Martinez why dating women is ""hard"" for her.",thegrio.com,2026-05-08,Lifestyle,Jahaura Michelle,https://thegrio.com/2026/05/08/victoria-monet-gets-candid-about-dating-women/
Black unemployment rate jumped in April amid continued federal job losses under Trump,"Since President Donald Trump returned to the White House last year, the Black unemployment rate has steadily increased.",thegrio.com,2026-05-08,Politics,Gerren Keith Gaynor,https://thegrio.com/2026/05/08/black-unemployment-rate-trump-federal-job-losses/
Hey Mama: 5 Black celebs experiencing their first Mother’s Day in 2026,"From Latto to Bianca Belair, a few notable Black celebrities are with their first bundles of joy ahead of Mother's Day.",thegrio.com,2026-05-08,Featured,Brandon Caldwell,https://thegrio.com/2026/05/08/hey-mama-5-black-celebs-experiencing-their-first-mothers-day-in-2026/
The women behind the vision: How mothers and grandmothers inspired these beloved Black-owned brands,"From mothers to grandmothers, generations of women’s love have inspired some of our favorite Black-owned brands.",thegrio.com,2026-05-08,Featured,Haniyah P.,https://thegrio.com/2026/05/08/the-women-behind-the-vision-how-mothers-and-grandmothers-inspired-these-beloved-black-owned-brands/
Students at Morehouse School of Medicine join wave of HBCU protests of GOP-backed commencement speakers,Graduating students at the Morehouse School of Medicine are protesting the selection of a GOP-alum from speaking at their commencement.,thegrio.com,2026-05-08,Hbcu,Brandon Caldwell,https://thegrio.com/2026/05/08/morehouse-school-of-medicine-protest-rich-mccormick-commencement/
Virginia Supreme Court deals election blow as redrawn maps in the South further devastate Black voters,"Va.'s new voter-approved map was ruled unconstitutional; in South Carolina, GOP lawmakers moved to eliminate the Black-majority district.",thegrio.com,2026-05-08,Politics,Gerren Keith Gaynor,https://thegrio.com/2026/05/08/virginia-supreme-court-deals-election-blow-as-redrawn-maps-in-the-south-further-devastate-black-voters/
’Life will never be the same’: Dr. Cerina Wanzer Fairfax’s sister breaks the silence after her death,"“Outdated gun and divorce laws in Virginia have destroyed my family,” Dr. Cerina W. Fairfax’s sister pens a tribute to the femicide victim.",thegrio.com,2026-05-08,Featured,Haniyah P.,https://thegrio.com/2026/05/08/life-will-never-be-the-same-dr-cerina-wanzer-fairfaxs-sister-breaks-the-silence-after-her-death/
Charlotte Mayor Vi Lyles announces resignation six months after reelection win,"Vi Lyles, the mayor of Charlotte, North Carolina announced she will be resigning from office at the end of next month.",thegrio.com,2026-05-07,Politics,Nhari Djan,https://thegrio.com/2026/05/07/charlotte-mayor-vi-lyles-announces-resignation-six-months-after-reelection-win/
Michael Jackson’s music breaks streaming records after biopic release,"The ""Michael"" biopic has added new streaming success for the late artist, Michael Jackson, as his music breaks old records.",thegrio.com,2026-05-07,Entertainment,Nhari Djan,https://thegrio.com/2026/05/07/michael-jacksons-music-breaks-streaming-records-after-biopic-release/
Supreme Court case on Trump’s ending of TPS for Haitians could worsen a growing caregiving crisis,"""This is a matter of life and death. This is an essential lifeline,"" U.S. Rep. Ayanna Pressley, D-Mass., told theGrio.",thegrio.com,2026-05-07,Politics,Gerren Keith Gaynor,https://thegrio.com/2026/05/07/supreme-court-trump-tps-haitians-caregiving-crisis/
Isaiah Rashad opens up about accepting his bisexuality: ‘There’s no manual’,"Isaiah Rashad opened up about how a sex tape leak forced him to confront his sexuality, now saying he feels ""blessed"" that it happened.",thegrio.com,2026-05-07,Entertainment,Nhari Djan,https://thegrio.com/2026/05/07/isaiah-rashad-opens-up-about-his-accepting-his-bisexuality-theres-no-manual/
How Black Teacher Appreciation Day celebrates the enduring impact of Black teachers,Black Teacher Appreciation arrives amid the 2026 Teacher Appreciation Week a time to recognize and honor our educators.,thegrio.com,2026-05-07,Lifestyle,Kay Wicker,https://thegrio.com/2026/05/07/how-black-teacher-appreciation-day-celebrates-the-enduring-impact-of-black-teachers-black-teachers-deserve-rest/
"Kodak Black arrested on felony drug trafficking charges, pleads not guilty","Kodak Black was arrested on Wednesday in Orange County, Florida after police allegedly found MDMA in a vehicle connected to him.",thegrio.com,2026-05-07,Entertainment,Nhari Djan,https://thegrio.com/2026/05/07/kodak-black-arrested-on-felony-drug-trafficking-charges-pleads-not-guilty/
The New York Times faces a discrimination lawsuit claiming racial bias against a white man,The Equal Employment Opportunity Commission claims the New York Times engaged in “unlawful employment practices.”,thegrio.com,2026-05-07,Business,Haniyah P.,https://thegrio.com/2026/05/07/the-new-york-times-faces-lawsuit-claiming-racial-bias-against-a-white-man/
"For better or worse, ‘The Real Housewives’ have been a crash course in financial literacy","For over 20 years, “The Real Housewives” have been inadvertently normalizing so many financial conversations.",thegrio.com,2026-05-07,Lifestyle,Kay Wicker,https://thegrio.com/2026/05/07/for-better-or-worse-the-real-housewives-have-been-a-crash-course-in-financial-literacy/
"A Virginia lawmaker, judge, and Fed governor. All Black women targeted by the Trump administration","""Donald Trump...sees Black women as the number one target,"" Democratic strategist Ameshia Cross tells theGrio.",thegrio.com,2026-05-07,Politics,Gerren Keith Gaynor,https://thegrio.com/2026/05/07/black-women-targeted-by-the-trump-administration/
Megan Thee Stallion opens up about living ‘two different lives’ and how her late grandmother kept her grounded,"Megan Thee Stallion reflects on protecting her personal life, staying rooted in family, and navigating fame without losing herself.",thegrio.com,2026-05-07,Lifestyle,Haniyah P.,https://thegrio.com/2026/05/07/megan-thee-stallion-opens-up-about-living-two-different-lives-and-how-her-late-grandmother-kept-her-grounded/
"10 years after his death, the Muhammad Ali Center honors ‘The Greatest’ with a global ‘Day of Compassion’","On June 3, the Muhammad Ali Center will commemorate the 10 year anniversary of the legendary boxer's death with a moment of reflection.",thegrio.com,2026-05-07,Lifestyle,Brandon Caldwell,https://thegrio.com/2026/05/07/muhammad-ali-center-day-of-compassion/
Amanda Seales recalls 2023 sexual assault in new memoir series: ‘The experience revealed a lot to me about myself’,Amanda Seales releases “Crank Dat Through a Sexual Assault” as resource for sexual assault survivors and their loved ones.,thegrio.com,2026-05-07,Lifestyle,Kay Wicker,https://thegrio.com/2026/05/07/amanda-seales-recalls-2023-sexual-assault-in-new-memoir-series-the-experience-revealed-a-lot-to-me-about-myself/
"5 Denzel Washington quotes on life, failure, and success that hit different in 2026","Why did he say ""fall forward""? Explore 5 powerful Denzel Washington quotes on failure, faith, legacy, and lasting love.",thegrio.com,2026-05-07,Featured,Brandon Caldwell,https://thegrio.com/2026/05/07/denzel-washington-quotes/
"Napheesa Collier says calling WNBA leadership ‘worst in the world’ was ‘a little dramatic,’ but has no regrets","Napheesa Collier says the Cathy Engelbert “worst leadership” comment was “a little dramatic,” but she stands by it",thegrio.com,2026-05-07,Sports,Odafe Oghen,https://thegrio.com/2026/05/07/napheesa-collier-cathy-engelbert-worst-leadership-regrets/
Md. Gov. Wes Moore unveils marker honoring Black boys buried at Maryland reform school,State leaders say the memorial is part of a broader effort to uncover stories of more than 230 Black boys believed buried near the site.,thegrio.com,2026-05-07,News,Bolarinwa Oladeji,https://thegrio.com/2026/05/07/wes-moore-house-of-reformation-marker-maryland/
Rick Ross and French Montana are facing off in Verzuz. Here’s how to watch,The Rick Ross French Montana Verzuz battle streams live May 7 at 9:30 p.m. ET on Apple Music and Instagram.,thegrio.com,2026-05-07,Entertainment,Odafe Oghen,https://thegrio.com/2026/05/07/rick-ross-french-montana-verzuz-battle-how-to-watch/
Tennessee Republicans propose new map that could eliminate state’s only Democratic congressional district,Tennessee Republicans unveiled a new congressional map that could split Democratic Rep. Steve Cohen’s Memphis district ahead of the 2026,thegrio.com,2026-05-07,News,Bolarinwa Oladeji,https://thegrio.com/2026/05/07/tennessee-republicans-new-congressional-map-steve-cohen-district/
"Allen Media Group’s HBCU GO unveils 13-week football schedule featuring classic showdowns, homecoming events and historic rivalries","Now in its 5th Season, the premier home for HBCU football delivers a curated slate of must-watch matchups to audiences worldwide.",thegrio.com,2026-05-07,Sports,TheGrio Staff,https://thegrio.com/2026/05/07/allen-media-groups-hbcu-go-unveils-13-week-football-schedule-featuring-classic-showdowns-homecoming-events-and-historic-rivalries/
Hip-hop producer 9th Wonder set to graduate from NC Central decades after leaving to pursue music: ‘It’s never too late’,The Grammy-winning producer said completing his degree remained a personal goal despite his success in music and academia.,thegrio.com,2026-05-06,Entertainment,Bolarinwa Oladeji,https://thegrio.com/2026/05/06/9th-wonder-graduates-nc-central-hbcu-2026/
WHO is racing to track down nearly 100 passengers who flew with a woman who unknowingly had hantavirus,The hantavirus cruise ship outbreak has claimed three lives as WHO races to trace nearly 100 passengers who flew with an infected woman,thegrio.com,2026-05-06,Featured,Odafe Oghen,https://thegrio.com/2026/05/06/hantavirus-cruise-ship-outbreak-who-flight-passengers/
Barack Obama opens up about ‘genuine tension’ Trump era politics has created in his household,"Barack Obama says the Obama marriage tension Trump created is real, with Michelle wanting her husband to ease up and spend more time with her.",thegrio.com,2026-05-06,Politics,Odafe Oghen,https://thegrio.com/2026/05/06/obama-marriage-tension-trump-barack-michelle-new-yorker/
How a D.C. teacher got Lyft to sponsor her rides during Teacher Appreciation Week,"In this exclusive, Eliany Puello shares how her post went viral post, plus more deals and discounts for Teachers Appreciation Week.",thegrio.com,2026-05-06,Lifestyle,Kay Wicker,https://thegrio.com/2026/05/06/how-a-d-c-teacher-got-lyft-to-sponsor-her-rides-during-teacher-appreciation-week/
Why the Saint Lucia Jazz Festival is becoming a go-to Mother’s Day weekend getaway,The Saint Lucia Jazz & Arts Festival combines world-class performances and wellness experiences just in time for Mother’s Day weekend.,thegrio.com,2026-05-06,Lifestyle,Noel Cymone Walker,https://thegrio.com/2026/05/06/why-the-saint-lucia-jazz-festival-is-becoming-a-go-to-mothers-day-weekend-getaway/
Black legislators lead the resistance as Republicans rush to redraw maps after gutting of Voting Rights Act,"""""This is our moment in time to resist, to persist, to fight back,"" Tennessee State Rep. Justin J. Pearson tells theGrio.",thegrio.com,2026-05-06,Politics,Gerren Keith Gaynor,https://thegrio.com/2026/05/06/black-legislators-lead-resistance-maps-voting-rights-act/
"Pinky Cole’s former Bar Vegan CFO indicted on theft, first-degree forgery and money laundering",A former CFO for Pinky Cole's now-defunct Bar Vegan restaurant has been indicted on several charges including theft and money laundering.,thegrio.com,2026-05-06,Lifestyle,Jahaura Michelle,https://thegrio.com/2026/05/06/pinky-cole-former-cfo-indicted-theft-forgery/
The Bronx School of Hip-Hop among five new schools to open in New York City this fall,The Bronx School of Hip-Hop will serve as one of five new schools opening in the Bronx and Queens for the 2026-27 academic year.,thegrio.com,2026-05-06,Lifestyle,Brandon Caldwell,https://thegrio.com/2026/05/06/bronx-school-of-hip-hop-new-york-city-schools-opening/
Florida teen learns her fate after pleading guilty to stabbing high school boyfriend to death,An 18-year-old woman will spend nearly 20 years behind bars after pleading guilty to stabbing her 17-year-old boyfriend in 2024.,thegrio.com,2026-05-06,News,Brandon Caldwell,https://thegrio.com/2026/05/06/jahara-malik-sentenced-stabbing-boyfriend/
Kwanza Jones could make MLB history as the first Black woman majority owner,Kwanza Jones $3.9 billion deal with the San Diego Padres could usher in the league’s first Black woman majority owner.,thegrio.com,2026-05-06,Lifestyle,Haniyah P.,https://thegrio.com/2026/05/06/kwanza-jones-could-make-mlb-history-as-the-first-black-woman-majority-owner/
Dave Chappelle and Michelle Obama take jabs at Trump in ‘IMO’ interview: ‘Tried to tell the people’,"In a new interview with Michelle Obama, Dave Chappelle offered thoughts on how the Trump age has affected his kids.",thegrio.com,2026-05-06,Entertainment,Brandon Caldwell,https://thegrio.com/2026/05/06/dave-chappelle-michelle-obama-imo-interview/
FBI reportedly raids state Democratic Virginia state Sen. L. Louise Lucas’ offices,FBI agents were spotted searching the office of Democratic Virginia state Sen. L. Louise Lucas on Wednesday morning.,thegrio.com,2026-05-06,Politics,Haniyah P.,https://thegrio.com/2026/05/06/fbi-reportedly-raids-state-democratic-virginia-state-sen-l-louise-lucas-offices/
"Bernice King speaks out about Spirit Airlines’ 17,000 employees amid closure: ‘Behind every corporate headline are human beings’","Bernice King addresses Spirit Airlines closing its doors on Saturday, May 2, after financial hardship and the rising cost of fuel.",thegrio.com,2026-05-06,Lifestyle,Kay Wicker,https://thegrio.com/2026/05/06/bernice-king-speaks-out-about-spirit-airlines-17000-employees-amid-closure-behind-every-corporate-headline-are-human-beings/
Ashlee Jenae’s fiancé absent from funeral as family’s quest for answers continues,"Ashlee Jenae’s fiancé, Joe McCann, reportedly did not attend the late influencer’s funeral as her family continues searching for the truth.",thegrio.com,2026-05-06,News,Haniyah P.,https://thegrio.com/2026/05/06/ashlee-jenaes-fiance-absent-from-funeral-as-familys-quest-for-answers-continues/
Larenz Tate hopes Black men do not take Black women’s loyalty for granted,Actor Larenz Tate opens up about his nearly 20-year marriage to wife Tomasina and his thoughts on Black love.,thegrio.com,2026-05-06,Featured,Kay Wicker,https://thegrio.com/2026/05/06/larenz-tate-hopes-black-men-do-not-take-black-womens-loyalty-for-granted/
"Trump brags about federal job cuts, rollbacks that are the hurting Black economy",Many of the actions highlighted by Trump had negative outcomes for Black businesses and households since he returned to office last year.,thegrio.com,2026-05-05,Politics,Gerren Keith Gaynor,https://thegrio.com/2026/05/05/trump-brags-about-federal-job-cuts-rollbacks-hurting-black-economy/
"With new book, Tiffany D. Cross shares a message for Black women who’ve endured the toxic sides of love, the country and more","In a conversation about her new book, Tiffany Cross offers a statement for Black women and healing from a multitude of heartbreaks.",thegrio.com,2026-05-05,Politics,Brandon Caldwell,https://thegrio.com/2026/05/05/tiffany-cross-love-me-book-black-women/
‘Saved by the Bell’ star Lark Voorhies once had a obsessed fan who threatened to harm anyone in his way,"Ahead of her episode of 'Hollywood Demons,' 'Saved By The Bell' star Lark Voorhies opened up about a crazed fan that was obsessed with her.",thegrio.com,2026-05-05,Entertainment,Jahaura Michelle,https://thegrio.com/2026/05/05/lark-voorhies-obsessed-fan-saved-by-the-bell/
Jenifer Lewis questions Black celebrities’ Met Gala attendance amid Jeff Bezos’ controversial Washington Post overhaul,"Jenifer Lewis is the latest Black celeb sounding off about Black participation at the Met Gala, citing various failures across the board.",thegrio.com,2026-05-05,Lifestyle,Jahaura Michelle,https://thegrio.com/2026/05/05/jenifer-lewis-met-gala-criticism-bezos/
"Stefon Diggs learns fate in strangulation, assault case after two days of testimony",A Massachusetts jury found NFL wide receiver Stefon Diggs not guilty of charges related to an alleged 2025 assault on his former live-in chef.,thegrio.com,2026-05-05,Sports,Brandon Caldwell,https://thegrio.com/2026/05/05/stefon-diggs-verdict-strangulation-assault-case/
Victoria Monét proves no side quest is too small as she graduates from culinary school while working on a new album,"Victoria Monét can add another title to her impressive résumé: chef. The ""On My Mama"" singer graduated from culinary school on Monday.",thegrio.com,2026-05-05,Lifestyle,Brandon Caldwell,https://thegrio.com/2026/05/05/victoria-monet-graduates-culinary-school/
‘It hits different’: Will Packer breaks down why the HBCU community feels bigger when it comes to alumni success,"ands that things are bigger at HBCUs when alumni succeed, and he's touting his experience at FAMU as a guide.",thegrio.com,2026-05-05,Hbcu,Brandon Caldwell,https://thegrio.com/2026/05/05/will-packer-hbcu-community-alumni-fam/
‘Unwarranted and unwise’: Justice Ketanji Brown Jackson gives conservatives justices a lashing over voting rights ruling,Monday's blunt dissent comes weeks after Ketanji Brown Jackson gave a rare rebuke of her colleagues during a lecture at Yale Law School.,thegrio.com,2026-05-05,Politics,Gerren Keith Gaynor,https://thegrio.com/2026/05/05/justice-jackson-gives-conservatives-justices-lashing-over-voting-rights-ruling/
"At the 2026 Met Gala, Black stars and socialites turned the human form into art","From Beyoncé to Colman Domingo, here are all of the Black attendees at the 2026 Met Gala who were on theme.",thegrio.com,2026-05-05,Style,Kay Wicker,https://thegrio.com/2026/05/05/at-the-2026-met-gala-black-stars-and-socialites-turned-the-human-form-into-art/
The Glam Tax affects more than Simone Biles and those at the Met Gala,"Simone Biles sparks debate over red carpet costs, spotlighting the “glam tax” and how women pay to meet workplace appearance expectations.",thegrio.com,2026-05-05,Lifestyle,Panama Jackson,https://thegrio.com/2026/05/05/the-glam-tax-affects-more-than-simone-biles-and-those-at-the-met-gala/
The Black artists who inspired looks at the 2026 Met Gala,"Angela Bassett, Amy Sherald, Law Roach and more drew inspiration from Black artists for their 2026 Met Gala looks.",thegrio.com,2026-05-05,Lifestyle,Haniyah P.,https://thegrio.com/2026/05/05/the-black-artists-who-inspired-looks-at-the-2026-met-gala/
Amazon union founder Chris Smalls reportedly arrested outside Jeff Bezos-sponsored Met Gala,Chris Smalls Met Gala arrest reportedly happened after the Amazon union founder jumped a barricade during protests.,thegrio.com,2026-05-05,Featured,Odafe Oghen,https://thegrio.com/2026/05/05/chris-smalls-met-gala-arrest-jeff-bezos-amazon-protest/
Aariana Rose Philip makes Met Gala history as first wheelchair user to attend,The trailblazing model’s debut marks a milestone moment for disability representation at fashion’s biggest night.,thegrio.com,2026-05-05,News,Bolarinwa Oladeji,https://thegrio.com/2026/05/05/aariana-rose-philip-met-gala-wheelchair-history-2026/
"Ahead of Met Gala, Taraji P. Henson questioned celebrities attending Jeff Bezos-backed event",The actress says she’s “confused” by stars showing up as backlash grows over Jeff Bezos’ role in funding the high-profile event.,thegrio.com,2026-05-05,Entertainment,Bolarinwa Oladeji,https://thegrio.com/2026/05/05/taraji-henson-jeff-bezos-met-gala-criticism/
Rihanna and A$AP Rocky arrive fashionably late and fully in style at the Met Gala,"Their signature timing matched the moment, with her dramatic gown and his pastel Chanel ensemble commanding attention.",thegrio.com,2026-05-05,Featured,Odafe Oghen,https://thegrio.com/2026/05/05/rihanna-2026-met-gala-maison-margiela-asap-rocky/
Nicky Campbell’s comments about Dionne Warwick are a reminder to think before you speak,Nicky Campbell apologizes after criticizing Dionne Warwick for wearing slippers on at Billboard's Woman in Music red carpet.,thegrio.com,2026-05-04,Style,Kay Wicker,https://thegrio.com/2026/05/04/nicky-campbells-comments-about-dionne-warwick-are-a-reminder-to-think-before-you-speak/
Stefon Diggs goes on trial as accuser describes their ‘complicated’ relationship,The Stefon Diggs trial is underway near Boston as personal chef Mila Adams testifies about their ‘complicated’ relationship,thegrio.com,2026-05-04,Entertainment,Odafe Oghen,https://thegrio.com/2026/05/04/stefon-diggs-trial-mila-adams-testimony-cardi-b/
Halle Bailey spotted arm-in-arm with Scott Bridgeway in red carpet debut—here’s what you need to know,Halle Bailey new boyfriend Scott Bridgeway is a Grammy-winning producer behind Kendrick Lamar’s ‘Luther’ and ‘Squabble Up.’,thegrio.com,2026-05-04,Featured,Odafe Oghen,https://thegrio.com/2026/05/04/halle-bailey-new-boyfriend-scott-bridgeway/
Former President Barack Obama opts for the high road when asked about Trump’s AI video depicting him and Michelle Obama as apes,Barack Obama isn't giving Donald Trump the satisfaction of anger after the President shared an AI-video depicting him and Michelle Obama as apes.,thegrio.com,2026-05-04,Politics,Brandon Caldwell,https://thegrio.com/2026/05/04/barack-obama-reacts-ape-video-trump/
‘They can’t buy my seat’: Rev. Al Sharpton delivers a sharp message to Bezos and other billionaires at Met Gala,"Rev. Al Sharpton used his moment at the 2026 Met Gala to deliver a message to billionaires, namely that his seat at the gala can't be bought.",thegrio.com,2026-05-04,Style,Brandon Caldwell,https://thegrio.com/2026/05/04/al-sharpton-message-billionaires-met-gala/
Naomi Osaka lives up to the ‘Costume Art’ theme at this year’s Met Gala with a Robert Wun homage to transformation,"Naomi Osaka made an early statement at the 2026 Met Gala, delivering a costume change in Robert Wun that spoke to the human anatomy.",thegrio.com,2026-05-04,Style,Brandon Caldwell,https://thegrio.com/2026/05/04/naomi-osaka-met-gala-dress-robert-run/
"Demetria Coley, 18, becomes youngest nursing graduate in Florida State University history","Demetria Coley, 18, has become the youngest nursing graduate in Florida State University history after earning her degree on May 1, 2026.",thegrio.com,2026-05-04,News,Bolarinwa Oladeji,https://thegrio.com/2026/05/04/demetria-coley-youngest-fsu-nursing-graduate/
"Beyoncé, Jay-Z and Blue Ivy Carter make the Met Gala a family affair with Blue’s debut","Beyoncé made her return to the Met Gala in style, wearing an Olivier Rousteing gown, joined by her daughter Blue, who made her Met Gala debut.",thegrio.com,2026-05-04,Style,Brandon Caldwell,https://thegrio.com/2026/05/04/beyonce-blue-ivy-carter-met-gala-2026/
Dame Dash says ‘nobody cares’ about Reasonable Doubt as Jay-Z rolls out 30th anniversary celebration,Dame Dash questions the relevance of Jay-Z’s debut album Reasonable Doubt as the rapper plans major 30th anniversary celebrations this summer.,thegrio.com,2026-05-04,Entertainment,Bobby Pen,https://thegrio.com/2026/05/04/dame-dash-reasonable-doubt-jay-z-anniversary/
South Carolina State U. faces funding threat from state GOP lawmakers after canceling Lt. Gov.’s commencement speech,The university withdrew Evette’s invitation following student protests and what officials described as “credible safety threats.”,thegrio.com,2026-05-04,News,Bolarinwa Oladeji,https://thegrio.com/2026/05/04/gop-threaten-funding-cuts-sc-state-evette-speech/
"Lil Jon reflects on final trip with late son Nathan, urges fans to cherish family moments: ‘Love your people hard’","The rapper revisits a Japan vacation planned by his son, reflecting on grief, love and the importance of family.",thegrio.com,2026-05-04,Entertainment,Bolarinwa Oladeji,https://thegrio.com/2026/05/04/lil-jon-tribute-son-nathan-final-trip/
Virginia lowers flags statewide to honor Dr. Cerina Wanzer Fairfax and domestic violence victims,Gov. Abigail Spanberger directed U.S. and Virginia state flags to be flown at half-staff on all state and local buildings on May 4.,thegrio.com,2026-05-04,News,Odafe Oghen,https://thegrio.com/2026/05/04/dr-cerina-wanzer-fairfax-virginia-flags-domestic-violence/
"From ‘THUG’ to ‘low IQ,’ Trump escalates personal and racist attacks against Rep. Hakeem Jeffries","Jeffries, who could become the first Black House speaker in January 2027, has become the president's latest political target.",thegrio.com,2026-05-04,Politics,Gerren Keith Gaynor,https://thegrio.com/2026/05/04/trump-escalates-personal-attacks-hakeem-jeffries-thug-low-iq/
"Hate crime investigation underway after racial slurs, damage found inside Mich. family’s home","Police say the home was left in disarray with offensive messages, as residents and leaders call the incident unacceptable.",thegrio.com,2026-05-04,News,Odafe Oghen,https://thegrio.com/2026/05/04/michigan-family-hate-crime-investigation-racial-slurs-browning/
"EXCLUSIVE: USMNT captain Tyler Adams and World Cup champion Crystal Dunn on identity, access and the unseen work behind success","U.S. Soccer stars Tyler Adams and Crystal Dunn discuss the routines, support systems and cultural influences behind their success.",thegrio.com,2026-05-04,Business,Bobby Pen,https://thegrio.com/2026/05/04/tyler-adams-crystal-dunn-interview-wellness-identity-us-soccer/
Bozoma Saint John doesn’t want ‘burnt toast’ on Mother’s Day!,"In this exclusive, “Real Housewives of Beverly Hills” star Bozoma Saint John shares what she wants on Mother’s Day from her village.",thegrio.com,2026-05-04,Lifestyle,Kay Wicker,https://thegrio.com/2026/05/04/bozoma-saint-john-doesnt-want-burnt-toast-on-mothers-day/
Suspect arrested in connection to shooting outside Chris Brown’s home,A suspect in connection to a shooting outside of Chris Brown's home in Los Angeles was arrested on Saturday (May 2).,thegrio.com,2026-05-03,News,Nhari Djan,https://thegrio.com/2026/05/03/suspect-arrested-in-connection-to-shooting-outside-chris-browns-home/
Victoria Monét speaks out receiving PCOS diagnosis: ‘I hadn’t heard about it in all my gynecology appointments’,Victoria Monét opened up about receiving a polycystic ovary syndrome (PCOS) diagnosis after never having heard of the condition before.,thegrio.com,2026-05-03,Health,Nhari Djan,https://thegrio.com/2026/05/03/victoria-monet-speaks-out-recieving-pcos-diagnosis-i-hadnt-heard-about-it-in-all-my-gynecology-appointments/
Teenage brothers in Mississippi released from ICE custody nine days after arrest,High schoolers Israel and Max Makoka have been released from ICE custody after spending nine days in detention centers.,thegrio.com,2026-05-03,News,Nhari Djan,https://thegrio.com/2026/05/03/teenage-brothers-in-mississippi-released-from-ice-custody-nine-days-after-arrest/
"Spike Lee praises ‘Michael,’ defends film for not including child abuse allegations","Spike Lee defended ""Michael"" for excluding the allegations of child abuse against the singer, saying the claims don't fit the film's timeline.",thegrio.com,2026-05-03,Entertainment,Nhari Djan,https://thegrio.com/2026/05/03/spike-lee-praises-michael-defends-film-for-not-including-child-abuse-allegations/
"Tatyana Ali recalls ‘incredibly dangerous’ childbirth, highlighting ongoing Black maternal health crisis","Tatyana Ali shares her traumatic childbirth experience, underscoring ongoing concerns about Black maternal health and disparities in care.",thegrio.com,2026-05-02,Entertainment,Bobby Pen,https://thegrio.com/2026/05/02/tatyana-ali-childbirth-black-maternal-health/
Atlanta coffee shop facing backlash after mistakenly painting over mural of beloved community member Jovita Moore,A coffee shop in Atlanta is facing widespread backlash from the community after painting over a mural dedicated to Jovita Moore.,thegrio.com,2026-05-02,Featured,Brandon Caldwell,https://thegrio.com/2026/05/02/bellwood-coffee-jovita-moore-mural-backlash/
Busta Rhymes settles legal dispute with former assistant over assault and defamation claims,Busta Rhymes has settled a lawsuit with his former assistant involving assault allegations and a defamation countersuit.,thegrio.com,2026-05-02,Entertainment,Bobby Pen,https://thegrio.com/2026/05/02/busta-rhymes-settles-lawsuit-former-assistant-assault/
"‘I ain’t change, they changed’: Stephen A. Smith fires back at critics who say the old him wouldn’t act like he does now","During an appearance on 'Funky Friday' with Cam Newton, Stephen A. Smith sounded off on his critics ... and why betrayal cuts deep for him.",thegrio.com,2026-05-02,Entertainment,Brandon Caldwell,https://thegrio.com/2026/05/02/stephen-a-smith-critics-cam-newton-interview/
"Like father, like son: Shedeur Sanders channels his father’s iconic gameday photo as he graduates from Colorado","Shedeur Sanders graduated from Colorado Saturday, but not before paying homage to his father and their family tradition.",thegrio.com,2026-05-02,Sports,Brandon Caldwell,https://thegrio.com/2026/05/02/shedeur-sanders-graduates-college-colorado/
