title,description,source,date_of_publication,category,author,link
How Podcasts Are Changing the Way Black Men View Healthy Relationships,"As podcast culture grows, competing messages about masculinity, power and emotional wellness are influencing how Black men define healthy relationships.",theroot.com,2026-05-31,Culture,Shellie M. Scott,https://www.theroot.com/how-podcasts-are-changing-the-way-black-men-view-health-2000108182
Gary Coleman’s Family Still Has Questions Surrounding His Death,"While reflecting on her son’s life in a new interview, Gary Coleman’s mother joins close friends in revisiting lingering questions tied to the actor’s 2010 death.",theroot.com,2026-05-31,Entertainment,Ty Cole,https://www.theroot.com/gary-coleman-s-family-still-has-questions-surrounding-h-2000107857
Jay-Z Stuns Fans With Unexpected New Look At Roots Picnic,"Debuting at The Roots Picnic, Hov broke the internet with a shocking new hairstyle.",theroot.com,2026-05-31,Entertainment,B.Kadijat Towolawi,https://www.theroot.com/jay-z-stuns-fans-with-unexpected-new-look-at-roots-picn-2000108400
The Best Red Carpet Looks From Zendaya and Law Roach,"Here are some of our favorite looks from fashion power couple, Zendaya and Law Roach.",theroot.com,2026-05-31,Beauty + Style,Mahalia Otshudy,https://www.theroot.com/the-best-red-carpet-looks-from-zendaya-and-law-roach-2000108153
Foster Sylvers and Other Black Stars We Lost in 2026,We are honoring all of the Black stars who left us in 2026.,theroot.com,2026-05-31,Entertainment,The Root Staff,https://www.theroot.com/foster-sylvers-and-other-black-stars-we-lost-in-2026-2000083991
Heard of The Sylvers? One of The Most Talented Black Singing Families That Were Not The Jacksons,"BLACK MUSIC MONTH: To launch this month’s celebration, we’re looking back at the incredible, untold story of an iconic family group: The Sylvers!",theroot.com,2026-05-31,Entertainment,Angela Johnson,https://www.theroot.com/heard-of-the-sylvers-one-of-the-most-talented-black-si-1851726061
NYC Mayor Mamdani Speaks on ‘Go Back to Uganda’ Chants,"NYC Mayor Zohran Mamdani speaks to The Root after a Gracie Mansion protest takes a xenophobic turn, with demonstrators chanting for his deportation.",theroot.com,2026-05-30,News,Phenix S Halley,https://www.theroot.com/nyc-mayor-mamdani-speaks-on-go-back-to-uganda-chants-2000108318
The Wild New Detail About Khloé Kardashian and Tristan Thompson’s Past Relationship,A wild new interview just put Khloé Kardashian and Tristan Thompson’s relationship dynamic back on front street—and the internet is losing it.,theroot.com,2026-05-30,Entertainment,Shanelle Genai,https://www.theroot.com/the-wild-new-detail-about-khlo-kardashian-and-tristan-2000108288
Black Men Ditched Mainstream Media. Here Is Where They Actually Get Their News,"Bypassing mainstream media, Black men are seeking out alternative information sources—from Roland Martin to Marc Lamont Hill",theroot.com,2026-05-30,News,William Ketchum,https://www.theroot.com/black-men-ditched-mainstream-media-here-is-where-they-2000108363
Why 2026 Might Be Stephen A. Smith’s Karma Year,"Stephen A. Smith finally admitted this year is kicking his butt, making us all wonder if karma is finally coming for his messy history of selling out his own people.",theroot.com,2026-05-30,Sports,Rashad Grove,https://www.theroot.com/why-2026-might-be-stephen-a-smiths-karma-year-2000108112
How Keke Palmer’s Parents’ Sacrifice Made Her a Millionaire,We’re looking at how Keke Palmer went from the South side of Chicago to a multi-millionaire.,theroot.com,2026-05-30,Culture,Mahalia Otshudy,https://www.theroot.com/how-keke-palmers-parents-sacrifice-made-her-a-millionai-2000108072
Best Heist Movies You Need to Binge ASAP,"From classics like ‘Set It Off’ to newer projects like ‘Lift,’ here’s our list of the best heist movies to binge this weekend!",theroot.com,2026-05-30,Entertainment,Shanelle Genai,https://www.theroot.com/best-heist-movies-you-need-to-binge-asap-2000108240
Why Young Black Politicians Need the Old Guard’s Playbook To Win Over Trump,"Strategist: ‘Don’t hate the player, learn the game. Young Dems need to study how older leaders such as Jim Clyburn served their people with smarts and skill. ‘",theroot.com,2026-05-29,Opinion,Antjuan Seawright,https://www.theroot.com/why-young-black-politicians-need-the-old-guard-s-playbo-2000108079
Exclusive: NYC Mayor Zohran Mamdani Explains the Mission Behind Housing Initiative to Help Black and Brown Families,"NYC Mayor Zohran Mamdani spoke exclusively to The Root about “Block by Block,” which targets Black and brown communities most impacted by housing disparities.",theroot.com,2026-05-29,Politics,Phenix S Halley,https://www.theroot.com/exclusive-nyc-mayor-zohran-mamdani-explains-the-missio-2000108058
Black Stars Who Slayed at the American Black Film Festival 2026,"From Regina King to Dawn Staley, this year’s American Black Film Festival is already proving to be a star-studded affair! Let’s take a look.",theroot.com,2026-05-29,Beauty + Style,Shanelle Genai,https://www.theroot.com/black-stars-who-slayed-at-the-american-black-film-festi-2000108054
"Feds Secretly Used Healthy Black Babies in Medical Trials, Ben Crump’s New Lawsuit Alleges",Ben Crump’s lawsuit against the federal government claims it used two healthy Black infants as test subjects for a vaccine without their parents’ consent.,theroot.com,2026-05-29,News,Angela Wilson,https://www.theroot.com/feds-secretly-used-healthy-black-babies-in-medical-tria-2000108068
Siedah Garrett Just Exposed Wild Truth About What Dennis Edwards Wasn’t Chewing on in ‘Don’t Look Any Further’ Video!,Siedah Garrett just settled the decades-long rumor on whether Dennis Edwards was really chewing gum in their iconic 1984 “Don’t Look Any Further” video.,theroot.com,2026-05-29,Entertainment,Angela Wilson,https://www.theroot.com/siedah-garrett-just-exposed-wild-truth-about-what-denni-2000108024
Why More People Need to Be Talking About The Black Kid in the Makenzie Shirilla Case,Netflix’s new documentary ‘The Crash’ tells the story Mackenzie’s Shirilla’s intentional car crash that claimed the lives of two young men. Let’s take a look at one of them.,theroot.com,2026-05-29,Entertainment,Shanelle Genai,https://www.theroot.com/why-more-people-need-to-be-talking-about-the-black-kid-2000108167
Google Engineer Busted By the DOJ For Insider Bet Tied to D4vd Murder Case,The Department of Justice has filed charges against a Google employee after a suspicious bet on D4vd turned into $1.2 million.,theroot.com,2026-05-29,Criminal Justice,Phenix S Halley,https://www.theroot.com/google-engineer-busted-by-the-doj-for-insider-bet-tied-2000108176
Georgia Judge In Trouble for Having Sex in the Workplace Near Her Clerks,An investigation revealed a Georgia judge engaged in a two-year sexual relationship with a police commander in her chambers during business hours.,theroot.com,2026-05-29,News,Angela Wilson,https://www.theroot.com/georgia-judge-in-trouble-for-having-sex-in-the-workplac-2000108203
Lawsuit Accuses Federal Agents of Targeting Police Watchers in Memphis,"The Trump administration is facing an ACLU lawsuit after sending the National Guard to Memphis, Tenn. last year.",theroot.com,2026-05-29,Law Enforcement,Phenix S Halley,https://www.theroot.com/lawsuit-accuses-federal-agents-of-targeting-police-watc-2000108254
How NiJaree Canady Became College Softball’s First Millionaire Player,The Texas Tech star isn’t just resetting records in the circle—she’s shattering the glass ceiling for collegiate athlete marketability.,theroot.com,2026-05-29,Sports,Rashad Grove,https://www.theroot.com/how-nijaree-canady-became-college-softballs-first-milli-2000107837
"PETA Starts Beef With Lizzo, But Does She Deserve the Smoke?",Lizzo’s new collaboration with Chili’s is igniting debates online over animal ethics as PETA speaks out.,theroot.com,2026-05-29,Entertainment,Phenix S Halley,https://www.theroot.com/peta-starts-beef-with-lizzo-but-does-she-deserve-the-s-2000108019
"Cynthia Erivo Talks Backlash to Weird ‘Wicked’ Press Tour Behavior, But She Might Be Missing the Point","Cynthia Erivo may be slightly sad over the backlash from her ‘Wicked’ press tour, but if we’re honest—the chatter has some justification to it and here’s why.",theroot.com,2026-05-29,Entertainment,Shanelle Genai,https://www.theroot.com/cynthia-erivo-talks-backlash-to-weird-wicked-press-tour-2000107928
The Internet Is Losing Its Mind Over Keke Palmer and Sean Evans,Keke Palmer and Sean Evans have sparked dating rumors after they couldn’t hide their obvious chemistry in a recent podcast episode.,theroot.com,2026-05-29,Entertainment,Mahalia Otshudy,https://www.theroot.com/the-internet-is-losing-its-mind-over-keke-palmer-and-se-2000108012
Supreme Court Delivers Shocking Ruling Over Alleged Racial Bias that Led to a Black Man on Death Row,"After spending 20 years on death row, Terry Pitchford just received a promising ruling from the Supreme Court.",theroot.com,2026-05-29,Crime,Phenix S Halley,https://www.theroot.com/supreme-court-delivers-shocking-ruling-over-alleged-rac-2000097388
Carmen Electra Shares Surprising Details About Divorce From Dennis Rodman,The former ‘Baywatch’ star is opening up about what caused her divorce from former NBA star Dennis Rodman and sharing all-new details! Let’s get into it.,theroot.com,2026-05-29,Entertainment,Shanelle Genai,https://www.theroot.com/carmen-electra-shares-surprising-details-about-divorce-2000107999
The NIL Lie: Why Most Black College Athletes Aren’t Actually Getting Rich,"College athletes can finally get paid, but most will never sign a life-changing deal.",theroot.com,2026-05-29,Opinion,Lawrence Ware,https://www.theroot.com/the-nil-lie-why-most-black-college-athletes-aren-t-act-2000108128
America’s New Black Wall Streets: 10 Cities Where Black Wealth Is Booming,"On the 105th anniversary of the Tulsa Black Wall Street massacre, these 10 American cities are rebuilding Black wealth in major ways.",theroot.com,2026-05-28,Black Excellence,Phenix S Halley,https://www.theroot.com/america-s-new-black-wall-streets-10-cities-where-black-2000107873
Touré Reveals What Really Happened With Cheyenne Bryant,Touré says his doubts about Cheyenne Bryant’s credentials began long before their viral clash. Her views on gentle parenting only deepened them.,theroot.com,2026-05-28,Culture,Shellie M. Scott,https://www.theroot.com/tour-reveals-what-really-happened-with-cheyenne-bryant-2000107888
Ways Black Parents Can Keep Kids Learning This Summer,"Keeping kids entertained during the summer is important, but keeping their minds active matters just as much. Here are practical ways you can help children avoid the summer slide without spending a fortune.",theroot.com,2026-05-28,Opinion,Lawrence Ware,https://www.theroot.com/ways-black-parents-can-keep-kids-learning-this-summer-2000107923
Sugar Ray Leonard Speaks On His Son’s Shocking Arrest,Boxing legend Sugar Ray Leonard is finally opening up about his son’s arrest and revealing the shocking details that led up to the incident.,theroot.com,2026-05-28,Entertainment,Shanelle Genai,https://www.theroot.com/sugar-ray-leonard-speaks-on-his-sons-shocking-arrest-2000107874
"Born at 30 Weeks, These Triplets Weren’t Expected to Survive. Now, They Have a Reason to Celebrate","Doctors told Martine Morency her triplet pregnancy “doesn’t usually come to fruition.” 22 years later, her triplets defied all odds.",theroot.com,2026-05-28,Culture,Angela Wilson,https://www.theroot.com/born-at-30-weeks-these-triplets-weren-t-expected-to-su-2000107858
The Roots Picnic Forgot What Made It Special,The Roots Picnic used to introduce fans to artists they did not know yet. Now it feels more interested in chasing trends than shaping culture.,theroot.com,2026-05-28,Opinion,Lawrence Ware,https://www.theroot.com/the-roots-picnic-forgot-what-made-it-special-2000107883
Gayle King’s Ex-Husband Speaks Out After Getting Caught Cheating With Her Friend Years Ago,"Gayle King is getting real about her cheating ex-husband years ago. And now, the man at the center of it all is adding his two cents in the the conversation!",theroot.com,2026-05-28,Entertainment,Shanelle Genai,https://www.theroot.com/gayle-kings-ex-husband-speaks-out-after-getting-caught-2000107826
Trio Convicted of Murder Walk Free After Nearly 30 Years in Prison for a Crime They Didn’t Commit,"After 28 years, the fight for innocence is finally over after Jermal Shuler, Marc Brittingham and Rasheed Turner’s convictions were overturned.",theroot.com,2026-05-28,News,Angela Wilson,https://www.theroot.com/trio-convicted-of-murder-walk-free-after-nearly-30-year-2000107827
Career Expert Weighs In on Surviving and Thriving in an AI-Driven Workplace,"Career expert Brittany N. Cole weighs in on how AI-driven workplace changes are reshaping Black professionals’ careers, mental health, and long-term job security during Mental Health Awareness Month.",theroot.com,2026-05-28,Culture,Asheea Smith,https://www.theroot.com/career-expert-weighs-in-on-surviving-and-thriving-in-an-2000107683
This 1971 Memo Led the Way to Project 2025,"Written by Lewis F. Powell Jr., the “Powell Memo” called on corporate America to respond to rising criticism of the free enterprise system — a strategy folks feel is unfolding in real time under the Trump administration",theroot.com,2026-05-28,News,Asheea Smith,https://www.theroot.com/this-1971-memo-led-the-way-to-project-2025-2000107958
"Sorry, But Here’s Why Drake Will Never Compare to Michael Jackson","Depsite Drake’s success thanks to his newly released ‘Iceman,’ it’s still not enough to replace Michael Jackson’s broader cultural impact.",theroot.com,2026-05-28,Entertainment,Shanelle Genai,https://www.theroot.com/sorry-but-heres-why-drake-will-never-compare-to-michae-2000107751
You Won’t Believe How One Record Exec Described Patti LaBelle Back in the Day,The “If Only You Knew You” singer recently revealed a negative experience she went through years ago and it’s making her fans all over rally behind her!,theroot.com,2026-05-28,Entertainment,Shanelle Genai,https://www.theroot.com/you-wont-believe-how-one-record-exec-described-patti-la-2000107791
"EXCLUSIVE: From Selma to Harlem, Activists Launch Massive ‘Freedom Summer’ Juneteenth Surge After SCOTUS Gutted Voting Rights",The fight is just getting started: Civil rights leaders promise a massive escalation after the historic ‘All Roads Lead to the South’ rallies.,theroot.com,2026-05-28,Culture,Phenix S Halley,https://www.theroot.com/exclusive-from-selma-to-harlem-activists-launch-massi-2000107797
Why Naomi Osaka is the Queen of Court-Side Couture,"After Naomi Osaka turned heads with her entrance and reveal at the 2026 French Open, we’re revisiting her best fashion looks on and off the court!",theroot.com,2026-05-28,Beauty + Style,Phenix S Halley,https://www.theroot.com/why-naomi-osaka-is-the-queen-of-court-side-couture-2000107710
"Exclusive: Smino, More Black Leaders, Celebs Share Life-Changing Lessons","The Root Exclusive Series: Black History Month was established 100 years ago, in February 1926. To commemorate this momentous occasion, 100 Black thought leaders and creators share their collective wisdom and insight for the culture in this ongoing series.",theroot.com,2026-05-28,Black History Month,The Root Staff,https://www.theroot.com/exclusive-smino-more-black-leaders-celebs-share-life-2000089108
Heard of the DeBarges? This Talented Musical Family Suffered a Series of Tragedies,"The singing siblings had good looks, great voices and a promising career, until their demons got the best of them",theroot.com,2026-05-28,Entertainment,Angela Johnson,https://www.theroot.com/heard-of-the-debarges-this-talented-musical-family-suf-1851728807
These Young Leaders Prove America’s ‘Wait Your Turn’ Political Era Is Dead,We’ve never seen a wave of Gen Z and Millennial political stars like this before. Here’s everything you need to know about the next generation of leaders.,theroot.com,2026-05-27,News,Phenix S Halley,https://www.theroot.com/these-young-leaders-prove-americas-wait-your-turn-pol-2000080223
Studies: Why Black People Are Living Longer,Where Black Americans live can mean the difference of up to 14 years in life expectancy. These are the places leading the way.,theroot.com,2026-05-27,Culture,Shellie M. Scott,https://www.theroot.com/studies-why-black-people-are-living-longer-2000107648
Gayle King Addresses Rumors of Romance With Oprah,"A potential romantic relationship between the two longtime friends have plagued them both for decades. Now, Gayle King is finally speaking out about it.",theroot.com,2026-05-27,Entertainment,Shanelle Genai,https://www.theroot.com/gayle-king-addresses-rumors-of-romance-with-oprah-2000107598
Federal Judge Rules in Lawsuit on Conditions at Louisiana’s Angola Prison,A federal judge has finally ruled two years after a lawsuit challenged the dangerous and “inhumane” work conditions inside America’s most notorious prison.,theroot.com,2026-05-27,Culture,Phenix S Halley,https://www.theroot.com/federal-judge-rules-in-lawsuit-on-conditions-at-louisia-2000107671
Why Black Men Love The New York Knicks,"Ahead of the squad’s appearance in the NBA Finals, Black men have been loyal supporters of the team for over seven decades.",theroot.com,2026-05-27,News,Rashad Grove,https://www.theroot.com/why-black-men-love-the-new-york-knicks-2000107622
Wild New Development in the Case of a Woman Who Killed Her Stepdaughter in Hot Bath 48 Years Ago,Five-year-old Andrea Bernard’s 1978 death was ruled an accident—until her brother exposed their cruel stepmother nearly five decades later.,theroot.com,2026-05-27,Crime,Angela Wilson,https://www.theroot.com/wild-new-development-in-the-case-of-a-woman-who-killed-2000107569
The Strange Marriage Between Michael Jackson and Lisa Marie Presley,"Michael Jackson and Lisa Marie Presley’s marriage only lasted two years, but it was one of the most high-profile couplings in history. We’re taking you inside their love story.",theroot.com,2026-05-27,Music,Angela Johnson,https://www.theroot.com/the-strange-marriage-between-michael-jackson-and-lisa-m-2000069385
Paris Jackson Decides the World Has Had Enough of Her Father’s Private Life,"Paris Jackson is updating her fans and followers on where she stands with her father years after his death, but it may not be what they want to hear!",theroot.com,2026-05-27,Entertainment,Shanelle Genai,https://www.theroot.com/paris-jackson-decides-the-world-has-had-enough-of-her-f-2000107544
The Wire Cast: Where Are They Now?,“The Wire” birthed many superstars. What have some of them been doing since it ended?,theroot.com,2026-05-27,Entertainment,Cedric BIG CED Thornton,https://www.theroot.com/the-wire-cast-where-are-they-now-2000106467
Texas Runoff Results See a Dramatic Shift in State Politics,Both Democrats and Republicans in Texas saw historic election wins and losses in a primary runoff for the books!,theroot.com,2026-05-27,News,Phenix S Halley,https://www.theroot.com/texas-runoff-results-see-a-dramatic-shift-in-state-poli-2000107567
"From Coach to Gucci: A TikToker Ranked Designer Bags By Class, Now The Internet is Coming For Him",A TikToker known as “The Lazy Thrifter” is taking heat online for his comments about what your bag says about your class.,theroot.com,2026-05-27,Culture,Ty Cole,https://www.theroot.com/from-coach-to-gucci-a-tiktoker-ranked-designer-bags-by-2000107637
"They Tried to Erase Jim Clyburn, But the Work He’s Done for South Carolina Proves Why They Can’t",Rep. Jim Clyburn keeps fighting as Republicans try to erase him.,theroot.com,2026-05-27,Opinion,Antjuan Seawright,https://www.theroot.com/they-tried-to-erase-jim-clyburn-but-the-work-hes-done-2000107580
Michelle Obama Shares Story Behind Her Famous 2004 DNC Look,Michelle Obama Shares the Story Behind Her Famous 2004 Democratic National Conference Look.,theroot.com,2026-05-27,Beauty + Style,Mahalia Otshudy,https://www.theroot.com/michelle-obama-shares-story-behind-her-famous-2004-dnc-2000107563
"With Idris Elba Out, These Black Actors Could be Perfect as the Next James Bond","Damson Idris, Regé-Jean Page and Lashana Lynch lead our list of stars who could be the new 007.",theroot.com,2026-05-27,Entertainment,Stephanie Holland,https://www.theroot.com/new-casting-rumors-abound-these-black-actors-could-be-1851348203
TikToker Discovers Long-Lost Dad is the Star of Jill Scott’s Famous Music Video,This TikToker found out who his dad was by watching a famous Jill Scott music video.,theroot.com,2026-05-27,Entertainment,Mahalia Otshudy,https://www.theroot.com/tiktoker-discovers-long-lost-dad-is-the-star-of-jill-sc-2000107547
"More Than 130 Groups Launch ‘One Nation, Overcharged’ Campaign Against America’s Healthcare Crisis","A new grassroots campaign called “One Nation, Overcharged” is launching nationwide to call attention to America’s healthcare affordability crisis.",theroot.com,2026-05-27,Health,Ty Cole,https://www.theroot.com/more-than-130-groups-launch-one-nation-overcharged-c-2000107756
These Are the New Hollywood Heartthrobs We Can’t Get Enough Of,From Tyriq Withers and Damson Idris to Aaron Pierre and Trevante Rhodes—here are some of our favorite handsome Hollywood faces taking the industry by storm!,theroot.com,2026-05-27,Entertainment,Shanelle Genai,https://www.theroot.com/these-are-the-new-hollywood-heartthrobs-we-cant-get-eno-2000107655
Surprising New Development After Knox County Schools Adds ‘Roots’ to Banned Book List,It took only days for Knox County Public Schools to reverse ts banning of Alex Haley’s “Root”,theroot.com,2026-05-27,News,Phenix S Halley,https://www.theroot.com/surprising-new-development-after-knox-county-schools-ad-2000107703
Bet You Didn’t Know These Black Celebrities Were Besties,"Gayle and Oprah, Meghan Markle and Serena Williams and Kevin Hart and The Rock are just a few Black stars that are “FriendGoals.",theroot.com,2026-05-27,Entertainment,Angela Johnson,https://www.theroot.com/bet-you-didnt-know-these-black-celebrities-are-besties-1851705037
Best Black Fashion From The American Music Awards Red Carpet,Take a look at the best Black fashion we saw at the American Music Awards.,theroot.com,2026-05-26,Beauty + Style,Mahalia Otshudy,https://www.theroot.com/best-black-fashion-from-the-american-music-awards-red-c-2000107320
13 Times Trump Outmaneuvered the System Without Consequence,"From questionable business bankruptcies to dodging political accountability, we rounded up 13 times Donald Trump successfully gamed the system—while the rest of us were left holding the bag.",theroot.com,2026-05-26,News,Asheea Smith,https://www.theroot.com/13-times-trump-outmaneuvered-the-system-without-consequ-2000106783
Naomi Osaka Responds to Backlash Over Black Tennis Dinner,Naomi Osaka has never shied away from celebrating her Blackness. But her latest move has racist folks speaking out about it—and now she’d responding!,theroot.com,2026-05-26,Entertainment,Shanelle Genai,https://www.theroot.com/naomi-osaka-responds-to-backlash-over-black-tennis-dinn-2000107316
"In the Wake of Black Exhaustion, the South is Still Fighting for Black Political Power","The Supreme Court’s ruling in Louisiana v. Callais didn’t just redraw a map. It told Black people in the South, again, that our political power is negotiable.",theroot.com,2026-05-26,Opinion,Waikinya J.S. Clanton,https://www.theroot.com/in-the-wake-of-black-exhaustion-the-south-is-still-fig-2000107339
The Best and Worst NPR Tiny Desk Performances From Black Artists,From De La Soul to Amerie and Rick Ross–let’s get into a handful of the most memorable and worst-sounding NPR Tiny Desks performances!,theroot.com,2026-05-26,Entertainment,Shanelle Genai,https://www.theroot.com/the-best-and-worst-npr-tiny-desk-performances-from-blac-2000081516
Pope Leo Offers Rare Apology for Catholic Church’s Role in Slave Trade,"Pope Leo isn’t the first leader of the Catholic Church to acknowledge chattel slavery’s dark past, but the Chicago-born pope just took things much farther.",theroot.com,2026-05-26,Culture,Phenix S Halley,https://www.theroot.com/pope-leo-offers-rare-apology-for-catholic-churchs-role-2000107317
WATCH: Black Iraq Veteran Rescues Woman Stranded in Atlanta Flood,"After a severe storm stalled over Atlanta last week, commuters were stranded in high floods— until one brave man sprung into action.",theroot.com,2026-05-26,News,Angela Wilson,https://www.theroot.com/watch-black-iraq-veteran-rescues-woman-stranded-in-atl-2000107364
Judges Deliver Stunning Defeat to Alabama’s Republican Redistricting Plan,A federal court has officially jumped into the debates on if Alabama’s unprecedented redistricting efforts unlawfully target Black-led districts.,theroot.com,2026-05-26,Politics,Phenix S Halley,https://www.theroot.com/judges-deliver-stunning-defeat-to-alabama-s-republican-2000107397
Queen Latifah’s Best Hair Looks Through the Years,"When it comes to hair, rapper, actress and entrepreneur Queen Latifah is never short on style!",theroot.com,2026-05-26,Beauty + Style,Angela Johnson,https://www.theroot.com/queen-latifahs-best-hair-looks-throughout-the-years-1851552625
"From Chicago to Decatur, These Cities Are Now One Step Closer to Reparations","Outside of just New York, there are plenty of cities around the country dedicated to delivering reparations to the descendants of slavery.",theroot.com,2026-05-26,News,Phenix S Halley,https://www.theroot.com/from-chicago-to-decatur-these-cities-are-now-one-step-2000080463
Kevin Hart Doubles Down in Defense of Tony Hinchcliffe’s George Floyd Joke at Celeb Roast,Kevin Hart is making it clear where he stands when it comes to that controversial George Floyd joke told by a white comedian. And fans are not feeling it!,theroot.com,2026-05-26,Entertainment,Shanelle Genai,https://www.theroot.com/kevin-hart-doubles-down-in-defense-of-tony-hinchcliffes-2000107372
A Historic Reversal of a 60-Year Green Card Rule Now Forces Applicants to Leave the U.S. and Reapply,"For 60 years, the path to legal residency remained steady. Now, a major policy shift forces green card hopefuls to return to their home countries to apply.",theroot.com,2026-05-26,News,Angela Wilson,https://www.theroot.com/a-historic-reversal-of-a-60-year-green-card-rule-now-fo-2000107406
Florida Dems Want Debbie Wasserman Schultz to Stay Out of the Race for Black-Led District,"Black leaders in Florida are raising eyebrows after one longtime, white Democrat announced plans to run in a majority-Black district.",theroot.com,2026-05-26,News,Phenix S Halley,https://www.theroot.com/florida-dems-want-debbie-wasserman-schultz-to-stay-out-2000107478
Peek Inside Rick Ross’ Fly Star Island Mansion!,We’re taking a look at Rick Ross’ Star Island home. Prepare to have a serious case of house envy!,theroot.com,2026-05-26,News,Angela Johnson,https://www.theroot.com/peek-inside-rick-ross-fly-star-island-mansion-2000107454
Inside Tennessee’s Botched Execution Attempt of a Black Man,"Tennessee prison officials tried for over an hour to execute Tony Carruthers but failed. Now, attorneys and activists are calling for systemic change.",theroot.com,2026-05-26,Crime,Phenix S Halley,https://www.theroot.com/inside-tennessee-s-botched-execution-attempt-of-a-black-2000107515
Marlon Wayans Breaks Silence on Why He Hasn’t Cut Off Dave Chappelle After Trans Jokes,Marlon Wayans having a trans child of his own puts him in a unique position when it comes to his thoughts about Dave Chappelle’s controversial jokes.,theroot.com,2026-05-26,Entertainment,Shanelle Genai,https://www.theroot.com/marlon-wayans-breaks-silence-on-why-he-hasn-t-cut-off-d-2000107504
Professor Explains What’s At Stake In The 2026 Midterms,"Professor: If you’re confused about the midterms, don’t worry. I have you covered. I’m breaking down what you need to know as we head into midterms.",theroot.com,2026-05-25,News,Lawrence Ware,https://www.theroot.com/professor-explains-whats-at-stake-in-the-2026-midterms-2000107184
These 10 Tuskegee Grads Just Made History With Perfect GPAs,"Tuskegee University’s “Talented Ten” are on full display as 10 members of the Class of 2026 maintained perfect GPAs while preparing for careers in healthcare, engineering, education and beyond.",theroot.com,2026-05-25,Black Excellence,Shellie M. Scott,https://www.theroot.com/these-10-tuskegee-grads-just-made-history-with-perfect-2000107211
ABFF 2026: Best Movies Debuting At The Festival’s ‘Homecoming’,"From psychological thrillers to soulful romances, here are the most anticipated films you need to see at this year’s American Black Film Festival in Miami.",theroot.com,2026-05-25,Entertainment,B.Kadijat Towolawi,https://www.theroot.com/abff-2026-best-movies-debuting-at-the-festivals-homeco-2000106901
Harlem’s Legendary Melba’s Restaurant Is Going to Hollywood in New Apple TV+ Series,"Oprah Winfrey and Kenya Barris are turning Melba Wilson’s iconic Harlem restaurant story into an Apple TV+ comedy, finally bringing its legacy to the Hollywood stage.",theroot.com,2026-05-25,Entertainment,Asheea Smith,https://www.theroot.com/harlem-s-legendary-melba-s-restaurant-is-going-to-holly-2000107306
Exclusive: Rev. William Barber on Why Faith Leaders Have Unleashed ‘Moral Mondays’ on the Trump Administration,"Barber is leading faith leaders to mobilize in Washington, D.C., calling for a national movement against “policy violence.”",theroot.com,2026-05-25,News,Rashad Grove,https://www.theroot.com/exclusive-rev-william-barber-on-why-faith-leaders-hav-2000107236
Best Gangsta Films You Need to Watch Right Now,We’re here to make you an offer you can’t refuse by giving you a list of gangster movies you can binge-watch over the holiday weekend and every weekend after that!,theroot.com,2026-05-24,Entertainment,Shanelle Genai,https://www.theroot.com/best-gangsta-films-you-need-to-watch-right-now-2000106908
Exclusive: Black Cannabis Shop Owner Explains Struggles Still Impacting Black Owners,"We spoke to LeVar Thomas, a cannabis shop owner, about the greatest struggles and barriers for Black folks in the industry.",theroot.com,2026-05-24,News,Phenix S Halley,https://www.theroot.com/exclusive-black-cannabis-shop-owner-explains-struggles-2000100932
"The Best Black Actors, Ranked by a Professor",The 15 Greatest Black Actors Ever. Don’t agree? You’re wrong.,theroot.com,2026-05-24,Entertainment,Lawrence Ware,https://www.theroot.com/the-best-black-actors-ranked-by-a-professor-the-best-black-actors-ranked-by-a-professor
Inside George Clinton’s $1.1M Lawsuit and His Most Iconic Samples,"From Funkadelic all the way to Childish Gambino and Salt-N-Pepa, these are some of Clinton’s most sampled songs across hip-hop.",theroot.com,2026-05-24,Entertainment,Phenix S Halley,https://www.theroot.com/inside-george-clinton-s-1-1m-lawsuit-and-his-most-icon-2000107054
Why the Rihanna Home Shooting Suspect Might Avoid Prison Time,More information about the woman charged with shooting at Rihanna’s home have been released and it may not be what fans want to hear!,theroot.com,2026-05-23,Entertainment,Shanelle Genai,https://www.theroot.com/why-the-rihanna-home-shooting-suspect-might-avoid-priso-2000095296
Kylin Hill Boycotted a State Symbol He Called Racist. Now the NAACP Wants Black Athletes to Challenge Voting Restrictions,"Kylin Hill fought against the Confederate emblem on the Mississippi flag. Now, the NAACP urges Black athletes to boycott states weakening Black voting power.",theroot.com,2026-05-23,Culture,Angela Wilson,https://www.theroot.com/kylin-hill-boycotted-a-state-symbol-he-called-racist-n-2000107105
Classic Black Talk Shows That Shaped the Culture,"During the golden era of the 1990s and the 2000s, these forgotten late-night and daytime Black talk shows broke boundaries and pushed the culture forward.",theroot.com,2026-05-23,Entertainment,Rashad Grove,https://www.theroot.com/classic-black-talk-shows-that-shaped-the-culture-2000107106
The Biggest Fashion Trainwrecks on the 2026 Cannes Red Carpet,All the fashion trainwrecks we noticed at Cannes Film Festival.,theroot.com,2026-05-23,Beauty + Style,Mahalia Otshudy,https://www.theroot.com/the-biggest-fashion-trainwrecks-on-the-2026-cannes-red-2000107076
Peek Inside Phaedra Parks’ Jaw-Dropping New Atlanta Home,We’re finally getting an inside look at RHOA star Phaedra Parks’ Atlanta home. Let’s see what’s in store!,theroot.com,2026-05-22,Entertainment,Shanelle Genai,https://www.theroot.com/peek-inside-phaedra-parks-jaw-dropping-new-atlanta-hom-2000106833
Best Black Soccer Players To Lookout For On The 2026 World Cup Pitch,Get to know some of the best Black players you can expect to see at the World Cup this summer.,theroot.com,2026-05-22,Culture,Mahalia Otshudy,https://www.theroot.com/best-black-soccer-players-to-lookout-for-on-the-2026-wo-2000106328
"Kim Kardashian Got Trump to Free Him. Now, Chris Young Just Walked the Graduation Stage","Chris Young was given a second chance after he was granted clemency. Now, he’s become the first person in his family to walk the graduation stage.",theroot.com,2026-05-22,Black Excellence,Phenix S Halley,https://www.theroot.com/kim-kardashian-got-trump-to-free-him-now-chris-young-2000106832
The Most Memorable Graduation Walks This Year!,Graduation is a big deal—and these 2026 graduates made sure to make their five seconds on stage unforgettable!,theroot.com,2026-05-22,Culture,Angela Wilson,https://www.theroot.com/the-most-memorable-graduation-walks-this-year-2000106867
A Full Timeline of Candace Owens’ Bizarre Political Flip-Flops,Candace Owens’ political affiliations have flipped and flopped so many times that now it’s time we finally talk about it all.,theroot.com,2026-05-22,News,Phenix S Halley,https://www.theroot.com/a-full-timeline-of-candace-owens-bizarre-political-flip-2000079537
Olandria’s New Brandon Blackwood Collab Proves She’s Here to Stay!,"Olandria Carthen may have gained fame from ‘Love Island,’ but she’s clearly here to stay for a long time. Let’s talk about it!",theroot.com,2026-05-22,Entertainment,Shanelle Genai,https://www.theroot.com/olandrias-new-brandon-blackwood-collab-proves-shes-here-2000084986
Lupita Nyong’o Claps Back at Racists Who Are Mad at Her Role in ‘The Odyssey’,Lupita Nyong’o is addressing the backlash against her being cast as Helen of Troy in Christopher Nolan’s ‘The Odyssey.’,theroot.com,2026-05-22,Entertainment,Shanelle Genai,https://www.theroot.com/lupita-nyongo-claps-back-at-racists-who-are-mad-at-her-2000106858
Bombshell Autopsy Report Exposes What Democrats Learned From Their 2024 Loss,A new DNC autopsy of the 2024 election is dividing the Democratic Party ahead of crucial midterms. We’re breaking down what the report suggests went wrong.,theroot.com,2026-05-22,News,Phenix S Halley,https://www.theroot.com/bombshell-autopsy-report-exposes-what-democrats-learned-2000106922
A Peek Inside Aretha Franklin’s 1990s Detroit Mansion,Check out the beautiful palace that the Queen of Soul called home!,theroot.com,2026-05-22,Black History Month,Angela Johnson,https://www.theroot.com/take-a-peek-inside-aretha-franklins-1990s-detroit-mansi-1851754183
Why the Richneck School Shooting Principal’s Case Was Dismissed Before a Jury Could Even Rule,"Child neglect charges were dropped against Ebony Parker, who was the assistant principal when a Virginia first-grader shot his teacher in 2023.",theroot.com,2026-05-22,Criminal Justice,Phenix S Halley,https://www.theroot.com/why-the-richneck-school-shooting-principal-s-case-was-d-2000106995
Queen Latifah’s Quiet Confirmation Reflects a Shift for Black Queer Women in Hollywood,"In an interview with Angie Martinez, Queen Latifah opens up about why she’s kept her personal life personal for so long.",theroot.com,2026-05-22,Entertainment,Ty Cole,https://www.theroot.com/queen-latifah-s-quiet-confirmation-reflects-a-shift-for-2000107003
Marshall Faulk Has Strong Words for Alleged Racial Bias in College Football Hiring,NFL legend Marshall Faulk didn’t mince words when slamming what he called deep racial bias in hiring for college and NFL head coaching jobs.,theroot.com,2026-05-22,Sports,Cedric BIG CED Thornton,https://www.theroot.com/marshall-faulk-has-strong-words-for-alleged-racial-bias-2000106879
How Atlanta Is Combating Human Trafficking During the World Cup,"The idea that mega-sporting events increase trafficking is a myth, but the underlying threat is real. Before the 2026 World Cup, Atlanta has a plan.",theroot.com,2026-05-22,News,Angela Wilson,https://www.theroot.com/how-atlanta-is-combating-human-trafficking-during-the-w-2000106925
Candace Owens and Hunter Biden Just Sat Down for the Most Unexpected Interview of the Year,"Hunter Biden sat down with Candace Owens to dish on all things politics, religion and scandal. Here’s what you missed.",theroot.com,2026-05-22,Politics,Phenix S Halley,https://www.theroot.com/candace-owens-and-hunter-biden-just-sat-down-for-the-mo-2000106943
Claressa Shields Banned by MVP After Viral Backstage Altercation,"The promotion issued an indefinite ban against Shields, the undisputed champion, following a physical altercation at its inaugural MMA card.",theroot.com,2026-05-22,Sports,Rashad Grove,https://www.theroot.com/claressa-shields-banned-by-mvp-after-viral-backstage-al-2000107018
The Next Big Hair Trend? This Biodegradable Human Hair Dupe Comes From a Plant,One beauty influencer has shaken up TikTok after discovering Brazilian biodegradable hair extensions that look just like real hair!,theroot.com,2026-05-22,Beauty + Style,Mahalia Otshudy,https://www.theroot.com/the-next-big-hair-trend-this-biodegradable-human-hair-2000106837
"Expert: When Your Teen Can’t Stand to Be Around You, This is What You Must Know","Is it just teenage hormones, or is it something deeper? A school psychologist breaks down what parents are missing and how to help.",theroot.com,2026-05-21,Culture,Shellie M. Scott,https://www.theroot.com/expert-when-your-teen-cant-stand-to-be-around-you-thi-2000106754
Even More Stunning Black Looks From the Cannes Film Festival,We’re looking at the hottest fashions spotted in and around the 2026 Cannes Film Festival.,theroot.com,2026-05-21,News,Angela Johnson,https://www.theroot.com/even-more-stunning-black-looks-from-the-cannes-film-fes-2000105182
Family of Black Woman Who Died After Brawl at Tim Hortons Speaks Out,"A brawl caught on camera inside an Indiana Tim Hortons captured the moments before Anita Grayson fell dead. Now, her family is breaking their silence.",theroot.com,2026-05-21,News,Angela Wilson,https://www.theroot.com/family-of-black-woman-who-died-after-brawl-at-tim-horto-2000106706
We Asked Why These Black Men Voted for Harris and Others Did Not. They Explained the Whole Picture,The Root spoke to Black men struggling with their American duty to vote and whether their vote even matters.,theroot.com,2026-05-21,News,Phenix S Halley,https://www.theroot.com/we-asked-why-these-black-men-voted-for-harris-and-other-2000106688
“Is God Is” Composer Reveals the Creative Way He Made the Film’s Music With No Money,Moses Sumney says scoring the new film “Is God Is” pushed his creativity to the limit.,theroot.com,2026-05-21,Entertainment,Ty Cole,https://www.theroot.com/is-god-is-composer-reveals-the-creative-way-he-made-t-2000106711
What’s Really Going On With Boxing Legend Sugar Ray Leonard and His Son’s Shocking Arrest,"There seems to be some underlying tension between Sugar Ray Leonard and his son, Daniel. And now things have escalated. Let’s talk about it!",theroot.com,2026-05-21,Entertainment,Shanelle Genai,https://www.theroot.com/whats-really-going-on-with-boxing-legend-sugar-ray-leon-2000106659
Trump Just Helped Make the Case for Reparations for Black People,Donald Trump’s plan to compensate January 6 rioters proves that the question of reparations is less about capacity and more about political will.,theroot.com,2026-05-21,Opinion,Justin Hansford,https://www.theroot.com/trump-just-helped-make-the-case-for-reparations-for-bla-2000106678
Sean Gathright’s Family Met With Death Threats After Launching GoFundMe for Legal Fees,The family of one of the four men convicted for the murder of Julio Foolio has received criticism since launching a GoFundMe in his name.,theroot.com,2026-05-21,Crime,Phenix S Halley,https://www.theroot.com/sean-gathrights-family-met-with-death-threats-after-lau-2000106589
Why the Internet is Side-Eyeing Erica Campbell’s Vow Renewal,"Mary Mary fans are divided over Erica Campbell’s lavish vow renewal, with critics calling it “tone-deaf” weeks after sister Tina’s divorce announcement.",theroot.com,2026-05-21,Culture,B.Kadijat Towolawi,https://www.theroot.com/why-the-internet-is-side-eyeing-erica-campbells-vow-ren-2000100706
Michelle Obama Finally Shares Her Thoughts On That Viola Davis Portrayal,It’s been four years since Viola Davis controversially played former First Lady Michelle Obama on TV. And now we’ve got some slight insight into how she felt about it!,theroot.com,2026-05-21,Entertainment,Shanelle Genai,https://www.theroot.com/michelle-obama-finally-shares-her-thoughts-on-that-viol-2000106537
Why Fans Are Calling Out Mary J. Blige Over Her Las Vegas Residency,Mary J. Blige has been entertaining the masses for years now. But her latest Las Vegas residency has some fans feeling disappointed. Let’s get into it!,theroot.com,2026-05-21,Entertainment,Shanelle Genai,https://www.theroot.com/why-fans-are-calling-out-mary-j-blige-over-her-las-veg-2000106598
Quinta Brunson Just Proved Betty Boop Was a Black Woman,"As Quinta Brunson prepares to star in and write a film all about Betty Boop, The Root is diving into the untold story of the Black woman who inspired the original character.",theroot.com,2026-05-21,Entertainment,Phenix S Halley,https://www.theroot.com/quinta-brunson-just-proved-betty-boop-was-a-black-woman-2000106565
Why Black Parents Are Going Broke to Finance the Ultimate Prom Flex,"First, an Illinois park director rents a helicopter for a prom photo shoot—allegedly on the public dime. Now, the stunt is exposing a deeper crisis.",theroot.com,2026-05-21,Culture,Angela Wilson,https://www.theroot.com/why-black-parents-are-going-broke-to-finance-the-ultima-2000106567
Inside NFL Champion Justin Tuck’s Multi-Million Dollar Wall Street Evolution,The former New York Giants star has built a thriving corporate career as a Goldman Sachs executive after his playing days ended—here’s how.,theroot.com,2026-05-21,News,Rashad Grove,https://www.theroot.com/inside-nfl-champion-justin-tuck-s-multi-million-dollar-2000106569
Inside the Unnecessary Renovations Trump Is Making In and Around the White House,"Here’s all of the changes Trump’s made to and around the White House, including his controversial ballroom construction and recent triumphal arch.",theroot.com,2026-05-21,News,Phenix S Halley,https://www.theroot.com/inside-the-unnecessary-renovations-trump-is-making-in-a-2000069010
Tennessee Mother Accepts Diploma for Her Teen Son Who Was Shot Just Days Before Graduation,High school senior Jakaylan Summers was injured in a shooting incident just days before his graduation. Now his mother is honoring his academic achievements.,theroot.com,2026-05-20,Crime,Phenix S Halley,https://www.theroot.com/tennessee-mother-accepts-diploma-for-her-teen-son-who-w-2000106241
Fans Don’t Know What to Make of Meagan Good and Jonathan Majors’ Latest Photo Dump,Meagan Good recently decided to share some new flicks of her and hubby Jonathan Majors online. But the pictures and the reactions to them aren’t what any of us expected!,theroot.com,2026-05-20,News,Shanelle Genai,https://www.theroot.com/fans-dont-know-what-to-make-of-meagan-good-and-jonathan-2000106486
The Science Behind Why Black Folks Call Each Other ‘Cousin’,"Black Americans are transcending what it means to be family beyond blood ties, according to recent Pew Research Center findings.",theroot.com,2026-05-20,Culture,Asheea Smith,https://www.theroot.com/the-science-behind-why-black-folks-call-each-other-cous-2000106485
Bernice King Gives David Banner a History Lesson on Her Father’s Views on Integration,"After David Banner claimed MLK regretted integration, Bernice King fires back and breaks down her father’s message.",theroot.com,2026-05-20,Culture,Phenix S Halley,https://www.theroot.com/bernice-king-gives-david-banner-a-history-lesson-on-her-2000106419
How ‘Chud the Builder’ Went From Racist Streamer to Jailed for Attempted Murder of a Black Man,"Chud the Builder rage-baited and called Black people slurs on live. Now, he’s sitting behind bars on a $1.2M bond for attempted murder of a Black man.",theroot.com,2026-05-20,News,Angela Wilson,https://www.theroot.com/how-chud-the-builder-went-from-racist-streamer-to-jaile-2000106367
"These Are the Worst Black Dads in Film, TV","From Joe Jackson in ‘Michael’ to Sterling K. Brown’s sinister role in ‘Is God Is’: let’s take a look at some of the worst TV, film dads onscreen!",theroot.com,2026-05-20,Entertainment,Shanelle Genai,https://www.theroot.com/these-are-the-worst-black-dads-in-film-tv-2000106369
The Promise of ‘Noah’s Arc’ — and the Long Wait for Black Queer Love Stories to Break Through,The popularity of “Heated Rivalry” has reignited the conversation about the depiction of Black LGBTQ love stories on screen.,theroot.com,2026-05-20,Culture,Dionne N. Walker-Bing,https://www.theroot.com/the-promise-of-noah-s-arc-and-the-long-wait-for-bla-2000106384
Now or Never: Why the New York Knicks Can’t Afford to Blow This Moment,The Knicks are the games away from reaching the NBA Finals for the first time in over two decades. They have to get it done this year.,theroot.com,2026-05-20,Sports,Rashad Grove,https://www.theroot.com/now-or-never-why-the-new-york-knicks-can-t-afford-to-b-2000106361
Star Wars Fans Almost Caused The Man Who Played Jar Jar Binks To End His Life,Things got dark once Star Wars fans saw the movie because Jar Jar Binks became something of a lightning rod,theroot.com,2026-05-20,Opinion,Lawrence Ware,https://www.theroot.com/star-wars-fans-almost-caused-the-man-who-played-jar-jar-2000106387
"From Kentucky to Georgia, Primary Night Sparks Surprising Political Shakeups","From Keisha Lance Bottoms’ major victory to Thomas Massie’s stunning defeat, here’s everything you missed during Tuesday, May 19 primary elections.",theroot.com,2026-05-20,Politics,Phenix S Halley,https://www.theroot.com/from-kentucky-to-georgia-primary-night-sparks-surprisi-2000106366
America’s Top Baby Names for 2025 Are In and The Trends May Surprise You,"From classic favorites to modern standouts, America’s top baby names for 2025 reveal how parents are balancing tradition, meaning, and a bit of individuality.",theroot.com,2026-05-20,Culture,Shellie M. Scott,https://www.theroot.com/america-s-top-baby-names-for-2025-are-in-and-the-trends-2000106303
France Says This Black Man is The Most Handsome Man in The Country,"Meet Diamant Blazi, the handsome French-Senegalese basketball player taking over TikTok right now.",theroot.com,2026-05-20,Beauty + Style,Mahalia Otshudy,https://www.theroot.com/france-says-this-black-man-is-the-most-handsome-man-in-2000106242
People Who Messed Around and Found Out When Coming For Black Folks,"From Karens harassing little kids to white men attacking their own Black neighbors, these folks messed around and found karma quick, fast and a hurry.",theroot.com,2026-05-20,News,Phenix S Halley,https://www.theroot.com/people-who-messed-around-and-found-out-when-coming-for-2000061264
Trump’s New $1.7B Fund Could Compensate Jan. 6 Rioters: 5 Things You Must Know,The Justice Department’s “Anti-Weaponization Fund” could put cold-hard cash into the pockets of Jan. 6 Capitol rioters for “reimbursement.”,theroot.com,2026-05-20,News,Angela Wilson,https://www.theroot.com/trump-s-new-1-7b-fund-could-compensate-jan-6-rioters-2000106249
Lasting Legacy: Black Students Reflect on Their Unique HBCU Experience,Three recent HBCU graduates break down the lessons Black schools teach that predominantly white institutions often negate.,theroot.com,2026-05-20,Education,Phenix S Halley,https://www.theroot.com/lasting-legacy-black-students-reflect-on-their-unique-2000106224
Was There a Real ‘Billie Jean’? Here’s What We Actually Know 40 Years Later,"As Michael Jackson’s ‘Billie Jean’ tops the Billboard charts over 40 years later, let’s take a look at the fun, mysterious story behind the song!",theroot.com,2026-05-20,Entertainment,Shanelle Genai,https://www.theroot.com/was-there-a-real-billie-jean-here-s-what-we-actually-2000106246
Why Drake’s ‘ICEMAN’ Hasn’t Impressed Professional Music Critics and Fans,Professional critics and fans aren’t loving Drake’s “ICEMAN” album. We’ll tell you why.,theroot.com,2026-05-19,Entertainment,Mahalia Otshudy,https://www.theroot.com/why-drake-s-iceman-hasnt-impressed-professional-music-2000106017
"No Justice, No Peace: All the Times Attorney Benjamin Crump Fought for Civil Rights",Benjamin Crump’s latest legal victory was for the family of a Louisiana motorist who was killed by state troopers in 2019.,theroot.com,2026-05-19,Criminal Justice,Kalyn Womack,https://www.theroot.com/no-justice-no-peace-40-times-benjamin-crump-fought-fo-1849721668
"Malcolm X’s Most Fearless, Inspiring Sayings To Live By","The civil rights icon may have been born more than a century ago this month, but his words will live on forever. Let’s take a look back at his most impactful ones!",theroot.com,2026-05-19,Culture,Shanelle Genai,https://www.theroot.com/in-honor-of-malcolm-xs-100th-birthday-here-are-his-mos-1851781287
"Louisiana Police Beat Unarmed Black Man to Death and Attempted a Cover-Up. Now, His Daughter Will Receive Historic $5M Settlement","Years after Ronald Greene died at the hands of Louisiana State Police, his daughter was just awarded a landmark $5 million settlement.",theroot.com,2026-05-19,News,Angela Wilson,https://www.theroot.com/louisiana-police-beat-unarmed-black-man-to-death-and-at-2000106030
Birthday Trip to Jamaica Turns Deadly After New York Woman Sends Desperate Final Texts,"After a birthday vacation takes a deadly turn, Jamaican authorities have worked closely with New York officials to detain the alleged suspect in his wife’s murder.",theroot.com,2026-05-19,Crime,Phenix S Halley,https://www.theroot.com/birthday-trip-to-jamaica-turns-deadly-after-new-york-wo-2000106041
Angelina Jolie’s Daughter Zahara is Now a Proud Spelman Grad,Zahara Jolie built a beautiful life as a member of Spelman’s Class of 2026.,theroot.com,2026-05-19,Entertainment,Ty Cole,https://www.theroot.com/angelina-jolies-daughter-zahara-is-now-a-proud-spelman-2000106090
A Louisville Mom Hid a Camera in Her Son’s Dreadlocks Suspecting School Abuse. What She Says It Captured is ‘Unacceptable’,"Parents of a special needs student in Kentucky received several calls about his behavior— which seemed unusual. So, they took matters in their own hands.",theroot.com,2026-05-19,News,Angela Wilson,https://www.theroot.com/a-louisville-mom-hid-a-camera-in-her-sons-dreadlocks-su-2000106076
Here’s What a Complete Return to Jim Crow Could Look Like,"From voting restrictions and economic exclusion to segregated schools, housing and public life, here are signs that Jim Crow can return in 2026.",theroot.com,2026-05-19,Culture,Phenix S Halley,https://www.theroot.com/heres-what-a-complete-return-to-jim-crow-could-look-lik-2000106122
Jaylen Brown Drops an F-Bomb on Stephen A. Smith as Their Feud Escalates to a New Level,The Boston Celtics star and the “First Take” host have been embroiled in a war of words that has reached a fever pitch.,theroot.com,2026-05-19,Sports,Rashad Grove,https://www.theroot.com/jaylen-brown-drops-an-f-bomb-on-stephen-a-smith-as-the-2000106081
"Wait, Two Influencers Who Tried to Turn Punch The Monkey’s Fame Into Content…Are Black?",The internet’s favorite baby monkey allegedly became the target of an international clout stunt. The influencers involved are now learning that some content comes with consequences.,theroot.com,2026-05-19,News,Shellie M. Scott,https://www.theroot.com/wait-two-influencers-who-tried-to-turn-punch-the-monke-2000106104
The Internet Is in Shambles After Lance Gross and Tyler Lepley Drop Sexy New Photos!,Lance Gross and Tyler Lepley’s photoshoot was the thirst trap seen around the world that just broke the internet!,theroot.com,2026-05-19,It'S Lit,Angela Wilson,https://www.theroot.com/the-internet-is-in-shambles-after-lance-gross-and-tyler-2000106127
The Racial and Political Injustices Black Folks Are Still Fighting Today Will Surprise You,"They say history repeats itself, and if that’s the case, Black Americans can learn a lot from how our ancestors dealt with the troubled times of the past.",theroot.com,2026-05-18,News,Phenix S Halley,https://www.theroot.com/the-racial-and-political-injustices-black-folks-are-sti-2000063119
Black Women’s Complicated Love Affair With K-Beauty,"From glass skin routines to hyperpigmentation fixes, K-beauty has won over Black women entirely—however, the lack of inclusivity still lingers.",theroot.com,2026-05-18,Beauty,Asheea Smith,https://www.theroot.com/black-women-s-complicated-love-affair-with-k-beauty-2000104075
A Look Inside The Homes of Legendary Black History Leaders,"We’re looking into the homes of Black leaders, including Carter G. Woodson, Medgar Evers and Dr. Martin Luther King Jr.",theroot.com,2026-05-18,Black History Month,Angela Johnson,https://www.theroot.com/a-look-inside-the-homes-of-legendary-black-history-lead-2000088589
‘Better Call Saul’ Actor Russell Andrews Reveals Terminal Health Diagnosis,"After a terminal health diagnosis, actor Russell Andrews hopes sharing his journey will help others feel less alone.",theroot.com,2026-05-18,Culture,Phenix S Halley,https://www.theroot.com/better-call-saul-actor-russell-andrews-reveals-terminal-2000105792
Lauryn Hill Reveals Why She Never Released Another Solo Album,"After a media outlet shared its theory on why we never got another Lauryn Hill album after “The Miseducation,” the artist herself decided to enter the chat.",theroot.com,2026-05-18,Entertainment,Ty Cole,https://www.theroot.com/lauryn-hill-reveals-why-she-never-released-another-solo-2000105845
The Most Powerful Words From Black Commencement Speakers to the Class of 2026,"From Queen Latifah to Magic Johnson, Black icons are giving the graduating class of 2026 the best tips to start life in the real world on the right foot.",theroot.com,2026-05-18,Culture,Mahalia Otshudy,https://www.theroot.com/the-most-powerful-words-from-black-commencement-speaker-2000105783
How Sean Gathright Traded a Bright Future for Life in Prison After Julio Foolio’s Murder,"Sean Gathright ran a business and loved photography. Yet, a jury recommended life without parole for his role in the execution of Julio Foolio.",theroot.com,2026-05-18,News,Angela Wilson,https://www.theroot.com/how-sean-gathright-traded-a-bright-future-for-life-in-p-2000105789
‘Roots’ Banned in Tennessee School District as Censorship Concerns Rise,Alex Haley’s “Roots” has just joined the list of 119 titles banned by Tennessee’s Knox County School District since 2024.,theroot.com,2026-05-18,Culture,Phenix S Halley,https://www.theroot.com/roots-banned-in-tennessee-school-district-as-censorship-2000105821
Beloved Black Banned Books You Must Read Now,We’ve curated a list of amazing reads that stay in conservative crosshairs,theroot.com,2026-05-18,Entertainment,Angela Johnson,https://www.theroot.com/beloved-black-banned-books-you-must-read-now
"Arizona Man Accuses Woman of Catfishing After First Date, Then the Unthinkable Happened","Norris Taft reportedly called Mikela Bahe a “catfish” during their first date. Now, she’s charged with running him over with his own car after he ended the date.",theroot.com,2026-05-18,Crime,Angela Wilson,https://www.theroot.com/arizona-man-accuses-woman-of-catfishing-after-first-dat-2000105878
"‘Freedom Summer’: The Good, the Bad, and the Horrifyingly Ugly Things You Didn’t Know","Decades after Freedom Summer led to the Voting Rights Act of 1965, The Root revisits what led to the historic legislation following SCOTUS’ recent ruling.",theroot.com,2026-05-18,News,Phenix S Halley,https://www.theroot.com/freedom-summer-the-good-the-bad-and-the-horrifyingly-2000105620
What All Black Voters Should Learn From Alabama’s Big Voting Rights Protest,"I was on the ground for the National Day of Action in Alabama. Now, I’m looking forward to the next movement.",theroot.com,2026-05-18,Opinion,Cody D.,https://www.theroot.com/what-all-black-voters-should-learn-from-alabamas-big-vo-2000105877
The Rich Political History of Black Voting Districts Where Rights Are At Risk,"From slavery to civil rights and music, we’re laying out all the congressional districts targeted in redistricting battles with deep ties to Black history.",theroot.com,2026-05-18,Culture,Phenix S Halley,https://www.theroot.com/the-rich-political-history-of-black-voting-districts-wh-2000105892
The Real Story Behind Muhammad Ali’s ‘Rumble in the Jungle’,"Today, the Democratic Republic of the Congo is known mostly for the violent war tearing through its eastern region, but the country was once a hotspot of Black unity. We’re going back in time to look at the “Rumble in the Jungle,” the boxing event that shook up the sports world.",theroot.com,2026-05-18,Culture,Mahalia Otshudy,https://www.theroot.com/the-real-story-behind-muhammad-alis-rumble-in-the-jung-2000104778
Iconic Moments From “All Roads Lead to the South” March,"Just in case you missed it, we’ve pulled together some of the most powerful moments from the “All Roads Lead to the South” National Day of Action in Selma, centered on defending voting rights, fighting voter suppression, and pushing for equal representation.",theroot.com,2026-05-17,News,Asheea Smith,https://www.theroot.com/iconic-moments-from-all-roads-lead-to-the-south-march-2000105750
Professor: 5 Workplace Success Secrets Every Black Graduate Needs to Hear,"A college professor offers practical advice to graduates preparing for careers, adulthood, and life after the applause fades.",theroot.com,2026-05-17,Opinion,Lawrence Ware,https://www.theroot.com/professor-5-workplace-success-secrets-every-black-grad-2000105696
Will We Ever See Another Black American-born MVP?,Shai Gilgeous-Alexander will win his second MVP in two years. But the last American-born Black man to be named Most Valuable Player in the NBA was James Harden. The year? 2018.,theroot.com,2026-05-17,Opinion,Lawrence Ware,https://www.theroot.com/will-we-ever-see-another-black-american-born-mvp-2000097912
Expert: What Stripped Tennessee Dems Must Do Next to Fight Back,"After Tennessee Democrats were removed from their committee duties by Republicans, The Root spoke to an expert on the significance of the move.",theroot.com,2026-05-17,Politics,Phenix S Halley,https://www.theroot.com/expert-what-stripped-tennessee-dems-must-do-next-to-fi-2000105365
These Seven Spelman Sisters Have Made History as 2026 Valedictorians,Meet the seven Spelman graduates who have made history by being the college’s largest cohort of valedictorians.,theroot.com,2026-05-16,Culture,Mahalia Otshudy,https://www.theroot.com/these-seven-spelman-sisters-have-made-history-as-2026-v-2000104714
A Comedian May Have Just Revealed the Real Reason Behind the Key and Peele Split,"Thanks to comedian Akilah Hughes, fans may have some insight into the end of comedians Keegan-Michael Key and Jordan Peele’s partnership. And now Key is responding.",theroot.com,2026-05-16,Entertainment,Shanelle Genai,https://www.theroot.com/a-comedian-may-have-just-revealed-the-real-reason-behin-2000104114
15 Best TV Shows With Black Leads to Watch This Summer,"Summer is almost here, and we’ve curated the ultimate television show lineup featuring strong Black leads that is guaranteed to keep your whole family entertained.",theroot.com,2026-05-16,Entertainment,B.Kadijat Towolawi,https://www.theroot.com/15-best-tv-shows-with-black-leads-to-watch-this-summer-2000105474
The Most Powerful Speeches From The ‘All Roads Lead to the South’ March,Thousands of demonstrators gathered in Selma and Montgomery to protest the SCOTUS ruling to strike down the Voting Rights Act.,theroot.com,2026-05-16,News,Rashad Grove,https://www.theroot.com/the-most-powerful-speeches-from-the-all-roads-lead-to-t-2000105688
Indianapolis Police Claimed a Black Teen Pointed a Gun at an Officer. The Bodycam Shows Otherwise,Indianapolis police officer accuses Black teen of attempting to fire a gun at her… But the bodycam footage tells a different story.,theroot.com,2026-05-16,Criminal Justice,Phenix S Halley,https://www.theroot.com/indianapolis-police-claimed-a-black-teen-pointed-a-gun-2000105555
"In Montgomery, Voters Explain How They’ll Turn Their Fury Into a November Win",Hundreds of Alabama residents gathered as part of a nationwide protest against the Supreme Court’s ruling.,theroot.com,2026-05-16,News,Cody D.,https://www.theroot.com/in-montgomery-voters-explain-how-theyll-turn-their-fur-during-montgomery-march-voters-set-a-plan-to-win-in-nov
Charles Barkley: The Truth About Gay Athletes in the Pros,"After the death of Jason Collins, NBA legend Charles Barkley is speaking out on LGBTQ acceptance in professional sports.",theroot.com,2026-05-15,Culture,Ty Cole,https://www.theroot.com/charles-barkley-the-truth-about-gay-athletes-in-the-pr-2000105542
The Alabama Protest: The Black Creators You Need to Follow and Watch,"Ahead of the All Roads Lead to the South Alabama protest, these Black creators will be on the ground covering everything you need to know.",theroot.com,2026-05-15,News,Phenix S Halley,https://www.theroot.com/the-alabama-protest-the-black-creators-you-need-to-fol-2000105525
Taj Jackson Gets Brutally Honest About Why Michael Jackson Outshined the Entire Jackson 5,"Michael Jackson’s nephew, Taj Jackson, didn’t hold back on why MJ eclipsed his Jackson 5 bandmates in a brutally honest post on Twitter.",theroot.com,2026-05-15,Entertainment,Angela Wilson,https://www.theroot.com/taj-jackson-gets-brutally-honest-about-why-michael-jack-2000105475
Still Tired? Mass Protest in AL Is Proof Black Americans Are Done ‘Resting’ in the Face of Trump,"After Trump’s election triggered Black Americans to step back from the political frontlines, attacks on the Voting Rights Act of 1965 have inspired the largest mobilization yet.",theroot.com,2026-05-15,News,Phenix S Halley,https://www.theroot.com/still-tired-mass-protest-in-al-is-proof-black-american-2000105473
They Killed the Voting Rights Act. Now We Mobilize,The Supreme Court just told us the protections our grandparents bled for can be revoked at the convenience of six unelected lawyers. Here is what we do now.,theroot.com,2026-05-15,Opinion,LaTosha Brown,https://www.theroot.com/they-killed-the-voting-rights-act-now-we-mobilize-2000105501
$4M in One Night: LDF’s Massive Fundraiser Proves the Fight for Voting Rights Is in Full Force,"Under the bright lights of The Glasshouse in New York, the Legal Defense Fund raised millions in an emergency effort to fight voter suppression.",theroot.com,2026-05-15,Culture,Angela Wilson,https://www.theroot.com/4m-in-one-night-ldf-s-massive-fundraiser-proves-the-f-2000105420
Why The Real Drama Behind ‘How Stella Got Her Groove Back’ Was Way Bigger Than The Movie,"30 years after Terry McMillan released “How Stella Got Her Groove Back,” we’re looking at the real-life drama behind the bestseller.",theroot.com,2026-05-15,Entertainment,Ty Cole,https://www.theroot.com/why-the-real-drama-behind-how-stella-got-her-groove-bac-2000105403
Why Domestic Violence is Increasing for Black Women,"After Dr. Cerina Fairfax was killed by her husband on April 16, we’re exploring why Black women are 3x more likely to be murdered by intimate partners, and why that number is rising.",theroot.com,2026-05-15,Culture,Angela Wilson,https://www.theroot.com/why-domestic-violence-is-increasing-for-black-women-2000101293
"Inside Michael Jackson’s Childhood Home in Gary, IN","On the heels of the blockbuster “Michael” biopic, we’re taking a look inside the home where the legendary artist and his siblings grew up.",theroot.com,2026-05-15,Entertainment,Angela Johnson,https://www.theroot.com/inside-michael-jacksons-childhood-home-in-gary-in-2000105180
These Black Comedians Aren’t Hitting Like They Used To,"We pulled together some of the biggest names in Black entertainment—beloved comedians we genuinely love—but lately, folks say the jokes just aren’t hitting like they used to.",theroot.com,2026-05-15,News,Asheea Smith,https://www.theroot.com/these-black-comedians-aren-t-hitting-like-they-used-to-2000104988
Professor Who Predicted the Iran War Now Reveals Which Party Will Dominate the Midterms,"Jiang Xueqin, a Chinese-Canadian educator and writer, predicted Trump’s win and the Iran war. Now, he just released his midterm election picks.",theroot.com,2026-05-15,News,Angela Wilson,https://www.theroot.com/professor-who-predicted-the-iran-war-now-reveals-which-2000105609
Our Favorite Janet Jackson Fashion Looks of All Time,"It’s Janet Jackson’s 60th birthday, so we’re looking back at some of her best looks of all time.",theroot.com,2026-05-15,Entertainment,Angela Johnson,https://www.theroot.com/our-favorite-janet-jackson-fashion-looks-of-all-time-2000105569
Rep. Shomari Figures Sounds the Alarm as AL Faces a 1950s Style Erasure of Black Power,The Root spoke exclusively with Rep. Shomari Figures (D-AL) about the impact of the Louisiana v. Callais decision on Black political power in his state and around the country.,theroot.com,2026-05-14,Politics,Cody D.,https://www.theroot.com/rep-shomari-figures-sounds-the-alarm-as-al-faces-a-195-2000105145
Debates Over the 13th Amendment Reignited After Rapper Murder Trial in Fla. Takes an Interesting Twist,"Following a sentencing hearing for the Julio Foolio murder trial, Black Americans online express concerns over forced labor and chattel slavery.",theroot.com,2026-05-14,Crime,Phenix S Halley,https://www.theroot.com/debates-over-the-13th-amendment-reignited-after-rapper-2000105209
Pastor Jamal Bryant Speaks Out Against Kevin Hart’s Netflix Special,"Kevin Hart’s celebrity roast continues to garner more backlash and now, activist and Pastor Jamal Bryant is calling out the foul jokes!",theroot.com,2026-05-14,Entertainment,Shanelle Genai,https://www.theroot.com/pastor-jamal-bryant-speaks-out-against-kevin-hart-s-net-2000105211
"Janet Jackson’s Best Performances of All Time, In Honor of Her 60th Birthday",Janet Jackson is turning 60! So what better time than any to take a look back at her best performances of all time? Let’s get into it!,theroot.com,2026-05-14,Entertainment,Shanelle Genai,https://www.theroot.com/janet-jacksons-best-performances-of-all-time-in-honor-2000105339
Exclusive: All About the Massive Selma Voting Rights Rally on May 16,"From safety tips to historic relevance, here’s everything to know about the National Day of Action protest scheduled for May 16 in Alabama.",theroot.com,2026-05-14,News,Phenix S Halley,https://www.theroot.com/exclusive-all-about-the-massive-selma-voting-rights-ra-2000105320
Nicki Minaj Finally Shares the Real Reason She Supports Trump,"Nicki Minaj has shocked a majority of her fans over the last several months by aligning herself with President Trump and the right. And now, we finally know why!",theroot.com,2026-05-14,Entertainment,Shanelle Genai,https://www.theroot.com/nicki-minaj-finally-shares-the-real-reason-she-supports-2000105274
Here’s a Full Timeline of How Nicki Minaj Slowly Turned MAGA,We’re breaking down how Nicki Minaj became a full-fledged supporter of President Donald Trump and his MAGA movement.,theroot.com,2026-05-14,Entertainment,Phenix S Halley,https://www.theroot.com/heres-a-full-timeline-of-how-nicki-minaj-slowly-turned-2000073669
These Southern Icons and Leaders Rally to Protect the Black Vote,"Refusing to be silenced, these Black Southern icons are mobilizing to reclaim the power SCOTUS stripped from the Voting Rights Act.",theroot.com,2026-05-14,News,Phenix S Halley,https://www.theroot.com/these-southern-icons-and-leaders-rally-to-protect-the-b-2000105265
A List of Black Actresses Over 40 Who Prove Black Never Cracks!,"From Issa Rae to Gabrielle Union and more, let’s take a look at our Hollywood faves that truly age backwards!",theroot.com,2026-05-14,Entertainment,Shanelle Genai,https://www.theroot.com/black-actresses-over-40-who-prove-black-never-cracks
Why Anok Yai Is Setting the Record Straight on Alleged Met Gala Bathroom Mishap,Model Anok Yai is making it clear she’s not here for any false stories about her and she’s speaking out about a recent one making headlines. Let’s get into it!,theroot.com,2026-05-14,Beauty + Style,Shanelle Genai,https://www.theroot.com/why-anok-yai-is-setting-the-record-straight-on-alleged-2000105263
Every Black Senior at This Illinois High School Is College-Bound,"For the 13th year in a row, all seniors at one Chicago-area high school will graduate with a 100 percent college acceptance rate and millions in scholarships.",theroot.com,2026-05-14,Black Excellence,Phenix S Halley,https://www.theroot.com/every-black-senior-at-this-illinois-high-school-is-coll-2000105259
The Real Story And Woman Behind The ‘Welfare Queen’ Myth,Fifty years after Ronald Reagan stood on a 1976 campaign stage and turned a Chicago woman into a ghost story and we’re still excavating the wreckage of the ” welfare Queen” myth five decades later.,theroot.com,2026-05-14,Culture,Asheea Smith,https://www.theroot.com/the-real-story-and-woman-behind-the-welfare-queen-myt-2000100019
Elon Musk Threatens Boycott of ‘The Odyssey’ After Black Actress Chosen As World’s Most Beautiful Woman,"Elon Musk is causing a stir online after an Oscar-winning actress joined the cast of Christopher Nolan’s “The Odyssey,” releasing in July.",theroot.com,2026-05-14,Entertainment,Phenix S Halley,https://www.theroot.com/elon-musk-threatens-boycott-of-the-odyssey-after-black-2000087731
About Jason Collins: The NBA’s First Openly Gay Active Player Dies at 47,"The athletic world is grieving following the passing of Jason Collins, who has died from brain cancer at the age of 47. As the first active NBA player to publicly come out as gay, he left a lasting impact on the sport. Here is his journey.",theroot.com,2026-05-13,Culture,Phenix S Halley,https://www.theroot.com/about-jason-collins-the-nba-s-first-openly-gay-active-2000105115
Tennessee Senator Outlines Exactly What’s Wrong with GOP Gerrymandering,Tennessee state Sen. Raumesh Akbari tells The Root about her biggest concerns in light of the Republican-led redistricting effort.,theroot.com,2026-05-13,News,Phenix S Halley,https://www.theroot.com/tennessee-senator-outlines-exactly-whats-wrong-with-gop-2000105172
Amazing HBCU Graduation Stories in 2026,"Black Excellence, Personified: 2026 HBCU Grads Who Just Changed the Game",theroot.com,2026-05-13,Hbcus,Angela Johnson,https://www.theroot.com/amazing-hbcu-graduation-stories-in-2026-2000105140
Why Jamie Foxx’s Latest Baby Announcement Has Fans In Their Feelings,"Wait, You’re Shocked? Jamie Foxx’s penchant for dating white women is once again back in the spotlight. But is it really worth dragging him over at this point?",theroot.com,2026-05-13,Entertainment,Shanelle Genai,https://www.theroot.com/why-jamie-foxxs-latest-baby-announcement-has-fans-in-th-2000105139
"Rep. Justin Pearson Recounts Clash With Troopers, Warns of ‘Autocracy’ in Tennessee",The Root spoke exclusively with TN State Rep. Justin J. Pearson about his confrontation with highway patrol troopers during a protest over the state’s redistricting plans that he says will diminish Black voting power.,theroot.com,2026-05-13,Politics,Amber Ferguson,https://www.theroot.com/rep-justin-pearson-recounts-clash-with-troopers-warns-2000105156
"Michael Che Calls Out Racist Jokes at Kevin Hart Roast, Here’s Why It’s Well Deserved",‘SNL’ star Michael Che is calling out the white comedians who decided to let off racist jokes during Hart’s celebrity roast. And here’s why he’s justified in doing do!,theroot.com,2026-05-13,Entertainment,Shanelle Genai,https://www.theroot.com/michael-che-calls-out-racist-jokes-at-kevin-hart-roast-2000105126
Dj Khaled is Showing Off His Viral Weight Loss Transformation,"Super producer DJ Khaled has a lot to smile about these days, showing off a dramatic weight loss that has his fans shook!",theroot.com,2026-05-13,Entertainment,Angela Johnson,https://www.theroot.com/dj-khaled-is-showing-off-his-viral-weight-loss-transfor-2000105128
How This Black Woman Just Made History on ‘The Price Is Right’,A Virginia woman recently walked away with record-breaking wins on ‘The Price Is Right.’ Let’s get into the details!,theroot.com,2026-05-13,Entertainment,Shanelle Genai,https://www.theroot.com/how-this-black-woman-just-made-history-on-the-price-is-2000105103
Everything Black People Love About The 1990s,"We’re looking back at everything great about the 1990s, from the music to the movies, to the slang.",theroot.com,2026-05-13,Culture,Angela Johnson,https://www.theroot.com/everything-black-people-love-about-the-1990s-2000104984
Therapist: Who’s Showing Up For You When You’re The Strong Friend?,"If you’re ready to snap over a sink full of dishes, it’s probably not about the dishes. It could be about the emotional weight you’ve been carrying for everyone else. An expert breaks down why your body and soul may be sending an SOS.",theroot.com,2026-05-13,Culture,Shellie M. Scott,https://www.theroot.com/therapist-who-s-showing-up-for-you-when-youre-the-stro-2000105018
Black Athletes Who Declined To Meet Donald Trump At The White House,"A long-held tradition for the champions of each sport, some Black athletes have refused to visit the White House as long as Trump is Commander-in-Chief.",theroot.com,2026-05-13,News,Rashad Grove,https://www.theroot.com/black-athletes-who-declined-to-meet-donald-trump-at-the-2000104983
"All About The Pope’s Black, Creole Roots","While President Trump is in a one-sided war of words with the head of the Catholic church, we’re taking a closer look at the Chicago-born pope’s background.",theroot.com,2026-05-12,News,Phenix S Halley,https://www.theroot.com/all-the-tea-on-the-new-popes-black-creole-roots-1851779887
Rickey Smiley’s Message to Black Folks About Voting Is One We Need to Hear ASAP,Comedian Rickey Smiley is getting serious with his fans and followers about voting and the state of the country. Let’s talk about it!,theroot.com,2026-05-12,Entertainment,Shanelle Genai,https://www.theroot.com/rickey-smileys-message-to-black-folks-about-voting-is-o-2000104909
Report: Man at Center of SCOTUS Voting Rights Decision Was a Jan. 6 Protester,"A new report has exposed the lead plaintiff in Louisiana v. Callais for attending the Jan. 6, 2021 “Stop the Steal” protest, which snowballed into the Capitol riots.",theroot.com,2026-05-12,Politics,Phenix S Halley,https://www.theroot.com/report-man-at-center-of-scotus-voting-rights-decision-2000104925
"The Pope Has Black Roots, but Here’s 15 More ‘White Passing’ Celebs","Yes, Pope XIV has Creole roots, but he’s not the only “white passing” person…",theroot.com,2026-05-12,Culture,Phenix S Halley,https://www.theroot.com/the-pope-has-black-roots-but-heres-15-more-white-passi-1851780447
Pete Hegseth and Other Trump Picks Unfit for Their Big Government Jobs,"From Trump’s latest ambassador nominee to Defense Secretary Pete Hegseth, these are some of the president’s appointees with questionable backgrounds.",theroot.com,2026-05-12,News,Phenix S Halley,https://www.theroot.com/pete-hegseth-and-other-trump-picks-unfit-for-their-big-2000043810
From Josephine Baker to Prince: Music Biopics We’re Still Waiting For,"Now that FKA twigs has been announced as the star for the new Josephine Baker biopic, let’s take a look at other major music stars who need one ASAP!",theroot.com,2026-05-12,Entertainment,Stephanie Holland,https://www.theroot.com/from-prince-to-marvin-gaye-music-biopics-were-still-wa-1851270620
Remember The Three-Year-Old Who Had His Tie Fixed By Obama? Now We Know What Happened Next,A little boy who went viral after meeting Former President Barack Obama at the White House has grown up exchanging letters with him.,theroot.com,2026-05-12,Black Joy,Shellie M. Scott,https://www.theroot.com/remember-the-three-year-old-who-had-his-tie-fixed-by-ob-2000104958
The Alabama Black Belt Left to Drown in Sewage After DEI Reversal,"Advocates say a federal agreement to address the public health crisis in Alabama has been dismantled under anti-DEI policies, leaving Black residents without answers.",theroot.com,2026-05-12,News,Phenix S Halley,https://www.theroot.com/the-alabama-black-belt-left-to-drown-in-sewage-after-de-2000104950
"How Michael Jackson Spent His Million: Clothes, Snakes and More","If you’ve ever wondered how the King of Pop spent his many millions when he was alive, then you’re in luck! We’ve got a list of just some of the things he purchased.",theroot.com,2026-05-12,Entertainment,Shanelle Genai,https://www.theroot.com/how-michael-jackson-spent-his-million-clothes-snakes-2000104934
Kevin Hart Under Fire: The One Joke George Floyd’s Family Says Went Too Far,Kevin Hart’s comedian friend Tony Hinchcliffe’s joke about the late George Floyd has his family and fans online hot!,theroot.com,2026-05-12,News,Shanelle Genai,https://www.theroot.com/kevin-hart-under-fire-the-one-joke-george-floyd-s-fami-2000105023
A Peek Inside Kevin Hart’s Beautiful Estate,"Kevin Hart’s 42-acre estate includes a 9,349-square-foot Mediterranean-style home featuring six bedrooms, six bathrooms, a wine cellar and expansive outdoor amenities.",theroot.com,2026-05-12,News,Phenix S Halley,https://www.theroot.com/a-peek-inside-kevin-harts-beautiful-estate-2000104991
South Carolina Republicans Fail to Gerrymander Jim Clyburn Out of a Job,"In a surprising vote, five Republicans ignored Donald Trump’s warning and sided with Democrats against a plan to carve up the district represented by Congressman James Clyburn.",theroot.com,2026-05-12,Politics,Angela Johnson,https://www.theroot.com/south-carolina-republicans-fail-to-gerrymander-jim-clyb-2000105090
Joy Reid Credits Tamron Hall With Advocating For Black Hair and Makeup Artists at MSNBC,Joy Reid is reflecting on her early days at MSNBC and how former colleague Tamron Hall helped her find hair and makeup artists who understood how to make her look her best on camera.,theroot.com,2026-05-11,Beauty,Shanelle Genai,https://www.theroot.com/joy-reid-credits-tamron-hall-with-advocating-for-black-2000104736
Louisiana Representative Explains Why National Progress Is Not the Same as Progress for Black Folks,Rep. Cleo Fields explains the truth behind why so many critics of the Voting Rights Act feel we’ve moved past the need for it in America.,theroot.com,2026-05-11,Politics,Phenix S Halley,https://www.theroot.com/louisiana-representative-explains-why-national-progress-2000104738
2026 Prom Entrances That Put the Met Gala to Shame,"Prom 2026: Elaborate fashion, extravagant send-offs, and animal cameos landed these looks on our list of creative prom moments.",theroot.com,2026-05-11,Black Joy,Shellie M. Scott,https://www.theroot.com/2026-prom-entrances-that-put-the-met-gala-to-shame-2000103266
The Architect of the 25th Amendment Has Some Bad News for People Trying to Oust Trump,"As talks of removing Trump grows around the country, one of the authors of the 25th Amendment broke down exactly why Americans got it all wrong.",theroot.com,2026-05-11,Politics,Phenix S Halley,https://www.theroot.com/the-architect-of-the-25th-amendment-has-some-bad-news-f-2000104639
"Trump’s Revenge List Includes These Politicians, Leaders","From attacks to former President Barack Obama to threats to a Black U.S. Capitol police officer, Trump has made his political hit list very clear.",theroot.com,2026-05-11,News,Phenix S Halley,https://www.theroot.com/trumps-revenge-list-includes-these-politicians-leaders-2000054048
"Why Quality, Affordable Childcare for All is a Right, Not a Privilege",Op-ed: Why Black Women Are Striking for Universal Childcare: Day Without Child Care 2026,theroot.com,2026-05-11,News,Tiffie Jackson,https://www.theroot.com/why-quality-affordable-childcare-for-all-is-a-right-n-2000104740
Ryan Clark is Right: Black Athletes Shouldn’t Play Where Their Voting Rights Are Threatened,"‘The Pivot’ podcast host’s comments about Black athletes, politics, and the SEC sparked outrage because they hit too close to the truth.",theroot.com,2026-05-11,Opinion,Lawrence Ware,https://www.theroot.com/ryan-clark-is-right-black-athletes-shouldnt-play-where-2000104780
"Katt Williams Roasts Kevin Hart in Epic Fashion, Here’s What You Missed","Celebrity comedians from all over came together to roast Kevin Hart over the weekend, but Katt Williams won the room by far! Let’s take a look.",theroot.com,2026-05-11,Entertainment,Shanelle Genai,https://www.theroot.com/katt-williams-roasts-kevin-hart-in-epic-fashion-heres-2000104831
13 Rappers Who Are Way Smarter Than Your Average CEO,"From KRS-One and Nas to Cardi B and Rapsody, here’s our list of some of the smartest rap icons of all time",theroot.com,2026-05-11,Entertainment,Phenix S Halley,https://www.theroot.com/13-rappers-who-are-way-smarter-than-your-average-ceo-2000104769
What They Really Meant: Corporate Translator for Black Professionals,"If you’ve been away from the workplace for a while, we’re here to help you brush up on the latest corporate catch phrases.",theroot.com,2026-05-11,Culture,Ty Cole,https://www.theroot.com/what-they-really-meant-corporate-translator-for-black-2000104816
Why Michael Jackson is Making More Money Now Than When He Was Alive,We’re now learning a bit more about the King of Pop’s finances since his shocking death in 2009 and how things are faring now. Let’s talk about it!,theroot.com,2026-05-11,Entertainment,Shanelle Genai,https://www.theroot.com/why-michael-jackson-is-making-more-money-now-than-when-2000104747
"Starvation, Deaths: Report About NYC’s Child Welfare System Is Devastating","A new DOI report reveals that while NYC’s most vulnerable children are dying, state laws are being used to keep investigators in the dark.",theroot.com,2026-05-11,News,Phenix S Halley,https://www.theroot.com/starvation-deaths-report-about-nyc-s-child-welfare-sy-2000104794
Black Stars Who Got Brutally Honest About Their Mental Health Battles,May is Mental Health Awareness Month and we want you to know you’re not alone. Here are celebs who’s been transparent about their own mental health struggles!,theroot.com,2026-05-11,Entertainment,Shanelle Genai,https://www.theroot.com/lil-jon-usher-and-more-black-celebs-whove-been-open-ab-1849639259
"Bad Boys Of The NBA, Ranked",Ten players and teams who made being hated part of the game,theroot.com,2026-05-10,Opinion,Lawrence Ware,https://www.theroot.com/bad-boys-of-the-nba-ranked-2000104593
The Truth Behind Druski’s Viral Skit About Black British Actors,Druski’s new skit about Black British actors in Hollywood has sparked a lot of chatter online about who should portray Black Americans on screen.,theroot.com,2026-05-10,Entertainment,Mahalia Otshudy,https://www.theroot.com/the-truth-behind-druski-s-viral-skit-about-black-britis-2000104687
13 Rappers on Gen Alpha Playlists That You’ve Never Heard,"While seeking rap to keep up with the kids, you might even find something new you like! Check out our guide.",theroot.com,2026-05-10,Culture,William Ketchum,https://www.theroot.com/13-rappers-on-gen-alpha-playlists-that-you-ve-never-hea-new-rappers-your-kids-love-a-guide-for-older-fans
These Bad Moms Will Make Your Skin Crawl,Here’s a list of the “worst” mothers in recent history after they were convicted of serious crimes against their own children and others.,theroot.com,2026-05-09,Crime,Phenix S Halley,https://www.theroot.com/these-bad-moms-will-make-your-skin-crawl-2000104610
What You Need to Know About The Nick Cannon vs. Karlous Miller ‘Wild ’n Out’ Firing Scandal,"Nick Cannon & his old ‘Wild ‘N Out’ costar Karlous Miller don’t appear to be on the same page about his exit from the show. And now Miller, is speaking his peace about it!",theroot.com,2026-05-09,Entertainment,Shanelle Genai,https://www.theroot.com/what-you-need-to-know-about-the-nick-cannon-vs-karlous-2000104568
Beyond Mom’s Love: Why Aunties and Uncles Are Our Real Safe Haven,"This Mother’s Day, we’re honoring the aunties and uncles who provide us with love, support, and a crisp $20 every now and then!",theroot.com,2026-05-09,Opinion,Ty Cole,https://www.theroot.com/beyond-mom-s-love-why-aunties-and-uncles-are-our-real-2000104547
Read the Room: How to Support Someone Who Finds Mother’s Day Triggering,"Mother’s Day can be especially difficult for loved ones coping with grief or complicated feelings, but as one expert shares, the most meaningful way to support them begins with shifting perspective and showing up with care.",theroot.com,2026-05-09,Culture,Shellie M. Scott,https://www.theroot.com/read-the-room-how-to-support-someone-who-finds-mother-2000104673
Expert: How the Ultra-Right Supreme Court Was Built Over Decades,"As public approval of the U.S. Supreme Court falls, citing recent rulings on voting rights, we spoke to experts who detailed exactly how we got here.",theroot.com,2026-05-08,Politics,Phenix S Halley,https://www.theroot.com/expert-how-the-ultra-right-supreme-court-was-built-ove-2000104163
Black Moms on TV: From the Strictest to the Messiest,"As we celebrate Mother’s Day 2026, let’s take a look at how some of favorite Black TV moms evolved over the years from disciplinary and tough to messy and real!",theroot.com,2026-05-08,Entertainment,Shanelle Genai,https://www.theroot.com/black-moms-on-tv-from-the-strictest-to-the-messiest-2000104495
Don’t Sleep! 13 Things Black Folks Must Know About What’s Happening in Our Communities and Around the World,We’re tracking the world news so you don’t have to. Here’s what matters for our community right now.,theroot.com,2026-05-08,News,Angela Wilson,https://www.theroot.com/dont-sleep-13-things-black-folks-must-know-about-what-2000104224
Did You Know ESPN’s Stephen A. Smith Is an Actor on a Popular Soap Opera?,"Fans may be used to seeing Stephen A. Smith giving his hot takes and making waves on ESPN, but his other gig on ‘General Hospital’ is just as fun!",theroot.com,2026-05-08,Entertainment,Shanelle Genai,https://www.theroot.com/did-you-know-espns-stephen-a-smith-is-an-actor-on-a-po-2000104295
"Are Men Really Intimidated By Pretty Women, Or Has Social Media Warped Our Expectations?","Is it possible that some people can be too pretty to date, or has social media warped modern dating standards? We’re getting into the debate.",theroot.com,2026-05-08,Culture,Ty Cole,https://www.theroot.com/are-men-really-intimidated-by-pretty-women-or-has-soci-2000104421
"Protests, Chaos Ensue After Tenn. Republicans Pass New Redistricting Map","Black Democrats are sounding off after Tennessee lawmakers passed a new proposed congressional map, axing the state’s sole Black-majority district.",theroot.com,2026-05-08,Politics,Phenix S Halley,https://www.theroot.com/protests-chaos-ensue-after-tenn-republicans-pass-new-2000104426
Tennessee Senator Warns That New State Map Could Be the Biggest Blow to Black Political Power Since Reconstruction,The Root spoke with state Sen. Raumesh Akbari about the impact of Tennessee’s new congressional map on Black voting power in the state.,theroot.com,2026-05-08,News,Amber Ferguson,https://www.theroot.com/tennessee-senator-warns-that-new-state-map-could-be-the-2000104473
Why This Ice Cream-Eating Crossing Guard Is the Latest Viral Social Media Sensation,An ice cream-eating crossing guard in Philadelphia just dropped the local interview of the year after saving a child from being hit by a stolen car.,theroot.com,2026-05-08,Culture,Angela Wilson,https://www.theroot.com/why-this-ice-cream-eating-crossing-guard-is-the-latest-2000104432
Everyone Has It All Wrong About Rihanna’s Met Gala—Here’s What Actually Went Down,"Everyone is busy dissecting Rihanna’s Met Gala appearance, but y’all have it all wrong. From Tyla being “terrified” to meet Rih to that rumored A$AP Rocky “tension,” the internet is doing the absolute most. Let’s clear the air.",theroot.com,2026-05-08,Entertainment,Shanelle Genai,https://www.theroot.com/everyone-has-it-all-wrong-about-rihanna-s-met-gala-here-2000104419
New Development: Ashlee Jenae’s Fiancé Breaks Silence on Tanzania Tragedy,"Weeks after Ashlee Jenae died while celebrating her birthday and engagement in Tanzania, more questions remain surrounding the suspicious circumstances of her death",theroot.com,2026-05-08,Culture,Phenix S Halley,https://www.theroot.com/new-development-ashlee-jenae-s-fianc-breaks-silence-o-2000104472
New Black TV Shows To Watch In 2026,"From ‘Man on Fire’ to the return of ‘Survival of the Thickest,’ Black shows are coming in hot in 2026. Let’s take a look!",theroot.com,2026-05-08,Entertainment,Shanelle Genai,https://www.theroot.com/new-black-tv-shows-to-watch-in-2026-2000079790
A Federal Judge Just Exposed the Discriminatory Truth Behind DOGE’s Grant Cuts,"Over a year after DOGE’s mass firings and grant terminations rocked the country, one federal judge has issued a blistering ruling.",theroot.com,2026-05-08,Politics,Phenix S Halley,https://www.theroot.com/a-federal-judge-just-exposed-the-discriminatory-truth-b-2000104507
More Telltale Signs that Trump Is Quickly Running Out of Time,"With Trump facing continuous protests, lawsuits and dissent within his own party, growing pressure could mean a disastrous ending for him.",theroot.com,2026-05-07,News,Phenix S Halley,https://www.theroot.com/more-telltale-signs-that-trump-is-quickly-running-out-o-2000073298
Obama Breaks Down the Powers No U.S. President Should Have,President Barack Obama just broke down all the democratic “norms” that a U.S. president should never break.,theroot.com,2026-05-07,Politics,Phenix S Halley,https://www.theroot.com/obama-breaks-down-the-powers-no-u-s-president-should-h-2000104144
Here Are the Black-led Districts in the South Now at Risk After SCOTUS Voting Rights Decision,"Here are the Black-led districts from Louisiana to North Carolina facing elimination as the South becomes the epicenter of a battle for representation. Without federal intervention, these shifting lines threaten to decimate the Congressional Black Caucus and hollow out the Voting Rights Act following the Supreme Court’s recent ruling.",theroot.com,2026-05-07,News,Phenix S Halley,https://www.theroot.com/here-are-the-black-led-districts-in-the-south-now-at-ri-2000104068
Expert: Here is What’s Driving The Fast-Track to Puberty For Black Girls,Researchers have linked the trend of earlier puberty in Black girls to elevated stress hormones.,theroot.com,2026-05-07,Health,Shellie M. Scott,https://www.theroot.com/expert-here-is-whats-driving-the-fast-track-to-puberty-2000104062
Professor: How The Collapse of the United States Empire Could Mean a Better Future For U.S. Citizens,"We’re witnessing the death of the last white supremacist empire,” Ware said. “Portuguese in the 15th century, Spanish into the early 16th. The Dutch, the French, the British and then, after World War II, the U.S. Empire.",theroot.com,2026-05-07,News,Mahalia Otshudy,https://www.theroot.com/professor-how-the-collapse-of-the-united-states-empire-2000104123
Why Megan Thee Stallion’s Family History is so Heartbreaking,"Megan Thee Stallion may be a successful rapper and fun personality, but behind it all lies a deep and painful family history.",theroot.com,2026-05-07,Entertainment,Shanelle Genai,https://www.theroot.com/why-megan-thee-stallions-family-history-is-so-heartbrea-2000104179
"Everything You Need To Know About Kwanza Jones, The First Black Woman To Own A Major League Baseball Team","A successful entrepreneur and philanthropist, Jones is a lead principal on the record-breaking $3.9 billion deal to acquire the San Diego Padres.",theroot.com,2026-05-07,News,Rashad Grove,https://www.theroot.com/everything-you-need-to-know-about-kwanza-jones-the-fir-2000104134
"The Best Jennifer Hudson Show ‘Spirit Tunnel’ Walks: Erika Alexander, Tyriq Withers and More","Erika Alexander, Tyriq Withers, Sterling K. Brown and more have given us unforgettable spirit tunnel moments from ‘The Jennifer Hudson Show.’ Let’s take a look at some of the best ones!",theroot.com,2026-05-07,Entertainment,Noah A. McGee,https://www.theroot.com/aaron-pierres-spirit-tunnel-walk-on-the-jennifer-hudson-1851736938
No Time to Play: The Rise of Black Critical Thinking in a Darkening World,Why Critical Thinking is the Black Community’s Newest Defense Mechanism,theroot.com,2026-05-07,News,Asheea Smith,https://www.theroot.com/no-time-to-play-the-rise-of-black-critical-thinking-in-2000104299
Amber Rose Explains What Led Up to Kanye West’s Taylor Swift Snub in at the VMAs in 2009,"We all remember where we were when Kanye West famously interrupted Taylor Swift at the 2009 VMAs. And now, we’ve finally learned how that viral moment came to be!",theroot.com,2026-05-07,Entertainment,Shanelle Genai,https://www.theroot.com/amber-rose-explains-what-led-up-to-kanye-wests-taylor-2000104287
The Beautiful Adoption Story Behind the Father-Son Duo Taking Over the Internet 1 Outfit Check at a Time,"You’ve probably seen “Ducky + Dada” in many of their viral social media videos. Now, here’s their inspiring adoption story.",theroot.com,2026-05-07,Culture,Phenix S Halley,https://www.theroot.com/the-beautiful-adoption-story-behind-the-father-son-duo-2000104223
Is the Truth Really Out There? Neil deGrasse Tyson Reveals What He Expects From Trump’s Highly-Anticipated Alien File Release,"As Trump declassifies decades of military secrets while teasing “very interesting” UFO findings, the nation is sounding off— including Neil deGrasse Tyson.",theroot.com,2026-05-07,News,Angela Wilson,https://www.theroot.com/is-the-truth-really-out-there-neil-degrasse-tyson-reve-2000104147
Exclusive: Cynthia Cooper-Dyke Says This WNBA Season Could Be One of The Best Ever,"As a studio analyst for Prime Video’s coverage of the WNBA, Cooper-Dyke breaks down some of the top storylines of the upcoming season.",theroot.com,2026-05-07,Sports,Rashad Grove,https://www.theroot.com/exclusive-cynthia-cooper-dyke-says-this-wnba-season-co-2000104203
Therapist-Approved Mental Health Tips for Black People Who Need to Keep Going,"As depression rates rise among Black Americans, a certified therapist shares realistic ways to protect your mental health when life demands that you show up anyway.",theroot.com,2026-05-07,Health,Shellie M. Scott,https://www.theroot.com/therapist-approved-mental-health-tips-for-black-people-2000104115
All of Blue Ivy Carter’s Flyest Fashion Looks!,"Haters eat your mean hearts out! In honor of Blue Ivy’s Met Gala debut, we’re taking a look at her best fashion moments since birth!",theroot.com,2026-05-06,Black Joy,Phenix S Halley,https://www.theroot.com/hey-haters-check-out-blue-ivys-best-looks-since-bi-1851720484
"A Look Inside Michael B. Jordan’s $10.5M LA Mansion, Now For Sale","If you want to live like Oscar-winner Michawl B. Jordan, you now have a chance as his stylish LA mansion is now on the market. Let’s take a look inside!",theroot.com,2026-05-06,Entertainment,Shanelle Genai,https://www.theroot.com/a-look-inside-michael-b-jordans-10-5m-la-mansion-now-2000103899
Inside the Drama Surrounding the Obama Presidential Library Grand Opening,"From construction delays, messy lawsuits and public outrage, here’s the messy story behind why the Obama Center took nearly a decade to build.",theroot.com,2026-05-06,News,Phenix S Halley,https://www.theroot.com/inside-the-drama-surrounding-the-obama-presidential-lib-2000078433
Hidden Meaning Behind The Best Met Gala Red Carpet Looks,Here are artworks that inspired these iconic 2026 Met Gala looks.,theroot.com,2026-05-06,Beauty + Style,Mahalia Otshudy,https://www.theroot.com/hidden-meaning-behind-the-best-met-gala-red-carpet-look-2000103842
The Viral Rant That Got M.I.A. Booted From Kid Cudi’s Tour,"Rapper M.IA. is expressing her true feelings to Kid Cudi after being forced off his tour. And now, fans are weighing in!",theroot.com,2026-05-06,Entertainment,Shanelle Genai,https://www.theroot.com/the-viral-rant-that-got-m-i-a-booted-from-kid-cudis-to-2000103863
Lil Wayne’s Daughter Reveals Why Private Schools Turned Her Away,"On a recent episode of her podcast, Lil Wayne’s daughter opens up about growing up in the shadow of fame and why her father’s music shaped her childhood in unexpected ways.",theroot.com,2026-05-06,Entertainment,Ty Cole,https://www.theroot.com/lil-waynes-daughter-reveals-why-private-schools-turned-2000103890
Exonerated But Under Fire: Stefon Diggs Wins in Court as Public Debate Rages,"After Stefon Diggs was found not guilty in an assault case, the internet is divided on whether the verdict is something to celebrate.",theroot.com,2026-05-06,Entertainment,Phenix S Halley,https://www.theroot.com/exonerated-but-under-fire-stefon-diggs-wins-in-court-a-2000103884
"Denzel Played Him, But Rubin ‘Hurricane’ Carter Lived Through a Hell No Film Could Capture","On Rubin “Hurricane” Carter’s 89th birthday (May 6,) we explore his legacy the state tried to erase—and the man who refused to break.",theroot.com,2026-05-06,Sports,Angela Wilson,https://www.theroot.com/denzel-played-him-but-rubin-hurricane-carter-lived-thr-2000103891
Wondering What Beyoncé Said on the Met Gala Steps? This Lip Reader is Here to Help,A viral TikTok lip reader has just cracked the code on what Beyoncé was saying on the Met Gala carpet.,theroot.com,2026-05-06,Entertainment,Ty Cole,https://www.theroot.com/wondering-what-beyonc-said-on-the-met-gala-steps-this-2000104020
Pennsylvania Dems Pass Bill Blocking Whites-Only Towns With No Support From Republicans,"After a “whites-only” organization developed plans to establish a settlement in Pennsylvania, state Democrats put their foot down.",theroot.com,2026-05-06,News,Phenix S Halley,https://www.theroot.com/pennsylvania-dems-pass-bill-blocking-whites-only-towns-2000103241
Keith Sweat Has a Warning For Artists Who Sample His Hits,The R&B hitmaker tells artists that there’s a “Right And Wrong Way” to sample his music.,theroot.com,2026-05-06,Entertainment,Ty Cole,https://www.theroot.com/keith-sweat-has-a-warning-for-artists-who-sample-his-hi-2000104063
Truck Driver Narrowly Survives Terrifying Crash With a Boeing 767,Terrifying dashcam footage shows the moment a Boeing 767 arriving from Italy clipped an H&S Bakery truck on the New Jersey Turnpike.,theroot.com,2026-05-06,News,B.Kadijat Towolawi,https://www.theroot.com/truck-driver-narrowly-survives-terrifying-crash-with-a-2000104049
"60 Years After the Voting Rights Act, This 88-Year-Old Black Man Sees History Repeating Itself","After the Supreme Court’s landmark decision on the Voting Rights Act, Press Robinson is raising concerns.",theroot.com,2026-05-06,Politics,Phenix S Halley,https://www.theroot.com/60-years-after-the-voting-rights-act-this-88-year-old-2000103894
The Full Breakdown of That Heart-to-Heart Between Rihanna and Today Show’s Sheinelle Jones,TODAY Show host Sheinelle Jones’ encounter with Rihanna is one of the most heart-warming things you’ll see on the internet! Let’s get into it.,theroot.com,2026-05-06,Beauty + Style,Shanelle Genai,https://www.theroot.com/the-full-breakdown-of-that-heart-to-heart-between-rihan-2000103883
New Study: Stress Linked to Racism May Be Making Childbirth More Dangerous For Black Women,A new study from the University of Cambridge shows how stress linked to racism may increase maternal mortality risk for Black women.,theroot.com,2026-05-05,Black Maternal Healthcare,Shellie M. Scott,https://www.theroot.com/new-study-stress-linked-to-racism-may-be-making-childb-2000103751
"Why LeBron James, Kevin Durant, and Other NBA Stars Need to Stay Off Social Media","LeBron James, Kevin Durant and Jaylen Brown show how the conversation online has become just as important as the competition on the court.",theroot.com,2026-05-05,Opinion,Lawrence Ware,https://www.theroot.com/why-lebron-james-kevin-durant-and-other-nba-stars-nee-2000103743
Everything to Know About Stefon Diggs’ Messy Assault Trial,"The Root has you covered with a full recap of the assault trial of Stefon Diggs, who has been accused of choking and striking his private chef.",theroot.com,2026-05-05,Legal,Phenix S Halley,https://www.theroot.com/everything-to-know-about-stefon-diggs-messy-assault-tri-2000103727
Explosive New Development After Louisiana’s Biggest Jailbreak in State History,"After footage of 10 inmates escaping from the Orleans Parish Justice Center broke the internet in 2025, there’s been a wild new development.",theroot.com,2026-05-05,Crime,Phenix S Halley,https://www.theroot.com/explosive-new-development-after-louisianas-biggest-jail-2000103687
What a Judge Told the Black WHCD Shooting Suspect That Has MAGA in a Complete Uproar,"After a judge raised concerns that Cole Allen has been repeatedly strip-searched, placed on suicide watch and isolated in a padded room, MAGA is fuming.",theroot.com,2026-05-05,News,Angela Wilson,https://www.theroot.com/what-a-judge-told-the-black-whcd-shooting-suspect-that-2000103640
Why Nia Long and Lionsgate Are Fighting Over The New Michael Jackson Movie,"While fans are still raving about ‘Michael,’ one of the film’s biggest stars is now embroiled in a battle with the production company.",theroot.com,2026-05-05,Entertainment,Shanelle Genai,https://www.theroot.com/why-nia-long-and-lionsgate-are-fighting-over-the-new-mi-2000103654
The Best and Worst ‘Love & Hip-Hop’ Moments of All Time,"As ‘Love & Hip-Hop’ prepares to go off the air after 15 years on television, let’s take a look back at the franchise’s best and worst moments!",theroot.com,2026-05-05,Entertainment,Shanelle Genai,https://www.theroot.com/the-best-and-worst-love-hip-hop-moments-of-all-time-2000103705
Why the Supreme Court’s War on Voting Rights is a Debt Our Children Shouldn’t Have to Pay,"We may not live to see the fruit of our labor. But Generation Beta, those born between 2025 through 2039, or their offspring may.",theroot.com,2026-05-05,Opinion,Demetria McCain,https://www.theroot.com/why-the-supreme-court-s-war-on-voting-rights-is-a-debt-supreme-courts-war-on-the-voting-rights-is-a-debt-our-black-children-shouldnt-pay
"9th Wonder Earns College Degree From North Carolina Central, 26 Years After Dropping Out","Grammy-nominated producer 9th Wonder will graduate from North Carolina Central this weekend, 26 years after dropping out to pursue his music.",theroot.com,2026-05-05,Education,Cedric BIG CED Thornton,https://www.theroot.com/9th-wonder-earns-college-degree-from-north-carolina-cen-2000103691
These Black Men Stole the Show at the 2026 Met Gala,"From tailored luxury to bold artistic statements, these Black celebs delivered some of the most intentional looks of the 2026 Met Gala.",theroot.com,2026-05-05,Fashion,Asheea Smith,https://www.theroot.com/these-black-men-stole-the-show-at-the-2026-met-gala-2000103820
Supreme Court Decision Prompts Last-Minute Redistricting Efforts by GOP in Alabama and Tennessee,"After a SCOTUS decision to gut part of the Voting Rights Act, several Republican-led states are reviving gerrymandering efforts ahead of the 2026 midterms.",theroot.com,2026-05-05,News,Phenix S Halley,https://www.theroot.com/supreme-court-decision-prompts-last-minute-redistrictin-2000103785
A Guide to State Redistricting Efforts Before the 2026 Midterm Elections,Here’s your ultimate guide to all of the redistricting efforts that have taken over the country ahead of the midterm elections.,theroot.com,2026-05-05,News,Phenix S Halley,https://www.theroot.com/a-guide-to-state-redistricting-efforts-before-the-2026-2000102785
Republicans Threaten to Pull Funding for SC State University After Black Students Viral Protest,Students at South Carolina State University are raising alarms after Republicans threatened to pull state funding.,theroot.com,2026-05-05,Education,Phenix S Halley,https://www.theroot.com/republicans-threaten-to-pull-funding-for-sc-state-unive-2000103390
Best Moments of the 2026 Met Gala,The 2026 Met Gala went off without a hitch and gave us some truly unforgettable moments. Let’s take a look!,theroot.com,2026-05-05,Beauty + Style,Shanelle Genai,https://www.theroot.com/best-moments-of-the-2026-met-gala-2000103636
The Trainwrecks of the Met Gala 2026,Abstract Messes: Who Missed the “Fashion Is Art” Assignment at the Met?,theroot.com,2026-05-05,Beauty + Style,Mahalia Otshudy,https://www.theroot.com/the-trainwrecks-of-the-met-gala-2026-2000103598
World-Class Architecture Hidden In The Nation’s Overlooked Black Cities,"You don’t have to go to Europe to find incredible, world-class architecture. Just head to these Black cities.",theroot.com,2026-05-05,Culture,Shellie M. Scott,https://www.theroot.com/world-class-architecture-hidden-in-the-nations-overlook-2000100020
The Inspiring Story of How This Black Family Welcomes Elderly White Man After His Wife Dies,"During a time when the world is often divided, the story of the Caraballo-Callahan chosen family underscores the importance of community.",theroot.com,2026-05-05,Culture,Phenix S Halley,https://www.theroot.com/the-inspiring-story-of-how-this-black-family-welcomes-e-2000103639
Forget the Billionaires: The ‘Working People’s Met Gala’ is the Only Event That Matters Today,"A worker-led “Ball Without Billionaires” fashion show reframes the Met Gala as a celebration of the working class, centering everyday employees and designers alongside the labor that powers culture.",theroot.com,2026-05-04,Culture,Asheea Smith,https://www.theroot.com/forget-the-billionaires-the-working-people-s-met-gala-2000103204
The Black Internet Responds to Spirit Airlines’ Shutdown,"From memes to memories, the Black internet had a field day after Spirit Airlines abruptly stopped all operations for good over the weekend.",theroot.com,2026-05-04,News,Angela Wilson,https://www.theroot.com/the-black-internet-responds-to-spirit-airlines-shutdow-2000103312
"A Look Inside Excelerate HER 2026, Where Black Women Leaders Talk Wellness and Wealth","The global leadership summit invited prominent leaders, including former U.S. Vice President Kamala Harris, Cookie Johnson and Loren Lorosa.",theroot.com,2026-05-04,Culture,Samantha Chery,https://www.theroot.com/a-look-inside-excelerate-her-2026-where-black-women-le-2000103304
‘Thriller’ Video Vixen Spills the Tea on Her On-Set Romance with Michael Jackson,"Ola Ray, the woman who played Michael Jackson’s love interest in “Thriller,” just revealed the details of an alleged kiss they shared on set.",theroot.com,2026-05-04,Entertainment,Phenix S Halley,https://www.theroot.com/thriller-video-vixen-spills-the-tea-on-her-on-set-roman-2000103253
Proof Trump’s Plan to Dismantle the Black Middle Class Is Actually Working,"Trump claimed to be the best president for Black folks since Abraham Lincoln, but his recent track record tells a totally different story.",theroot.com,2026-05-04,News,Phenix S Halley,https://www.theroot.com/proof-trump-s-plan-to-dismantle-the-black-middle-class-2000100806
What You Didn’t Know About Vogue’s André Leon Talley,"As we wait for the 2026 Met Gala arrivals, we’re looking back at the life of André Leon Talley, a man whose style and personality was larger than life.",theroot.com,2026-05-04,Fashion,Angela Johnson,https://www.theroot.com/what-you-didnt-know-about-vogues-andr-leon-talley-2000067929
The Untold Story of Tina Knowles: The Matriarch Who Redefined Fashion in Pop Culture,"From a Houston hair salon to the Grammy stage, Tina Knowles turned industry rejection into a golden empire, stitching a legacy that redefined pop culture forever.",theroot.com,2026-05-04,Beauty + Style,B.Kadijat Towolawi,https://www.theroot.com/the-untold-story-of-tina-knowles-the-matriarch-who-red-2000103141
Michelle Williams Chose Violence When She Added Sugar to Her… Grits,Sugar or Salt? Michelle Williams Reignites the Age-Old Grits Debate,theroot.com,2026-05-04,Culture,Ty Cole,https://www.theroot.com/michelle-williams-chose-violence-when-she-added-sugar-t-2000103231
"Too Young for a License, Old Enough for Prison: The Brutal Debate Over 12-Year-Olds Facing Adult Charges in Florida",The Brutal debate Over 12-Year-Olds Facing Adult Charges in Florida,theroot.com,2026-05-04,Crime,Angela Wilson,https://www.theroot.com/too-young-for-a-license-old-enough-for-prison-the-bru-2000102910
Kandi Burruss Hints At Infidelity As The Reason For Her Shocking Divorce From Todd Tucker,"While not much is known about what caused ‘RHOA’ stars Kandi Burruss and Todd Tucker to split, their latest petty online exchange may provide a clue.",theroot.com,2026-05-04,Entertainment,Shanelle Genai,https://www.theroot.com/kandi-burruss-hints-at-infidelity-as-the-reason-for-her-2000103079
Tatyana Ali Opens Up About Traumatic Birth of Her First Baby,"Actress Tatyana Ali reflected on the 2016 delivery of her son Edward, during which she said doctors “pushed him back inside” her.",theroot.com,2026-05-04,News,Angela Wilson,https://www.theroot.com/tatyana-ali-opens-up-about-traumatic-birth-of-her-first-2000103259
All of The Best Black Fashion From the Met Gala 2026 Red Carpet,"From Teyana Taylor to Colman Domingo to the Queen Bey herself, stay with The Root as we bring you all of the fashion from the 2026 Met Gala red carpet.",theroot.com,2026-05-04,News,Angela Johnson,https://www.theroot.com/all-of-the-best-black-fashion-from-the-met-gala-2026-re-2000103379
Report Gives Eerie ‘Point of No Return’ Evacuation Warning to New Orleans,A new study found sea levels in New Orleans have reached the “point of no return.”,theroot.com,2026-05-04,News,Phenix S Halley,https://www.theroot.com/report-gives-eerie-point-of-no-return-evacuation-warnin-2000103327
The Black History and Fashion of The Kentucky Derby,"As the world descends on Churchill Downs for the Kentucky Derby, we’re shifting the spotlight to the Black history and high-octane fashion that have always been the race’s real winning bet",theroot.com,2026-05-03,Culture,Mahalia Otshudy,https://www.theroot.com/the-black-history-and-fashion-of-the-kentucky-derby-2000102862
North West Releases First EP and Music Video That Has Fans Going Wild,"On Friday, May 1, North West dropped her debut EP and the six-track project has left her fans shook.",theroot.com,2026-05-03,Entertainment,Mahalia Otshudy,https://www.theroot.com/north-west-releases-first-ep-and-music-video-that-has-f-2000103109
Ex-Minister: Why Your Pastor is Not Your Therapist,Professor: Talking to your pastor is not the same as speaking with a mental health professional.,theroot.com,2026-05-03,Opinion,Lawrence Ware,https://www.theroot.com/ex-minister-why-your-pastor-is-not-your-therapist-2000103124
Dem Franchize Boyz Rapper Is Not Here for the Weird Viral Theories About the Meaning of ‘Lean Wit It Rock Wit It’,After the real meaning of a popular song was finally revealed and stunned Black folks online—the rapper behind it is now speaking out!,theroot.com,2026-05-03,Entertainment,Shanelle Genai,https://www.theroot.com/dem-franchize-boyz-rapper-is-not-here-for-the-weird-vir-2000101176
15 Met Gala Red Carpet Moments That Are Still Living Rent Free in Our Heads,"As the Met Gala returns, we look back at the high-fashion drama and unforgettable ‘shady’ moments that have defined the red carpet for decades.",theroot.com,2026-05-03,Entertainment,B.Kadijat Towolawi,https://www.theroot.com/15-met-gala-red-carpet-moments-that-are-still-living-re-2000102219
Ex-Atlanta Hawks Executive Sentenced In $3.7M Embezzlement Scheme,"Lester Jones, an ex-Senior Vice President of Finance, used the team’s corporate accounts to fund his “luxurious” lifestyle.",theroot.com,2026-05-03,News,Rashad Grove,https://www.theroot.com/ex-atlanta-hawks-executive-sentenced-in-3-7m-embezzlem-2000102896
A New Era of Discovery Begins as 15 HBCUs Launch a First of Its Kind Research Alliance,"This historic alliance of 15 HBCUs—including powerhouses like Howard, Morgan State, and Florida A&M—is pooling collective brilliance to dismantle systemic funding barriers and cement Black-led innovation at the center of global research.",theroot.com,2026-05-03,Education,Phenix S Halley,https://www.theroot.com/a-new-era-of-discovery-begins-as-15-hbcus-launch-a-firs-2000103038
Why Black Americans Are Loving Viral Punjabi Musician Diljit Dosanjh,Diljit Dosanjh’s High-Energy Performances and Soulful Voice Has Won Over Black America.,theroot.com,2026-05-02,Entertainment,Mahalia Otshudy,https://www.theroot.com/why-black-americans-are-loving-viral-punjabi-musician-d-2000103115
